time,series_id,angle1,angle2,speed1,speed2,torque1,torque2,target1,target2
0.0,0,135,-135,0,0,0.09000000000000001,-0.018000000000000002,135.0,-135.0
0.01113581657409668,0,135,-135,0,0,0.0945,-0.0135,135.0,-135.0
0.02151322364807129,0,135,-135,0,0,0.099,-0.0135,135.0,-135.0
0.03181314468383789,0,135,-135,-5,0,0.027,-0.0135,135.0,-135.0
0.04287910461425781,0,134,-135,0,0,-0.0,0.0,135.0,-135.0
0.05380558967590332,0,134,-134,-10,5,0.009000000000000001,0.0,135.0,-135.0
0.06487131118774414,0,134,-134,-16,0,-0.0,0.0,135.0,-135.0
0.07584118843078613,0,134,-134,-10,0,-0.0,-0.009000000000000001,135.0,-135.0
0.08683896064758301,0,134,-134,-16,0,-0.0045000000000000005,-0.009000000000000001,135.0,-135.0
0.09784102439880371,0,134,-134,-5,0,0.009000000000000001,0.0,135.0,-135.0
0.10883808135986328,0,134,-134,-5,0,0.009000000000000001,0.0,135.0,-135.0
0.11984062194824219,0,134,-134,-10,0,-0.0,-0.0045000000000000005,135.0,-135.0
0.13068366050720215,0,134,-134,-21,0,0.0045000000000000005,-0.0045000000000000005,135.0,-135.0
0.14168453216552734,0,133,-134,-10,0,-0.0,0.0,135.0,-135.0
0.1523756980895996,0,133,-134,0,0,-0.0,0.0,135.0,-135.0
0.16338634490966797,0,133,-134,0,0,-0.0,0.0,135.0,-135.0
0.17438650131225586,0,133,-134,0,0,-0.0,0.0,135.0,-135.0
0.18538928031921387,0,133,-134,10,0,-0.0,0.009000000000000001,135.0,-135.0
0.19639086723327637,0,133,-134,0,0,-0.0,0.0,135.0,-135.0
0.20738768577575684,0,133,-134,0,0,-0.0,0.0045000000000000005,135.0,-135.0
0.21838784217834473,0,134,-134,0,0,-0.0,0.0,135.0,-135.0
0.22856664657592773,0,134,-134,0,0,-0.0045000000000000005,0.009000000000000001,135.0,-135.0
0.2388901710510254,0,134,-134,0,0,0.0045000000000000005,0.0045000000000000005,135.0,-135.0
0.24944043159484863,0,134,-134,0,0,-0.0045000000000000005,0.0,135.0,-135.0
0.2598886489868164,0,134,-134,-10,0,-0.009000000000000001,0.0,135.0,-135.0
0.270249605178833,0,134,-134,0,0,-0.0135,0.0,135.0,-135.0
0.28037595748901367,0,133,-134,0,0,-0.0,0.0045000000000000005,135.0,-135.0
0.29099202156066895,0,133,-134,0,0,-0.0045000000000000005,0.0,135.0,-135.0
0.30199193954467773,0,133,-134,0,0,-0.0,0.0045000000000000005,135.0,-135.0
0.31299257278442383,0,133,-134,0,0,-0.0,0.009000000000000001,135.0,-135.0
0.324002742767334,0,133,-134,0,0,-0.009000000000000001,0.0045000000000000005,135.0,-135.0
0.3349947929382324,0,133,-134,0,0,-0.0045000000000000005,0.009000000000000001,135.0,-135.0
0.34600138664245605,0,133,-134,10,0,-0.009000000000000001,0.0135,135.0,-135.0
0.3562300205230713,0,134,-134,0,0,-0.009000000000000001,0.0,135.0,-135.0
0.3667426109313965,0,134,-134,0,0,-0.0,-0.009000000000000001,135.0,-135.0
0.37711501121520996,0,134,-134,0,0,0.0045000000000000005,0.0,135.0,-135.0
0.387587308883667,0,134,-134,0,0,0.0045000000000000005,0.0,135.0,-135.0
0.3980998992919922,0,133,-134,0,0,-0.0045000000000000005,0.0045000000000000005,135.0,-135.0
0.40856146812438965,0,133,-134,0,0,-0.0,0.0045000000000000005,135.0,-135.0
0.4189591407775879,0,133,-134,0,0,-0.0,-0.0045000000000000005,135.0,-135.0
0.42930054664611816,0,133,-134,0,0,0.0045000000000000005,-0.0045000000000000005,135.0,-135.0
0.43973755836486816,0,133,-134,0,0,0.0045000000000000005,-0.0045000000000000005,135.0,-135.0
0.4499964714050293,0,133,-134,0,0,-0.0,0.0,135.0,-135.0
0.4603116512298584,0,133,-134,0,0,0.009000000000000001,0.0045000000000000005,135.0,-135.0
0.47081875801086426,0,133,-134,0,0,-0.0,0.0,135.0,-135.0
0.48111438751220703,0,133,-134,10,0,-0.0,0.0045000000000000005,135.0,-135.0
0.4914274215698242,0,133,-134,0,0,-0.009000000000000001,0.009000000000000001,135.0,-135.0
0.5019035339355469,0,133,-134,0,0,0.009000000000000001,0.0,135.0,-135.0
0.548210859298706,0,133,-134,0,0,0.0045000000000000005,0.0,135.0,-135.0
0.5592131614685059,0,133,-134,5,0,0.25200000000000006,-0.2205,135.0,-135.0
0.5702135562896729,0,134,-135,27,-27,0.522,-0.49050000000000005,135.0,-135.0
0.5812618732452393,0,134,-135,71,-60,0.7695,-0.7380000000000001,135.0,-135.0
0.5923206806182861,0,135,-136,120,-104,0.891,-0.9135000000000001,135.0,-135.0
0.6033022403717041,0,137,-137,164,-153,0.8415,-0.927,135.0,-135.0
0.6143040657043457,0,139,-139,214,-192,0.7335,-0.8280000000000001,135.0,-135.0
0.6253194808959961,0,142,-142,241,-230,0.5805,-0.7335,135.0,-135.0
0.6363041400909424,0,144,-144,274,-263,0.40950000000000003,-0.5625,135.0,-135.0
0.6473052501678467,0,147,-147,269,-280,0.25650000000000006,-0.3825,135.0,-135.0
0.6583056449890137,0,151,-150,285,-285,0.10350000000000001,-0.25200000000000006,135.0,-135.0
0.6692769527435303,0,154,-154,285,-296,0.009000000000000001,-0.09000000000000001,135.0,-135.0
0.6802785396575928,0,157,-157,280,-291,-0.14850000000000002,-0.0045000000000000005,135.0,-135.0
0.6913058757781982,0,160,-160,263,-269,-0.1935,0.171,135.0,-135.0
0.7022826671600342,0,162,-163,230,-258,-0.2205,0.24750000000000003,135.0,-135.0
0.7133054733276367,0,165,-166,219,-241,-0.25650000000000006,0.234,135.0,-135.0
0.7243039608001709,0,167,-168,192,-214,-0.2295,0.27,135.0,-135.0
0.7353057861328125,0,170,-170,197,-203,-0.17550000000000002,0.23850000000000002,135.0,-135.0
0.7462790012359619,0,171,-172,170,-175,-0.117,0.135,135.0,-135.0
0.7573044300079346,0,173,-174,164,-153,-0.045000000000000005,0.0585,135.0,-135.0
0.7683103084564209,0,175,-176,153,-153,0.036000000000000004,-0.018000000000000002,135.0,-135.0
0.779304027557373,0,177,-178,153,-153,0.14400000000000002,-0.099,135.0,-135.0
0.7903058528900146,0,179,-179,164,-164,0.17550000000000002,-0.198,135.0,-135.0
0.8012866973876953,0,180,-181,181,-159,0.198,-0.2025,135.0,-135.0
0.8122830390930176,0,182,-183,181,-181,0.1665,-0.21150000000000002,135.0,-135.0
0.8232898712158203,0,184,-185,197,-197,0.171,-0.2025,135.0,-135.0
0.8342859745025635,0,187,-187,208,-203,0.15750000000000003,-0.1665,135.0,-135.0
0.8452801704406738,0,189,-190,208,-208,0.1305,-0.15300000000000002,135.0,-135.0
0.856278657913208,0,191,-192,219,-219,0.0675,-0.07200000000000001,135.0,-135.0
0.8673067092895508,0,194,-194,219,-192,0.03150000000000001,0.2025,135.0,-135.0
0.8782863616943359,0,196,-196,219,-170,0.0045000000000000005,0.48600000000000004,135.0,-135.0
0.8893067836761475,0,199,-198,203,-104,-0.3285,0.6120000000000001,135.0,-135.0
0.9002811908721924,0,201,-199,159,-27,-0.5265,0.5625,135.0,-135.0
0.9113056659698486,0,202,-199,93,32,-0.7245,0.36900000000000005,135.0,-135.0
0.9222850799560547,0,203,-198,38,65,-0.6885,0.2025,135.0,-135.0
0.9332821369171143,0,203,-197,-21,71,-0.5355,0.09000000000000001,135.0,-135.0
0.9442837238311768,0,202,-197,-54,60,-0.36450000000000005,0.0405,135.0,-135.0
0.9552814960479736,0,202,-196,-76,54,-0.1935,-0.022500000000000003,135.0,-135.0
0.9662837982177734,0,201,-195,-76,32,-0.0675,-0.07200000000000001,135.0,-135.0
0.9772801399230957,0,200,-195,-82,21,0.009000000000000001,-0.07650000000000001,135.0,-135.0
0.9882802963256836,0,199,-195,-71,5,0.15300000000000002,-0.0495,135.0,-135.0
0.9992783069610596,0,198,-195,-49,-5,0.2025,-0.022500000000000003,135.0,-135.0
1.0102782249450684,0,198,-195,-27,0,0.17550000000000002,0.018000000000000002,135.0,-135.0
1.0212783813476562,0,198,-195,0,-10,0.1395,0.027,135.0,-135.0
1.0317919254302979,0,198,-195,21,0,0.054,0.018000000000000002,135.0,-135.0
1.0428223609924316,0,198,-195,21,16,0.0045000000000000005,0.0045000000000000005,135.0,-135.0
1.0538265705108643,0,199,-195,27,0,-0.036000000000000004,-0.0045000000000000005,135.0,-135.0
1.0648648738861084,0,199,-195,10,0,-0.045000000000000005,0.0135,135.0,-135.0
1.0758655071258545,0,199,-195,0,0,-0.027,0.0135,135.0,-135.0
1.0868456363677979,0,199,-195,-5,0,-0.0,0.009000000000000001,135.0,-135.0
1.0978457927703857,0,199,-195,-10,0,0.018000000000000002,0.0135,135.0,-135.0
1.1088800430297852,0,199,-195,0,10,0.018000000000000002,0.009000000000000001,135.0,-135.0
1.1194217205047607,0,198,-195,0,0,0.022500000000000003,0.009000000000000001,135.0,-135.0
1.1300241947174072,0,198,-195,5,0,0.022500000000000003,0.009000000000000001,135.0,-135.0
1.1410503387451172,0,199,-195,5,0,-0.0,0.0135,135.0,-135.0
1.1520795822143555,0,199,-195,10,0,-0.0135,0.018000000000000002,135.0,-135.0
1.1631007194519043,0,199,-195,5,0,-0.018000000000000002,0.022500000000000003,135.0,-135.0
1.1741409301757812,0,199,-195,0,0,-0.0045000000000000005,0.018000000000000002,135.0,-135.0
1.1842303276062012,0,199,-195,0,0,0.0045000000000000005,0.0135,135.0,-135.0
1.1952292919158936,0,199,-195,0,0,0.018000000000000002,0.0135,135.0,-135.0
1.2062077522277832,0,199,-195,0,0,0.009000000000000001,0.022500000000000003,135.0,-135.0
1.2172036170959473,0,199,-195,0,0,-0.0,0.022500000000000003,135.0,-135.0
1.2282311916351318,0,199,-195,5,0,-0.0,0.022500000000000003,135.0,-135.0
1.2392656803131104,0,199,-195,5,5,0.0045000000000000005,0.018000000000000002,135.0,-135.0
1.250265121459961,0,199,-195,0,0,-0.009000000000000001,0.018000000000000002,135.0,-135.0
1.261289358139038,0,199,-195,0,0,0.0135,0.027,135.0,-135.0
1.2722880840301514,0,199,-195,0,0,0.0045000000000000005,0.018000000000000002,135.0,-135.0
1.2833216190338135,0,199,-195,0,0,-0.0,0.03150000000000001,135.0,-135.0
1.2943229675292969,0,199,-195,0,0,-0.0,0.022500000000000003,135.0,-135.0
1.3053221702575684,0,199,-195,0,0,-0.0,0.03150000000000001,135.0,-135.0
1.3163235187530518,0,199,-195,0,0,-0.0,0.022500000000000003,135.0,-135.0
1.327324390411377,0,199,-195,0,0,0.0045000000000000005,0.03150000000000001,135.0,-135.0
1.3383069038391113,0,199,-195,-5,0,0.0045000000000000005,0.027,135.0,-135.0
1.3493256568908691,0,199,-195,-5,0,0.009000000000000001,0.03150000000000001,135.0,-135.0
1.3603239059448242,0,199,-195,0,0,0.0045000000000000005,0.03150000000000001,135.0,-135.0
1.3708832263946533,0,199,-195,0,0,-0.0,0.036000000000000004,135.0,-135.0
1.3819239139556885,0,199,-195,0,0,-0.0,0.027,135.0,-135.0
1.3929274082183838,0,199,-195,0,0,0.0045000000000000005,0.027,135.0,-135.0
1.4039437770843506,0,199,-195,0,0,0.0045000000000000005,0.036000000000000004,135.0,-135.0
1.4149279594421387,0,199,-195,0,0,0.0045000000000000005,0.0405,135.0,-135.0
1.4254732131958008,0,199,-195,0,0,-0.0,0.036000000000000004,135.0,-135.0
1.4364941120147705,0,199,-195,0,0,0.009000000000000001,0.045000000000000005,135.0,-135.0
1.4474949836730957,0,199,-195,0,0,-0.0,0.03150000000000001,135.0,-135.0
1.458493709564209,0,199,-195,0,0,-0.0,0.0405,135.0,-135.0
1.4694948196411133,0,199,-195,0,0,-0.0135,0.0405,135.0,-135.0
1.4804930686950684,0,199,-195,0,0,-0.0,0.0495,135.0,-135.0
1.4914939403533936,0,199,-195,0,0,-0.0,0.036000000000000004,135.0,-135.0
1.5024693012237549,0,199,-195,0,0,-0.0045000000000000005,0.036000000000000004,135.0,-135.0
1.5134944915771484,0,199,-195,0,0,-0.0,0.045000000000000005,135.0,-135.0
1.5244946479797363,0,199,-195,0,0,0.009000000000000001,0.0495,135.0,-135.0
1.5355112552642822,0,199,-195,0,0,0.0045000000000000005,0.045000000000000005,135.0,-135.0
1.546506643295288,0,199,-195,0,0,-0.0,0.0405,135.0,-135.0
1.5575106143951416,0,199,-195,0,0,-0.0,0.0495,135.0,-135.0
1.568511724472046,0,199,-195,0,0,-0.0135,0.036000000000000004,135.0,-135.0
1.5795493125915527,0,199,-195,0,0,0.009000000000000001,0.054,135.0,-135.0
1.5905125141143799,0,199,-195,0,0,-0.0,0.0585,135.0,-135.0
1.6015098094940186,0,199,-195,0,0,-0.0,0.054,135.0,-135.0
1.6125314235687256,0,199,-195,0,0,-0.0,0.0495,135.0,-135.0
1.6235506534576416,0,199,-195,0,0,-0.009000000000000001,0.0585,135.0,-135.0
1.634549856185913,0,199,-195,0,0,-0.0,0.0585,135.0,-135.0
1.6455106735229492,0,199,-195,0,0,-0.0,0.054,135.0,-135.0
1.6565303802490234,0,199,-195,0,0,-0.009000000000000001,0.054,135.0,-135.0
1.667553424835205,0,199,-195,0,0,-0.009000000000000001,0.0585,135.0,-135.0
1.6785516738891602,0,199,-195,0,0,-0.0135,0.0585,135.0,-135.0
1.6895534992218018,0,199,-195,0,0,-0.0045000000000000005,0.054,135.0,-135.0
1.7005321979522705,0,199,-195,0,0,-0.009000000000000001,0.06300000000000001,135.0,-135.0
1.7115404605865479,0,199,-195,0,0,-0.0,0.06300000000000001,135.0,-135.0
1.7225751876831055,0,199,-195,0,0,-0.009000000000000001,0.0585,135.0,-135.0
1.733534336090088,0,199,-195,0,0,-0.009000000000000001,0.06300000000000001,135.0,-135.0
1.7445344924926758,0,199,-195,0,0,-0.0,0.0585,135.0,-135.0
1.7555649280548096,0,199,-195,0,0,-0.0045000000000000005,0.054,135.0,-135.0
1.7659482955932617,0,199,-195,0,0,-0.0135,0.0675,135.0,-135.0
1.7770028114318848,0,199,-195,0,0,-0.009000000000000001,0.0585,135.0,-135.0
1.7880795001983643,0,199,-195,0,0,-0.0045000000000000005,0.06300000000000001,135.0,-135.0
1.7983057498931885,0,199,-195,0,0,-0.0045000000000000005,0.0585,135.0,-135.0
1.808480978012085,0,199,-195,0,0,-0.009000000000000001,0.054,135.0,-135.0
1.8194820880889893,0,199,-195,0,0,-0.0,0.06300000000000001,135.0,-135.0
1.830596685409546,0,199,-195,0,0,-0.0045000000000000005,0.07200000000000001,135.0,-135.0
1.8417274951934814,0,199,-195,0,0,-0.009000000000000001,0.06300000000000001,135.0,-135.0
1.8518593311309814,0,199,-195,0,0,-0.0135,0.06300000000000001,135.0,-135.0
1.8620238304138184,0,199,-195,0,0,-0.0135,0.06300000000000001,135.0,-135.0
1.873021125793457,0,199,-195,0,5,-0.0,0.07200000000000001,135.0,-135.0
1.8835759162902832,0,199,-195,0,0,-0.009000000000000001,0.0675,135.0,-135.0
1.8939876556396484,0,199,-195,0,0,-0.009000000000000001,0.0675,135.0,-135.0
1.9049537181854248,0,199,-195,0,0,-0.009000000000000001,0.06300000000000001,135.0,-135.0
1.9160962104797363,0,199,-195,0,0,-0.0045000000000000005,0.06300000000000001,135.0,-135.0
1.9270546436309814,0,199,-195,0,0,-0.0135,0.07200000000000001,135.0,-135.0
1.9377086162567139,0,199,-195,0,0,-0.009000000000000001,0.07200000000000001,135.0,-135.0
1.9487056732177734,0,199,-195,0,0,-0.0135,0.0675,135.0,-135.0
1.9588379859924316,0,199,-195,0,0,-0.0045000000000000005,0.07650000000000001,135.0,-135.0
1.9690771102905273,0,199,-195,0,0,-0.018000000000000002,0.081,135.0,-135.0
1.9800708293914795,0,199,-195,0,0,-0.009000000000000001,0.081,135.0,-135.0
1.991070032119751,0,199,-195,0,0,-0.009000000000000001,0.081,135.0,-135.0
2.0020713806152344,0,199,-195,0,0,-0.0,0.07650000000000001,135.0,-135.0
2.013170003890991,0,199,-195,0,0,-0.009000000000000001,0.07650000000000001,135.0,-135.0
2.0233938694000244,0,199,-195,0,0,-0.022500000000000003,0.081,135.0,-135.0
2.0342559814453125,0,199,-195,0,0,-0.009000000000000001,0.0855,135.0,-135.0
2.0444531440734863,0,199,-195,0,0,-0.022500000000000003,0.07650000000000001,135.0,-135.0
2.054659128189087,0,199,-195,0,0,-0.0,0.081,135.0,-135.0
2.0656681060791016,0,199,-195,0,0,-0.009000000000000001,0.07650000000000001,135.0,-135.0
2.0759873390197754,0,199,-195,0,0,-0.0135,0.081,135.0,-135.0
2.0861732959747314,0,199,-195,0,0,-0.0135,0.07200000000000001,135.0,-135.0
2.0972468852996826,0,199,-195,0,0,0.0045000000000000005,0.0675,135.0,-135.0
2.1082510948181152,0,199,-195,0,0,-0.0045000000000000005,0.07200000000000001,135.0,-135.0
2.1192078590393066,0,199,-195,0,0,-0.0,0.081,135.0,-135.0
2.1301918029785156,0,199,-195,0,0,-0.009000000000000001,0.07650000000000001,135.0,-135.0
2.141244888305664,0,199,-195,0,0,-0.018000000000000002,0.081,135.0,-135.0
2.1514546871185303,0,199,-195,0,0,-0.022500000000000003,0.07650000000000001,135.0,-135.0
2.1617467403411865,0,199,-195,0,0,-0.009000000000000001,0.0855,135.0,-135.0
2.1727614402770996,0,199,-195,0,0,-0.0045000000000000005,0.0855,135.0,-135.0
2.183042526245117,0,199,-195,0,0,-0.0135,0.0675,135.0,-135.0
2.1932432651519775,0,199,-195,0,0,-0.0135,0.0675,135.0,-135.0
2.2042040824890137,0,199,-195,0,0,-0.0135,0.07200000000000001,135.0,-135.0
2.214397668838501,0,199,-195,0,0,-0.0135,0.081,135.0,-135.0
2.2254035472869873,0,199,-195,0,0,-0.018000000000000002,0.07650000000000001,135.0,-135.0
2.235673666000366,0,199,-195,0,0,-0.027,0.09000000000000001,135.0,-135.0
2.2464420795440674,0,199,-195,0,0,-0.022500000000000003,0.09000000000000001,135.0,-135.0
2.2572872638702393,0,199,-195,0,0,-0.0135,0.09000000000000001,135.0,-135.0
2.268242835998535,0,199,-195,0,0,-0.018000000000000002,0.0945,135.0,-135.0
2.2789738178253174,0,199,-195,0,5,-0.0135,0.099,135.0,-135.0
2.289576768875122,0,199,-195,0,0,-0.022500000000000003,0.09000000000000001,135.0,-135.0
2.3005805015563965,0,199,-195,0,0,-0.018000000000000002,0.081,135.0,-135.0
2.3109469413757324,0,199,-195,0,0,-0.0,0.09000000000000001,135.0,-135.0
2.321791172027588,0,199,-195,0,0,-0.0135,0.0855,135.0,-135.0
2.3324997425079346,0,199,-195,0,0,-0.018000000000000002,0.0855,135.0,-135.0
2.343295097351074,0,199,-195,0,0,-0.009000000000000001,0.0945,135.0,-135.0
2.3541126251220703,0,199,-195,0,0,-0.018000000000000002,0.0945,135.0,-135.0
2.364867687225342,0,199,-195,0,0,-0.0045000000000000005,0.09000000000000001,135.0,-135.0
2.375272035598755,0,199,-195,0,0,-0.009000000000000001,0.09000000000000001,135.0,-135.0
2.385828971862793,0,199,-195,0,0,-0.0,0.0855,135.0,-135.0
2.395960807800293,0,199,-195,0,0,-0.022500000000000003,0.0945,135.0,-135.0
2.4063873291015625,0,199,-195,0,0,-0.0045000000000000005,0.099,135.0,-135.0
2.417445659637451,0,199,-195,0,0,-0.018000000000000002,0.0945,135.0,-135.0
2.4282445907592773,0,199,-195,0,0,-0.0,0.099,135.0,-135.0
2.4386303424835205,0,199,-195,0,0,-0.0045000000000000005,0.099,135.0,-135.0
2.449763774871826,0,199,-195,0,0,-0.0135,0.0945,135.0,-135.0
2.4598960876464844,0,199,-195,0,0,-0.018000000000000002,0.099,135.0,-135.0
2.470167398452759,0,199,-195,0,0,-0.0045000000000000005,0.099,135.0,-135.0
2.480311870574951,0,199,-195,0,0,-0.0045000000000000005,0.0945,135.0,-135.0
2.4913156032562256,0,199,-195,0,0,-0.022500000000000003,0.10350000000000001,135.0,-135.0
2.5022833347320557,0,199,-195,0,0,-0.022500000000000003,0.09000000000000001,135.0,-135.0
2.513315200805664,0,199,-195,0,0,-0.0405,0.0945,135.0,-135.0
0.01100468635559082,1,199,-195,0,0,-0.0045000000000000005,0.10350000000000001,117.91,-217.76
0.02197098731994629,1,199,-195,0,0,-0.0045000000000000005,0.022500000000000003,117.91,-217.76
0.032970428466796875,1,199,-195,0,-10,-0.0,0.0045000000000000005,117.91,-217.76
0.04372715950012207,1,199,-195,0,-5,-0.0,0.0045000000000000005,117.91,-217.76
0.05472826957702637,1,199,-195,0,0,-0.009000000000000001,0.0,117.91,-217.76
0.06572484970092773,1,199,-195,0,0,0.009000000000000001,0.0,117.91,-217.76
0.07673335075378418,1,199,-195,0,0,0.0045000000000000005,-0.009000000000000001,117.91,-217.76
0.08772897720336914,1,199,-195,0,0,-0.0045000000000000005,0.0,117.91,-217.76
0.09872865676879883,1,199,-195,0,0,-0.0045000000000000005,0.0,117.91,-217.76
0.10958361625671387,1,199,-195,0,0,-0.0,0.0,117.91,-217.76
0.12060403823852539,1,199,-195,0,0,-0.0,0.0,117.91,-217.76
0.13159775733947754,1,199,-195,0,0,0.009000000000000001,-0.0045000000000000005,117.91,-217.76
0.1422131061553955,1,199,-195,0,0,-0.0,0.0,117.91,-217.76
0.1523425579071045,1,199,-195,0,0,-0.0,-0.0045000000000000005,117.91,-217.76
0.1625819206237793,1,199,-195,0,0,-0.0,0.0,117.91,-217.76
0.17278289794921875,1,199,-195,0,0,0.0045000000000000005,0.0,117.91,-217.76
0.18303656578063965,1,199,-195,0,0,-0.0,0.0,117.91,-217.76
0.19342255592346191,1,199,-195,0,0,0.0045000000000000005,-0.0045000000000000005,117.91,-217.76
0.20379638671875,1,199,-195,0,0,-0.0,-0.0045000000000000005,117.91,-217.76
0.21431636810302734,1,199,-195,0,0,-0.009000000000000001,0.0,117.91,-217.76
0.22450566291809082,1,199,-195,0,0,-0.0,0.0,117.91,-217.76
0.2350785732269287,1,199,-195,0,0,-0.009000000000000001,0.0,117.91,-217.76
0.2457432746887207,1,199,-195,0,0,-0.0,0.0,117.91,-217.76
0.25611186027526855,1,199,-195,0,0,-0.0,-0.0045000000000000005,117.91,-217.76
0.26644349098205566,1,199,-195,0,0,0.0045000000000000005,0.0,117.91,-217.76
0.27664637565612793,1,199,-195,0,0,-0.0,-0.0045000000000000005,117.91,-217.76
0.2870504856109619,1,199,-195,0,0,-0.009000000000000001,-0.0045000000000000005,117.91,-217.76
0.2974715232849121,1,199,-195,0,0,-0.0,0.0,117.91,-217.76
0.30804944038391113,1,199,-195,0,0,-0.0,0.0,117.91,-217.76
0.3184831142425537,1,199,-195,0,0,-0.0135,-0.0045000000000000005,117.91,-217.76
0.3285939693450928,1,199,-195,0,0,-0.0,0.0045000000000000005,117.91,-217.76
0.3391690254211426,1,199,-195,0,0,0.0045000000000000005,-0.0045000000000000005,117.91,-217.76
0.3497495651245117,1,199,-195,0,0,-0.0,-0.009000000000000001,117.91,-217.76
0.3602447509765625,1,199,-195,0,0,0.0135,0.0,117.91,-217.76
0.37078213691711426,1,199,-195,0,0,-0.0045000000000000005,0.0,117.91,-217.76
0.38095951080322266,1,199,-195,0,0,-0.0,0.0,117.91,-217.76
0.39159059524536133,1,199,-195,0,0,0.0045000000000000005,0.0,117.91,-217.76
0.40189456939697266,1,199,-195,0,0,-0.0,0.0,117.91,-217.76
0.41227078437805176,1,199,-195,0,0,-0.0,-0.0045000000000000005,117.91,-217.76
0.42330026626586914,1,199,-195,0,0,-0.0,-0.0045000000000000005,117.91,-217.76
0.43430256843566895,1,199,-195,0,0,-0.0045000000000000005,-0.0045000000000000005,117.91,-217.76
0.44464635848999023,1,199,-195,0,0,0.0045000000000000005,-0.0045000000000000005,117.91,-217.76
0.455643892288208,1,199,-195,0,0,0.0045000000000000005,0.0045000000000000005,117.91,-217.76
0.4666438102722168,1,199,-195,0,0,-0.0,0.0,117.91,-217.76
0.47763919830322266,1,199,-195,0,0,-0.0045000000000000005,0.0045000000000000005,117.91,-217.76
0.48863649368286133,1,199,-195,0,0,0.009000000000000001,0.0,117.91,-217.76
0.4996368885040283,1,199,-195,0,0,0.0045000000000000005,0.0,117.91,-217.76
0.5106368064880371,1,199,-195,0,0,-0.0,0.0,117.91,-217.76
0.5236382484436035,1,199,-195,0,0,-0.0,0.0045000000000000005,117.91,-217.76
0.5346486568450928,1,199,-195,0,16,-0.225,0.279,117.91,-217.76
0.5456836223602295,1,198,-195,-38,43,-0.441,0.48150000000000004,117.91,-217.76
0.5566859245300293,1,198,-194,-71,76,-0.6435,0.6615,117.91,-217.76
0.5672781467437744,1,197,-193,-137,126,-0.783,0.783,117.91,-217.76
0.5783145427703857,1,195,-191,-192,192,-0.6525,0.684,117.91,-217.76
0.5893137454986572,1,193,-189,-230,219,-0.47700000000000004,0.5895,117.91,-217.76
0.6002786159515381,1,190,-187,-247,241,-0.396,0.45,117.91,-217.76
0.6111891269683838,1,187,-184,-252,263,-0.24750000000000003,0.405,117.91,-217.76
0.6222093105316162,1,184,-181,-263,269,-0.12150000000000001,0.234,117.91,-217.76
0.6332087516784668,1,181,-178,-269,269,-0.0675,0.117,117.91,-217.76
0.6441671848297119,1,178,-175,-252,263,-0.018000000000000002,0.036000000000000004,117.91,-217.76
0.6551623344421387,1,176,-172,-236,252,0.0405,0.009000000000000001,117.91,-217.76
0.666161298751831,1,173,-170,-236,247,0.0855,-0.027,117.91,-217.76
0.6771607398986816,1,170,-167,-208,230,0.117,-0.0945,117.91,-217.76
0.6881618499755859,1,168,-165,-208,214,0.0855,-0.081,117.91,-217.76
0.6991608142852783,1,166,-162,-186,197,0.054,-0.054,117.91,-217.76
0.7101650238037109,1,164,-160,-181,181,0.009000000000000001,-0.022500000000000003,117.91,-217.76
0.7211899757385254,1,162,-158,-181,170,-0.036000000000000004,0.009000000000000001,117.91,-217.76
0.7322077751159668,1,160,-156,-170,175,-0.0945,0.10350000000000001,117.91,-217.76
0.7432103157043457,1,158,-154,-175,175,-0.12150000000000001,0.15300000000000002,117.91,-217.76
0.7542734146118164,1,156,-153,-192,175,-0.15750000000000003,0.189,117.91,-217.76
0.7650835514068604,1,154,-151,-186,175,-0.18000000000000002,0.225,117.91,-217.76
0.7760858535766602,1,152,-149,-192,181,-0.1665,0.27,117.91,-217.76
0.7870950698852539,1,150,-147,-197,192,-0.14850000000000002,0.225,117.91,-217.76
0.7980880737304688,1,148,-144,-203,197,-0.1665,0.225,117.91,-217.76
0.8086519241333008,1,145,-142,-203,208,-0.10350000000000001,0.1935,117.91,-217.76
0.8197126388549805,1,143,-140,-225,219,-0.117,0.15300000000000002,117.91,-217.76
0.8307135105133057,1,141,-138,-225,214,-0.0585,0.1305,117.91,-217.76
0.8417117595672607,1,138,-135,-214,203,-0.036000000000000004,-0.045000000000000005,117.91,-217.76
0.8526759147644043,1,136,-133,-208,186,-0.0045000000000000005,-0.42300000000000004,117.91,-217.76
0.8633289337158203,1,134,-131,-186,142,0.333,-0.7245,117.91,-217.76
0.8743305206298828,1,132,-130,-142,82,0.5355,-0.8550000000000001,117.91,-217.76
0.8853321075439453,1,131,-130,-82,16,0.7335,-0.7515,117.91,-217.76
0.8962900638580322,1,130,-130,-21,-27,0.648,-0.5625,117.91,-217.76
0.9072906970977783,1,130,-130,16,-60,0.5670000000000001,-0.396,117.91,-217.76
0.9183323383331299,1,131,-131,43,-82,0.3825,-0.2205,117.91,-217.76
0.9292898178100586,1,131,-132,65,-87,0.24300000000000002,-0.0855,117.91,-217.76
0.9402925968170166,1,132,-133,60,-82,0.1305,0.009000000000000001,117.91,-217.76
0.9513137340545654,1,133,-134,60,-76,0.06300000000000001,0.18000000000000002,117.91,-217.76
0.9623124599456787,1,134,-135,60,-60,-0.0,0.225,117.91,-217.76
0.9733133316040039,1,134,-135,43,-38,-0.045000000000000005,0.225,117.91,-217.76
0.9843294620513916,1,135,-135,27,-16,-0.081,0.23850000000000002,117.91,-217.76
0.9953303337097168,1,135,-135,16,0,-0.0585,0.198,117.91,-217.76
1.0063450336456299,1,135,-135,0,16,-0.03150000000000001,0.15300000000000002,117.91,-217.76
1.0168263912200928,1,135,-135,-21,16,-0.0,0.117,117.91,-217.76
1.0278329849243164,1,134,-135,-16,21,0.036000000000000004,0.06300000000000001,117.91,-217.76
1.0380702018737793,1,134,-135,-16,16,0.07650000000000001,0.03150000000000001,117.91,-217.76
1.0482814311981201,1,134,-135,-21,16,0.099,0.03150000000000001,117.91,-217.76
1.0592947006225586,1,134,-135,-10,16,0.0855,0.027,117.91,-217.76
1.0696861743927002,1,134,-134,-10,10,0.0855,0.018000000000000002,117.91,-217.76
1.080726146697998,1,134,-134,0,10,0.09000000000000001,0.0,117.91,-217.76
1.091020107269287,1,134,-134,0,0,0.099,0.018000000000000002,117.91,-217.76
1.1012458801269531,1,134,-134,5,0,0.07650000000000001,0.018000000000000002,117.91,-217.76
1.1122479438781738,1,134,-134,0,-5,0.0495,0.018000000000000002,117.91,-217.76
1.1232998371124268,1,134,-134,0,0,0.0585,0.036000000000000004,117.91,-217.76
1.134258508682251,1,134,-134,0,0,0.054,0.0135,117.91,-217.76
1.145303726196289,1,134,-134,0,0,0.0675,0.018000000000000002,117.91,-217.76
1.1558432579040527,1,134,-134,0,0,0.06300000000000001,0.022500000000000003,117.91,-217.76
1.1666595935821533,1,134,-134,0,0,0.07200000000000001,0.027,117.91,-217.76
1.177400827407837,1,134,-134,0,0,0.06300000000000001,0.0135,117.91,-217.76
1.1884667873382568,1,134,-134,0,0,0.07650000000000001,0.018000000000000002,117.91,-217.76
1.198869228363037,1,134,-134,0,0,0.07650000000000001,0.03150000000000001,117.91,-217.76
1.2090203762054443,1,134,-134,0,0,0.081,0.018000000000000002,117.91,-217.76
1.2200100421905518,1,134,-134,0,0,0.081,0.022500000000000003,117.91,-217.76
1.2310028076171875,1,134,-134,0,5,0.0855,0.0135,117.91,-217.76
1.2412374019622803,1,134,-134,0,0,0.081,0.018000000000000002,117.91,-217.76
1.2522900104522705,1,134,-134,0,0,0.07650000000000001,0.018000000000000002,117.91,-217.76
1.2625720500946045,1,134,-134,0,0,0.09000000000000001,0.027,117.91,-217.76
1.2735748291015625,1,134,-134,0,0,0.081,0.022500000000000003,117.91,-217.76
1.2845795154571533,1,134,-134,0,0,0.07650000000000001,0.022500000000000003,117.91,-217.76
1.2955780029296875,1,134,-134,0,0,0.0855,0.0045000000000000005,117.91,-217.76
1.3065791130065918,1,134,-134,0,0,0.09000000000000001,0.018000000000000002,117.91,-217.76
1.3175806999206543,1,134,-134,0,5,0.081,0.009000000000000001,117.91,-217.76
1.3285808563232422,1,134,-134,0,0,0.108,0.018000000000000002,117.91,-217.76
1.3387353420257568,1,134,-134,5,0,0.0855,0.0135,117.91,-217.76
1.348947286605835,1,134,-134,0,0,0.081,0.022500000000000003,117.91,-217.76
1.3597142696380615,1,134,-134,0,0,0.081,0.022500000000000003,117.91,-217.76
1.3707008361816406,1,134,-134,0,0,0.081,0.018000000000000002,117.91,-217.76
1.3816900253295898,1,134,-134,0,0,0.10350000000000001,0.009000000000000001,117.91,-217.76
1.3926749229431152,1,134,-134,0,0,0.10350000000000001,0.018000000000000002,117.91,-217.76
1.403367042541504,1,134,-134,0,0,0.0855,0.009000000000000001,117.91,-217.76
1.4144315719604492,1,134,-134,0,0,0.0945,0.009000000000000001,117.91,-217.76
1.4249770641326904,1,134,-134,0,0,0.0945,0.0,117.91,-217.76
1.4360299110412598,1,134,-134,0,0,0.099,0.0,117.91,-217.76
1.4465880393981934,1,134,-134,0,0,0.09000000000000001,0.009000000000000001,117.91,-217.76
1.4569871425628662,1,134,-134,0,0,0.117,0.0135,117.91,-217.76
1.4678230285644531,1,134,-134,0,0,0.099,0.0,117.91,-217.76
1.4783198833465576,1,134,-134,0,0,0.108,0.0045000000000000005,117.91,-217.76
1.4893121719360352,1,134,-134,0,0,0.108,0.0,117.91,-217.76
1.4997708797454834,1,134,-134,5,0,0.0855,-0.0045000000000000005,117.91,-217.76
1.5106773376464844,1,134,-134,0,0,0.10350000000000001,0.0045000000000000005,117.91,-217.76
1.5216171741485596,1,134,-134,0,0,0.0945,0.0,117.91,-217.76
1.5322511196136475,1,134,-134,0,0,0.1125,-0.0045000000000000005,117.91,-217.76
1.5432641506195068,1,134,-134,0,0,0.10350000000000001,0.0,117.91,-217.76
1.554368019104004,1,134,-134,0,0,0.0945,0.0,117.91,-217.76
1.565368890762329,1,134,-134,0,0,0.117,0.0,117.91,-217.76
1.5758330821990967,1,134,-134,0,0,0.10350000000000001,-0.009000000000000001,117.91,-217.76
1.5869100093841553,1,134,-134,5,0,0.0945,0.009000000000000001,117.91,-217.76
1.5978937149047852,1,134,-134,0,0,0.108,-0.0045000000000000005,117.91,-217.76
1.6088647842407227,1,134,-134,5,0,0.108,-0.009000000000000001,117.91,-217.76
1.619889736175537,1,134,-134,0,0,0.12150000000000001,0.0,117.91,-217.76
1.6308932304382324,1,134,-134,0,0,0.1125,-0.0135,117.91,-217.76
1.6418874263763428,1,134,-134,0,0,0.117,-0.0045000000000000005,117.91,-217.76
1.65297269821167,1,134,-134,0,0,0.108,-0.009000000000000001,117.91,-217.76
1.663175344467163,1,134,-134,0,0,0.099,-0.009000000000000001,117.91,-217.76
1.673469066619873,1,134,-134,0,0,0.12150000000000001,0.0,117.91,-217.76
1.6844427585601807,1,134,-134,0,0,0.12150000000000001,-0.0045000000000000005,117.91,-217.76
1.695563554763794,1,134,-134,0,0,0.12150000000000001,-0.009000000000000001,117.91,-217.76
1.705709457397461,1,134,-134,0,0,0.117,-0.009000000000000001,117.91,-217.76
1.7168693542480469,1,134,-134,0,0,0.1125,-0.009000000000000001,117.91,-217.76
1.7279953956604004,1,134,-134,0,0,0.117,-0.0135,117.91,-217.76
1.738985300064087,1,134,-134,0,0,0.10350000000000001,0.0,117.91,-217.76
1.7493865489959717,1,134,-134,0,0,0.1125,-0.0045000000000000005,117.91,-217.76
1.7604126930236816,1,134,-134,0,0,0.10350000000000001,-0.009000000000000001,117.91,-217.76
1.7713689804077148,1,134,-134,0,0,0.12150000000000001,-0.009000000000000001,117.91,-217.76
1.7820513248443604,1,134,-134,0,0,0.108,-0.009000000000000001,117.91,-217.76
1.7930445671081543,1,134,-134,0,0,0.12150000000000001,-0.009000000000000001,117.91,-217.76
1.8035900592803955,1,134,-134,0,0,0.108,-0.009000000000000001,117.91,-217.76
1.8141567707061768,1,134,-134,0,0,0.108,-0.009000000000000001,117.91,-217.76
1.8251569271087646,1,134,-134,0,0,0.1125,-0.0135,117.91,-217.76
1.8361625671386719,1,134,-134,0,0,0.12600000000000003,0.0,117.91,-217.76
1.8471591472625732,1,134,-134,0,0,0.1305,-0.0045000000000000005,117.91,-217.76
1.8582334518432617,1,134,-134,0,0,0.117,-0.0135,117.91,-217.76
1.8691184520721436,1,134,-134,5,0,0.108,-0.018000000000000002,117.91,-217.76
1.8793749809265137,1,134,-134,0,0,0.117,0.0,117.91,-217.76
1.889711856842041,1,134,-134,0,0,0.108,-0.03150000000000001,117.91,-217.76
1.9006035327911377,1,134,-134,0,0,0.1305,-0.009000000000000001,117.91,-217.76
1.910851001739502,1,134,-134,0,0,0.12150000000000001,-0.022500000000000003,117.91,-217.76
1.9210577011108398,1,134,-134,0,0,0.12150000000000001,-0.022500000000000003,117.91,-217.76
1.932159185409546,1,134,-134,0,0,0.12600000000000003,-0.022500000000000003,117.91,-217.76
1.942953109741211,1,134,-134,0,0,0.1305,-0.0135,117.91,-217.76
1.9537580013275146,1,134,-134,0,0,0.1305,-0.0135,117.91,-217.76
1.9640192985534668,1,134,-134,0,0,0.12150000000000001,-0.009000000000000001,117.91,-217.76
1.9741628170013428,1,134,-134,0,0,0.1395,-0.0135,117.91,-217.76
1.9850947856903076,1,134,-134,0,0,0.135,-0.009000000000000001,117.91,-217.76
1.9956660270690918,1,134,-134,0,0,0.1305,-0.009000000000000001,117.91,-217.76
2.006596803665161,1,134,-134,0,0,0.12150000000000001,-0.018000000000000002,117.91,-217.76
2.0176544189453125,1,134,-134,0,0,0.1125,-0.009000000000000001,117.91,-217.76
2.0285940170288086,1,134,-134,0,0,0.12150000000000001,-0.027,117.91,-217.76
2.0387930870056152,1,134,-134,0,-5,0.12600000000000003,-0.0045000000000000005,117.91,-217.76
2.048949956893921,1,134,-134,0,0,0.117,-0.036000000000000004,117.91,-217.76
2.0596232414245605,1,134,-134,0,0,0.1305,-0.03150000000000001,117.91,-217.76
2.070058584213257,1,134,-134,0,0,0.1305,-0.03150000000000001,117.91,-217.76
2.0811095237731934,1,134,-134,0,0,0.12150000000000001,-0.03150000000000001,117.91,-217.76
2.0920584201812744,1,134,-134,0,0,0.12600000000000003,-0.027,117.91,-217.76
2.1030538082122803,1,134,-134,0,0,0.14400000000000002,-0.018000000000000002,117.91,-217.76
2.114053964614868,1,134,-134,0,0,0.14850000000000002,-0.0135,117.91,-217.76
2.125053644180298,1,134,-134,0,0,0.1305,-0.036000000000000004,117.91,-217.76
2.1361122131347656,1,134,-134,0,0,0.12600000000000003,-0.009000000000000001,117.91,-217.76
2.147109270095825,1,134,-134,0,0,0.1395,-0.022500000000000003,117.91,-217.76
2.158127546310425,1,134,-134,0,0,0.117,-0.03150000000000001,117.91,-217.76
2.168778419494629,1,134,-134,0,0,0.12600000000000003,-0.03150000000000001,117.91,-217.76
2.1797804832458496,1,134,-134,0,0,0.12600000000000003,-0.036000000000000004,117.91,-217.76
2.1908323764801025,1,134,-134,0,0,0.1305,-0.03150000000000001,117.91,-217.76
2.2017760276794434,1,134,-134,0,0,0.1305,-0.03150000000000001,117.91,-217.76
2.2127935886383057,1,134,-134,0,0,0.135,-0.03150000000000001,117.91,-217.76
2.223822832107544,1,134,-134,0,0,0.1305,-0.0405,117.91,-217.76
2.2348101139068604,1,134,-134,0,0,0.117,-0.0135,117.91,-217.76
2.245781421661377,1,134,-134,0,-5,0.1395,-0.036000000000000004,117.91,-217.76
2.256869077682495,1,134,-134,5,0,0.12150000000000001,-0.036000000000000004,117.91,-217.76
2.2670276165008545,1,134,-134,0,0,0.12150000000000001,-0.036000000000000004,117.91,-217.76
2.278132677078247,1,134,-134,0,0,0.12600000000000003,-0.018000000000000002,117.91,-217.76
2.289229393005371,1,134,-134,0,0,0.1305,-0.036000000000000004,117.91,-217.76
2.299628973007202,1,134,-134,0,0,0.1305,-0.036000000000000004,117.91,-217.76
2.3106279373168945,1,134,-134,0,0,0.135,-0.022500000000000003,117.91,-217.76
2.3207759857177734,1,134,-134,0,0,0.14400000000000002,-0.045000000000000005,117.91,-217.76
2.330921173095703,1,134,-134,0,0,0.12600000000000003,-0.027,117.91,-217.76
2.3419151306152344,1,135,-134,0,0,0.1125,-0.0405,117.91,-217.76
2.352858781814575,1,135,-134,0,0,0.1305,-0.0405,117.91,-217.76
2.3632724285125732,1,135,-134,0,0,0.135,-0.027,117.91,-217.76
2.374133586883545,1,135,-134,0,0,0.1305,-0.036000000000000004,117.91,-217.76
2.3848698139190674,1,135,-134,0,0,0.12150000000000001,-0.045000000000000005,117.91,-217.76
2.395530939102173,1,135,-134,0,0,0.12600000000000003,-0.036000000000000004,117.91,-217.76
2.4066357612609863,1,135,-134,0,0,0.135,-0.036000000000000004,117.91,-217.76
2.417372226715088,1,135,-134,0,0,0.1395,-0.045000000000000005,117.91,-217.76
2.42797589302063,1,135,-134,0,0,0.14400000000000002,-0.0495,117.91,-217.76
2.4387171268463135,1,135,-134,0,0,0.135,-0.018000000000000002,117.91,-217.76
2.4497179985046387,1,135,-134,0,0,0.1305,-0.0495,117.91,-217.76
2.4607181549072266,1,135,-134,0,0,0.1305,-0.045000000000000005,117.91,-217.76
2.471717357635498,1,135,-134,0,0,0.1305,-0.036000000000000004,117.91,-217.76
2.4825594425201416,1,135,-134,0,0,0.135,-0.0405,117.91,-217.76
2.4935619831085205,1,135,-134,0,0,0.1305,-0.045000000000000005,117.91,-217.76
2.5043113231658936,1,135,-134,0,0,0.12150000000000001,-0.0405,117.91,-217.76
2.5359139442443848,1,135,-134,0,0,0.1395,-0.0405,117.91,-217.76
0.010999917984008789,2,135,-134,0,0,0.009000000000000001,-0.018000000000000002,226.68,-93.44
0.02199840545654297,2,134,-134,0,0,0.0045000000000000005,-0.0045000000000000005,226.68,-93.44
0.03268790245056152,2,134,-134,-10,0,-0.0,0.009000000000000001,226.68,-93.44
0.04277944564819336,2,134,-134,-10,0,-0.0045000000000000005,0.0,226.68,-93.44
0.05286002159118652,2,134,-134,-10,0,-0.0,-0.009000000000000001,226.68,-93.44
0.06328248977661133,2,134,-134,-16,0,-0.009000000000000001,0.0,226.68,-93.44
0.07351231575012207,2,134,-134,-16,0,-0.0,0.0135,226.68,-93.44
0.08409523963928223,2,134,-134,0,-10,-0.0,0.0,226.68,-93.44
0.09477829933166504,2,133,-134,-16,0,0.0045000000000000005,0.0045000000000000005,226.68,-93.44
0.10578155517578125,2,133,-134,-10,0,-0.0045000000000000005,0.0,226.68,-93.44
0.11678004264831543,2,133,-134,-16,0,0.009000000000000001,0.0045000000000000005,226.68,-93.44
0.1277761459350586,2,133,-134,0,0,-0.0,-0.0045000000000000005,226.68,-93.44
0.13847684860229492,2,133,-134,-10,0,-0.0,0.0,226.68,-93.44
0.14862608909606934,2,133,-134,-5,0,-0.0,-0.0045000000000000005,226.68,-93.44
0.1589343547821045,2,133,-134,0,0,-0.0045000000000000005,0.0,226.68,-93.44
0.16936397552490234,2,133,-134,0,0,0.009000000000000001,0.0,226.68,-93.44
0.17951488494873047,2,133,-134,5,0,-0.0,0.0,226.68,-93.44
0.19015026092529297,2,133,-134,0,0,-0.0,0.0,226.68,-93.44
0.20068025588989258,2,133,-134,10,0,-0.009000000000000001,0.0,226.68,-93.44
0.21100974082946777,2,133,-134,0,5,0.0045000000000000005,0.0,226.68,-93.44
0.22144794464111328,2,133,-134,0,0,-0.009000000000000001,-0.0045000000000000005,226.68,-93.44
0.23180532455444336,2,133,-134,0,0,-0.009000000000000001,-0.0045000000000000005,226.68,-93.44
0.2425086498260498,2,133,-134,0,0,-0.0,0.0,226.68,-93.44
0.2528836727142334,2,133,-134,0,0,-0.0,0.0,226.68,-93.44
0.2634119987487793,2,133,-134,0,0,-0.0,0.0045000000000000005,226.68,-93.44
0.2740499973297119,2,133,-134,0,0,0.0045000000000000005,0.0045000000000000005,226.68,-93.44
0.28441882133483887,2,133,-134,0,0,-0.0,0.0,226.68,-93.44
0.29477787017822266,2,133,-134,0,0,-0.0045000000000000005,0.009000000000000001,226.68,-93.44
0.30490922927856445,2,133,-134,0,0,0.0045000000000000005,0.0,226.68,-93.44
0.3155214786529541,2,133,-134,0,0,0.0045000000000000005,-0.0045000000000000005,226.68,-93.44
0.32598233222961426,2,133,-134,0,0,-0.0,0.0,226.68,-93.44
0.33635878562927246,2,133,-134,0,0,-0.009000000000000001,0.0,226.68,-93.44
0.34665346145629883,2,133,-134,5,0,0.0045000000000000005,-0.0045000000000000005,226.68,-93.44
0.35706114768981934,2,133,-134,0,0,-0.0045000000000000005,0.0045000000000000005,226.68,-93.44
0.3677389621734619,2,133,-134,0,0,-0.0,0.0045000000000000005,226.68,-93.44
0.3787822723388672,2,133,-134,0,0,-0.0,-0.009000000000000001,226.68,-93.44
0.38982343673706055,2,133,-134,0,0,-0.0,0.0,226.68,-93.44
0.40087366104125977,2,133,-134,0,0,0.0045000000000000005,0.0,226.68,-93.44
0.411942720413208,2,133,-134,0,0,-0.0045000000000000005,0.0,226.68,-93.44
0.42301011085510254,2,133,-134,0,0,-0.0,0.0,226.68,-93.44
0.43404173851013184,2,133,-134,0,0,0.009000000000000001,-0.0045000000000000005,226.68,-93.44
0.44507503509521484,2,133,-134,0,0,-0.0,0.009000000000000001,226.68,-93.44
0.45612645149230957,2,133,-134,0,0,-0.0,0.0,226.68,-93.44
0.46716904640197754,2,133,-134,0,0,-0.0045000000000000005,0.0045000000000000005,226.68,-93.44
0.4774482250213623,2,133,-134,0,0,-0.0,0.0,226.68,-93.44
0.4884300231933594,2,133,-134,0,0,-0.0,0.0,226.68,-93.44
0.49945878982543945,2,133,-134,0,0,-0.0,0.0045000000000000005,226.68,-93.44
0.5104575157165527,2,133,-134,0,0,-0.0,0.009000000000000001,226.68,-93.44
0.5224645137786865,2,133,-134,0,0,-0.0,0.0,226.68,-93.44
0.5334827899932861,2,133,-134,10,0,0.30600000000000005,0.07200000000000001,226.68,-93.44
0.5436098575592041,2,133,-134,27,16,0.5850000000000001,0.49500000000000005,226.68,-93.44
0.5546104907989502,2,134,-134,54,32,0.8325,0.8190000000000001,226.68,-93.44
0.5656113624572754,2,135,-134,93,65,1.0575,1.1025,226.68,-93.44
0.576610803604126,2,136,-133,137,120,1.0935000000000001,1.161,226.68,-93.44
0.5872409343719482,2,138,-131,175,159,1.053,1.125,226.68,-93.44
0.5982565879821777,2,140,-129,219,214,0.9540000000000001,1.0170000000000001,226.68,-93.44
0.6092221736907959,2,142,-126,241,252,0.8145,0.8865,226.68,-93.44
0.6202178001403809,2,145,-123,274,280,0.6885,0.6975,226.68,-93.44
0.6308226585388184,2,148,-120,285,302,0.531,0.4545,226.68,-93.44
0.6418437957763672,2,151,-117,280,324,0.41400000000000003,0.28350000000000003,226.68,-93.44
0.6528241634368896,2,154,-113,274,313,0.0675,0.045000000000000005,226.68,-93.44
0.6634433269500732,2,157,-110,269,318,-0.405,-0.1305,226.68,-93.44
0.6736252307891846,2,160,-107,230,324,-0.765,-0.36450000000000005,226.68,-93.44
0.6846845149993896,2,162,-103,175,302,-1.071,-0.5715,226.68,-93.44
0.6956841945648193,2,164,-100,120,280,-1.2240000000000002,-0.675,226.68,-93.44
0.7066836357116699,2,165,-97,76,263,-1.1880000000000002,-0.7020000000000001,226.68,-93.44
0.7176978588104248,2,165,-94,21,225,-1.1520000000000001,-0.684,226.68,-93.44
0.7287583351135254,2,165,-92,-21,208,-1.0305,-0.6345,226.68,-93.44
0.739757776260376,2,165,-90,-49,164,-0.8775,-0.5715,226.68,-93.44
0.7507572174072266,2,164,-88,-76,131,-0.7515,-0.6930000000000001,226.68,-93.44
0.7617571353912354,2,163,-87,-87,93,-0.6030000000000001,-0.8505,226.68,-93.44
0.7727565765380859,2,162,-86,-93,38,-0.49500000000000005,-0.8460000000000001,226.68,-93.44
0.7833211421966553,2,161,-86,-82,-27,-0.342,-0.8684999999999999,226.68,-93.44
0.7943825721740723,2,160,-87,-82,-60,-0.20700000000000002,-0.6255000000000001,226.68,-93.44
0.8053829669952393,2,159,-87,-82,-82,-0.07650000000000001,-0.40950000000000003,226.68,-93.44
0.8163995742797852,2,158,-89,-76,-104,-0.009000000000000001,-0.23850000000000002,226.68,-93.44
0.827448844909668,2,158,-90,-65,-98,0.1395,-0.07200000000000001,226.68,-93.44
0.8380405902862549,2,157,-91,-60,-109,0.25200000000000006,0.06300000000000001,226.68,-93.44
0.8491618633270264,2,156,-92,-49,-93,0.324,0.2655,226.68,-93.44
0.8593323230743408,2,156,-93,-38,-71,0.36000000000000004,0.3195,226.68,-93.44
0.8695628643035889,2,155,-93,-16,-38,0.3825,0.324,226.68,-93.44
0.8805875778198242,2,155,-94,-5,-10,0.35550000000000004,0.30600000000000005,226.68,-93.44
0.8908157348632812,2,155,-94,0,0,0.35100000000000003,0.30150000000000005,226.68,-93.44
0.9009871482849121,2,155,-94,10,0,0.261,0.30150000000000005,226.68,-93.44
0.9119777679443359,2,155,-94,10,21,0.261,0.198,226.68,-93.44
0.9229781627655029,2,156,-93,21,32,0.12600000000000003,0.162,226.68,-93.44
0.9339802265167236,2,156,-93,21,32,0.12600000000000003,0.09000000000000001,226.68,-93.44
0.9445264339447021,2,156,-93,32,32,0.081,0.03150000000000001,226.68,-93.44
0.9555253982543945,2,157,-92,32,27,0.045000000000000005,0.0135,226.68,-93.44
0.9656598567962646,2,157,-92,27,27,0.009000000000000001,-0.036000000000000004,226.68,-93.44
0.9766571521759033,2,157,-92,27,27,-0.027,-0.0495,226.68,-93.44
0.9876749515533447,2,158,-92,10,16,-0.054,-0.07200000000000001,226.68,-93.44
0.9986791610717773,2,158,-91,16,10,-0.07650000000000001,-0.07200000000000001,226.68,-93.44
1.0096843242645264,2,158,-91,10,0,-0.07650000000000001,-0.0585,226.68,-93.44
1.0206730365753174,2,158,-91,0,0,-0.07200000000000001,-0.0585,226.68,-93.44
1.0316734313964844,2,158,-91,0,0,-0.0405,-0.036000000000000004,226.68,-93.44
1.0418107509613037,2,158,-92,-16,-16,-0.018000000000000002,-0.022500000000000003,226.68,-93.44
1.0522010326385498,2,158,-92,-10,0,0.0135,-0.0135,226.68,-93.44
1.0632355213165283,2,157,-92,-16,-10,0.0405,-0.009000000000000001,226.68,-93.44
1.074354887008667,2,157,-92,-16,0,0.0675,-0.018000000000000002,226.68,-93.44
1.0845799446105957,2,157,-92,-10,0,0.0675,-0.018000000000000002,226.68,-93.44
1.0954666137695312,2,157,-92,0,0,0.0675,-0.027,226.68,-93.44
1.1063299179077148,2,157,-92,0,0,0.0585,-0.022500000000000003,226.68,-93.44
1.1173968315124512,2,157,-92,0,0,0.036000000000000004,-0.022500000000000003,226.68,-93.44
1.1278190612792969,2,157,-92,0,0,0.03150000000000001,-0.022500000000000003,226.68,-93.44
1.1389062404632568,2,157,-92,10,0,0.022500000000000003,-0.022500000000000003,226.68,-93.44
1.150008201599121,2,157,-92,0,0,-0.0,-0.03150000000000001,226.68,-93.44
1.1610236167907715,2,157,-92,0,0,0.0045000000000000005,-0.027,226.68,-93.44
1.171861171722412,2,157,-92,0,0,0.009000000000000001,-0.027,226.68,-93.44
1.182621955871582,2,157,-92,0,0,0.009000000000000001,-0.022500000000000003,226.68,-93.44
1.1937048435211182,2,157,-92,-10,0,-0.0,-0.027,226.68,-93.44
1.2039644718170166,2,157,-92,-5,0,0.027,-0.027,226.68,-93.44
1.215038776397705,2,157,-92,0,0,0.027,-0.027,226.68,-93.44
1.226006269454956,2,157,-92,-5,0,0.03150000000000001,-0.022500000000000003,226.68,-93.44
1.236335277557373,2,157,-92,0,0,0.027,-0.022500000000000003,226.68,-93.44
1.2466025352478027,2,157,-92,0,0,0.03150000000000001,-0.022500000000000003,226.68,-93.44
1.2576096057891846,2,157,-92,5,0,0.027,-0.027,226.68,-93.44
1.267874002456665,2,157,-92,0,0,0.0135,-0.022500000000000003,226.68,-93.44
1.2789740562438965,2,157,-92,0,0,0.0135,-0.027,226.68,-93.44
1.2901349067687988,2,157,-92,0,0,0.0135,-0.027,226.68,-93.44
1.3011293411254883,2,157,-92,0,0,0.018000000000000002,-0.022500000000000003,226.68,-93.44
1.3121299743652344,2,157,-92,0,0,0.018000000000000002,-0.027,226.68,-93.44
1.3231866359710693,2,157,-92,0,0,0.018000000000000002,-0.022500000000000003,226.68,-93.44
1.333508014678955,2,157,-92,-5,0,0.022500000000000003,-0.022500000000000003,226.68,-93.44
1.3445193767547607,2,157,-92,0,0,0.018000000000000002,-0.022500000000000003,226.68,-93.44
1.3554553985595703,2,157,-92,0,0,0.027,-0.036000000000000004,226.68,-93.44
1.3664822578430176,2,157,-92,0,0,0.022500000000000003,-0.027,226.68,-93.44
1.3768792152404785,2,157,-92,0,0,0.0135,-0.027,226.68,-93.44
1.3870518207550049,2,157,-92,0,0,0.0135,-0.027,226.68,-93.44
1.398050308227539,2,157,-92,0,0,0.0135,-0.03150000000000001,226.68,-93.44
1.409050464630127,2,157,-92,0,0,0.018000000000000002,-0.022500000000000003,226.68,-93.44
1.4196949005126953,2,157,-92,0,0,0.018000000000000002,-0.027,226.68,-93.44
1.4307823181152344,2,157,-92,0,0,0.022500000000000003,-0.027,226.68,-93.44
1.4410197734832764,2,157,-92,0,0,0.009000000000000001,-0.027,226.68,-93.44
1.4511566162109375,2,157,-92,0,0,0.0135,-0.027,226.68,-93.44
1.4621567726135254,2,157,-92,-5,0,0.018000000000000002,-0.027,226.68,-93.44
1.4731571674346924,2,157,-92,0,0,0.022500000000000003,-0.027,226.68,-93.44
1.4841642379760742,2,157,-92,0,0,0.0135,-0.03150000000000001,226.68,-93.44
1.494563102722168,2,157,-92,0,0,0.009000000000000001,-0.027,226.68,-93.44
1.505436658859253,2,157,-92,0,0,0.0135,-0.03150000000000001,226.68,-93.44
1.5164551734924316,2,157,-92,0,0,0.009000000000000001,-0.027,226.68,-93.44
1.526580810546875,2,157,-92,0,0,0.0135,-0.022500000000000003,226.68,-93.44
1.537358283996582,2,157,-92,0,0,0.0135,-0.027,226.68,-93.44
1.5477299690246582,2,157,-92,0,0,0.0135,-0.03150000000000001,226.68,-93.44
1.5588831901550293,2,157,-92,0,0,0.0135,-0.03150000000000001,226.68,-93.44
1.5698559284210205,2,157,-92,0,0,0.009000000000000001,-0.03150000000000001,226.68,-93.44
1.5808110237121582,2,157,-92,0,0,0.009000000000000001,-0.03150000000000001,226.68,-93.44
1.5918545722961426,2,157,-92,0,0,0.0135,-0.027,226.68,-93.44
1.6028525829315186,2,157,-92,0,0,0.0045000000000000005,-0.03150000000000001,226.68,-93.44
1.6138198375701904,2,157,-92,0,0,0.018000000000000002,-0.027,226.68,-93.44
1.6249339580535889,2,157,-92,0,0,0.0135,-0.027,226.68,-93.44
1.636000394821167,2,157,-92,0,0,0.009000000000000001,-0.027,226.68,-93.44
1.6469972133636475,2,157,-92,0,0,0.0045000000000000005,-0.027,226.68,-93.44
1.6579983234405518,2,157,-92,0,0,0.009000000000000001,-0.03150000000000001,226.68,-93.44
1.668999433517456,2,157,-92,0,0,0.0135,-0.03150000000000001,226.68,-93.44
1.679999828338623,2,157,-92,0,0,0.0135,-0.03150000000000001,226.68,-93.44
1.691145896911621,2,157,-92,0,0,0.018000000000000002,-0.027,226.68,-93.44
1.702164649963379,2,157,-92,0,0,0.009000000000000001,-0.03150000000000001,226.68,-93.44
1.7131500244140625,2,157,-92,0,0,-0.0,-0.036000000000000004,226.68,-93.44
1.724144458770752,2,157,-92,0,0,0.0045000000000000005,-0.03150000000000001,226.68,-93.44
1.735138177871704,2,157,-92,0,0,0.0135,-0.027,226.68,-93.44
1.746088981628418,2,157,-92,0,0,0.009000000000000001,-0.027,226.68,-93.44
1.7570898532867432,2,157,-92,0,0,0.0135,-0.03150000000000001,226.68,-93.44
1.7680919170379639,2,157,-92,0,0,0.0135,-0.027,226.68,-93.44
1.7783863544464111,2,157,-92,0,0,0.0045000000000000005,-0.027,226.68,-93.44
1.789405107498169,2,157,-92,0,0,0.0045000000000000005,-0.03150000000000001,226.68,-93.44
1.800405502319336,2,157,-92,0,0,0.0045000000000000005,-0.03150000000000001,226.68,-93.44
1.8105511665344238,2,157,-92,0,0,0.009000000000000001,-0.0405,226.68,-93.44
1.8206815719604492,2,157,-92,0,0,0.009000000000000001,-0.03150000000000001,226.68,-93.44
1.831716775894165,2,157,-92,0,0,0.0135,-0.03150000000000001,226.68,-93.44
1.8422679901123047,2,157,-92,0,0,0.009000000000000001,-0.03150000000000001,226.68,-93.44
1.8532514572143555,2,157,-92,0,0,0.009000000000000001,-0.03150000000000001,226.68,-93.44
1.8638131618499756,2,157,-92,0,0,0.009000000000000001,-0.03150000000000001,226.68,-93.44
1.8748219013214111,2,157,-92,0,0,0.009000000000000001,-0.03150000000000001,226.68,-93.44
1.885812759399414,2,157,-92,0,0,0.009000000000000001,-0.027,226.68,-93.44
1.896812915802002,2,157,-92,0,0,0.0135,-0.027,226.68,-93.44
1.907813549041748,2,157,-92,0,0,0.009000000000000001,-0.036000000000000004,226.68,-93.44
1.9188170433044434,2,157,-92,0,0,0.009000000000000001,-0.027,226.68,-93.44
1.9290187358856201,2,157,-92,0,0,0.0135,-0.03150000000000001,226.68,-93.44
1.9393479824066162,2,157,-92,0,0,0.0135,-0.036000000000000004,226.68,-93.44
1.9502172470092773,2,157,-92,0,0,0.009000000000000001,-0.027,226.68,-93.44
1.9611034393310547,2,157,-92,0,0,0.0135,-0.03150000000000001,226.68,-93.44
1.9716012477874756,2,157,-92,0,0,0.0045000000000000005,-0.03150000000000001,226.68,-93.44
1.9827430248260498,2,157,-92,0,0,-0.0,-0.03150000000000001,226.68,-93.44
1.992910385131836,2,157,-92,0,0,-0.0,-0.03150000000000001,226.68,-93.44
2.0030734539031982,2,157,-92,0,0,0.0135,-0.03150000000000001,226.68,-93.44
2.0140674114227295,2,157,-92,0,0,-0.0,-0.0405,226.68,-93.44
2.0249075889587402,2,157,-92,0,0,-0.0,-0.036000000000000004,226.68,-93.44
2.0351531505584717,2,157,-92,0,0,-0.0,-0.03150000000000001,226.68,-93.44
2.046191692352295,2,157,-92,0,0,0.0045000000000000005,-0.036000000000000004,226.68,-93.44
2.0562753677368164,2,157,-92,0,0,-0.0,-0.03150000000000001,226.68,-93.44
2.066664695739746,2,157,-92,0,0,-0.0,-0.0405,226.68,-93.44
2.0776872634887695,2,157,-92,0,0,-0.0,-0.036000000000000004,226.68,-93.44
2.088179111480713,2,157,-92,0,0,-0.0,-0.036000000000000004,226.68,-93.44
2.099187135696411,2,157,-92,0,0,-0.0,-0.036000000000000004,226.68,-93.44
2.110196590423584,2,157,-92,0,0,0.0045000000000000005,-0.027,226.68,-93.44
2.120455503463745,2,157,-92,0,0,0.009000000000000001,-0.027,226.68,-93.44
2.1306312084198,2,157,-92,0,0,0.009000000000000001,-0.027,226.68,-93.44
2.141631841659546,2,157,-92,0,0,-0.0,-0.036000000000000004,226.68,-93.44
2.1521494388580322,2,157,-92,0,0,0.009000000000000001,-0.03150000000000001,226.68,-93.44
2.1632723808288574,2,157,-92,0,0,0.009000000000000001,-0.036000000000000004,226.68,-93.44
2.17425274848938,2,157,-92,0,0,0.0045000000000000005,-0.027,226.68,-93.44
2.1852545738220215,2,157,-92,0,0,-0.0,-0.0405,226.68,-93.44
2.195523500442505,2,157,-92,0,0,0.0045000000000000005,-0.03150000000000001,226.68,-93.44
2.206418991088867,2,157,-92,0,0,0.009000000000000001,-0.0405,226.68,-93.44
2.217186450958252,2,157,-92,0,0,0.0045000000000000005,-0.03150000000000001,226.68,-93.44
2.2281923294067383,2,157,-92,0,0,0.009000000000000001,-0.03150000000000001,226.68,-93.44
2.2385973930358887,2,157,-92,0,0,0.0045000000000000005,-0.027,226.68,-93.44
2.2487030029296875,2,157,-92,0,0,0.0045000000000000005,-0.03150000000000001,226.68,-93.44
2.25964617729187,2,157,-92,0,0,-0.0,-0.036000000000000004,226.68,-93.44
2.269801616668701,2,157,-92,0,0,0.009000000000000001,-0.036000000000000004,226.68,-93.44
2.2799394130706787,2,157,-92,0,0,-0.0,-0.036000000000000004,226.68,-93.44
2.290987014770508,2,157,-92,0,0,0.0045000000000000005,-0.03150000000000001,226.68,-93.44
2.3019392490386963,2,157,-92,0,0,-0.0,-0.036000000000000004,226.68,-93.44
2.3129396438598633,2,157,-92,0,0,-0.0,-0.03150000000000001,226.68,-93.44
2.323688507080078,2,157,-92,0,0,-0.0,-0.03150000000000001,226.68,-93.44
2.3347151279449463,2,157,-92,0,0,0.0045000000000000005,-0.0405,226.68,-93.44
2.3457090854644775,2,157,-92,0,0,-0.0,-0.036000000000000004,226.68,-93.44
2.3567066192626953,2,157,-92,0,0,0.0045000000000000005,-0.03150000000000001,226.68,-93.44
2.367710590362549,2,157,-92,0,0,-0.0045000000000000005,-0.036000000000000004,226.68,-93.44
2.3787171840667725,2,157,-92,0,0,-0.0,-0.03150000000000001,226.68,-93.44
2.3897058963775635,2,157,-92,0,0,0.009000000000000001,-0.03150000000000001,226.68,-93.44
2.4007070064544678,2,157,-92,0,0,-0.0,-0.0405,226.68,-93.44
2.4117050170898438,2,157,-92,0,0,-0.0,-0.03150000000000001,226.68,-93.44
2.42270827293396,2,157,-92,0,0,-0.0,-0.036000000000000004,226.68,-93.44
2.433382511138916,2,157,-92,0,0,-0.0,-0.03150000000000001,226.68,-93.44
2.4443836212158203,2,157,-92,0,0,-0.0,-0.036000000000000004,226.68,-93.44
2.455383539199829,2,157,-92,0,0,0.0045000000000000005,-0.03150000000000001,226.68,-93.44
2.466383934020996,2,157,-92,0,0,-0.0045000000000000005,-0.03150000000000001,226.68,-93.44
2.476898193359375,2,157,-92,0,0,-0.0,-0.036000000000000004,226.68,-93.44
2.487020492553711,2,157,-92,0,0,-0.0,-0.027,226.68,-93.44
2.4971706867218018,2,157,-92,0,0,-0.0,-0.03150000000000001,226.68,-93.44
2.507693290710449,2,157,-92,0,0,-0.0,-0.03150000000000001,226.68,-93.44
2.518692970275879,2,157,-92,0,0,-0.0,-0.027,226.68,-93.44
0.011002302169799805,3,157,-92,0,0,-0.0,-0.0045000000000000005,157.75,-92.08
0.021999359130859375,3,157,-92,0,0,0.0045000000000000005,0.0,157.75,-92.08
0.03300023078918457,3,157,-92,0,0,-0.0045000000000000005,0.0,157.75,-92.08
0.04399895668029785,3,157,-92,0,0,-0.0,0.0,157.75,-92.08
0.054999589920043945,3,157,-92,0,0,-0.0,0.0,157.75,-92.08
0.06599712371826172,3,157,-92,0,0,-0.0,-0.0045000000000000005,157.75,-92.08
0.07699728012084961,3,157,-92,0,0,-0.0,-0.0045000000000000005,157.75,-92.08
0.0879979133605957,3,157,-92,0,0,-0.0,0.0045000000000000005,157.75,-92.08
0.09901213645935059,3,157,-92,0,0,-0.0,0.0,157.75,-92.08
0.11001205444335938,3,157,-92,0,0,-0.0045000000000000005,0.0,157.75,-92.08
0.12100720405578613,3,157,-92,0,0,-0.0,-0.0045000000000000005,157.75,-92.08
0.13149309158325195,3,157,-92,0,0,-0.0,0.0,157.75,-92.08
0.1418159008026123,3,157,-92,0,0,-0.0,0.0045000000000000005,157.75,-92.08
0.15226435661315918,3,157,-92,0,0,-0.0045000000000000005,0.0,157.75,-92.08
0.16253352165222168,3,157,-92,0,0,0.0045000000000000005,0.0,157.75,-92.08
0.17278337478637695,3,157,-92,0,0,-0.0,-0.0045000000000000005,157.75,-92.08
0.1830120086669922,3,157,-92,0,0,-0.0,-0.0045000000000000005,157.75,-92.08
0.19350385665893555,3,157,-92,0,0,-0.0045000000000000005,0.0,157.75,-92.08
0.20373177528381348,3,157,-92,0,0,-0.0045000000000000005,0.0045000000000000005,157.75,-92.08
0.21424078941345215,3,157,-92,0,0,-0.0,0.0,157.75,-92.08
0.22447752952575684,3,157,-92,0,0,-0.0,0.0,157.75,-92.08
0.23485279083251953,3,157,-92,0,0,0.0045000000000000005,-0.0045000000000000005,157.75,-92.08
0.24535584449768066,3,157,-92,0,0,-0.0,0.0,157.75,-92.08
0.25580358505249023,3,157,-92,0,0,-0.0,0.0,157.75,-92.08
0.2667121887207031,3,157,-92,0,0,-0.0,0.0,157.75,-92.08
0.2777113914489746,3,157,-92,0,0,-0.0,0.0,157.75,-92.08
0.2887115478515625,3,157,-92,0,0,-0.0045000000000000005,-0.009000000000000001,157.75,-92.08
0.2997114658355713,3,157,-92,0,0,-0.0,0.0,157.75,-92.08
0.31071043014526367,3,157,-92,0,0,0.0045000000000000005,0.0,157.75,-92.08
0.32171082496643066,3,157,-92,0,0,-0.0,0.0,157.75,-92.08
0.33271217346191406,3,157,-92,0,0,0.009000000000000001,0.0,157.75,-92.08
0.34371161460876465,3,157,-92,0,0,0.0045000000000000005,0.0,157.75,-92.08
0.3547177314758301,3,157,-92,0,0,-0.0,0.0,157.75,-92.08
0.3657846450805664,3,157,-92,0,0,0.0045000000000000005,0.0,157.75,-92.08
0.3761293888092041,3,157,-92,0,0,-0.0,0.0,157.75,-92.08
0.3869764804840088,3,157,-92,0,0,-0.0,0.0,157.75,-92.08
0.3971250057220459,3,157,-92,0,0,-0.0,0.0,157.75,-92.08
0.4082002639770508,3,157,-92,0,0,-0.0,-0.0045000000000000005,157.75,-92.08
0.4189436435699463,3,157,-92,0,0,0.009000000000000001,0.0,157.75,-92.08
0.4293043613433838,3,157,-92,0,0,0.009000000000000001,0.0045000000000000005,157.75,-92.08
0.43950939178466797,3,157,-92,0,0,-0.0,0.0,157.75,-92.08
0.4504845142364502,3,157,-92,0,0,-0.0,0.0,157.75,-92.08
0.46155261993408203,3,157,-92,0,0,-0.0,0.0,157.75,-92.08
0.47255778312683105,3,157,-92,0,0,0.0045000000000000005,0.0,157.75,-92.08
0.4835183620452881,3,157,-92,0,0,-0.0,0.0,157.75,-92.08
0.4945528507232666,3,157,-92,0,0,-0.0,0.0,157.75,-92.08
0.5051159858703613,3,157,-92,0,0,-0.0,0.0,157.75,-92.08
0.5161600112915039,3,157,-92,0,0,0.0045000000000000005,0.0,157.75,-92.08
0.5271749496459961,3,157,-92,0,0,-0.1125,-0.25650000000000006,157.75,-92.08
0.5381593704223633,3,157,-92,-5,-16,-0.47700000000000004,-0.5085000000000001,157.75,-92.08
0.5491430759429932,3,157,-92,-43,-43,-0.81,-0.8190000000000001,157.75,-92.08
0.5597310066223145,3,156,-93,-82,-87,-1.0845,-1.0935000000000001,157.75,-92.08
0.570732831954956,3,155,-94,-120,-126,-1.1295000000000002,-1.0935000000000001,157.75,-92.08
0.5817203521728516,3,154,-96,-153,-170,-1.1925,-1.1115000000000002,157.75,-92.08
0.5927183628082275,3,152,-98,-186,-192,-1.1655,-1.0215,157.75,-92.08
0.6037814617156982,3,149,-100,-225,-236,-0.9540000000000001,-0.9450000000000001,157.75,-92.08
0.6147828102111816,3,147,-103,-274,-252,-0.8280000000000001,-0.765,157.75,-92.08
0.6257834434509277,3,143,-106,-302,-269,-0.6075,-0.6930000000000001,157.75,-92.08
0.6367840766906738,3,140,-109,-318,-285,-0.3375,-0.45,157.75,-92.08
0.6477813720703125,3,136,-112,-329,-291,-0.12150000000000001,-0.333,157.75,-92.08
0.6587810516357422,3,133,-115,-340,-285,0.018000000000000002,-0.17550000000000002,157.75,-92.08
0.6698474884033203,3,129,-118,-318,-291,0.342,-0.0585,157.75,-92.08
0.6808488368988037,3,126,-122,-307,-285,0.5265,0.022500000000000003,157.75,-92.08
0.6918478012084961,3,122,-125,-280,-274,0.5895,0.20700000000000002,157.75,-92.08
0.7028470039367676,3,119,-127,-252,-263,0.6345,0.2745,157.75,-92.08
0.713815450668335,3,117,-130,-225,-236,0.6165,0.3195,157.75,-92.08
0.7248086929321289,3,115,-133,-192,-225,0.7425,0.36450000000000005,157.75,-92.08
0.7358088493347168,3,113,-135,-148,-214,0.918,0.333,157.75,-92.08
0.7468090057373047,3,111,-138,-104,-203,1.0575,0.36450000000000005,157.75,-92.08
0.7578091621398926,3,111,-140,-38,-203,1.1835,0.35550000000000004,157.75,-92.08
0.7688038349151611,3,110,-142,10,-192,1.098,0.37350000000000005,157.75,-92.08
0.7798094749450684,3,111,-144,54,-192,0.8460000000000001,0.30150000000000005,157.75,-92.08
0.7900307178497314,3,112,-146,82,-170,0.6435,0.225,157.75,-92.08
0.8001511096954346,3,113,-148,104,-159,0.441,0.15300000000000002,157.75,-92.08
0.8103291988372803,3,113,-148,104,-159,0.441,0.15300000000000002,157.75,-92.08
0.8213493824005127,3,114,-150,115,-148,0.1935,0.054,157.75,-92.08
0.8323438167572021,3,115,-151,115,-142,0.054,-0.0135,157.75,-92.08
0.8428962230682373,3,117,-153,104,-142,-0.108,-0.162,157.75,-92.08
0.8541250228881836,3,118,-154,93,-142,-0.28350000000000003,-0.2745,157.75,-92.08
0.8648066520690918,3,119,-156,65,-153,-0.333,-0.3375,157.75,-92.08
0.8750269412994385,3,119,-158,32,-153,-0.3375,-0.41850000000000004,157.75,-92.08
0.8854310512542725,3,119,-160,5,-170,-0.31050000000000005,-0.42300000000000004,157.75,-92.08
0.8955771923065186,3,119,-162,-16,-186,-0.216,-0.41400000000000003,157.75,-92.08
0.9057378768920898,3,119,-164,-32,-203,-0.14400000000000002,-0.441,157.75,-92.08
0.9167842864990234,3,119,-166,-38,-219,-0.0585,-0.342,157.75,-92.08
0.9278345108032227,3,118,-169,-43,-225,-0.0135,-0.2745,157.75,-92.08
0.9380438327789307,3,118,-171,-49,-230,0.07650000000000001,-0.261,157.75,-92.08
0.9483063220977783,3,117,-174,-38,-241,0.18000000000000002,-0.1665,157.75,-92.08
0.9590966701507568,3,117,-176,-27,-236,0.20700000000000002,-0.099,157.75,-92.08
0.9696123600006104,3,117,-179,-16,-236,0.21150000000000002,-0.0405,157.75,-92.08
0.9805681705474854,3,116,-182,-10,-241,0.1935,0.0,157.75,-92.08
0.9911673069000244,3,116,-184,5,-236,0.18450000000000003,0.045000000000000005,157.75,-92.08
1.0022125244140625,3,117,-187,16,-208,0.12600000000000003,0.10350000000000001,157.75,-92.08
1.0130562782287598,3,117,-189,5,-208,0.099,0.0945,157.75,-92.08
1.0235354900360107,3,117,-189,16,-208,0.07650000000000001,0.0945,157.75,-92.08
1.0345356464385986,3,117,-192,16,-203,0.07650000000000001,0.07650000000000001,157.75,-92.08
1.0455353260040283,3,117,-194,16,-197,0.054,0.0585,157.75,-92.08
1.0565202236175537,3,117,-196,16,-192,0.054,0.036000000000000004,157.75,-92.08
1.0675203800201416,3,117,-198,0,-170,0.054,-0.018000000000000002,157.75,-92.08
1.0785210132598877,3,117,-200,0,-175,0.06300000000000001,-0.0675,157.75,-92.08
1.089522361755371,3,117,-202,0,-170,0.0675,-0.17550000000000002,157.75,-92.08
1.100221872329712,3,117,-203,0,-175,0.0945,-0.1665,157.75,-92.08
1.1110649108886719,3,117,-205,0,-186,0.0945,-0.21150000000000002,157.75,-92.08
1.121628999710083,3,117,-208,0,-192,0.10350000000000001,-0.1665,157.75,-92.08
1.131800651550293,3,117,-210,0,-192,0.0945,-0.189,157.75,-92.08
1.1426711082458496,3,117,-212,0,-208,0.0945,-0.1305,157.75,-92.08
1.1533186435699463,3,117,-214,0,-214,0.0855,-0.10350000000000001,157.75,-92.08
1.164330005645752,3,117,-217,0,-197,0.0855,0.10350000000000001,157.75,-92.08
1.1753103733062744,3,117,-219,0,-170,0.0945,0.49950000000000006,157.75,-92.08
1.1858177185058594,3,117,-220,0,-120,0.0945,0.7065,157.75,-92.08
1.1966264247894287,3,117,-221,0,-49,0.0945,0.7155,157.75,-92.08
1.2076663970947266,3,117,-221,0,0,0.099,0.5805,157.75,-92.08
1.218196153640747,3,117,-221,0,49,0.0945,0.41400000000000003,157.75,-92.08
1.2283334732055664,3,117,-221,0,65,0.09000000000000001,0.24750000000000003,157.75,-92.08
1.23934006690979,3,117,-220,10,71,0.09000000000000001,0.117,157.75,-92.08
1.2495338916778564,3,117,-219,0,71,0.0855,0.03150000000000001,157.75,-92.08
1.2606720924377441,3,117,-218,5,65,0.081,-0.054,157.75,-92.08
1.2716660499572754,3,117,-217,0,49,0.07650000000000001,-0.135,157.75,-92.08
1.2826659679412842,3,117,-217,0,27,0.0855,-0.14400000000000002,157.75,-92.08
1.2936677932739258,3,117,-217,0,10,0.0855,-0.12150000000000001,157.75,-92.08
1.3046658039093018,3,117,-217,0,0,0.0855,-0.09000000000000001,157.75,-92.08
1.3155148029327393,3,117,-217,0,-16,0.081,-0.0405,157.75,-92.08
1.3257789611816406,3,117,-217,0,-21,0.09000000000000001,0.0,157.75,-92.08
1.3358721733093262,3,117,-217,0,-5,0.0945,0.0135,157.75,-92.08
1.3468515872955322,3,117,-217,0,-16,0.0855,0.022500000000000003,157.75,-92.08
1.3574495315551758,3,117,-217,0,0,0.09000000000000001,0.018000000000000002,157.75,-92.08
1.3684558868408203,3,117,-217,0,0,0.0855,0.0045000000000000005,157.75,-92.08
1.3787612915039062,3,117,-217,0,5,0.0945,-0.009000000000000001,157.75,-92.08
1.3890597820281982,3,117,-217,0,5,0.0945,-0.009000000000000001,157.75,-92.08
1.4001669883728027,3,117,-217,0,0,0.09000000000000001,-0.0135,157.75,-92.08
1.4106354713439941,3,117,-217,0,0,0.09000000000000001,-0.009000000000000001,157.75,-92.08
1.4216415882110596,3,117,-217,5,0,0.09000000000000001,0.0,157.75,-92.08
1.4319005012512207,3,117,-217,0,0,0.09000000000000001,0.0045000000000000005,157.75,-92.08
1.4421970844268799,3,117,-217,0,0,0.09000000000000001,0.0,157.75,-92.08
1.4531550407409668,3,117,-217,-5,0,0.10350000000000001,0.0,157.75,-92.08
1.4642853736877441,3,117,-217,0,0,0.099,0.0,157.75,-92.08
1.475245475769043,3,117,-217,0,0,0.0945,0.0,157.75,-92.08
1.4862933158874512,3,117,-217,0,0,0.0945,0.0,157.75,-92.08
1.4966323375701904,3,117,-217,0,0,0.0945,0.0,157.75,-92.08
1.507399320602417,3,117,-217,0,0,0.0945,0.0,157.75,-92.08
1.5177788734436035,3,117,-217,0,0,0.09000000000000001,0.0,157.75,-92.08
1.5287737846374512,3,117,-217,0,0,0.099,0.0045000000000000005,157.75,-92.08
1.539771556854248,3,117,-217,0,0,0.0945,0.0,157.75,-92.08
1.5507633686065674,3,117,-217,0,0,0.0945,0.0,157.75,-92.08
1.5617711544036865,3,117,-217,0,0,0.0945,0.0045000000000000005,157.75,-92.08
1.5727508068084717,3,117,-217,0,0,0.099,0.0045000000000000005,157.75,-92.08
1.5829451084136963,3,117,-217,0,0,0.0945,0.0045000000000000005,157.75,-92.08
1.5940213203430176,3,117,-217,0,0,0.099,0.009000000000000001,157.75,-92.08
1.6049635410308838,3,117,-217,0,0,0.099,0.0045000000000000005,157.75,-92.08
1.6159143447875977,3,117,-217,0,0,0.099,0.0045000000000000005,157.75,-92.08
1.6268932819366455,3,117,-217,0,0,0.099,0.0045000000000000005,157.75,-92.08
1.637894868850708,3,117,-217,0,0,0.099,0.0045000000000000005,157.75,-92.08
1.6488935947418213,3,117,-217,0,0,0.099,0.0,157.75,-92.08
1.6599187850952148,3,117,-217,0,0,0.108,0.0045000000000000005,157.75,-92.08
1.670666217803955,3,117,-217,0,0,0.10350000000000001,0.009000000000000001,157.75,-92.08
1.6816654205322266,3,117,-217,0,0,0.099,0.009000000000000001,157.75,-92.08
1.692667007446289,3,117,-217,0,0,0.099,0.009000000000000001,157.75,-92.08
1.7036676406860352,3,117,-217,0,0,0.0945,0.009000000000000001,157.75,-92.08
1.7146670818328857,3,117,-217,0,0,0.099,0.009000000000000001,157.75,-92.08
1.7256927490234375,3,117,-217,0,0,0.099,0.009000000000000001,157.75,-92.08
1.736696720123291,3,117,-217,0,0,0.10350000000000001,0.009000000000000001,157.75,-92.08
1.7476263046264648,3,117,-217,0,0,0.099,0.0135,157.75,-92.08
1.7576971054077148,3,117,-217,0,0,0.10350000000000001,0.009000000000000001,157.75,-92.08
1.768690586090088,3,117,-217,0,0,0.10350000000000001,0.009000000000000001,157.75,-92.08
1.7796590328216553,3,117,-217,0,0,0.099,0.009000000000000001,157.75,-92.08
1.7906827926635742,3,117,-217,0,0,0.10350000000000001,0.009000000000000001,157.75,-92.08
1.801682472229004,3,117,-217,0,0,0.099,0.0135,157.75,-92.08
1.8126730918884277,3,117,-217,0,0,0.099,0.0135,157.75,-92.08
1.8236889839172363,3,117,-217,0,0,0.108,0.0135,157.75,-92.08
1.8338382244110107,3,117,-217,0,0,0.10350000000000001,0.0135,157.75,-92.08
1.8442039489746094,3,117,-217,0,0,0.0945,0.018000000000000002,157.75,-92.08
1.8547439575195312,3,117,-217,0,0,0.108,0.0135,157.75,-92.08
1.865825891494751,3,117,-217,0,0,0.108,0.022500000000000003,157.75,-92.08
1.8769724369049072,3,117,-217,0,0,0.10350000000000001,0.0135,157.75,-92.08
1.887423038482666,3,117,-217,0,0,0.10350000000000001,0.022500000000000003,157.75,-92.08
1.8983745574951172,3,117,-217,0,0,0.108,0.018000000000000002,157.75,-92.08
1.9092912673950195,3,117,-217,0,0,0.10350000000000001,0.018000000000000002,157.75,-92.08
1.9200823307037354,3,117,-217,0,0,0.1125,0.018000000000000002,157.75,-92.08
1.9310407638549805,3,117,-217,0,0,0.108,0.018000000000000002,157.75,-92.08
1.941474199295044,3,117,-217,0,0,0.10350000000000001,0.018000000000000002,157.75,-92.08
1.952427864074707,3,117,-217,0,0,0.10350000000000001,0.022500000000000003,157.75,-92.08
1.9627659320831299,3,117,-217,0,0,0.108,0.022500000000000003,157.75,-92.08
1.9739294052124023,3,117,-217,0,0,0.10350000000000001,0.022500000000000003,157.75,-92.08
1.9849095344543457,3,117,-217,0,0,0.1125,0.018000000000000002,157.75,-92.08
1.9954702854156494,3,117,-217,0,0,0.108,0.022500000000000003,157.75,-92.08
2.006478786468506,3,117,-217,0,0,0.10350000000000001,0.022500000000000003,157.75,-92.08
2.0174708366394043,3,117,-217,5,0,0.0945,0.022500000000000003,157.75,-92.08
2.028069496154785,3,117,-217,0,0,0.099,0.022500000000000003,157.75,-92.08
2.0390660762786865,3,117,-217,0,0,0.10350000000000001,0.027,157.75,-92.08
2.0501439571380615,3,117,-217,0,0,0.10350000000000001,0.03150000000000001,157.75,-92.08
2.060450315475464,3,117,-217,0,0,0.108,0.03150000000000001,157.75,-92.08
2.0706090927124023,3,117,-217,0,0,0.108,0.027,157.75,-92.08
2.0815954208374023,3,117,-217,0,0,0.10350000000000001,0.027,157.75,-92.08
2.0918824672698975,3,117,-217,0,0,0.10350000000000001,0.03150000000000001,157.75,-92.08
2.103015661239624,3,117,-217,0,0,0.1125,0.027,157.75,-92.08
2.1139450073242188,3,117,-217,5,0,0.1125,0.027,157.75,-92.08
2.1248719692230225,3,117,-217,0,0,0.10350000000000001,0.022500000000000003,157.75,-92.08
2.1358752250671387,3,117,-217,0,0,0.10350000000000001,0.027,157.75,-92.08
2.1469314098358154,3,117,-217,0,0,0.10350000000000001,0.027,157.75,-92.08
2.1579062938690186,3,117,-217,0,0,0.1125,0.03150000000000001,157.75,-92.08
2.168712854385376,3,117,-217,0,0,0.10350000000000001,0.027,157.75,-92.08
2.1788558959960938,3,117,-217,0,0,0.1125,0.027,157.75,-92.08
2.189086437225342,3,117,-217,0,0,0.108,0.03150000000000001,157.75,-92.08
2.200115442276001,3,117,-217,0,0,0.1125,0.022500000000000003,157.75,-92.08
2.2102670669555664,3,117,-217,0,0,0.117,0.036000000000000004,157.75,-92.08
2.2212154865264893,3,117,-217,0,0,0.10350000000000001,0.036000000000000004,157.75,-92.08
2.232163429260254,3,117,-217,0,0,0.108,0.03150000000000001,157.75,-92.08
2.243163585662842,3,117,-217,0,0,0.099,0.036000000000000004,157.75,-92.08
2.254157543182373,3,117,-217,0,0,0.10350000000000001,0.03150000000000001,157.75,-92.08
2.264296770095825,3,117,-217,0,0,0.108,0.0405,157.75,-92.08
2.2752699851989746,3,117,-217,0,0,0.108,0.03150000000000001,157.75,-92.08
2.2862703800201416,3,117,-217,0,0,0.108,0.03150000000000001,157.75,-92.08
2.297274589538574,3,117,-217,0,0,0.1125,0.03150000000000001,157.75,-92.08
2.308267593383789,3,117,-217,0,0,0.108,0.0405,157.75,-92.08
2.319267749786377,3,117,-217,0,0,0.108,0.036000000000000004,157.75,-92.08
2.3302974700927734,3,117,-217,0,0,0.10350000000000001,0.036000000000000004,157.75,-92.08
2.3412678241729736,3,117,-217,0,0,0.108,0.03150000000000001,157.75,-92.08
2.352268934249878,3,117,-217,0,0,0.108,0.045000000000000005,157.75,-92.08
2.3632686138153076,3,117,-217,0,0,0.10350000000000001,0.036000000000000004,157.75,-92.08
2.3742690086364746,3,117,-217,0,0,0.10350000000000001,0.0405,157.75,-92.08
2.384652614593506,3,117,-217,0,0,0.108,0.0405,157.75,-92.08
2.395190715789795,3,117,-217,0,0,0.10350000000000001,0.0405,157.75,-92.08
2.4055774211883545,3,117,-217,0,0,0.108,0.0405,157.75,-92.08
2.415954351425171,3,117,-217,0,0,0.1125,0.036000000000000004,157.75,-92.08
2.426025867462158,3,117,-217,0,0,0.1125,0.0405,157.75,-92.08
2.436499834060669,3,117,-217,0,0,0.1125,0.0405,157.75,-92.08
2.4470303058624268,3,117,-217,0,0,0.108,0.0405,157.75,-92.08
2.457442283630371,3,117,-217,0,0,0.108,0.036000000000000004,157.75,-92.08
2.46789288520813,3,117,-217,0,0,0.108,0.0405,157.75,-92.08
2.4782965183258057,3,117,-217,0,0,0.1125,0.0405,157.75,-92.08
2.4886860847473145,3,117,-217,0,0,0.108,0.0405,157.75,-92.08
2.49892258644104,3,117,-217,0,0,0.108,0.0405,157.75,-92.08
2.5094897747039795,3,117,-217,0,0,0.108,0.045000000000000005,157.75,-92.08
2.5203747749328613,3,117,-217,0,0,0.099,0.0405,157.75,-92.08
0.010319232940673828,4,117,-217,0,0,0.10350000000000001,0.045000000000000005,117.11,-198.33
0.08739399909973145,4,117,-217,-16,16,-0.0,0.0,117.11,-198.33
0.09798955917358398,4,117,-217,-16,0,-0.0,0.0,117.11,-198.33
0.10828280448913574,4,117,-217,0,0,-0.0,0.0,117.11,-198.33
0.11875534057617188,4,117,-217,0,0,-0.0,0.0,117.11,-198.33
0.12935757637023926,4,117,-217,0,0,-0.0,0.0,117.11,-198.33
0.1395587921142578,4,117,-217,5,0,-0.0,0.0,117.11,-198.33
0.15031027793884277,4,117,-217,10,0,-0.0,0.0,117.11,-198.33
0.16093206405639648,4,117,-217,0,0,-0.0,0.0,117.11,-198.33
0.17112183570861816,4,117,-217,0,0,-0.0,0.0,117.11,-198.33
0.1814272403717041,4,117,-217,0,0,-0.0,0.0,117.11,-198.33
0.19177007675170898,4,117,-217,0,0,-0.0,0.0,117.11,-198.33
0.2028217315673828,4,117,-217,0,0,-0.0,0.0,117.11,-198.33
0.2138378620147705,4,117,-217,0,0,-0.0,0.0,117.11,-198.33
0.22483491897583008,4,117,-217,0,0,-0.0,0.0,117.11,-198.33
0.2357940673828125,4,117,-217,-5,0,-0.0,0.0,117.11,-198.33
0.24680876731872559,4,117,-217,0,0,-0.0,0.0,117.11,-198.33
0.2578408718109131,4,117,-217,0,0,-0.0,0.0,117.11,-198.33
0.26879453659057617,4,117,-217,5,0,-0.0,0.0,117.11,-198.33
0.27982020378112793,4,117,-217,5,0,-0.0,0.0,117.11,-198.33
0.29082155227661133,4,117,-217,10,0,-0.0,0.0,117.11,-198.33
0.3018202781677246,4,117,-217,0,0,-0.0,0.0,117.11,-198.33
0.3128232955932617,4,117,-217,0,0,-0.0,0.0,117.11,-198.33
0.3238224983215332,4,117,-217,0,0,-0.0,0.0,117.11,-198.33
0.3348417282104492,4,117,-217,0,0,-0.0,0.0,117.11,-198.33
0.3458402156829834,4,117,-217,0,0,-0.0,0.0,117.11,-198.33
0.3568425178527832,4,117,-217,0,0,-0.0,0.0,117.11,-198.33
0.3678412437438965,4,117,-217,0,0,-0.0,0.0,117.11,-198.33
0.3788423538208008,4,117,-217,0,0,-0.0,0.0,117.11,-198.33
0.38947033882141113,4,117,-217,0,0,-0.0,0.0,117.11,-198.33
0.4000990390777588,4,117,-217,0,0,-0.0,0.0,117.11,-198.33
0.41109800338745117,4,117,-217,0,0,-0.0,0.0,117.11,-198.33
0.42209935188293457,4,117,-217,0,0,-0.0,0.0,117.11,-198.33
0.43309807777404785,4,117,-217,0,0,-0.0,0.0,117.11,-198.33
0.4436614513397217,4,117,-217,0,0,-0.0,0.0,117.11,-198.33
0.45472192764282227,4,117,-217,0,0,-0.0,0.0,117.11,-198.33
0.46572160720825195,4,117,-217,0,0,-0.0,0.0,117.11,-198.33
0.4767022132873535,4,117,-217,0,0,-0.0,0.0045000000000000005,117.11,-198.33
0.48772096633911133,4,117,-217,0,0,-0.0,0.0,117.11,-198.33
0.4983046054840088,4,117,-217,0,0,-0.0,0.0,117.11,-198.33
0.5093410015106201,4,117,-217,0,0,0.0045000000000000005,0.0,117.11,-198.33
0.5213420391082764,4,117,-217,0,0,-0.0,0.0,117.11,-198.33
0.5323066711425781,4,117,-217,0,5,0.27,0.24300000000000002,117.11,-198.33
0.5433018207550049,4,117,-217,27,16,0.558,0.5085000000000001,117.11,-198.33
0.5543413162231445,4,118,-217,60,60,0.8055,0.792,117.11,-198.33
0.5653071403503418,4,119,-216,115,104,0.9720000000000001,0.9945,117.11,-198.33
0.5763411521911621,4,120,-215,164,148,0.936,0.9630000000000001,117.11,-198.33
0.5873417854309082,4,122,-213,208,203,0.8595,0.8684999999999999,117.11,-198.33
0.5982997417449951,4,125,-210,247,252,0.7065,0.6120000000000001,117.11,-198.33
0.6093425750732422,4,127,-207,263,291,0.5445,0.441,117.11,-198.33
0.6203408241271973,4,130,-204,280,296,0.15300000000000002,0.20700000000000002,117.11,-198.33
0.6313397884368896,4,133,-200,274,318,-0.10350000000000001,0.03150000000000001,117.11,-198.33
0.642341136932373,4,136,-197,219,313,-0.7065,-0.0405,117.11,-198.33
0.6533100605010986,4,138,-194,181,291,-1.0215,-0.25200000000000006,117.11,-198.33
0.6643385887145996,4,140,-191,126,252,-1.0845,-0.29250000000000004,117.11,-198.33
0.6753389835357666,4,141,-188,49,236,-1.0485,-0.28800000000000003,117.11,-198.33
0.6861159801483154,4,141,-186,0,197,-0.936,-0.279,117.11,-198.33
0.6971173286437988,4,141,-184,-54,186,-0.7380000000000001,-0.18450000000000003,117.11,-198.33
0.7081160545349121,4,140,-182,-82,170,-0.5040000000000001,-0.09000000000000001,117.11,-198.33
0.7191176414489746,4,139,-180,-98,153,-0.3375,-0.0135,117.11,-198.33
0.730118989944458,4,138,-178,-98,148,-0.14400000000000002,0.07650000000000001,117.11,-198.33
0.7411177158355713,4,137,-177,-98,142,-0.045000000000000005,0.23850000000000002,117.11,-198.33
0.7521538734436035,4,136,-175,-98,153,0.1125,0.31500000000000006,117.11,-198.33
0.7631826400756836,4,135,-173,-82,164,0.2745,0.36450000000000005,117.11,-198.33
0.7741823196411133,4,134,-172,-65,181,0.34650000000000003,0.387,117.11,-198.33
0.7851824760437012,4,133,-169,-43,186,0.378,0.36000000000000004,117.11,-198.33
0.7959914207458496,4,133,-167,-27,208,0.36450000000000005,0.31050000000000005,117.11,-198.33
0.8069987297058105,4,133,-165,-16,214,0.324,0.3285,117.11,-198.33
0.8180069923400879,4,133,-163,10,208,0.2745,0.261,117.11,-198.33
0.8289563655853271,4,133,-160,27,214,0.23850000000000002,0.27,117.11,-198.33
0.8399930000305176,4,133,-158,32,214,0.1665,0.21150000000000002,117.11,-198.33
0.8502242565155029,4,134,-156,32,219,0.12600000000000003,0.198,117.11,-198.33
0.8612539768218994,4,134,-153,27,225,0.09000000000000001,0.1305,117.11,-198.33
0.8722186088562012,4,134,-151,21,219,0.06300000000000001,0.0855,117.11,-198.33
0.882476806640625,4,134,-148,5,219,0.06300000000000001,0.0675,117.11,-198.33
0.8934915065765381,4,134,-146,10,214,0.045000000000000005,0.0495,117.11,-198.33
0.9044883251190186,4,135,-143,0,219,0.045000000000000005,0.027,117.11,-198.33
0.9146091938018799,4,135,-141,0,214,0.07200000000000001,0.022500000000000003,117.11,-198.33
0.9247429370880127,4,134,-139,-5,197,0.09000000000000001,0.022500000000000003,117.11,-198.33
0.9357399940490723,4,134,-139,0,197,0.1125,0.022500000000000003,117.11,-198.33
0.9468605518341064,4,134,-134,-10,186,0.12150000000000001,-0.27,117.11,-198.33
0.9570069313049316,4,134,-134,0,186,0.09000000000000001,-0.27,117.11,-198.33
0.9674694538116455,4,134,-132,0,153,0.09000000000000001,-0.49500000000000005,117.11,-198.33
0.9784555435180664,4,134,-131,21,109,0.0675,-0.756,117.11,-198.33
0.9896080493927002,4,135,-130,21,60,0.0135,-0.7965,117.11,-198.33
0.999737024307251,4,135,-130,27,16,-0.0405,-0.7155,117.11,-198.33
1.0100173950195312,4,135,-130,27,-32,-0.07650000000000001,-0.5985,117.11,-198.33
1.0210237503051758,4,135,-130,10,-49,-0.1125,-0.459,117.11,-198.33
1.031423568725586,4,135,-131,0,-65,-0.12150000000000001,-0.31500000000000006,117.11,-198.33
1.0421812534332275,4,136,-132,0,-76,-0.0945,-0.189,117.11,-198.33
1.052973747253418,4,135,-132,-16,-76,-0.081,-0.0855,117.11,-198.33
1.0631682872772217,4,135,-133,-21,-71,-0.03150000000000001,-0.0045000000000000005,117.11,-198.33
1.073296070098877,4,135,-134,-27,-60,0.009000000000000001,0.09000000000000001,117.11,-198.33
1.0843009948730469,4,135,-135,-21,-49,0.07200000000000001,0.171,117.11,-198.33
1.095130205154419,4,134,-135,-21,-32,0.12600000000000003,0.18000000000000002,117.11,-198.33
1.1054787635803223,4,134,-135,-16,-16,0.15300000000000002,0.189,117.11,-198.33
1.1164932250976562,4,134,-135,-16,-10,0.1665,0.18000000000000002,117.11,-198.33
1.126847743988037,4,134,-135,-5,0,0.15750000000000003,0.162,117.11,-198.33
1.1376292705535889,4,134,-135,0,5,0.14400000000000002,0.117,117.11,-198.33
1.1478521823883057,4,134,-135,10,16,0.1395,0.108,117.11,-198.33
1.158128023147583,4,134,-135,21,10,0.081,0.0945,117.11,-198.33
1.1690926551818848,4,134,-135,5,16,0.07650000000000001,0.07650000000000001,117.11,-198.33
1.1801276206970215,4,134,-135,16,10,0.0585,0.081,117.11,-198.33
1.1911897659301758,4,134,-135,10,0,0.045000000000000005,0.054,117.11,-198.33
1.202202558517456,4,135,-135,16,0,0.0405,0.054,117.11,-198.33
1.2131521701812744,4,135,-135,0,5,0.0495,0.03150000000000001,117.11,-198.33
1.2241885662078857,4,135,-135,0,5,0.054,0.027,117.11,-198.33
1.2351536750793457,4,135,-135,-10,0,0.07200000000000001,0.0135,117.11,-198.33
1.2461535930633545,4,134,-135,0,0,0.09000000000000001,0.036000000000000004,117.11,-198.33
1.2571535110473633,4,134,-135,0,0,0.07650000000000001,0.045000000000000005,117.11,-198.33
1.2681894302368164,4,134,-135,0,-5,0.099,0.022500000000000003,117.11,-198.33
1.27915358543396,4,134,-135,-5,-5,0.0945,0.022500000000000003,117.11,-198.33
1.2901532649993896,4,134,-135,0,0,0.09000000000000001,0.045000000000000005,117.11,-198.33
1.301213026046753,4,134,-135,0,0,0.09000000000000001,0.045000000000000005,117.11,-198.33
1.3122124671936035,4,134,-135,0,0,0.07650000000000001,0.045000000000000005,117.11,-198.33
1.3232145309448242,4,134,-135,0,5,0.0675,0.027,117.11,-198.33
1.3342151641845703,4,134,-135,0,10,0.07650000000000001,0.036000000000000004,117.11,-198.33
1.345215082168579,4,134,-135,0,10,0.06300000000000001,0.036000000000000004,117.11,-198.33
1.356215000152588,4,134,-135,0,0,0.07200000000000001,0.045000000000000005,117.11,-198.33
1.367222785949707,4,134,-135,0,0,0.07650000000000001,0.0405,117.11,-198.33
1.3781766891479492,4,134,-135,-10,-5,0.081,0.036000000000000004,117.11,-198.33
1.3891773223876953,4,134,-135,0,0,0.09000000000000001,0.0495,117.11,-198.33
1.400177240371704,4,134,-135,0,0,0.081,0.0495,117.11,-198.33
1.4111833572387695,4,134,-135,0,0,0.0945,0.0405,117.11,-198.33
1.422178030014038,4,134,-135,0,0,0.09000000000000001,0.036000000000000004,117.11,-198.33
1.4331893920898438,4,134,-135,10,0,0.0945,0.0585,117.11,-198.33
1.4441792964935303,4,134,-135,0,0,0.07200000000000001,0.0495,117.11,-198.33
1.455204963684082,4,134,-135,0,0,0.0945,0.0495,117.11,-198.33
1.4661810398101807,4,134,-135,0,0,0.0675,0.0405,117.11,-198.33
1.4771785736083984,4,134,-135,0,0,0.081,0.045000000000000005,117.11,-198.33
1.488173484802246,4,134,-135,0,0,0.07200000000000001,0.045000000000000005,117.11,-198.33
1.4992027282714844,4,134,-135,0,0,0.081,0.036000000000000004,117.11,-198.33
1.510178804397583,4,134,-135,0,0,0.0945,0.0675,117.11,-198.33
1.5211846828460693,4,134,-135,0,0,0.0675,0.036000000000000004,117.11,-198.33
1.5322020053863525,4,134,-135,0,0,0.07650000000000001,0.0495,117.11,-198.33
1.5437331199645996,4,134,-135,0,0,0.081,0.0495,117.11,-198.33
1.5539627075195312,4,134,-135,0,0,0.07200000000000001,0.0675,117.11,-198.33
1.5649616718292236,4,134,-135,0,0,0.0855,0.0495,117.11,-198.33
1.575920820236206,4,134,-135,0,0,0.0855,0.045000000000000005,117.11,-198.33
1.5869536399841309,4,134,-135,0,0,0.0945,0.0495,117.11,-198.33
1.5979065895080566,4,134,-135,0,0,0.081,0.036000000000000004,117.11,-198.33
1.6082539558410645,4,134,-135,0,0,0.09000000000000001,0.036000000000000004,117.11,-198.33
1.6192541122436523,4,134,-135,0,0,0.09000000000000001,0.0495,117.11,-198.33
1.6302530765533447,4,134,-135,0,0,0.099,0.054,117.11,-198.33
1.6412537097930908,4,134,-135,0,0,0.0855,0.06300000000000001,117.11,-198.33
1.6522119045257568,4,134,-135,0,0,0.0855,0.06300000000000001,117.11,-198.33
1.6632530689239502,4,134,-135,0,0,0.07200000000000001,0.0405,117.11,-198.33
1.6742188930511475,4,134,-135,0,0,0.07200000000000001,0.06300000000000001,117.11,-198.33
1.6852538585662842,4,134,-135,5,0,0.081,0.07200000000000001,117.11,-198.33
1.695481777191162,4,134,-135,5,0,0.07650000000000001,0.054,117.11,-198.33
1.7060792446136475,4,134,-135,0,0,0.0945,0.054,117.11,-198.33
1.716961145401001,4,134,-135,0,0,0.0855,0.0585,117.11,-198.33
1.7273192405700684,4,134,-135,0,0,0.0945,0.07200000000000001,117.11,-198.33
1.7376811504364014,4,134,-135,0,0,0.0855,0.045000000000000005,117.11,-198.33
1.7484636306762695,4,134,-135,0,0,0.0855,0.0675,117.11,-198.33
1.7592482566833496,4,134,-135,0,0,0.09000000000000001,0.054,117.11,-198.33
1.7696201801300049,4,134,-135,0,0,0.0855,0.0495,117.11,-198.33
1.7806503772735596,4,134,-135,0,0,0.09000000000000001,0.0585,117.11,-198.33
1.791428804397583,4,134,-135,0,0,0.0855,0.06300000000000001,117.11,-198.33
1.8015198707580566,4,134,-135,0,0,0.09000000000000001,0.0585,117.11,-198.33
1.8118984699249268,4,134,-135,0,0,0.0855,0.0495,117.11,-198.33
1.8229122161865234,4,134,-135,0,0,0.0855,0.0585,117.11,-198.33
1.8332023620605469,4,134,-135,0,0,0.0945,0.06300000000000001,117.11,-198.33
1.8434381484985352,4,134,-135,0,0,0.0945,0.0495,117.11,-198.33
1.854416847229004,4,134,-135,0,0,0.0855,0.054,117.11,-198.33
1.865424633026123,4,134,-135,0,0,0.081,0.07200000000000001,117.11,-198.33
1.8763668537139893,4,134,-135,0,0,0.09000000000000001,0.06300000000000001,117.11,-198.33
1.8874387741088867,4,134,-135,0,0,0.099,0.0675,117.11,-198.33
1.8984169960021973,4,134,-135,0,0,0.09000000000000001,0.0585,117.11,-198.33
1.9094324111938477,4,134,-135,0,0,0.099,0.0675,117.11,-198.33
1.9204387664794922,4,134,-135,0,0,0.0855,0.054,117.11,-198.33
1.931427001953125,4,134,-135,0,0,0.0945,0.0675,117.11,-198.33
1.9415273666381836,4,134,-135,0,0,0.09000000000000001,0.0675,117.11,-198.33
1.952524185180664,4,134,-135,0,0,0.0855,0.0495,117.11,-198.33
1.9630568027496338,4,134,-135,0,0,0.09000000000000001,0.07200000000000001,117.11,-198.33
1.9740569591522217,4,134,-135,0,0,0.10350000000000001,0.0675,117.11,-198.33
1.9842002391815186,4,134,-135,0,0,0.10350000000000001,0.0675,117.11,-198.33
1.9946701526641846,4,134,-135,0,0,0.099,0.0675,117.11,-198.33
2.005391836166382,4,134,-135,0,0,0.09000000000000001,0.0585,117.11,-198.33
2.01562237739563,4,134,-135,0,0,0.0945,0.07650000000000001,117.11,-198.33
2.0259809494018555,4,134,-135,0,0,0.0855,0.0675,117.11,-198.33
2.0369625091552734,4,134,-135,0,0,0.0945,0.0675,117.11,-198.33
2.0480458736419678,4,134,-135,0,0,0.09000000000000001,0.07200000000000001,117.11,-198.33
2.058475971221924,4,134,-135,0,0,0.099,0.06300000000000001,117.11,-198.33
2.069305896759033,4,134,-135,0,0,0.09000000000000001,0.06300000000000001,117.11,-198.33
2.0802738666534424,4,134,-135,0,0,0.0855,0.0585,117.11,-198.33
2.0904250144958496,4,134,-135,0,0,0.0945,0.0675,117.11,-198.33
2.1014411449432373,4,134,-135,0,0,0.10350000000000001,0.0675,117.11,-198.33
2.111675977706909,4,134,-135,0,0,0.0945,0.06300000000000001,117.11,-198.33
2.122004747390747,4,134,-135,0,0,0.081,0.07200000000000001,117.11,-198.33
2.132986068725586,4,134,-135,0,0,0.099,0.06300000000000001,117.11,-198.33
2.143944263458252,4,134,-135,0,0,0.0945,0.07650000000000001,117.11,-198.33
2.154938220977783,4,134,-135,0,0,0.0945,0.081,117.11,-198.33
2.165940999984741,4,134,-135,0,0,0.099,0.07650000000000001,117.11,-198.33
2.1769392490386963,4,134,-135,0,0,0.1125,0.0675,117.11,-198.33
2.1877639293670654,4,134,-135,0,0,0.081,0.081,117.11,-198.33
2.1987626552581787,4,134,-135,0,0,0.0945,0.081,117.11,-198.33
2.2097623348236084,4,134,-135,0,0,0.10350000000000001,0.06300000000000001,117.11,-198.33
2.2207603454589844,4,134,-135,0,0,0.099,0.07650000000000001,117.11,-198.33
2.2317633628845215,4,134,-135,0,0,0.0855,0.0585,117.11,-198.33
2.2427589893341064,4,134,-135,0,0,0.10350000000000001,0.0855,117.11,-198.33
2.2537600994110107,4,134,-135,0,0,0.099,0.07200000000000001,117.11,-198.33
2.264760732650757,4,134,-135,0,0,0.099,0.07650000000000001,117.11,-198.33
2.2757606506347656,4,134,-135,5,0,0.09000000000000001,0.0585,117.11,-198.33
2.286760091781616,4,134,-135,0,0,0.081,0.07650000000000001,117.11,-198.33
2.297283887863159,4,134,-135,0,0,0.0945,0.07650000000000001,117.11,-198.33
2.308300495147705,4,134,-135,0,0,0.10350000000000001,0.0585,117.11,-198.33
2.3184239864349365,4,134,-135,0,0,0.099,0.07200000000000001,117.11,-198.33
2.328558921813965,4,134,-135,0,0,0.081,0.0675,117.11,-198.33
2.3386659622192383,4,134,-135,0,0,0.10350000000000001,0.07200000000000001,117.11,-198.33
2.3489391803741455,4,134,-135,0,0,0.10350000000000001,0.07650000000000001,117.11,-198.33
2.359389066696167,4,134,-135,0,0,0.1125,0.07650000000000001,117.11,-198.33
2.3700380325317383,4,134,-135,0,0,0.0945,0.07200000000000001,117.11,-198.33
2.380528688430786,4,134,-135,0,0,0.10350000000000001,0.081,117.11,-198.33
2.391529083251953,4,134,-135,0,0,0.1125,0.07650000000000001,117.11,-198.33
2.4021172523498535,4,134,-135,0,0,0.108,0.07650000000000001,117.11,-198.33
2.4124255180358887,4,134,-135,0,0,0.108,0.07650000000000001,117.11,-198.33
2.422818899154663,4,134,-135,0,0,0.099,0.07650000000000001,117.11,-198.33
2.433234930038452,4,134,-135,0,10,0.099,0.07650000000000001,117.11,-198.33
2.4437005519866943,4,134,-135,0,0,0.0945,0.0675,117.11,-198.33
2.4538280963897705,4,134,-135,0,0,0.10350000000000001,0.07650000000000001,117.11,-198.33
2.4642653465270996,4,134,-134,0,0,0.09000000000000001,0.07650000000000001,117.11,-198.33
2.474353551864624,4,134,-134,0,0,0.0945,0.0855,117.11,-198.33
2.4845831394195557,4,134,-134,0,0,0.0945,0.0675,117.11,-198.33
2.495203733444214,4,134,-134,0,0,0.10350000000000001,0.0675,117.11,-198.33
2.505436897277832,4,134,-134,0,0,0.099,0.07650000000000001,117.11,-198.33
2.5166752338409424,4,134,-134,0,0,0.0945,0.09000000000000001,117.11,-198.33
0.010471343994140625,5,134,-134,0,0,0.018000000000000002,0.0045000000000000005,130.25,-125.78
0.021460771560668945,5,134,-134,-5,0,0.0045000000000000005,0.0045000000000000005,130.25,-125.78
0.03182816505432129,5,134,-135,-5,-10,-0.0045000000000000005,0.0045000000000000005,130.25,-125.78
0.04236412048339844,5,134,-135,-10,0,0.009000000000000001,0.0045000000000000005,130.25,-125.78
0.05288124084472656,5,134,-135,-5,0,0.0045000000000000005,-0.0045000000000000005,130.25,-125.78
0.0633554458618164,5,134,-135,-5,-5,0.0045000000000000005,0.018000000000000002,130.25,-125.78
0.07343149185180664,5,134,-135,-5,0,0.009000000000000001,0.0,130.25,-125.78
0.08443546295166016,5,134,-135,-5,0,-0.0,0.0,130.25,-125.78
0.09543204307556152,5,134,-135,-16,0,-0.009000000000000001,-0.009000000000000001,130.25,-125.78
0.10643148422241211,5,134,-135,0,0,0.0045000000000000005,0.0045000000000000005,130.25,-125.78
0.11695694923400879,5,134,-135,0,0,-0.0,0.0,130.25,-125.78
0.12798357009887695,5,133,-135,0,0,-0.0,0.0,130.25,-125.78
0.13898301124572754,5,133,-135,0,0,-0.0045000000000000005,0.009000000000000001,130.25,-125.78
0.14995908737182617,5,133,-135,0,0,-0.0,0.0,130.25,-125.78
0.16098427772521973,5,133,-135,0,0,-0.009000000000000001,-0.0045000000000000005,130.25,-125.78
0.17198467254638672,5,134,-135,0,0,-0.0,0.0045000000000000005,130.25,-125.78
0.18301868438720703,5,134,-135,5,0,-0.0,0.0,130.25,-125.78
0.19330430030822754,5,134,-135,0,0,-0.0,0.0,130.25,-125.78
0.20427227020263672,5,134,-135,0,0,-0.0,0.0,130.25,-125.78
0.21524500846862793,5,134,-135,0,0,0.009000000000000001,0.0,130.25,-125.78
0.2262406349182129,5,134,-135,0,0,-0.0,0.009000000000000001,130.25,-125.78
0.23724055290222168,5,134,-135,0,0,0.009000000000000001,-0.0045000000000000005,130.25,-125.78
0.2482466697692871,5,134,-135,0,0,-0.0,-0.0045000000000000005,130.25,-125.78
0.25924015045166016,5,134,-135,0,0,-0.0,-0.0045000000000000005,130.25,-125.78
0.2702658176422119,5,134,-135,-5,0,-0.0,0.0045000000000000005,130.25,-125.78
0.2812948226928711,5,134,-135,0,0,0.0045000000000000005,0.0045000000000000005,130.25,-125.78
0.2922964096069336,5,134,-135,0,0,-0.0,0.0,130.25,-125.78
0.30329465866088867,5,134,-135,0,0,-0.0,0.018000000000000002,130.25,-125.78
0.31430506706237793,5,134,-135,0,0,-0.0,0.0,130.25,-125.78
0.32486391067504883,5,134,-135,0,0,0.0045000000000000005,0.0,130.25,-125.78
0.3358635902404785,5,134,-135,0,0,-0.0135,0.009000000000000001,130.25,-125.78
0.3468642234802246,5,134,-135,0,0,-0.0135,0.0,130.25,-125.78
0.3578634262084961,5,134,-135,0,0,-0.0,0.0,130.25,-125.78
0.3688631057739258,5,134,-135,0,0,-0.0045000000000000005,0.0,130.25,-125.78
0.3798644542694092,5,134,-135,0,0,-0.0045000000000000005,-0.0045000000000000005,130.25,-125.78
0.39043354988098145,5,134,-135,0,0,-0.0,0.0,130.25,-125.78
0.40094685554504395,5,134,-135,0,0,-0.0,0.0,130.25,-125.78
0.4119985103607178,5,134,-135,0,0,0.0045000000000000005,0.009000000000000001,130.25,-125.78
0.4230384826660156,5,134,-135,0,0,-0.0135,-0.009000000000000001,130.25,-125.78
0.4340808391571045,5,134,-135,0,0,-0.009000000000000001,-0.0045000000000000005,130.25,-125.78
0.44512009620666504,5,134,-135,0,0,0.0045000000000000005,0.0,130.25,-125.78
0.4561614990234375,5,134,-135,0,0,0.009000000000000001,0.009000000000000001,130.25,-125.78
0.46721506118774414,5,134,-135,0,0,0.0045000000000000005,0.009000000000000001,130.25,-125.78
0.47832417488098145,5,134,-135,0,0,-0.0,0.0045000000000000005,130.25,-125.78
0.4893009662628174,5,134,-135,0,0,-0.0,0.0,130.25,-125.78
0.5003409385681152,5,134,-135,0,0,-0.0,0.0,130.25,-125.78
0.5118997097015381,5,134,-135,0,0,-0.0,0.0045000000000000005,130.25,-125.78
0.5224993228912354,5,134,-135,0,0,-0.009000000000000001,0.0,130.25,-125.78
0.533444881439209,5,134,-135,0,0,-0.0405,0.31500000000000006,130.25,-125.78
0.5435161590576172,5,133,-134,-10,27,-0.3825,0.5445,130.25,-125.78
0.5545039176940918,5,133,-134,-49,65,-0.49500000000000005,0.7875,130.25,-125.78
0.5654740333557129,5,132,-133,-82,109,-0.279,0.9540000000000001,130.25,-125.78
0.5765249729156494,5,131,-132,-93,159,-0.03150000000000001,0.801,130.25,-125.78
0.587522029876709,5,130,-130,-93,181,0.2655,0.45,130.25,-125.78
0.5985276699066162,5,129,-128,-71,181,0.36450000000000005,0.099,130.25,-125.78
0.6095306873321533,5,129,-126,-49,164,0.36900000000000005,-0.35550000000000004,130.25,-125.78
0.620537519454956,5,128,-124,-5,131,0.31500000000000006,-0.4365,130.25,-125.78
0.6315205097198486,5,128,-123,10,93,0.21150000000000002,-0.558,130.25,-125.78
0.6422691345214844,5,129,-122,43,54,0.10350000000000001,-0.5760000000000001,130.25,-125.78
0.6533305644989014,5,129,-122,54,21,0.018000000000000002,-0.5265,130.25,-125.78
0.6642236709594727,5,130,-122,54,-10,-0.108,-0.441,130.25,-125.78
0.6752734184265137,5,131,-122,49,-27,-0.20700000000000002,-0.37350000000000005,130.25,-125.78
0.6862950325012207,5,131,-122,27,-38,-0.21150000000000002,-0.29700000000000004,130.25,-125.78
0.6973721981048584,5,131,-123,10,-38,-0.225,-0.2205,130.25,-125.78
0.708420991897583,5,131,-123,0,-38,-0.2025,-0.18450000000000003,130.25,-125.78
0.7194702625274658,5,131,-123,-10,-38,-0.14400000000000002,-0.117,130.25,-125.78
0.7305128574371338,5,131,-124,-27,-32,-0.0945,-0.099,130.25,-125.78
0.7408738136291504,5,131,-124,-32,-32,-0.0495,-0.0675,130.25,-125.78
0.7518608570098877,5,130,-125,-27,-32,-0.009000000000000001,-0.036000000000000004,130.25,-125.78
0.7628602981567383,5,130,-125,-21,-21,0.045000000000000005,0.0045000000000000005,130.25,-125.78
0.7738749980926514,5,130,-125,-21,-16,0.0855,0.03150000000000001,130.25,-125.78
0.78489089012146,5,130,-125,-10,-10,0.108,0.045000000000000005,130.25,-125.78
0.7954878807067871,5,130,-125,-10,0,0.0945,0.0585,130.25,-125.78
0.8065509796142578,5,129,-125,0,-5,0.0855,0.06300000000000001,130.25,-125.78
0.8175332546234131,5,129,-125,5,0,0.06300000000000001,0.036000000000000004,130.25,-125.78
0.8285460472106934,5,130,-125,10,10,0.036000000000000004,0.027,130.25,-125.78
0.8395423889160156,5,130,-125,10,16,0.0135,0.009000000000000001,130.25,-125.78
0.8505480289459229,5,130,-125,10,0,-0.0045000000000000005,-0.009000000000000001,130.25,-125.78
0.8616805076599121,5,130,-125,10,0,-0.022500000000000003,-0.009000000000000001,130.25,-125.78
0.871896505355835,5,130,-125,0,0,-0.027,-0.009000000000000001,130.25,-125.78
0.8830513954162598,5,130,-125,5,0,-0.022500000000000003,-0.0045000000000000005,130.25,-125.78
0.8940553665161133,5,130,-125,0,-5,-0.0135,-0.0045000000000000005,130.25,-125.78
0.9042184352874756,5,130,-125,-5,0,-0.0,0.009000000000000001,130.25,-125.78
0.9144637584686279,5,130,-125,-5,-10,0.018000000000000002,0.0135,130.25,-125.78
0.9246220588684082,5,130,-125,0,-5,0.022500000000000003,0.0045000000000000005,130.25,-125.78
0.9356074333190918,5,130,-125,0,0,0.027,0.009000000000000001,130.25,-125.78
0.9466087818145752,5,130,-125,0,0,0.022500000000000003,0.009000000000000001,130.25,-125.78
0.9577450752258301,5,130,-125,0,0,0.022500000000000003,0.0045000000000000005,130.25,-125.78
0.9678711891174316,5,130,-125,0,0,0.0045000000000000005,0.0045000000000000005,130.25,-125.78
0.9789614677429199,5,130,-125,0,0,-0.0,0.0,130.25,-125.78
0.9900174140930176,5,130,-125,0,5,-0.0045000000000000005,-0.0045000000000000005,130.25,-125.78
1.0010554790496826,5,130,-125,0,0,-0.0045000000000000005,-0.009000000000000001,130.25,-125.78
1.0121407508850098,5,130,-125,0,0,-0.0045000000000000005,-0.009000000000000001,130.25,-125.78
1.0223968029022217,5,130,-125,0,0,-0.0045000000000000005,0.0,130.25,-125.78
1.0325212478637695,5,130,-125,0,0,0.0045000000000000005,0.0,130.25,-125.78
1.0435919761657715,5,130,-125,0,0,0.009000000000000001,0.0045000000000000005,130.25,-125.78
1.054039716720581,5,130,-125,0,0,-0.0,0.0,130.25,-125.78
1.0651507377624512,5,130,-125,0,0,0.0045000000000000005,0.0,130.25,-125.78
1.076146125793457,5,130,-125,0,0,0.0045000000000000005,0.0,130.25,-125.78
1.0869991779327393,5,130,-125,0,0,0.0045000000000000005,-0.0045000000000000005,130.25,-125.78
1.0982065200805664,5,130,-125,0,0,-0.0,-0.0045000000000000005,130.25,-125.78
1.1092181205749512,5,130,-125,5,0,-0.0045000000000000005,-0.0045000000000000005,130.25,-125.78
1.1196863651275635,5,130,-125,0,0,-0.009000000000000001,0.0,130.25,-125.78
1.1300818920135498,5,130,-125,0,0,-0.009000000000000001,-0.0135,130.25,-125.78
1.1410541534423828,5,130,-125,0,0,-0.0045000000000000005,0.0,130.25,-125.78
1.151416301727295,5,130,-125,0,0,-0.0,-0.0045000000000000005,130.25,-125.78
1.1622576713562012,5,130,-125,0,0,-0.0045000000000000005,0.0,130.25,-125.78
1.173372507095337,5,130,-125,0,0,-0.0045000000000000005,-0.0045000000000000005,130.25,-125.78
1.1839003562927246,5,130,-125,0,0,-0.0,0.0,130.25,-125.78
1.194911241531372,5,130,-125,0,0,-0.0,0.0,130.25,-125.78
1.2058563232421875,5,130,-125,0,0,-0.0045000000000000005,-0.009000000000000001,130.25,-125.78
1.2161471843719482,5,130,-125,0,0,-0.0045000000000000005,0.0,130.25,-125.78
1.2263157367706299,5,130,-125,0,0,-0.009000000000000001,0.0,130.25,-125.78
1.237424373626709,5,130,-125,0,0,-0.0045000000000000005,-0.0045000000000000005,130.25,-125.78
1.2476229667663574,5,130,-125,0,0,-0.0045000000000000005,-0.0045000000000000005,130.25,-125.78
1.2578718662261963,5,130,-125,0,0,-0.009000000000000001,-0.0045000000000000005,130.25,-125.78
1.2688591480255127,5,130,-125,0,0,-0.0045000000000000005,-0.0135,130.25,-125.78
1.2791509628295898,5,130,-125,0,0,-0.0045000000000000005,-0.009000000000000001,130.25,-125.78
1.2901432514190674,5,130,-125,0,0,-0.009000000000000001,-0.0135,130.25,-125.78
1.301192283630371,5,130,-125,0,0,-0.009000000000000001,-0.009000000000000001,130.25,-125.78
1.3114521503448486,5,130,-125,0,0,-0.0135,-0.0045000000000000005,130.25,-125.78
1.3217692375183105,5,130,-125,0,0,-0.0135,-0.0045000000000000005,130.25,-125.78
1.3327858448028564,5,130,-125,0,0,-0.009000000000000001,-0.0135,130.25,-125.78
1.3437862396240234,5,130,-125,0,0,-0.0135,-0.009000000000000001,130.25,-125.78
1.354161262512207,5,130,-125,0,0,-0.009000000000000001,-0.027,130.25,-125.78
1.3643345832824707,5,130,-125,0,0,-0.0135,-0.0045000000000000005,130.25,-125.78
1.3750848770141602,5,130,-125,0,0,-0.018000000000000002,-0.0135,130.25,-125.78
1.3859639167785645,5,130,-125,0,0,-0.018000000000000002,-0.009000000000000001,130.25,-125.78
1.3961706161499023,5,130,-125,0,0,-0.0135,-0.0045000000000000005,130.25,-125.78
1.4065232276916504,5,130,-125,0,0,-0.018000000000000002,-0.009000000000000001,130.25,-125.78
1.4173665046691895,5,130,-125,0,0,-0.0135,-0.022500000000000003,130.25,-125.78
1.4275858402252197,5,130,-125,0,0,-0.0135,-0.009000000000000001,130.25,-125.78
1.438413381576538,5,130,-125,0,0,-0.018000000000000002,-0.022500000000000003,130.25,-125.78
1.4494125843048096,5,130,-125,0,0,-0.018000000000000002,-0.018000000000000002,130.25,-125.78
1.4597783088684082,5,130,-125,0,0,-0.018000000000000002,-0.0135,130.25,-125.78
1.4708070755004883,5,130,-125,0,0,-0.022500000000000003,-0.0135,130.25,-125.78
1.48183012008667,5,130,-125,0,0,-0.018000000000000002,-0.009000000000000001,130.25,-125.78
1.491952657699585,5,130,-125,0,0,-0.022500000000000003,-0.027,130.25,-125.78
1.5021045207977295,5,130,-125,0,0,-0.018000000000000002,-0.022500000000000003,130.25,-125.78
1.5130887031555176,5,130,-125,0,0,-0.022500000000000003,-0.0135,130.25,-125.78
1.5241618156433105,5,130,-125,0,0,-0.0135,-0.022500000000000003,130.25,-125.78
1.534468650817871,5,130,-125,0,0,-0.027,-0.022500000000000003,130.25,-125.78
1.5445854663848877,5,130,-125,0,0,-0.018000000000000002,-0.0135,130.25,-125.78
1.5555851459503174,5,130,-125,0,0,-0.022500000000000003,-0.018000000000000002,130.25,-125.78
1.5657835006713867,5,130,-125,0,0,-0.027,-0.018000000000000002,130.25,-125.78
1.5767977237701416,5,130,-125,0,0,-0.027,-0.03150000000000001,130.25,-125.78
1.5878493785858154,5,130,-125,0,0,-0.022500000000000003,-0.027,130.25,-125.78
1.5981063842773438,5,130,-125,0,0,-0.022500000000000003,-0.022500000000000003,130.25,-125.78
1.6091084480285645,5,130,-125,0,0,-0.03150000000000001,-0.036000000000000004,130.25,-125.78
1.6194067001342773,5,130,-125,0,0,-0.027,-0.018000000000000002,130.25,-125.78
1.6296911239624023,5,130,-125,0,0,-0.027,-0.022500000000000003,130.25,-125.78
1.6407010555267334,5,130,-125,0,0,-0.027,-0.0135,130.25,-125.78
1.651794672012329,5,130,-125,0,0,-0.027,-0.027,130.25,-125.78
1.6620986461639404,5,130,-125,0,0,-0.03150000000000001,-0.018000000000000002,130.25,-125.78
1.6722078323364258,5,130,-125,0,0,-0.03150000000000001,-0.022500000000000003,130.25,-125.78
1.682485818862915,5,130,-125,0,0,-0.027,-0.027,130.25,-125.78
1.6935038566589355,5,130,-125,0,0,-0.03150000000000001,-0.022500000000000003,130.25,-125.78
1.704545021057129,5,130,-125,0,0,-0.03150000000000001,-0.022500000000000003,130.25,-125.78
1.7147467136383057,5,130,-125,0,0,-0.03150000000000001,-0.022500000000000003,130.25,-125.78
1.7251708507537842,5,130,-125,0,0,-0.03150000000000001,-0.0135,130.25,-125.78
1.7361981868743896,5,130,-125,0,0,-0.03150000000000001,-0.0135,130.25,-125.78
1.7464730739593506,5,130,-125,0,0,-0.03150000000000001,-0.036000000000000004,130.25,-125.78
1.756744384765625,5,130,-125,0,0,-0.03150000000000001,-0.027,130.25,-125.78
1.7677061557769775,5,130,-125,0,0,-0.03150000000000001,-0.03150000000000001,130.25,-125.78
1.7779712677001953,5,130,-125,0,0,-0.03150000000000001,-0.03150000000000001,130.25,-125.78
1.7882556915283203,5,130,-125,0,0,-0.036000000000000004,-0.027,130.25,-125.78
1.799290418624878,5,130,-125,0,0,-0.03150000000000001,-0.022500000000000003,130.25,-125.78
1.8102915287017822,5,130,-125,0,0,-0.027,-0.027,130.25,-125.78
1.8214256763458252,5,130,-125,0,0,-0.036000000000000004,-0.022500000000000003,130.25,-125.78
1.8316681385040283,5,130,-125,0,0,-0.036000000000000004,-0.027,130.25,-125.78
1.8426144123077393,5,130,-125,0,0,-0.036000000000000004,-0.022500000000000003,130.25,-125.78
1.8536367416381836,5,130,-125,0,0,-0.036000000000000004,-0.027,130.25,-125.78
1.8638675212860107,5,130,-125,0,0,-0.036000000000000004,-0.018000000000000002,130.25,-125.78
1.874234676361084,5,130,-125,0,0,-0.0405,-0.022500000000000003,130.25,-125.78
1.885035753250122,5,130,-125,0,0,-0.03150000000000001,-0.03150000000000001,130.25,-125.78
1.8957548141479492,5,130,-125,0,0,-0.036000000000000004,-0.03150000000000001,130.25,-125.78
1.906806468963623,5,130,-125,0,0,-0.0405,-0.03150000000000001,130.25,-125.78
1.9172022342681885,5,130,-125,0,0,-0.03150000000000001,-0.022500000000000003,130.25,-125.78
1.927321195602417,5,130,-125,0,0,-0.036000000000000004,-0.03150000000000001,130.25,-125.78
1.9383769035339355,5,130,-125,0,0,-0.036000000000000004,-0.03150000000000001,130.25,-125.78
1.948608636856079,5,130,-125,0,0,-0.036000000000000004,-0.045000000000000005,130.25,-125.78
1.9589245319366455,5,130,-125,0,0,-0.0405,-0.027,130.25,-125.78
1.9695672988891602,5,130,-125,0,0,-0.036000000000000004,-0.03150000000000001,130.25,-125.78
1.9798634052276611,5,130,-125,0,0,-0.036000000000000004,-0.036000000000000004,130.25,-125.78
1.9901800155639648,5,130,-125,0,0,-0.0405,-0.036000000000000004,130.25,-125.78
2.001300573348999,5,130,-125,0,0,-0.0405,-0.03150000000000001,130.25,-125.78
2.0115058422088623,5,130,-125,0,0,-0.0405,-0.03150000000000001,130.25,-125.78
2.0217514038085938,5,130,-125,0,0,-0.0405,-0.027,130.25,-125.78
2.0328073501586914,5,130,-125,0,0,-0.0405,-0.045000000000000005,130.25,-125.78
2.043806791305542,5,130,-125,0,0,-0.036000000000000004,-0.036000000000000004,130.25,-125.78
2.0547492504119873,5,130,-125,0,0,-0.0405,-0.03150000000000001,130.25,-125.78
2.0656919479370117,5,130,-125,-5,0,-0.036000000000000004,-0.054,130.25,-125.78
2.0766873359680176,5,130,-125,0,0,-0.0405,-0.0405,130.25,-125.78
2.086803436279297,5,130,-125,0,0,-0.0405,-0.03150000000000001,130.25,-125.78
2.097557544708252,5,130,-125,0,0,-0.0405,-0.045000000000000005,130.25,-125.78
2.1084141731262207,5,130,-125,0,0,-0.0405,-0.045000000000000005,130.25,-125.78
2.119410753250122,5,130,-125,0,0,-0.045000000000000005,-0.03150000000000001,130.25,-125.78
2.130413055419922,5,130,-125,0,0,-0.045000000000000005,-0.045000000000000005,130.25,-125.78
2.1414124965667725,5,130,-125,0,0,-0.0405,-0.0405,130.25,-125.78
2.1524131298065186,5,130,-125,0,0,-0.0405,-0.036000000000000004,130.25,-125.78
2.1634104251861572,5,130,-125,0,0,-0.045000000000000005,-0.0405,130.25,-125.78
2.173923969268799,5,130,-125,0,0,-0.045000000000000005,-0.0495,130.25,-125.78
2.1849379539489746,5,130,-125,0,0,-0.0405,-0.036000000000000004,130.25,-125.78
2.195467233657837,5,130,-125,0,0,-0.0405,-0.0405,130.25,-125.78
2.2064642906188965,5,130,-125,0,0,-0.0405,-0.036000000000000004,130.25,-125.78
2.2174651622772217,5,130,-125,0,0,-0.0405,-0.036000000000000004,130.25,-125.78
2.2284650802612305,5,130,-125,0,0,-0.0405,-0.0405,130.25,-125.78
2.239464521408081,5,130,-125,0,0,-0.045000000000000005,-0.0495,130.25,-125.78
2.2504663467407227,5,130,-125,0,0,-0.045000000000000005,-0.0405,130.25,-125.78
2.2614617347717285,5,130,-125,0,0,-0.045000000000000005,-0.045000000000000005,130.25,-125.78
2.272028684616089,5,130,-125,0,0,-0.0495,-0.036000000000000004,130.25,-125.78
2.282540798187256,5,130,-125,0,0,-0.045000000000000005,-0.0405,130.25,-125.78
2.29354190826416,5,130,-125,0,0,-0.0495,-0.0405,130.25,-125.78
2.3045425415039062,5,130,-125,0,0,-0.045000000000000005,-0.0405,130.25,-125.78
2.315153121948242,5,130,-125,0,0,-0.0405,-0.045000000000000005,130.25,-125.78
2.32531476020813,5,130,-125,0,0,-0.045000000000000005,-0.045000000000000005,130.25,-125.78
2.335843563079834,5,130,-125,0,0,-0.0495,-0.0405,130.25,-125.78
2.346297264099121,5,130,-125,0,0,-0.0495,-0.045000000000000005,130.25,-125.78
2.3564834594726562,5,130,-125,0,0,-0.0495,-0.0495,130.25,-125.78
2.3667922019958496,5,130,-125,0,0,-0.045000000000000005,-0.054,130.25,-125.78
2.3771626949310303,5,130,-125,0,0,-0.045000000000000005,-0.0495,130.25,-125.78
2.3874573707580566,5,130,-125,0,0,-0.0495,-0.045000000000000005,130.25,-125.78
2.39774751663208,5,130,-125,0,0,-0.0495,-0.045000000000000005,130.25,-125.78
2.407871961593628,5,130,-125,0,0,-0.045000000000000005,-0.0495,130.25,-125.78
2.418212413787842,5,130,-125,0,-5,-0.0495,-0.045000000000000005,130.25,-125.78
2.428724765777588,5,130,-125,0,0,-0.045000000000000005,-0.054,130.25,-125.78
2.4397246837615967,5,130,-125,0,0,-0.0495,-0.054,130.25,-125.78
2.4507243633270264,5,130,-125,0,0,-0.0495,-0.045000000000000005,130.25,-125.78
2.461724042892456,5,130,-125,0,0,-0.0495,-0.0495,130.25,-125.78
2.472724437713623,5,130,-125,0,0,-0.0495,-0.054,130.25,-125.78
2.48372483253479,5,130,-125,0,0,-0.045000000000000005,-0.0405,130.25,-125.78
2.4947221279144287,5,130,-125,0,0,-0.0495,-0.0495,130.25,-125.78
2.505723237991333,5,130,-125,0,0,-0.0495,-0.036000000000000004,130.25,-125.78
2.5167222023010254,5,130,-125,0,0,-0.0495,-0.054,130.25,-125.78
0.011001348495483398,6,130,-125,0,0,-0.0135,-0.009000000000000001,199.07,-195.59
0.022002458572387695,6,130,-125,0,0,-0.0,-0.0045000000000000005,199.07,-195.59
0.03300189971923828,6,130,-125,5,0,-0.0,-0.0045000000000000005,199.07,-195.59
0.044000864028930664,6,130,-125,0,5,-0.0,0.0045000000000000005,199.07,-195.59
0.05500364303588867,6,130,-125,16,0,-0.0,0.0045000000000000005,199.07,-195.59
0.06600403785705566,6,130,-125,5,0,-0.0,-0.0045000000000000005,199.07,-195.59
0.07700133323669434,6,130,-125,5,0,-0.0045000000000000005,0.0,199.07,-195.59
0.08800148963928223,6,130,-125,0,0,-0.0,0.0,199.07,-195.59
0.09900140762329102,6,130,-125,-5,0,-0.0,-0.009000000000000001,199.07,-195.59
0.1100015640258789,6,130,-125,0,0,-0.0,0.0045000000000000005,199.07,-195.59
0.1210026741027832,6,130,-125,0,0,-0.0,0.0,199.07,-195.59
0.1320030689239502,6,130,-125,0,0,-0.0,0.0,199.07,-195.59
0.14301347732543945,6,130,-125,0,0,-0.0,0.0045000000000000005,199.07,-195.59
0.15400338172912598,6,130,-125,0,0,-0.0,0.0,199.07,-195.59
0.16500377655029297,6,130,-125,0,0,-0.0,0.0,199.07,-195.59
0.17600488662719727,6,130,-125,0,0,-0.0,0.0,199.07,-195.59
0.18700504302978516,6,130,-125,0,0,-0.0,0.0,199.07,-195.59
0.19800543785095215,6,130,-125,0,0,-0.0,-0.0045000000000000005,199.07,-195.59
0.20900511741638184,6,130,-125,0,0,-0.0,0.0,199.07,-195.59
0.22002005577087402,6,130,-125,0,0,-0.0,0.0,199.07,-195.59
0.23102068901062012,6,130,-125,0,0,-0.0,0.0,199.07,-195.59
0.24202179908752441,6,130,-125,0,0,-0.0,0.0,199.07,-195.59
0.25302696228027344,6,130,-125,0,0,-0.0,0.0,199.07,-195.59
0.26402735710144043,6,130,-125,0,0,-0.0,0.0045000000000000005,199.07,-195.59
0.27506065368652344,6,130,-125,0,0,-0.0,0.0,199.07,-195.59
0.2860393524169922,6,130,-125,0,0,-0.0,0.0,199.07,-195.59
0.2966034412384033,6,130,-125,0,0,-0.0,0.0045000000000000005,199.07,-195.59
0.3076179027557373,6,130,-125,0,0,-0.0,0.0045000000000000005,199.07,-195.59
0.31862401962280273,6,130,-125,0,0,-0.0,0.0,199.07,-195.59
0.3296077251434326,6,130,-125,0,0,-0.0,0.0045000000000000005,199.07,-195.59
0.3406035900115967,6,130,-125,0,0,-0.0,0.0,199.07,-195.59
0.35160398483276367,6,130,-125,0,0,-0.0045000000000000005,-0.0045000000000000005,199.07,-195.59
0.36261940002441406,6,130,-125,0,0,-0.0,0.0,199.07,-195.59
0.3736236095428467,6,130,-125,0,0,-0.0,0.0,199.07,-195.59
0.38462305068969727,6,130,-125,0,0,-0.0,0.0045000000000000005,199.07,-195.59
0.39561939239501953,6,130,-125,0,0,-0.0,0.0,199.07,-195.59
0.40613698959350586,6,130,-125,0,0,-0.0,0.0045000000000000005,199.07,-195.59
0.4166383743286133,6,130,-125,0,0,-0.0,-0.0045000000000000005,199.07,-195.59
0.4276721477508545,6,130,-125,0,0,-0.0,0.0,199.07,-195.59
0.4387221336364746,6,130,-125,0,0,-0.0,0.0,199.07,-195.59
0.4497694969177246,6,130,-125,0,0,-0.0,0.0045000000000000005,199.07,-195.59
0.460827112197876,6,130,-125,0,0,-0.0,0.0,199.07,-195.59
0.47186970710754395,6,130,-125,0,0,-0.0,0.0045000000000000005,199.07,-195.59
0.48290538787841797,6,130,-125,0,0,-0.0,-0.009000000000000001,199.07,-195.59
0.4939422607421875,6,130,-125,0,0,-0.0,0.0135,199.07,-195.59
0.5049779415130615,6,130,-125,0,0,-0.0,0.0045000000000000005,199.07,-195.59
0.5165624618530273,6,130,-125,0,0,-0.0,0.009000000000000001,199.07,-195.59
0.52762770652771,6,130,-125,0,0,-0.0,0.0,199.07,-195.59
0.5382125377655029,6,130,-125,-5,0,-0.30150000000000005,-0.30150000000000005,199.07,-195.59
0.5489206314086914,6,130,-125,-27,-10,-0.5445,-0.5445,199.07,-195.59
0.5598669052124023,6,129,-126,-43,-38,-0.8325,-0.909,199.07,-195.59
0.570857048034668,6,129,-126,-82,-60,-1.1115000000000002,-1.2015,199.07,-195.59
0.5818965435028076,6,127,-127,-126,-109,-1.1835,-1.305,199.07,-195.59
0.5928962230682373,6,126,-129,-164,-148,-1.0845,-1.3185,199.07,-195.59
0.6035060882568359,6,124,-131,-192,-208,-0.783,-1.1700000000000002,199.07,-195.59
0.6144986152648926,6,122,-133,-203,-252,-0.40950000000000003,-1.0260000000000002,199.07,-195.59
0.6254994869232178,6,119,-136,-208,-285,-0.03150000000000001,-0.8145,199.07,-195.59
0.6364996433258057,6,117,-139,-197,-313,0.468,-0.5265,199.07,-195.59
0.6474747657775879,6,115,-143,-159,-335,0.6795,-0.28800000000000003,199.07,-195.59
0.6585018634796143,6,114,-147,-115,-340,0.792,-0.07200000000000001,199.07,-195.59
0.669539213180542,6,113,-150,-82,-346,0.8505,0.225,199.07,-195.59
0.6801114082336426,6,112,-154,-43,-335,0.8595,0.4455,199.07,-195.59
0.6911449432373047,6,112,-158,-10,-302,0.8145,0.6165,199.07,-195.59
0.7021772861480713,6,112,-161,27,-280,0.7290000000000001,0.6435,199.07,-195.59
0.7132184505462646,6,112,-164,54,-247,0.5985,0.7110000000000001,199.07,-195.59
0.7242751121520996,6,113,-166,60,-197,0.459,0.666,199.07,-195.59
0.7353408336639404,6,114,-169,71,-175,0.34650000000000003,0.5715,199.07,-195.59
0.7463579177856445,6,114,-170,76,-142,0.234,0.4005,199.07,-195.59
0.7573332786560059,6,115,-172,76,-109,0.1125,0.225,199.07,-195.59
0.7683534622192383,6,116,-173,71,-87,0.03150000000000001,0.0495,199.07,-195.59
0.7785699367523193,6,117,-174,60,-98,-0.0585,-0.081,199.07,-195.59
0.7889368534088135,6,117,-175,54,-104,-0.17550000000000002,-0.35550000000000004,199.07,-195.59
0.7996561527252197,6,118,-177,32,-115,-0.1935,-0.4635,199.07,-195.59
0.8098375797271729,6,118,-178,10,-131,-0.18000000000000002,-0.5850000000000001,199.07,-195.59
0.8209269046783447,6,118,-180,5,-159,-0.15300000000000002,-0.549,199.07,-195.59
0.8319070339202881,6,118,-181,-21,-175,-0.10350000000000001,-0.5625,199.07,-195.59
0.8429040908813477,6,118,-184,-21,-203,-0.0585,-0.5265,199.07,-195.59
0.8539152145385742,6,118,-186,-27,-230,-0.009000000000000001,-0.4545,199.07,-195.59
0.8648979663848877,6,117,-189,-32,-241,0.0405,-0.261,199.07,-195.59
0.87503981590271,6,117,-191,-16,-247,0.12150000000000001,-0.18450000000000003,199.07,-195.59
0.8862018585205078,6,117,-194,-21,-258,0.15300000000000002,-0.07650000000000001,199.07,-195.59
0.8964076042175293,6,117,-197,-10,-252,0.15750000000000003,-0.022500000000000003,199.07,-195.59
0.9074075222015381,6,117,-200,0,-258,0.15750000000000003,0.06300000000000001,199.07,-195.59
0.9177258014678955,6,117,-200,0,-258,0.15750000000000003,0.06300000000000001,199.07,-195.59
0.9287266731262207,6,117,-203,0,-236,0.135,0.162,199.07,-195.59
0.9397289752960205,6,117,-205,16,-230,0.10350000000000001,0.189,199.07,-195.59
0.949882984161377,6,117,-208,0,-203,0.07650000000000001,0.1665,199.07,-195.59
0.960146427154541,6,117,-210,10,-186,0.06300000000000001,0.1125,199.07,-195.59
0.9709255695343018,6,117,-212,5,-181,0.0495,0.06300000000000001,199.07,-195.59
0.9817714691162109,6,117,-214,5,-170,0.0405,0.0135,199.07,-195.59
0.992271900177002,6,117,-216,0,-164,0.036000000000000004,-0.018000000000000002,199.07,-195.59
1.0032498836517334,6,117,-218,0,-159,0.0495,0.18000000000000002,199.07,-195.59
1.0142693519592285,6,117,-219,0,-126,0.054,0.40950000000000003,199.07,-195.59
1.025282859802246,6,117,-220,0,-76,0.081,0.5895,199.07,-195.59
1.0362718105316162,6,117,-221,0,-16,0.0855,0.5445,199.07,-195.59
1.0472755432128906,6,117,-221,-10,16,0.09000000000000001,0.396,199.07,-195.59
1.0582785606384277,6,117,-220,0,49,0.081,0.28800000000000003,199.07,-195.59
1.069209337234497,6,117,-220,0,60,0.07200000000000001,0.1665,199.07,-195.59
1.0802092552185059,6,117,-219,0,60,0.06300000000000001,0.06300000000000001,199.07,-195.59
1.090374231338501,6,117,-218,0,54,0.06300000000000001,0.0135,199.07,-195.59
1.1013970375061035,6,117,-218,0,43,0.054,-0.0495,199.07,-195.59
1.112194299697876,6,117,-217,0,32,0.0585,-0.09000000000000001,199.07,-195.59
1.123185634613037,6,117,-217,0,21,0.054,-0.0945,199.07,-195.59
1.134202480316162,6,117,-217,0,0,0.06300000000000001,-0.07200000000000001,199.07,-195.59
1.1449813842773438,6,117,-217,0,-10,0.07200000000000001,-0.045000000000000005,199.07,-195.59
1.1557204723358154,6,117,-217,-10,-10,0.0675,0.0,199.07,-195.59
1.1662733554840088,6,117,-217,-5,-5,0.07650000000000001,0.018000000000000002,199.07,-195.59
1.1764533519744873,6,117,-217,0,-10,0.07650000000000001,0.027,199.07,-195.59
1.1865711212158203,6,117,-218,0,0,0.07200000000000001,0.018000000000000002,199.07,-195.59
1.197563648223877,6,117,-218,0,0,0.07650000000000001,0.0135,199.07,-195.59
1.2080066204071045,6,117,-217,0,0,0.06300000000000001,-0.0045000000000000005,199.07,-195.59
1.219008207321167,6,117,-217,0,0,0.0675,-0.0045000000000000005,199.07,-195.59
1.2300019264221191,6,117,-217,0,0,0.081,0.0,199.07,-195.59
1.2410075664520264,6,117,-217,0,0,0.07200000000000001,0.009000000000000001,199.07,-195.59
1.2520091533660889,6,117,-217,0,0,0.081,0.0135,199.07,-195.59
1.2630083560943604,6,117,-217,0,0,0.07650000000000001,0.0135,199.07,-195.59
1.2731168270111084,6,117,-217,0,0,0.0855,0.009000000000000001,199.07,-195.59
1.2834513187408447,6,117,-217,0,0,0.081,0.0,199.07,-195.59
1.2945141792297363,6,117,-217,0,0,0.0855,0.0045000000000000005,199.07,-195.59
1.3056814670562744,6,117,-217,0,0,0.0855,0.0045000000000000005,199.07,-195.59
1.3167712688446045,6,117,-217,0,0,0.07650000000000001,0.0135,199.07,-195.59
1.3269481658935547,6,117,-217,0,0,0.081,0.0135,199.07,-195.59
1.3373737335205078,6,117,-217,0,0,0.081,0.0135,199.07,-195.59
1.348374366760254,6,117,-217,0,0,0.0855,0.0135,199.07,-195.59
1.3593783378601074,6,117,-217,0,0,0.0855,0.009000000000000001,199.07,-195.59
1.3703763484954834,6,117,-217,0,0,0.0855,0.0135,199.07,-195.59
1.381394386291504,6,117,-217,0,0,0.0855,0.0135,199.07,-195.59
1.3923771381378174,6,117,-217,0,0,0.09000000000000001,0.018000000000000002,199.07,-195.59
1.4033796787261963,6,117,-217,0,0,0.09000000000000001,0.018000000000000002,199.07,-195.59
1.4143741130828857,6,117,-217,0,0,0.09000000000000001,0.022500000000000003,199.07,-195.59
1.4253602027893066,6,117,-217,0,0,0.09000000000000001,0.018000000000000002,199.07,-195.59
1.435746192932129,6,117,-217,0,0,0.09000000000000001,0.022500000000000003,199.07,-195.59
1.4461383819580078,6,117,-217,0,0,0.0945,0.022500000000000003,199.07,-195.59
1.4564943313598633,6,117,-217,0,0,0.0945,0.022500000000000003,199.07,-195.59
1.4668846130371094,6,117,-217,0,0,0.09000000000000001,0.022500000000000003,199.07,-195.59
1.4780797958374023,6,117,-217,0,0,0.0945,0.027,199.07,-195.59
1.488204002380371,6,117,-217,0,0,0.0945,0.022500000000000003,199.07,-195.59
1.499239444732666,6,117,-217,0,0,0.099,0.027,199.07,-195.59
1.510113000869751,6,117,-217,0,0,0.0945,0.022500000000000003,199.07,-195.59
1.5211293697357178,6,117,-217,0,0,0.099,0.027,199.07,-195.59
1.5321998596191406,6,117,-217,5,0,0.0945,0.027,199.07,-195.59
1.5429871082305908,6,117,-217,0,0,0.0945,0.027,199.07,-195.59
1.5531377792358398,6,117,-217,0,0,0.10350000000000001,0.027,199.07,-195.59
1.5641961097717285,6,117,-217,0,0,0.0945,0.03150000000000001,199.07,-195.59
1.57486891746521,6,117,-217,0,0,0.099,0.03150000000000001,199.07,-195.59
1.5850398540496826,6,117,-217,0,0,0.0945,0.036000000000000004,199.07,-195.59
1.595235824584961,6,117,-217,0,0,0.099,0.03150000000000001,199.07,-195.59
1.6054811477661133,6,117,-217,0,0,0.099,0.03150000000000001,199.07,-195.59
1.6165204048156738,6,117,-217,0,0,0.099,0.03150000000000001,199.07,-195.59
1.6269609928131104,6,117,-217,0,0,0.099,0.03150000000000001,199.07,-195.59
1.6379599571228027,6,117,-217,0,0,0.099,0.0405,199.07,-195.59
1.648102045059204,6,117,-217,0,0,0.099,0.036000000000000004,199.07,-195.59
1.6584115028381348,6,117,-217,0,0,0.099,0.045000000000000005,199.07,-195.59
1.6689329147338867,6,117,-217,0,0,0.10350000000000001,0.0405,199.07,-195.59
1.6799485683441162,6,117,-217,0,0,0.10350000000000001,0.0405,199.07,-195.59
1.6909470558166504,6,117,-217,0,0,0.10350000000000001,0.0405,199.07,-195.59
1.7014875411987305,6,117,-217,0,0,0.099,0.045000000000000005,199.07,-195.59
1.7125489711761475,6,117,-217,10,0,0.0945,0.0405,199.07,-195.59
1.7233855724334717,6,117,-217,0,0,0.10350000000000001,0.045000000000000005,199.07,-195.59
1.7342488765716553,6,117,-217,0,0,0.099,0.0405,199.07,-195.59
1.745323657989502,6,117,-217,0,0,0.099,0.045000000000000005,199.07,-195.59
1.755784273147583,6,117,-217,0,0,0.10350000000000001,0.045000000000000005,199.07,-195.59
1.7665846347808838,6,117,-217,0,0,0.10350000000000001,0.045000000000000005,199.07,-195.59
1.7768092155456543,6,117,-217,0,0,0.099,0.045000000000000005,199.07,-195.59
1.7870090007781982,6,117,-217,0,0,0.10350000000000001,0.045000000000000005,199.07,-195.59
1.7980437278747559,6,117,-217,5,0,0.0945,0.0495,199.07,-195.59
1.80912184715271,6,117,-217,0,0,0.10350000000000001,0.045000000000000005,199.07,-195.59
1.8193128108978271,6,117,-217,0,0,0.108,0.0495,199.07,-195.59
1.8303053379058838,6,117,-217,0,0,0.10350000000000001,0.0495,199.07,-195.59
1.841303825378418,6,117,-217,0,0,0.099,0.054,199.07,-195.59
1.852264642715454,6,117,-217,0,0,0.10350000000000001,0.054,199.07,-195.59
1.8628618717193604,6,117,-217,0,0,0.108,0.054,199.07,-195.59
1.8738534450531006,6,117,-217,0,0,0.108,0.054,199.07,-195.59
1.8841474056243896,6,117,-217,5,0,0.099,0.0585,199.07,-195.59
1.8944251537322998,6,117,-217,0,0,0.10350000000000001,0.0585,199.07,-195.59
1.9053854942321777,6,117,-217,0,0,0.10350000000000001,0.0495,199.07,-195.59
1.9155192375183105,6,117,-217,0,0,0.10350000000000001,0.0495,199.07,-195.59
1.9257276058197021,6,117,-217,5,0,0.108,0.06300000000000001,199.07,-195.59
1.936264991760254,6,117,-217,0,0,0.108,0.06300000000000001,199.07,-195.59
1.9464976787567139,6,117,-217,0,0,0.108,0.06300000000000001,199.07,-195.59
1.9567687511444092,6,117,-217,0,0,0.10350000000000001,0.0585,199.07,-195.59
1.9675509929656982,6,117,-217,0,0,0.108,0.06300000000000001,199.07,-195.59
1.9783244132995605,6,117,-217,0,5,0.099,0.06300000000000001,199.07,-195.59
1.989283561706543,6,117,-217,0,0,0.10350000000000001,0.06300000000000001,199.07,-195.59
2.000326156616211,6,117,-217,0,0,0.108,0.0675,199.07,-195.59
2.010890007019043,6,117,-217,0,0,0.108,0.06300000000000001,199.07,-195.59
2.021486282348633,6,117,-217,0,0,0.108,0.0675,199.07,-195.59
2.0324907302856445,6,117,-217,0,0,0.10350000000000001,0.0675,199.07,-195.59
2.043485164642334,6,117,-217,0,0,0.10350000000000001,0.0675,199.07,-195.59
2.0544872283935547,6,117,-217,0,0,0.117,0.0675,199.07,-195.59
2.0654897689819336,6,117,-217,0,0,0.1125,0.07200000000000001,199.07,-195.59
2.076197385787964,6,117,-217,0,0,0.10350000000000001,0.0675,199.07,-195.59
2.087212562561035,6,117,-217,0,0,0.108,0.0675,199.07,-195.59
2.0982110500335693,6,117,-217,0,0,0.108,0.07200000000000001,199.07,-195.59
2.1092147827148438,6,117,-217,0,0,0.10350000000000001,0.07200000000000001,199.07,-195.59
2.119757652282715,6,117,-217,0,0,0.108,0.07650000000000001,199.07,-195.59
2.1302833557128906,6,117,-217,0,0,0.108,0.0675,199.07,-195.59
2.1407124996185303,6,117,-217,0,0,0.10350000000000001,0.07200000000000001,199.07,-195.59
2.151073455810547,6,117,-217,0,0,0.108,0.0675,199.07,-195.59
2.161328077316284,6,117,-217,0,0,0.117,0.07200000000000001,199.07,-195.59
2.1715211868286133,6,117,-217,0,0,0.10350000000000001,0.07200000000000001,199.07,-195.59
2.1819865703582764,6,117,-217,0,0,0.10350000000000001,0.07650000000000001,199.07,-195.59
2.192434072494507,6,117,-217,0,0,0.1125,0.0675,199.07,-195.59
2.202812671661377,6,117,-217,0,0,0.108,0.07650000000000001,199.07,-195.59
2.213266611099243,6,117,-217,0,0,0.108,0.07200000000000001,199.07,-195.59
2.2235910892486572,6,117,-217,0,0,0.10350000000000001,0.07650000000000001,199.07,-195.59
2.234225034713745,6,117,-217,0,0,0.099,0.07650000000000001,199.07,-195.59
2.2447099685668945,6,117,-217,0,0,0.10350000000000001,0.07650000000000001,199.07,-195.59
2.255091905593872,6,117,-217,0,0,0.108,0.07650000000000001,199.07,-195.59
2.265449285507202,6,117,-217,0,0,0.108,0.081,199.07,-195.59
2.275836706161499,6,117,-217,0,0,0.108,0.081,199.07,-195.59
2.2862493991851807,6,117,-217,0,0,0.108,0.081,199.07,-195.59
2.296863079071045,6,117,-217,0,0,0.10350000000000001,0.07650000000000001,199.07,-195.59
2.3072781562805176,6,117,-217,0,0,0.10350000000000001,0.081,199.07,-195.59
2.317784070968628,6,117,-217,0,0,0.108,0.081,199.07,-195.59
2.3282363414764404,6,117,-217,0,0,0.108,0.081,199.07,-195.59
2.3389291763305664,6,117,-217,0,0,0.108,0.081,199.07,-195.59
2.349595546722412,6,117,-217,0,0,0.1125,0.0855,199.07,-195.59
2.3603878021240234,6,117,-217,0,0,0.108,0.0855,199.07,-195.59
2.3706774711608887,6,117,-217,0,0,0.108,0.0855,199.07,-195.59
2.380967855453491,6,117,-217,0,0,0.108,0.09000000000000001,199.07,-195.59
2.3911640644073486,6,117,-217,0,0,0.0945,0.09000000000000001,199.07,-195.59
2.401437759399414,6,117,-217,0,0,0.1125,0.0855,199.07,-195.59
2.4120497703552246,6,117,-217,0,0,0.1125,0.09000000000000001,199.07,-195.59
2.4226114749908447,6,117,-217,0,0,0.108,0.0855,199.07,-195.59
2.4328439235687256,6,117,-217,0,0,0.108,0.09000000000000001,199.07,-195.59
2.4438436031341553,6,117,-217,0,0,0.1125,0.0855,199.07,-195.59
2.454843759536743,6,117,-217,0,0,0.108,0.09000000000000001,199.07,-195.59
2.465843677520752,6,117,-217,0,0,0.1125,0.09000000000000001,199.07,-195.59
2.4768941402435303,6,117,-217,0,0,0.1125,0.09000000000000001,199.07,-195.59
2.4879508018493652,6,117,-217,0,0,0.1125,0.09000000000000001,199.07,-195.59
2.4985148906707764,6,117,-217,0,0,0.1125,0.09000000000000001,199.07,-195.59
2.509577989578247,6,117,-217,0,0,0.10350000000000001,0.0945,199.07,-195.59
2.521573543548584,6,117,-217,0,0,0.1125,0.099,199.07,-195.59
0.010999679565429688,7,117,-217,0,0,0.022500000000000003,0.0135,135.0,-135.0
0.023001909255981445,7,117,-217,0,-5,-0.0,0.0,135.0,-135.0
0.03396272659301758,7,117,-217,0,0,-0.0,0.0,135.0,-135.0
0.04486680030822754,7,117,-217,-10,0,-0.0,0.0,135.0,-135.0
0.055797576904296875,7,117,-217,-10,0,-0.0,0.0,135.0,-135.0
0.06685805320739746,7,117,-217,-16,0,-0.0,0.0,135.0,-135.0
0.07786035537719727,7,117,-217,-16,0,-0.0,0.0,135.0,-135.0
0.08884692192077637,7,117,-217,0,0,-0.0,0.0,135.0,-135.0
0.09981966018676758,7,117,-217,0,0,-0.0,0.0,135.0,-135.0
0.11085867881774902,7,117,-217,0,0,-0.0,0.0,135.0,-135.0
0.12184715270996094,7,117,-217,0,0,-0.0,0.0,135.0,-135.0
0.13245177268981934,7,117,-217,0,0,-0.0,0.0,135.0,-135.0
0.143510103225708,7,117,-217,5,0,-0.0,0.0,135.0,-135.0
0.1545085906982422,7,117,-217,0,0,-0.0,0.0,135.0,-135.0
0.16515779495239258,7,117,-217,0,0,-0.0,0.0,135.0,-135.0
0.17615962028503418,7,117,-217,0,0,-0.0,0.0,135.0,-135.0
0.1870276927947998,7,117,-217,0,0,-0.0,0.0,135.0,-135.0
0.19802546501159668,7,117,-217,-10,0,-0.0,0.0,135.0,-135.0
0.20861220359802246,7,117,-217,-5,0,-0.0,0.0,135.0,-135.0
0.21961402893066406,7,117,-217,0,0,-0.0,0.0,135.0,-135.0
0.23023581504821777,7,117,-217,0,0,-0.0,0.0,135.0,-135.0
0.24123549461364746,7,117,-217,0,0,-0.0,0.0,135.0,-135.0
0.25223493576049805,7,117,-217,0,0,-0.0,0.0,135.0,-135.0
0.26323652267456055,7,117,-217,0,0,-0.0,0.0,135.0,-135.0
0.27423691749572754,7,117,-217,0,0,-0.0,0.0,135.0,-135.0
0.2852356433868408,7,117,-217,0,0,-0.0,0.0,135.0,-135.0
0.2961997985839844,7,117,-217,0,0,-0.0,0.0,135.0,-135.0
0.3072347640991211,7,117,-217,0,0,-0.0,0.0,135.0,-135.0
0.3182368278503418,7,117,-217,-5,0,-0.0,0.0,135.0,-135.0
0.32920074462890625,7,117,-217,-5,0,-0.0,0.0,135.0,-135.0
0.34023618698120117,7,117,-217,0,0,-0.0,-0.0045000000000000005,135.0,-135.0
0.35083580017089844,7,117,-217,0,0,-0.0,0.0,135.0,-135.0
0.36145520210266113,7,117,-217,0,0,-0.0,0.0,135.0,-135.0
0.3724839687347412,7,117,-217,0,0,-0.0,0.0,135.0,-135.0
0.3834691047668457,7,117,-217,0,0,-0.0,0.0,135.0,-135.0
0.3936150074005127,7,117,-217,0,0,-0.0,0.0,135.0,-135.0
0.4037752151489258,7,117,-217,0,0,-0.0,0.0,135.0,-135.0
0.41397809982299805,7,117,-217,0,0,-0.0,0.0,135.0,-135.0
0.4249846935272217,7,117,-217,0,0,-0.0,0.0,135.0,-135.0
0.43511533737182617,7,117,-217,0,0,-0.0,0.0,135.0,-135.0
0.4454672336578369,7,117,-217,0,0,-0.0,0.0,135.0,-135.0
0.4564955234527588,7,117,-217,0,0,-0.0,0.0,135.0,-135.0
0.46749043464660645,7,117,-217,0,0,-0.0,0.0,135.0,-135.0
0.4780912399291992,7,117,-217,0,0,-0.0,0.0,135.0,-135.0
0.48905444145202637,7,117,-217,0,0,-0.0,0.0,135.0,-135.0
0.4992403984069824,7,117,-217,0,0,-0.0,0.0,135.0,-135.0
0.5097882747650146,7,117,-217,0,0,-0.0,0.0,135.0,-135.0
0.521873950958252,7,117,-217,0,0,-0.0,0.0,135.0,-135.0
0.5323996543884277,7,117,-217,0,0,-0.0,0.0,135.0,-135.0
0.5434842109680176,7,117,-217,0,10,0.28350000000000003,0.28350000000000003,135.0,-135.0
0.5545241832733154,7,117,-217,32,21,0.5535,0.5265,135.0,-135.0
0.5655422210693359,7,118,-217,60,54,0.774,0.8190000000000001,135.0,-135.0
0.5764808654785156,7,119,-216,109,109,0.9900000000000001,0.9945,135.0,-135.0
0.5870876312255859,7,120,-215,153,153,0.9765,0.9720000000000001,135.0,-135.0
0.5980641841888428,7,122,-213,197,203,0.882,0.8415,135.0,-135.0
0.6090281009674072,7,125,-210,241,252,0.6705,0.6255000000000001,135.0,-135.0
0.6200275421142578,7,128,-207,269,285,0.5175000000000001,0.42750000000000005,135.0,-135.0
0.6310269832611084,7,131,-203,285,313,0.29700000000000004,0.216,135.0,-135.0
0.6420290470123291,7,134,-200,280,307,0.18450000000000003,0.022500000000000003,135.0,-135.0
0.6530420780181885,7,137,-196,291,291,0.0675,-0.378,135.0,-135.0
0.6640267372131348,7,140,-193,285,263,-0.027,-0.7515,135.0,-135.0
0.6750264167785645,7,143,-191,269,197,-0.1935,-0.9855,135.0,-135.0
0.6859993934631348,7,146,-189,247,120,-0.24750000000000003,-1.1655,135.0,-135.0
0.6970558166503906,7,149,-188,219,43,-0.2025,-1.1655,135.0,-135.0
0.7076523303985596,7,151,-188,203,-27,-0.18450000000000003,-0.9135000000000001,135.0,-135.0
0.7184202671051025,7,153,-189,192,-82,-0.15300000000000002,-0.6885,135.0,-135.0
0.7292256355285645,7,155,-190,186,-115,-0.12150000000000001,-0.40950000000000003,135.0,-135.0
0.739469051361084,7,157,-191,170,-131,-0.06300000000000001,-0.2025,135.0,-135.0
0.7505581378936768,7,159,-192,159,-137,-0.0,-0.0405,135.0,-135.0
0.7615666389465332,7,161,-194,153,-126,0.09000000000000001,0.225,135.0,-135.0
0.7718510627746582,7,163,-195,159,-93,0.18450000000000003,0.2655,135.0,-135.0
0.7820470333099365,7,165,-196,175,-49,0.2025,0.279,135.0,-135.0
0.7929825782775879,7,167,-196,186,-10,0.18000000000000002,0.24300000000000002,135.0,-135.0
0.8040401935577393,7,169,-196,203,5,0.15300000000000002,0.171,135.0,-135.0
0.8150322437286377,7,171,-196,208,21,0.14400000000000002,0.0855,135.0,-135.0
0.8261795043945312,7,173,-196,208,27,0.12150000000000001,0.0405,135.0,-135.0
0.8364119529724121,7,176,-195,214,27,0.099,0.0,135.0,-135.0
0.8474032878875732,7,178,-195,208,16,0.06300000000000001,-0.027,135.0,-135.0
0.8584127426147461,7,180,-195,214,5,0.054,-0.0405,135.0,-135.0
0.869436502456665,7,183,-195,214,0,0.03150000000000001,-0.018000000000000002,135.0,-135.0
0.8795962333679199,7,185,-195,208,-5,0.022500000000000003,0.0,135.0,-135.0
0.8898968696594238,7,187,-195,203,-5,0.009000000000000001,0.0,135.0,-135.0
0.9008970260620117,7,189,-195,203,0,0.03150000000000001,0.027,135.0,-135.0
0.9110209941864014,7,192,-195,203,0,0.027,0.027,135.0,-135.0
0.9214298725128174,7,192,-195,203,0,0.027,0.018000000000000002,135.0,-135.0
0.9324188232421875,7,194,-195,197,0,0.027,0.009000000000000001,135.0,-135.0
0.9426977634429932,7,196,-195,186,5,0.045000000000000005,0.0,135.0,-135.0
0.9529881477355957,7,198,-195,186,0,-0.07200000000000001,0.0,135.0,-135.0
0.9639866352081299,7,200,-195,148,-16,-0.3825,0.022500000000000003,135.0,-135.0
0.9745430946350098,7,201,-195,104,0,-0.5805,0.018000000000000002,135.0,-135.0
0.9854736328125,7,202,-195,43,0,-0.6210000000000001,0.027,135.0,-135.0
0.9956464767456055,7,202,-195,0,0,-0.48600000000000004,0.018000000000000002,135.0,-135.0
1.0058996677398682,7,202,-195,-38,0,-0.36450000000000005,0.0135,135.0,-135.0
1.0168919563293457,7,202,-195,-54,0,-0.198,0.0135,135.0,-135.0
1.0270323753356934,7,201,-195,-65,0,-0.09000000000000001,0.0135,135.0,-135.0
1.0371594429016113,7,200,-195,-65,0,-0.0135,0.009000000000000001,135.0,-135.0
1.0481703281402588,7,199,-195,-54,0,0.06300000000000001,0.0135,135.0,-135.0
1.0584707260131836,7,199,-195,-38,0,0.15750000000000003,0.0045000000000000005,135.0,-135.0
1.0694873332977295,7,198,-195,-21,0,0.14850000000000002,0.0045000000000000005,135.0,-135.0
1.0804874897003174,7,198,-195,-5,0,0.117,0.009000000000000001,135.0,-135.0
1.0914647579193115,7,198,-195,16,0,0.0675,0.009000000000000001,135.0,-135.0
1.1024880409240723,7,198,-195,27,0,0.018000000000000002,0.018000000000000002,135.0,-135.0
1.1135027408599854,7,199,-195,16,0,-0.0,0.0135,135.0,-135.0
1.1244888305664062,7,199,-195,5,0,-0.027,0.0045000000000000005,135.0,-135.0
1.1354875564575195,7,199,-195,0,0,-0.022500000000000003,0.018000000000000002,135.0,-135.0
1.1464905738830566,7,199,-195,-10,0,-0.0,0.009000000000000001,135.0,-135.0
1.1574313640594482,7,199,-195,-21,0,0.027,0.0135,135.0,-135.0
1.1684322357177734,7,199,-195,-5,0,0.036000000000000004,0.009000000000000001,135.0,-135.0
1.179457187652588,7,199,-195,0,0,0.0405,0.0135,135.0,-135.0
1.1898140907287598,7,199,-195,5,0,0.027,0.018000000000000002,135.0,-135.0
1.2003545761108398,7,199,-195,10,0,0.018000000000000002,0.009000000000000001,135.0,-135.0
1.2113990783691406,7,199,-195,0,0,-0.0045000000000000005,0.018000000000000002,135.0,-135.0
1.2225494384765625,7,199,-195,0,0,-0.0,0.0045000000000000005,135.0,-135.0
1.2335705757141113,7,199,-195,0,0,0.022500000000000003,0.0045000000000000005,135.0,-135.0
1.243659496307373,7,199,-195,0,0,0.022500000000000003,0.0,135.0,-135.0
1.2546868324279785,7,199,-195,0,0,0.03150000000000001,0.0045000000000000005,135.0,-135.0
1.2649643421173096,7,199,-195,0,0,0.018000000000000002,0.0135,135.0,-135.0
1.2760324478149414,7,199,-195,0,0,0.018000000000000002,0.0045000000000000005,135.0,-135.0
1.2871696949005127,7,199,-195,0,0,0.018000000000000002,0.009000000000000001,135.0,-135.0
1.2973828315734863,7,199,-195,0,0,0.0135,0.0,135.0,-135.0
1.3075175285339355,7,199,-195,0,0,0.018000000000000002,0.0135,135.0,-135.0
1.318526029586792,7,199,-195,0,0,-0.0,0.0045000000000000005,135.0,-135.0
1.3294684886932373,7,199,-195,-5,0,0.0135,0.0045000000000000005,135.0,-135.0
1.3404734134674072,7,199,-195,0,0,0.018000000000000002,0.0,135.0,-135.0
1.3514459133148193,7,199,-195,0,0,0.018000000000000002,0.0045000000000000005,135.0,-135.0
1.3619563579559326,7,199,-195,0,0,0.0135,0.0045000000000000005,135.0,-135.0
1.3725543022155762,7,199,-195,0,0,0.018000000000000002,0.0,135.0,-135.0
1.3829548358917236,7,199,-195,0,0,0.0045000000000000005,0.0,135.0,-135.0
1.3931097984313965,7,199,-195,0,0,0.009000000000000001,0.009000000000000001,135.0,-135.0
1.4042391777038574,7,199,-195,0,0,-0.0,0.0135,135.0,-135.0
1.4145290851593018,7,199,-195,0,0,0.0045000000000000005,0.009000000000000001,135.0,-135.0
1.425384283065796,7,199,-195,0,0,0.0045000000000000005,0.0045000000000000005,135.0,-135.0
1.435544729232788,7,199,-195,0,0,0.0045000000000000005,0.0045000000000000005,135.0,-135.0
1.4465460777282715,7,199,-195,0,0,0.022500000000000003,0.0,135.0,-135.0
1.4575581550598145,7,199,-195,0,0,-0.0,0.009000000000000001,135.0,-135.0
1.4680161476135254,7,199,-195,0,0,0.009000000000000001,0.009000000000000001,135.0,-135.0
1.4791858196258545,7,199,-195,0,0,0.009000000000000001,0.0,135.0,-135.0
1.4894375801086426,7,199,-195,0,0,-0.009000000000000001,0.009000000000000001,135.0,-135.0
1.5004568099975586,7,199,-195,0,0,0.009000000000000001,0.0045000000000000005,135.0,-135.0
1.510953664779663,7,199,-195,0,0,-0.0,0.0045000000000000005,135.0,-135.0
1.5216023921966553,7,199,-195,0,0,-0.0,0.009000000000000001,135.0,-135.0
1.5325803756713867,7,199,-195,0,0,-0.0,0.009000000000000001,135.0,-135.0
1.5429327487945557,7,199,-195,0,0,0.0045000000000000005,0.0045000000000000005,135.0,-135.0
1.5531747341156006,7,199,-195,0,0,-0.0045000000000000005,0.0045000000000000005,135.0,-135.0
1.5639925003051758,7,199,-195,0,0,-0.0,0.009000000000000001,135.0,-135.0
1.5746383666992188,7,199,-195,0,0,-0.0,0.0,135.0,-135.0
1.585716724395752,7,199,-195,0,0,-0.0,0.0,135.0,-135.0
1.5959727764129639,7,199,-195,0,0,-0.0,0.0,135.0,-135.0
1.6069447994232178,7,199,-195,0,0,-0.0,0.0,135.0,-135.0
1.6177277565002441,7,199,-195,0,0,-0.009000000000000001,0.0045000000000000005,135.0,-135.0
1.6284816265106201,7,199,-195,0,0,-0.0,0.0,135.0,-135.0
1.6386420726776123,7,199,-195,0,0,-0.0045000000000000005,0.009000000000000001,135.0,-135.0
1.6497323513031006,7,199,-195,0,0,-0.0045000000000000005,0.009000000000000001,135.0,-135.0
1.660740852355957,7,199,-195,0,0,0.0045000000000000005,0.0,135.0,-135.0
1.6715643405914307,7,199,-195,0,0,0.0045000000000000005,0.0,135.0,-135.0
1.682572603225708,7,199,-195,0,0,-0.0045000000000000005,0.0045000000000000005,135.0,-135.0
1.6935646533966064,7,199,-195,0,0,-0.0,0.0,135.0,-135.0
1.7045807838439941,7,199,-195,0,0,0.0045000000000000005,0.0045000000000000005,135.0,-135.0
1.7155146598815918,7,199,-195,0,0,-0.0,0.0,135.0,-135.0
1.7265920639038086,7,199,-195,0,0,-0.0045000000000000005,0.0,135.0,-135.0
1.7367222309112549,7,199,-195,0,0,-0.0135,0.0045000000000000005,135.0,-135.0
1.7477529048919678,7,199,-195,0,0,-0.0135,0.009000000000000001,135.0,-135.0
1.757901906967163,7,199,-195,0,0,-0.0045000000000000005,0.0045000000000000005,135.0,-135.0
1.768038034439087,7,199,-195,0,0,0.009000000000000001,0.0,135.0,-135.0
1.7783379554748535,7,199,-195,0,0,-0.009000000000000001,0.0045000000000000005,135.0,-135.0
1.789400339126587,7,199,-195,0,0,-0.0,0.009000000000000001,135.0,-135.0
1.8003978729248047,7,199,-195,0,0,-0.018000000000000002,0.0,135.0,-135.0
1.8114054203033447,7,199,-195,0,0,-0.0,0.0,135.0,-135.0
1.8223981857299805,7,199,-195,0,0,-0.027,0.0,135.0,-135.0
1.8331353664398193,7,199,-195,0,0,-0.018000000000000002,0.0,135.0,-135.0
1.8441243171691895,7,199,-195,0,0,-0.009000000000000001,0.0,135.0,-135.0
1.855137586593628,7,199,-195,0,0,-0.0,0.0,135.0,-135.0
1.8661384582519531,7,199,-195,0,0,-0.0045000000000000005,0.0,135.0,-135.0
1.877129077911377,7,199,-195,0,0,-0.0045000000000000005,0.0,135.0,-135.0
1.8881332874298096,7,199,-195,0,0,-0.0045000000000000005,0.0,135.0,-135.0
1.8991708755493164,7,199,-195,0,0,-0.009000000000000001,0.0,135.0,-135.0
1.9101383686065674,7,199,-195,0,0,-0.0135,0.0,135.0,-135.0
1.9208662509918213,7,199,-195,0,0,-0.0135,0.0045000000000000005,135.0,-135.0
1.931868076324463,7,199,-195,0,0,-0.022500000000000003,-0.0045000000000000005,135.0,-135.0
1.9428675174713135,7,199,-195,0,0,-0.009000000000000001,0.0,135.0,-135.0
1.9538652896881104,7,199,-195,0,0,-0.018000000000000002,0.0,135.0,-135.0
1.9641540050506592,7,199,-195,0,0,-0.018000000000000002,0.0,135.0,-135.0
1.9751670360565186,7,199,-195,0,0,-0.009000000000000001,0.0,135.0,-135.0
1.986168384552002,7,199,-195,0,0,-0.0135,0.0045000000000000005,135.0,-135.0
1.997166395187378,7,199,-195,0,0,-0.018000000000000002,0.0045000000000000005,135.0,-135.0
2.0081965923309326,7,199,-195,0,0,-0.022500000000000003,-0.0045000000000000005,135.0,-135.0
2.0191707611083984,7,199,-195,0,0,-0.0135,0.0,135.0,-135.0
2.029446840286255,7,199,-195,0,0,-0.027,0.0,135.0,-135.0
2.03969669342041,7,199,-195,0,0,-0.018000000000000002,0.0,135.0,-135.0
2.050541400909424,7,199,-195,0,0,-0.018000000000000002,-0.0045000000000000005,135.0,-135.0
2.0608246326446533,7,199,-195,0,0,-0.0405,-0.0045000000000000005,135.0,-135.0
2.071049451828003,7,199,-195,0,0,-0.03150000000000001,-0.0045000000000000005,135.0,-135.0
2.0815348625183105,7,199,-195,0,0,-0.0135,0.0,135.0,-135.0
2.0921287536621094,7,199,-195,0,0,-0.018000000000000002,0.0,135.0,-135.0
2.1026246547698975,7,199,-195,0,0,-0.022500000000000003,-0.0045000000000000005,135.0,-135.0
2.1128180027008057,7,199,-195,0,0,-0.022500000000000003,0.0,135.0,-135.0
2.123030424118042,7,199,-195,0,0,-0.018000000000000002,-0.009000000000000001,135.0,-135.0
2.133309841156006,7,199,-195,0,0,-0.009000000000000001,0.0,135.0,-135.0
2.1436309814453125,7,199,-195,0,0,-0.009000000000000001,-0.0045000000000000005,135.0,-135.0
2.1540279388427734,7,199,-195,0,0,-0.0135,-0.0045000000000000005,135.0,-135.0
2.1641411781311035,7,199,-195,0,0,-0.0135,0.0,135.0,-135.0
2.1746532917022705,7,199,-195,0,0,-0.03150000000000001,0.0,135.0,-135.0
2.185039758682251,7,199,-195,0,0,-0.009000000000000001,-0.0045000000000000005,135.0,-135.0
2.1952950954437256,7,199,-195,0,0,-0.036000000000000004,0.0,135.0,-135.0
2.205650806427002,7,199,-195,0,0,-0.0135,0.0,135.0,-135.0
2.2159314155578613,7,199,-195,0,0,-0.018000000000000002,-0.009000000000000001,135.0,-135.0
2.226611614227295,7,199,-195,0,0,-0.022500000000000003,0.0,135.0,-135.0
2.2367987632751465,7,199,-195,0,0,-0.018000000000000002,-0.0045000000000000005,135.0,-135.0
2.2469961643218994,7,199,-195,0,0,-0.027,-0.009000000000000001,135.0,-135.0
2.2573416233062744,7,199,-195,0,0,-0.0045000000000000005,0.0,135.0,-135.0
2.267524003982544,7,199,-195,0,0,-0.018000000000000002,-0.009000000000000001,135.0,-135.0
2.27801251411438,7,199,-195,0,0,-0.022500000000000003,-0.009000000000000001,135.0,-135.0
2.288558006286621,7,199,-195,0,0,-0.022500000000000003,-0.009000000000000001,135.0,-135.0
2.298903703689575,7,199,-195,0,0,-0.009000000000000001,-0.009000000000000001,135.0,-135.0
2.309399127960205,7,199,-195,0,0,-0.0135,0.0,135.0,-135.0
2.3196122646331787,7,199,-195,0,0,-0.018000000000000002,-0.009000000000000001,135.0,-135.0
2.330153226852417,7,199,-195,0,0,-0.03150000000000001,-0.009000000000000001,135.0,-135.0
2.3408772945404053,7,199,-195,0,0,-0.03150000000000001,-0.0045000000000000005,135.0,-135.0
2.351907730102539,7,199,-195,0,0,-0.027,-0.0045000000000000005,135.0,-135.0
2.3629682064056396,7,199,-195,0,0,-0.036000000000000004,-0.018000000000000002,135.0,-135.0
2.3737807273864746,7,199,-195,0,0,-0.022500000000000003,-0.009000000000000001,135.0,-135.0
2.384845495223999,7,199,-195,0,0,-0.027,-0.009000000000000001,135.0,-135.0
2.395911455154419,7,199,-195,0,0,-0.03150000000000001,-0.0045000000000000005,135.0,-135.0
2.406977415084839,7,199,-195,0,0,-0.018000000000000002,-0.009000000000000001,135.0,-135.0
2.417818784713745,7,199,-195,0,0,-0.018000000000000002,-0.018000000000000002,135.0,-135.0
2.4288840293884277,7,199,-195,-5,0,-0.018000000000000002,-0.0045000000000000005,135.0,-135.0
2.4399495124816895,7,199,-195,0,0,-0.022500000000000003,-0.0135,135.0,-135.0
2.4507548809051514,7,199,-195,0,0,-0.03150000000000001,-0.0045000000000000005,135.0,-135.0
2.4614477157592773,7,199,-195,0,0,-0.027,-0.009000000000000001,135.0,-135.0
2.472093105316162,7,199,-195,0,0,-0.0135,-0.0135,135.0,-135.0
2.4830446243286133,7,199,-195,0,0,-0.027,-0.009000000000000001,135.0,-135.0
2.4933292865753174,7,199,-195,0,0,-0.027,-0.0045000000000000005,135.0,-135.0
2.504087448120117,7,199,-195,0,0,-0.022500000000000003,-0.009000000000000001,135.0,-135.0
2.5317137241363525,7,199,-195,0,0,-0.0135,-0.0045000000000000005,135.0,-135.0
0.010861635208129883,8,199,-195,0,0,-0.0045000000000000005,0.0,117.91,-217.76
0.03185105323791504,8,199,-195,0,0,-0.0,0.0,117.91,-217.76
0.042479753494262695,8,199,-195,0,0,0.0045000000000000005,0.009000000000000001,117.91,-217.76
0.05348372459411621,8,199,-195,0,0,-0.0,0.0045000000000000005,117.91,-217.76
0.06448149681091309,8,199,-195,0,0,0.0045000000000000005,0.0,117.91,-217.76
0.07547879219055176,8,199,-195,-5,0,-0.0,0.0,117.91,-217.76
0.08565855026245117,8,199,-195,0,0,-0.0,0.0,117.91,-217.76
0.09667038917541504,8,199,-195,0,0,-0.009000000000000001,0.0,117.91,-217.76
0.10718989372253418,8,199,-195,0,0,0.0045000000000000005,0.0,117.91,-217.76
0.11770963668823242,8,199,-195,0,0,-0.0135,0.0,117.91,-217.76
0.12824106216430664,8,199,-195,0,0,0.0045000000000000005,0.0045000000000000005,117.91,-217.76
0.13909649848937988,8,199,-195,0,0,-0.0045000000000000005,0.0,117.91,-217.76
0.15013670921325684,8,199,-195,0,0,-0.0,0.0,117.91,-217.76
0.16113734245300293,8,199,-195,0,0,0.0045000000000000005,0.0,117.91,-217.76
0.17175889015197754,8,199,-195,0,0,-0.0,0.0,117.91,-217.76
0.18275880813598633,8,199,-195,0,0,-0.009000000000000001,0.0,117.91,-217.76
0.19376087188720703,8,199,-195,0,0,-0.0,0.0045000000000000005,117.91,-217.76
0.20482110977172852,8,199,-195,0,0,-0.009000000000000001,0.0,117.91,-217.76
0.21582245826721191,8,199,-195,0,0,-0.009000000000000001,0.0,117.91,-217.76
0.2268226146697998,8,199,-195,0,0,0.0045000000000000005,0.0,117.91,-217.76
0.2378232479095459,8,199,-195,0,0,-0.0045000000000000005,0.0045000000000000005,117.91,-217.76
0.2485201358795166,8,199,-195,-5,0,-0.0,0.0,117.91,-217.76
0.2595200538635254,8,199,-195,0,0,-0.0045000000000000005,0.0,117.91,-217.76
0.2705206871032715,8,199,-195,0,0,-0.0045000000000000005,0.0,117.91,-217.76
0.28067564964294434,8,199,-195,0,0,0.0045000000000000005,0.0,117.91,-217.76
0.2912626266479492,8,199,-195,0,0,-0.0,0.0,117.91,-217.76
0.30140066146850586,8,199,-195,0,0,-0.0,-0.0045000000000000005,117.91,-217.76
0.3123960494995117,8,199,-195,0,0,-0.0045000000000000005,0.0,117.91,-217.76
0.3233954906463623,8,199,-195,0,0,0.0045000000000000005,-0.0045000000000000005,117.91,-217.76
0.3343958854675293,8,199,-195,0,0,-0.0,0.0,117.91,-217.76
0.3454427719116211,8,199,-195,0,0,0.009000000000000001,0.0,117.91,-217.76
0.35570406913757324,8,199,-195,0,0,-0.0045000000000000005,-0.0045000000000000005,117.91,-217.76
0.3667001724243164,8,199,-195,0,0,-0.0,0.0,117.91,-217.76
0.3777158260345459,8,199,-195,0,0,-0.0,0.0,117.91,-217.76
0.3879561424255371,8,199,-195,0,0,-0.0,0.0,117.91,-217.76
0.3991255760192871,8,199,-195,0,0,0.0045000000000000005,0.0,117.91,-217.76
0.4102792739868164,8,199,-195,0,0,-0.0,0.0,117.91,-217.76
0.4206724166870117,8,199,-195,0,0,0.0045000000000000005,0.0,117.91,-217.76
0.4316446781158447,8,199,-195,0,0,-0.0,0.009000000000000001,117.91,-217.76
0.44182586669921875,8,199,-195,0,0,-0.0,0.009000000000000001,117.91,-217.76
0.45272207260131836,8,199,-195,0,0,0.0045000000000000005,0.0,117.91,-217.76
0.46372270584106445,8,199,-195,0,0,0.0045000000000000005,0.0,117.91,-217.76
0.4746818542480469,8,199,-195,0,0,-0.0,0.0,117.91,-217.76
0.48572397232055664,8,199,-195,0,0,-0.0,-0.009000000000000001,117.91,-217.76
0.49672746658325195,8,199,-195,0,0,-0.0,0.0,117.91,-217.76
0.5077109336853027,8,199,-195,0,0,-0.0,0.0,117.91,-217.76
0.5197339057922363,8,199,-195,0,0,-0.0,0.0,117.91,-217.76
0.5308597087860107,8,199,-195,-10,0,-0.261,0.15300000000000002,117.91,-217.76
0.5413177013397217,8,198,-195,-32,0,-0.4365,0.15300000000000002,117.91,-217.76
0.5514774322509766,8,198,-195,-32,21,-0.4365,0.42300000000000004,117.91,-217.76
0.5624756813049316,8,198,-194,-76,60,-0.675,0.675,117.91,-217.76
0.5726020336151123,8,197,-193,-137,115,-0.7605,0.783,117.91,-217.76
0.5831470489501953,8,195,-191,-203,181,-0.6525,0.7065,117.91,-217.76
0.5939435958862305,8,192,-189,-230,219,-0.5040000000000001,0.6075,117.91,-217.76
0.6049308776855469,8,189,-187,-258,241,-0.3825,0.48600000000000004,117.91,-217.76
0.6159231662750244,8,187,-184,-269,258,-0.24750000000000003,0.41400000000000003,117.91,-217.76
0.6269171237945557,8,184,-181,-258,263,-0.14400000000000002,0.2205,117.91,-217.76
0.6373076438903809,8,181,-178,-263,274,-0.0495,0.1305,117.91,-217.76
0.6475872993469238,8,178,-175,-252,258,-0.0,0.054,117.91,-217.76
0.6579892635345459,8,175,-172,-236,258,0.022500000000000003,0.0135,117.91,-217.76
0.6681923866271973,8,173,-170,-236,247,0.0855,-0.022500000000000003,117.91,-217.76
0.6786003112792969,8,170,-167,-219,230,0.10350000000000001,-0.099,117.91,-217.76
0.6890251636505127,8,168,-164,-203,219,0.0855,-0.0855,117.91,-217.76
0.6994037628173828,8,165,-162,-175,197,0.036000000000000004,-0.0495,117.91,-217.76
0.7095386981964111,8,163,-162,-175,197,-0.009000000000000001,-0.0495,117.91,-217.76
0.7205290794372559,8,161,-158,-186,170,-0.045000000000000005,0.018000000000000002,117.91,-217.76
0.7315337657928467,8,160,-156,-175,175,-0.0585,0.10350000000000001,117.91,-217.76
0.7418463230133057,8,160,-156,-175,175,-0.0585,0.10350000000000001,117.91,-217.76
0.7530593872070312,8,156,-154,-153,175,0.42300000000000004,0.14850000000000002,117.91,-217.76
0.763218879699707,8,156,-152,-153,170,0.42300000000000004,0.216,117.91,-217.76
0.7734408378601074,8,154,-150,-104,170,0.7065,0.24300000000000002,117.91,-217.76
0.7835171222686768,8,153,-148,-60,181,0.7695,0.31500000000000006,117.91,-217.76
0.7936868667602539,8,153,-146,-27,186,0.6885,0.31050000000000005,117.91,-217.76
0.8046002388000488,8,153,-144,27,186,0.5670000000000001,0.31050000000000005,117.91,-217.76
0.8147897720336914,8,153,-142,60,214,0.4545,0.30600000000000005,117.91,-217.76
0.8257882595062256,8,154,-140,60,208,0.29700000000000004,0.27,117.91,-217.76
0.8365397453308105,8,155,-137,76,208,0.1665,0.25200000000000006,117.91,-217.76
0.8468291759490967,8,156,-135,76,208,0.0585,0.2655,117.91,-217.76
0.8578431606292725,8,156,-133,71,214,-0.009000000000000001,0.1665,117.91,-217.76
0.8688673973083496,8,157,-130,54,230,-0.0945,0.14850000000000002,117.91,-217.76
0.8799309730529785,8,158,-128,27,219,-0.135,0.0945,117.91,-217.76
0.8902645111083984,8,158,-125,16,219,-0.14400000000000002,0.0675,117.91,-217.76
0.901085615158081,8,158,-123,5,225,-0.117,0.027,117.91,-217.76
0.911212682723999,8,158,-120,-10,219,-0.0855,0.009000000000000001,117.91,-217.76
0.9216482639312744,8,158,-118,-16,214,-0.027,-0.009000000000000001,117.91,-217.76
0.9326481819152832,8,158,-115,-16,208,0.022500000000000003,-0.03150000000000001,117.91,-217.76
0.9431381225585938,8,158,-115,-16,208,0.022500000000000003,-0.03150000000000001,117.91,-217.76
0.9533543586730957,8,157,-113,-16,203,0.0495,-0.0135,117.91,-217.76
0.9643020629882812,8,157,-111,-16,192,0.07200000000000001,0.0135,117.91,-217.76
0.9749031066894531,8,157,-109,-16,170,0.07650000000000001,0.045000000000000005,117.91,-217.76
0.9859099388122559,8,157,-107,0,181,0.07650000000000001,0.09000000000000001,117.91,-217.76
0.9969520568847656,8,157,-105,0,181,0.06300000000000001,0.15750000000000003,117.91,-217.76
1.007209062576294,8,157,-103,0,175,0.07200000000000001,0.1935,117.91,-217.76
1.017998456954956,8,157,-101,10,170,0.0495,0.23850000000000002,117.91,-217.76
1.0285396575927734,8,157,-99,5,186,0.036000000000000004,0.2205,117.91,-217.76
1.03904128074646,8,157,-97,10,186,0.03150000000000001,0.21150000000000002,117.91,-217.76
1.049191951751709,8,157,-94,0,192,0.03150000000000001,0.0945,117.91,-217.76
1.0594205856323242,8,157,-92,0,192,0.036000000000000004,-0.081,117.91,-217.76
1.0704777240753174,8,157,-90,5,153,0.036000000000000004,-0.48150000000000004,117.91,-217.76
1.0814814567565918,8,157,-88,21,126,-0.009000000000000001,-0.8235,117.91,-217.76
1.091766357421875,8,158,-87,21,65,-0.081,-0.765,117.91,-217.76
1.1020002365112305,8,158,-87,32,5,-0.2025,-0.7335,117.91,-217.76
1.1121187210083008,8,158,-87,27,-21,-0.2295,-0.5805,117.91,-217.76
1.1225402355194092,8,158,-87,10,-49,-0.2205,-0.45,117.91,-217.76
1.1335399150848389,8,159,-88,10,-54,-0.216,-0.342,117.91,-217.76
1.1436553001403809,8,159,-88,10,-54,-0.216,-0.342,117.91,-217.76
1.1538641452789307,8,159,-89,-16,-65,-0.189,-0.24300000000000002,117.91,-217.76
1.1650352478027344,8,158,-89,-21,-71,-0.117,-0.135,117.91,-217.76
1.1760368347167969,8,158,-90,-27,-60,-0.054,-0.054,117.91,-217.76
1.186338186264038,8,158,-91,-32,-60,-0.027,0.022500000000000003,117.91,-217.76
1.19718599319458,8,157,-92,-38,-49,0.0405,0.12600000000000003,117.91,-217.76
1.208129644393921,8,157,-92,-32,-27,0.135,0.14850000000000002,117.91,-217.76
1.2187907695770264,8,157,-92,-27,-21,0.18000000000000002,0.135,117.91,-217.76
1.2298080921173096,8,156,-92,-21,0,0.1935,0.1125,117.91,-217.76
1.2401292324066162,8,156,-92,-10,5,0.21150000000000002,0.10350000000000001,117.91,-217.76
1.2508022785186768,8,156,-92,0,16,0.2025,0.06300000000000001,117.91,-217.76
1.2610082626342773,8,156,-92,0,5,0.1935,0.0405,117.91,-217.76
1.2711594104766846,8,156,-92,10,16,0.14850000000000002,0.0405,117.91,-217.76
1.2821736335754395,8,156,-92,16,5,0.1125,0.022500000000000003,117.91,-217.76
1.2932038307189941,8,157,-92,16,5,0.09000000000000001,0.009000000000000001,117.91,-217.76
1.3033499717712402,8,157,-92,16,0,0.054,0.0,117.91,-217.76
1.3136591911315918,8,157,-92,16,0,0.045000000000000005,0.0045000000000000005,117.91,-217.76
1.3246588706970215,8,157,-92,16,0,0.018000000000000002,0.0045000000000000005,117.91,-217.76
1.3347899913787842,8,157,-92,10,0,-0.0,0.009000000000000001,117.91,-217.76
1.3457906246185303,8,157,-92,5,0,-0.0045000000000000005,0.009000000000000001,117.91,-217.76
1.3567767143249512,8,157,-92,10,0,0.0045000000000000005,0.009000000000000001,117.91,-217.76
1.3677773475646973,8,157,-92,0,0,0.0045000000000000005,0.0045000000000000005,117.91,-217.76
1.3787987232208252,8,157,-92,-5,0,0.0045000000000000005,0.0045000000000000005,117.91,-217.76
1.3892920017242432,8,157,-92,-16,0,0.0405,0.018000000000000002,117.91,-217.76
1.3994958400726318,8,157,-92,-16,0,0.0405,0.018000000000000002,117.91,-217.76
1.4104630947113037,8,157,-92,-5,0,0.0405,0.0045000000000000005,117.91,-217.76
1.4208626747131348,8,157,-92,-5,0,0.054,0.0135,117.91,-217.76
1.432020902633667,8,157,-92,0,0,0.054,0.022500000000000003,117.91,-217.76
1.4422056674957275,8,157,-92,0,0,0.054,0.0135,117.91,-217.76
1.4526417255401611,8,157,-92,0,0,0.0495,0.0135,117.91,-217.76
1.4634904861450195,8,157,-92,0,0,0.036000000000000004,0.018000000000000002,117.91,-217.76
1.4738435745239258,8,157,-92,0,0,0.022500000000000003,0.018000000000000002,117.91,-217.76
1.484154462814331,8,157,-92,0,0,0.027,0.018000000000000002,117.91,-217.76
1.4948346614837646,8,157,-92,0,0,0.03150000000000001,0.018000000000000002,117.91,-217.76
1.505843162536621,8,157,-92,0,0,0.027,0.018000000000000002,117.91,-217.76
1.5169148445129395,8,157,-92,0,0,0.027,0.022500000000000003,117.91,-217.76
1.5277376174926758,8,157,-92,0,0,0.036000000000000004,0.022500000000000003,117.91,-217.76
1.5379621982574463,8,157,-92,0,0,0.036000000000000004,0.022500000000000003,117.91,-217.76
1.5488007068634033,8,157,-92,-5,0,0.03150000000000001,0.018000000000000002,117.91,-217.76
1.5598423480987549,8,157,-92,-5,0,0.045000000000000005,0.027,117.91,-217.76
1.5701062679290771,8,157,-92,0,0,0.0405,0.022500000000000003,117.91,-217.76
1.580411434173584,8,157,-92,0,0,0.045000000000000005,0.022500000000000003,117.91,-217.76
1.5914092063903809,8,157,-92,0,0,0.0405,0.018000000000000002,117.91,-217.76
1.6024022102355957,8,157,-92,0,0,0.0405,0.022500000000000003,117.91,-217.76
1.6133942604064941,8,157,-92,0,0,0.0405,0.018000000000000002,117.91,-217.76
1.6243786811828613,8,157,-92,10,0,0.022500000000000003,0.027,117.91,-217.76
1.6345596313476562,8,157,-92,0,0,0.0405,0.018000000000000002,117.91,-217.76
1.6454601287841797,8,157,-92,0,0,0.0405,0.022500000000000003,117.91,-217.76
1.656433343887329,8,157,-92,0,0,0.045000000000000005,0.022500000000000003,117.91,-217.76
1.6674842834472656,8,157,-92,-10,0,0.0495,0.027,117.91,-217.76
1.678575038909912,8,157,-92,0,0,0.027,0.018000000000000002,117.91,-217.76
1.6895747184753418,8,157,-92,0,0,0.0405,0.027,117.91,-217.76
1.7006137371063232,8,157,-92,0,0,0.0405,0.018000000000000002,117.91,-217.76
1.7115991115570068,8,157,-92,0,0,0.045000000000000005,0.027,117.91,-217.76
1.7226147651672363,8,157,-92,0,0,0.0405,0.027,117.91,-217.76
1.733616590499878,8,157,-92,0,0,0.045000000000000005,0.027,117.91,-217.76
1.7446281909942627,8,157,-92,0,0,0.045000000000000005,0.027,117.91,-217.76
1.7553613185882568,8,157,-92,0,0,0.045000000000000005,0.022500000000000003,117.91,-217.76
1.7663791179656982,8,157,-92,0,0,0.045000000000000005,0.022500000000000003,117.91,-217.76
1.7774007320404053,8,157,-92,0,0,0.036000000000000004,0.027,117.91,-217.76
1.7883989810943604,8,157,-92,-10,0,0.0495,0.027,117.91,-217.76
1.7994840145111084,8,157,-92,0,0,0.0405,0.027,117.91,-217.76
1.810488224029541,8,157,-92,0,0,0.054,0.027,117.91,-217.76
1.8214795589447021,8,157,-92,0,0,0.054,0.03150000000000001,117.91,-217.76
1.8324453830718994,8,157,-92,0,0,0.0495,0.027,117.91,-217.76
1.8434464931488037,8,157,-92,0,0,0.0495,0.027,117.91,-217.76
1.8544394969940186,8,157,-92,0,0,0.045000000000000005,0.03150000000000001,117.91,-217.76
1.8654818534851074,8,157,-92,0,0,0.045000000000000005,0.027,117.91,-217.76
1.8764445781707764,8,157,-92,0,0,0.0405,0.0405,117.91,-217.76
1.8874452114105225,8,157,-92,0,0,0.0495,0.03150000000000001,117.91,-217.76
1.8984520435333252,8,157,-92,0,0,0.0495,0.036000000000000004,117.91,-217.76
1.9094457626342773,8,157,-92,0,0,0.045000000000000005,0.036000000000000004,117.91,-217.76
1.9204461574554443,8,157,-92,0,0,0.045000000000000005,0.03150000000000001,117.91,-217.76
1.9310178756713867,8,157,-92,0,0,0.054,0.03150000000000001,117.91,-217.76
1.9420180320739746,8,157,-92,0,0,0.0495,0.036000000000000004,117.91,-217.76
1.9530103206634521,8,157,-92,0,0,0.0495,0.036000000000000004,117.91,-217.76
1.9640121459960938,8,157,-92,0,0,0.0405,0.036000000000000004,117.91,-217.76
1.9750170707702637,8,157,-92,0,0,0.0495,0.03150000000000001,117.91,-217.76
1.9860117435455322,8,157,-92,0,0,0.045000000000000005,0.03150000000000001,117.91,-217.76
1.996199131011963,8,157,-92,0,0,0.045000000000000005,0.03150000000000001,117.91,-217.76
2.0065577030181885,8,157,-92,0,0,0.03150000000000001,0.036000000000000004,117.91,-217.76
2.017259120941162,8,157,-92,0,0,0.0495,0.0405,117.91,-217.76
2.027423143386841,8,157,-92,0,0,0.045000000000000005,0.03150000000000001,117.91,-217.76
2.0376901626586914,8,157,-92,0,0,0.045000000000000005,0.03150000000000001,117.91,-217.76
2.047940492630005,8,157,-92,0,0,0.045000000000000005,0.036000000000000004,117.91,-217.76
2.0586330890655518,8,157,-92,0,0,0.045000000000000005,0.036000000000000004,117.91,-217.76
2.0692474842071533,8,157,-92,0,0,0.0495,0.0405,117.91,-217.76
2.0796422958374023,8,157,-92,0,0,0.045000000000000005,0.036000000000000004,117.91,-217.76
2.090153217315674,8,157,-92,0,0,0.0495,0.036000000000000004,117.91,-217.76
2.1006815433502197,8,157,-92,0,0,0.06300000000000001,0.03150000000000001,117.91,-217.76
2.111360549926758,8,157,-92,0,0,0.0495,0.03150000000000001,117.91,-217.76
2.1220016479492188,8,157,-92,0,0,0.045000000000000005,0.0405,117.91,-217.76
2.132520914077759,8,157,-92,0,0,0.0585,0.0405,117.91,-217.76
2.1425940990448,8,157,-92,0,0,0.045000000000000005,0.036000000000000004,117.91,-217.76
2.152754068374634,8,157,-92,0,0,0.054,0.0405,117.91,-217.76
2.1628642082214355,8,157,-92,0,0,0.0495,0.045000000000000005,117.91,-217.76
2.1729791164398193,8,157,-92,0,0,0.0585,0.0405,117.91,-217.76
2.183154582977295,8,157,-92,0,0,0.06300000000000001,0.045000000000000005,117.91,-217.76
2.1935348510742188,8,157,-92,0,0,0.0585,0.0405,117.91,-217.76
2.204000234603882,8,157,-92,0,0,0.054,0.045000000000000005,117.91,-217.76
2.214871883392334,8,157,-92,0,0,0.0495,0.045000000000000005,117.91,-217.76
2.225867748260498,8,157,-92,0,0,0.054,0.0405,117.91,-217.76
2.2368721961975098,8,157,-92,0,0,0.054,0.045000000000000005,117.91,-217.76
2.2479052543640137,8,157,-92,0,0,0.0495,0.0405,117.91,-217.76
2.258932113647461,8,157,-92,0,0,0.06300000000000001,0.0405,117.91,-217.76
2.269932508468628,8,157,-92,0,0,0.0585,0.045000000000000005,117.91,-217.76
2.2809319496154785,8,157,-92,0,0,0.06300000000000001,0.03150000000000001,117.91,-217.76
2.291947841644287,8,157,-92,0,0,0.0585,0.0495,117.91,-217.76
2.302931785583496,8,157,-92,0,0,0.0585,0.0495,117.91,-217.76
2.31390380859375,8,157,-92,0,0,0.0495,0.045000000000000005,117.91,-217.76
2.3249337673187256,8,157,-92,0,0,0.0585,0.036000000000000004,117.91,-217.76
2.335906505584717,8,157,-92,0,0,0.06300000000000001,0.0495,117.91,-217.76
2.3469083309173584,8,157,-92,0,0,0.0585,0.0495,117.91,-217.76
2.3574647903442383,8,157,-92,0,0,0.0495,0.045000000000000005,117.91,-217.76
2.3684654235839844,8,157,-92,0,0,0.06300000000000001,0.045000000000000005,117.91,-217.76
2.3794665336608887,8,157,-92,0,0,0.0585,0.045000000000000005,117.91,-217.76
2.390435218811035,8,157,-92,0,0,0.0585,0.0495,117.91,-217.76
2.401482105255127,8,157,-92,0,0,0.06300000000000001,0.0405,117.91,-217.76
2.412482261657715,8,157,-92,0,0,0.0585,0.045000000000000005,117.91,-217.76
2.4234821796417236,8,157,-92,0,0,0.06300000000000001,0.045000000000000005,117.91,-217.76
2.4344820976257324,8,157,-92,0,0,0.0585,0.0495,117.91,-217.76
2.445481538772583,8,157,-92,0,0,0.0585,0.045000000000000005,117.91,-217.76
2.4564836025238037,8,157,-92,0,0,0.0495,0.045000000000000005,117.91,-217.76
2.4674835205078125,8,157,-92,0,0,0.054,0.0495,117.91,-217.76
2.478482961654663,8,157,-92,0,0,0.054,0.045000000000000005,117.91,-217.76
2.4894819259643555,8,157,-92,0,0,0.0585,0.0585,117.91,-217.76
2.5004830360412598,8,157,-92,0,0,0.07200000000000001,0.045000000000000005,117.91,-217.76
2.5114822387695312,8,157,-92,0,0,0.0585,0.045000000000000005,117.91,-217.76
0.010960817337036133,9,157,-92,0,0,0.009000000000000001,0.0135,226.68,-93.44
0.022001981735229492,9,157,-92,0,0,0.0045000000000000005,0.009000000000000001,226.68,-93.44
0.03297543525695801,9,157,-92,-16,0,-0.0,0.0,226.68,-93.44
0.04396343231201172,9,157,-92,-5,0,-0.0,0.0,226.68,-93.44
0.055001258850097656,9,157,-92,-10,0,-0.0,0.0,226.68,-93.44
0.06600069999694824,9,157,-92,0,0,-0.0,0.0,226.68,-93.44
0.07700181007385254,9,157,-92,-5,0,-0.0,0.0,226.68,-93.44
0.08800244331359863,9,157,-92,-5,0,-0.0,0.0,226.68,-93.44
0.09862852096557617,9,157,-92,-10,0,0.009000000000000001,0.009000000000000001,226.68,-93.44
0.10962963104248047,9,157,-92,0,0,-0.0,-0.0045000000000000005,226.68,-93.44
0.12063002586364746,9,157,-92,0,0,-0.0045000000000000005,0.0,226.68,-93.44
0.13163518905639648,9,157,-92,0,0,-0.0,0.0,226.68,-93.44
0.14226365089416504,9,157,-92,-5,0,-0.0,0.0045000000000000005,226.68,-93.44
0.15332579612731934,9,157,-92,0,0,-0.0,-0.0045000000000000005,226.68,-93.44
0.1643221378326416,9,157,-92,0,0,-0.0,0.0,226.68,-93.44
0.1753220558166504,9,157,-92,0,0,-0.0,-0.009000000000000001,226.68,-93.44
0.18629217147827148,9,157,-92,0,0,-0.0,0.0,226.68,-93.44
0.1973257064819336,9,157,-92,0,0,-0.0,-0.0045000000000000005,226.68,-93.44
0.20832467079162598,9,157,-92,-10,0,-0.0,0.0,226.68,-93.44
0.21932315826416016,9,157,-92,0,0,-0.0,0.0045000000000000005,226.68,-93.44
0.23032355308532715,9,157,-92,-5,0,-0.0,0.0,226.68,-93.44
0.24139046669006348,9,157,-92,0,0,-0.0,-0.0045000000000000005,226.68,-93.44
0.2523963451385498,9,157,-92,-5,0,-0.0,0.0,226.68,-93.44
0.26340579986572266,9,156,-92,-10,0,-0.0,0.0,226.68,-93.44
0.27440428733825684,9,156,-92,-10,0,-0.0,-0.0045000000000000005,226.68,-93.44
0.2854886054992676,9,156,-92,0,0,-0.0045000000000000005,0.0,226.68,-93.44
0.2958030700683594,9,156,-92,-5,0,-0.0,0.0,226.68,-93.44
0.30681633949279785,9,156,-92,0,0,-0.0,0.0,226.68,-93.44
0.3172945976257324,9,156,-92,0,0,-0.0045000000000000005,0.0,226.68,-93.44
0.32834887504577637,9,156,-92,0,0,-0.0,0.0,226.68,-93.44
0.33931946754455566,9,156,-92,0,0,-0.0045000000000000005,0.0,226.68,-93.44
0.3496971130371094,9,156,-92,0,0,-0.0045000000000000005,0.0,226.68,-93.44
0.3598518371582031,9,156,-92,0,0,-0.0,-0.0045000000000000005,226.68,-93.44
0.3708488941192627,9,156,-92,0,0,-0.0,0.0,226.68,-93.44
0.3818507194519043,9,156,-92,-5,0,-0.0,0.0,226.68,-93.44
0.3929133415222168,9,156,-92,0,0,-0.0,0.0,226.68,-93.44
0.4039156436920166,9,156,-92,0,0,-0.0,-0.0045000000000000005,226.68,-93.44
0.4149136543273926,9,156,-92,0,0,-0.0,0.0,226.68,-93.44
0.4259166717529297,9,156,-92,0,0,-0.0,-0.0045000000000000005,226.68,-93.44
0.43691492080688477,9,156,-92,0,0,-0.0,0.0045000000000000005,226.68,-93.44
0.44770026206970215,9,156,-92,0,0,-0.0,0.0,226.68,-93.44
0.45869874954223633,9,156,-92,0,0,-0.0,0.0,226.68,-93.44
0.4696993827819824,9,156,-92,0,0,-0.0,-0.0045000000000000005,226.68,-93.44
0.480698823928833,9,156,-92,0,0,-0.0,0.0,226.68,-93.44
0.4917001724243164,9,156,-92,0,0,-0.0,0.0,226.68,-93.44
0.5027003288269043,9,156,-92,0,0,-0.0,0.0,226.68,-93.44
0.5147008895874023,9,156,-92,0,0,-0.0,0.0,226.68,-93.44
0.5256690979003906,9,156,-92,0,0,-0.0,0.0,226.68,-93.44
0.5367677211761475,9,156,-92,21,0,0.49500000000000005,-0.06300000000000001,226.68,-93.44
0.5477659702301025,9,156,-92,21,-16,0.49500000000000005,-0.234,226.68,-93.44
0.5587303638458252,9,157,-92,60,-32,0.7695,-0.0585,226.68,-93.44
0.5697333812713623,9,158,-93,98,-43,0.9810000000000001,0.036000000000000004,226.68,-93.44
0.5807671546936035,9,161,-93,192,-38,0.9045000000000001,0.18450000000000003,226.68,-93.44
0.5917322635650635,9,163,-93,230,-27,0.8235,0.2025,226.68,-93.44
0.602363109588623,9,163,-94,230,-16,0.8235,0.1935,226.68,-93.44
0.6133601665496826,9,166,-94,236,0,0.7245,0.17550000000000002,226.68,-93.44
0.6243619918823242,9,169,-94,274,10,0.5040000000000001,0.108,226.68,-93.44
0.6353607177734375,9,172,-93,280,21,0.30150000000000005,0.06300000000000001,226.68,-93.44
0.6463425159454346,9,175,-93,302,32,0.1665,0.018000000000000002,226.68,-93.44
0.6573610305786133,9,178,-93,291,32,0.0405,-0.036000000000000004,226.68,-93.44
0.6683623790740967,9,182,-93,291,27,-0.081,-0.10350000000000001,226.68,-93.44
0.6793618202209473,9,185,-92,280,32,-0.28350000000000003,-0.1665,226.68,-93.44
0.6903607845306396,9,188,-92,263,27,-0.3285,-0.198,226.68,-93.44
0.7013616561889648,9,190,-92,241,10,-0.3825,-0.21150000000000002,226.68,-93.44
0.7123618125915527,9,193,-92,214,16,-0.41850000000000004,-0.20700000000000002,226.68,-93.44
0.7233598232269287,9,195,-92,203,0,-0.34650000000000003,-0.198,226.68,-93.44
0.733720064163208,9,197,-92,186,-10,-0.28350000000000003,-0.198,226.68,-93.44
0.7445518970489502,9,199,-92,164,-16,-0.189,-0.15300000000000002,226.68,-93.44
0.7553787231445312,9,201,-92,148,-21,-0.10350000000000001,-0.14400000000000002,226.68,-93.44
0.7661843299865723,9,203,-92,142,-5,-0.022500000000000003,-0.1305,226.68,-93.44
0.7769753932952881,9,204,-92,142,-5,0.054,-0.108,226.68,-93.44
0.7877631187438965,9,206,-92,148,-10,0.18450000000000003,-0.10350000000000001,226.68,-93.44
0.7986066341400146,9,208,-92,153,-21,0.2295,-0.0945,226.68,-93.44
0.8094058036804199,9,209,-92,164,0,0.27,-0.0855,226.68,-93.44
0.8202338218688965,9,211,-92,175,-5,0.27,-0.0675,226.68,-93.44
0.8311896324157715,9,213,-93,192,-10,0.27,-0.07650000000000001,226.68,-93.44
0.8419489860534668,9,215,-93,208,0,0.24750000000000003,-0.0585,226.68,-93.44
0.8527019023895264,9,218,-93,214,0,0.171,-0.081,226.68,-93.44
0.8639554977416992,9,220,-93,219,0,0.117,-0.081,226.68,-93.44
0.8747491836547852,9,222,-93,225,0,0.0855,-0.0945,226.68,-93.44
0.8855736255645752,9,225,-92,225,10,-0.03150000000000001,-0.108,226.68,-93.44
0.8964502811431885,9,227,-92,197,10,-0.49050000000000005,-0.108,226.68,-93.44
0.9072439670562744,9,229,-92,153,0,-0.756,-0.12600000000000003,226.68,-93.44
0.9181041717529297,9,231,-92,109,0,-0.9765,-0.12150000000000001,226.68,-93.44
0.9288935661315918,9,231,-92,49,0,-0.909,-0.1395,226.68,-93.44
0.9390208721160889,9,232,-92,0,0,-0.792,-0.135,226.68,-93.44
0.9500186443328857,9,231,-92,-49,-5,-0.5985,-0.1305,226.68,-93.44
0.9610183238983154,9,230,-92,-82,-5,-0.3915,-0.12600000000000003,226.68,-93.44
0.9720172882080078,9,229,-92,-93,-5,-0.225,-0.10350000000000001,226.68,-93.44
0.9830188751220703,9,228,-93,-93,0,-0.081,-0.10350000000000001,226.68,-93.44
0.9938151836395264,9,227,-93,-87,-5,0.009000000000000001,-0.0855,226.68,-93.44
1.0048167705535889,9,227,-93,-71,-16,0.12150000000000001,-0.07650000000000001,226.68,-93.44
1.0158231258392334,9,226,-93,-54,-10,0.21150000000000002,-0.07650000000000001,226.68,-93.44
1.0260865688323975,9,225,-93,-43,0,0.2295,-0.07200000000000001,226.68,-93.44
1.0371918678283691,9,225,-93,-21,-5,0.234,-0.0675,226.68,-93.44
1.0483002662658691,9,225,-93,-5,-5,0.2205,-0.06300000000000001,226.68,-93.44
1.0592083930969238,9,225,-93,0,0,0.2205,-0.0495,226.68,-93.44
1.0699613094329834,9,225,-93,21,0,0.14850000000000002,-0.0585,226.68,-93.44
1.0801265239715576,9,225,-93,21,0,0.10350000000000001,-0.0675,226.68,-93.44
1.0911993980407715,9,225,-93,16,0,0.07200000000000001,-0.07200000000000001,226.68,-93.44
1.102203607559204,9,226,-93,27,5,0.06300000000000001,-0.07650000000000001,226.68,-93.44
1.1131916046142578,9,226,-93,16,0,0.018000000000000002,-0.0675,226.68,-93.44
1.1243243217468262,9,226,-93,5,0,0.0045000000000000005,-0.07200000000000001,226.68,-93.44
1.1345748901367188,9,226,-93,10,-5,-0.0135,-0.0675,226.68,-93.44
1.1453721523284912,9,226,-93,0,-5,-0.0135,-0.07650000000000001,226.68,-93.44
1.1554973125457764,9,226,-93,10,0,-0.03150000000000001,-0.06300000000000001,226.68,-93.44
1.165938377380371,9,226,-93,0,0,-0.027,-0.0585,226.68,-93.44
1.1769280433654785,9,226,-93,0,0,-0.022500000000000003,-0.0855,226.68,-93.44
1.187917947769165,9,226,-93,-10,0,-0.0135,-0.07200000000000001,226.68,-93.44
1.198927879333496,9,226,-93,-10,0,0.0045000000000000005,-0.0675,226.68,-93.44
1.2093360424041748,9,226,-93,0,0,-0.0045000000000000005,-0.07200000000000001,226.68,-93.44
1.220461130142212,9,226,-93,-10,-16,-0.0,-0.06300000000000001,226.68,-93.44
1.2314589023590088,9,226,-93,-5,0,0.0045000000000000005,-0.07650000000000001,226.68,-93.44
1.2416987419128418,9,226,-93,0,0,0.0135,-0.0855,226.68,-93.44
1.2519917488098145,9,226,-93,0,0,0.0135,-0.0855,226.68,-93.44
1.2630188465118408,9,226,-93,5,0,-0.0135,-0.0855,226.68,-93.44
1.2740180492401123,9,226,-93,0,0,-0.009000000000000001,-0.07650000000000001,226.68,-93.44
1.2850377559661865,9,226,-93,0,0,-0.0135,-0.07650000000000001,226.68,-93.44
1.2957582473754883,9,226,-93,0,0,-0.03150000000000001,-0.07200000000000001,226.68,-93.44
1.306102991104126,9,226,-93,0,0,-0.0135,-0.07650000000000001,226.68,-93.44
1.3163642883300781,9,226,-93,0,0,-0.0045000000000000005,-0.081,226.68,-93.44
1.3270585536956787,9,226,-93,-5,0,0.009000000000000001,-0.09000000000000001,226.68,-93.44
1.3379833698272705,9,226,-93,0,0,-0.0,-0.0855,226.68,-93.44
1.3488049507141113,9,226,-93,0,0,-0.0135,-0.07200000000000001,226.68,-93.44
1.3596911430358887,9,226,-93,0,0,-0.0,-0.081,226.68,-93.44
1.370586633682251,9,226,-93,0,0,-0.0,-0.081,226.68,-93.44
1.3810255527496338,9,226,-93,0,0,-0.0,-0.09000000000000001,226.68,-93.44
1.392136812210083,9,226,-93,0,0,-0.0045000000000000005,-0.09000000000000001,226.68,-93.44
1.4030606746673584,9,226,-93,0,0,-0.0045000000000000005,-0.081,226.68,-93.44
1.4135921001434326,9,226,-93,0,0,-0.022500000000000003,-0.0855,226.68,-93.44
1.4244163036346436,9,226,-93,0,0,-0.0045000000000000005,-0.081,226.68,-93.44
1.4355034828186035,9,226,-93,0,0,-0.0,-0.07650000000000001,226.68,-93.44
1.4462783336639404,9,226,-93,0,0,-0.0045000000000000005,-0.081,226.68,-93.44
1.45672607421875,9,226,-93,0,0,-0.027,-0.081,226.68,-93.44
1.4668917655944824,9,226,-93,0,0,-0.009000000000000001,-0.0945,226.68,-93.44
1.4778788089752197,9,226,-93,0,0,-0.0,-0.09000000000000001,226.68,-93.44
1.4889228343963623,9,226,-93,0,0,-0.009000000000000001,-0.081,226.68,-93.44
1.4991788864135742,9,226,-93,0,0,-0.009000000000000001,-0.07650000000000001,226.68,-93.44
1.5102534294128418,9,226,-93,0,0,-0.0045000000000000005,-0.0945,226.68,-93.44
1.5213708877563477,9,226,-93,0,0,-0.0,-0.0945,226.68,-93.44
1.5317304134368896,9,226,-93,0,0,-0.018000000000000002,-0.09000000000000001,226.68,-93.44
1.5426876544952393,9,226,-93,0,0,-0.0135,-0.0855,226.68,-93.44
1.5534911155700684,9,226,-93,0,0,-0.009000000000000001,-0.0945,226.68,-93.44
1.5644207000732422,9,226,-93,0,0,-0.0045000000000000005,-0.0945,226.68,-93.44
1.575031042098999,9,226,-93,0,0,-0.022500000000000003,-0.0945,226.68,-93.44
1.585970401763916,9,226,-93,0,0,-0.022500000000000003,-0.09000000000000001,226.68,-93.44
1.5969676971435547,9,226,-93,0,0,-0.009000000000000001,-0.0945,226.68,-93.44
1.607318639755249,9,226,-93,0,0,-0.009000000000000001,-0.0945,226.68,-93.44
1.6175336837768555,9,226,-93,0,0,-0.009000000000000001,-0.0945,226.68,-93.44
1.628523588180542,9,226,-93,0,0,-0.0135,-0.0945,226.68,-93.44
1.638843059539795,9,226,-93,0,0,-0.022500000000000003,-0.0945,226.68,-93.44
1.649972915649414,9,226,-93,0,0,-0.018000000000000002,-0.0855,226.68,-93.44
1.6609761714935303,9,226,-93,0,0,-0.0045000000000000005,-0.0945,226.68,-93.44
1.671339988708496,9,226,-93,0,0,-0.022500000000000003,-0.099,226.68,-93.44
1.682403326034546,9,226,-93,0,0,-0.018000000000000002,-0.09000000000000001,226.68,-93.44
1.6928746700286865,9,226,-93,0,0,-0.018000000000000002,-0.099,226.68,-93.44
1.7038567066192627,9,226,-93,0,0,-0.0045000000000000005,-0.10350000000000001,226.68,-93.44
1.7148046493530273,9,226,-93,0,0,-0.009000000000000001,-0.099,226.68,-93.44
1.7258036136627197,9,226,-93,0,0,-0.018000000000000002,-0.0945,226.68,-93.44
1.7368571758270264,9,226,-93,0,0,-0.009000000000000001,-0.1125,226.68,-93.44
1.7478053569793701,9,226,-93,0,0,-0.018000000000000002,-0.108,226.68,-93.44
1.7588040828704834,9,226,-93,0,0,-0.0135,-0.0945,226.68,-93.44
1.7698047161102295,9,226,-93,0,0,-0.0405,-0.099,226.68,-93.44
1.78080415725708,9,226,-93,0,0,-0.018000000000000002,-0.0945,226.68,-93.44
1.7918040752410889,9,226,-93,0,0,-0.027,-0.0945,226.68,-93.44
1.8028059005737305,9,226,-93,0,0,-0.0405,-0.099,226.68,-93.44
1.8138034343719482,9,226,-93,0,0,-0.018000000000000002,-0.10350000000000001,226.68,-93.44
1.8248021602630615,9,226,-93,0,0,-0.03150000000000001,-0.10350000000000001,226.68,-93.44
1.8358080387115479,9,226,-93,0,0,-0.022500000000000003,-0.0945,226.68,-93.44
1.846804141998291,9,226,-93,0,0,-0.036000000000000004,-0.099,226.68,-93.44
1.8578028678894043,9,226,-93,0,0,-0.027,-0.10350000000000001,226.68,-93.44
1.8688032627105713,9,226,-93,0,0,-0.022500000000000003,-0.108,226.68,-93.44
1.8798038959503174,9,226,-93,0,0,-0.0135,-0.108,226.68,-93.44
1.890801191329956,9,226,-93,0,0,-0.027,-0.099,226.68,-93.44
1.9018042087554932,9,226,-93,0,0,-0.027,-0.108,226.68,-93.44
1.9128010272979736,9,226,-93,0,0,-0.009000000000000001,-0.099,226.68,-93.44
1.923804521560669,9,226,-93,0,0,-0.022500000000000003,-0.099,226.68,-93.44
1.9349205493927002,9,226,-93,0,0,-0.022500000000000003,-0.10350000000000001,226.68,-93.44
1.9451682567596436,9,226,-93,0,0,-0.0135,-0.099,226.68,-93.44
1.9557578563690186,9,226,-93,0,0,-0.027,-0.099,226.68,-93.44
1.9663386344909668,9,226,-93,0,0,-0.018000000000000002,-0.10350000000000001,226.68,-93.44
1.976750373840332,9,226,-93,0,0,-0.022500000000000003,-0.108,226.68,-93.44
1.9868834018707275,9,226,-93,0,0,-0.027,-0.099,226.68,-93.44
1.9970223903656006,9,226,-93,0,0,-0.0135,-0.10350000000000001,226.68,-93.44
2.007560968399048,9,226,-93,0,0,-0.027,-0.1125,226.68,-93.44
2.017972946166992,9,226,-93,0,0,-0.036000000000000004,-0.099,226.68,-93.44
2.0282046794891357,9,226,-93,0,0,-0.027,-0.117,226.68,-93.44
2.038585662841797,9,226,-93,0,0,-0.03150000000000001,-0.099,226.68,-93.44
2.0487220287323,9,226,-93,0,0,-0.018000000000000002,-0.099,226.68,-93.44
2.0593087673187256,9,226,-93,0,0,-0.022500000000000003,-0.117,226.68,-93.44
2.0694146156311035,9,226,-93,0,0,-0.009000000000000001,-0.099,226.68,-93.44
2.0799787044525146,9,226,-93,0,0,-0.022500000000000003,-0.10350000000000001,226.68,-93.44
2.0900676250457764,9,226,-93,0,0,-0.027,-0.10350000000000001,226.68,-93.44
2.1006758213043213,9,226,-93,0,0,-0.036000000000000004,-0.10350000000000001,226.68,-93.44
2.1116631031036377,9,226,-93,0,0,-0.027,-0.12150000000000001,226.68,-93.44
2.1226634979248047,9,226,-93,0,0,-0.036000000000000004,-0.1125,226.68,-93.44
2.1336631774902344,9,226,-93,0,0,-0.03150000000000001,-0.10350000000000001,226.68,-93.44
2.1446645259857178,9,226,-93,0,0,-0.03150000000000001,-0.12150000000000001,226.68,-93.44
2.1556642055511475,9,226,-93,0,0,-0.022500000000000003,-0.108,226.68,-93.44
2.1666626930236816,9,226,-93,0,0,-0.018000000000000002,-0.108,226.68,-93.44
2.1776678562164307,9,226,-93,0,0,-0.022500000000000003,-0.117,226.68,-93.44
2.1886677742004395,9,226,-93,0,0,-0.036000000000000004,-0.117,226.68,-93.44
2.199669361114502,9,226,-93,0,0,-0.0135,-0.108,226.68,-93.44
2.2106688022613525,9,226,-93,0,0,-0.027,-0.099,226.68,-93.44
2.2216694355010986,9,226,-93,0,0,-0.018000000000000002,-0.108,226.68,-93.44
2.2326691150665283,9,226,-93,0,0,-0.027,-0.1125,226.68,-93.44
2.2436695098876953,9,226,-93,0,0,-0.03150000000000001,-0.108,226.68,-93.44
2.254202365875244,9,226,-93,0,0,-0.027,-0.108,226.68,-93.44
2.265202283859253,9,226,-93,0,0,-0.0405,-0.108,226.68,-93.44
2.276202440261841,9,226,-93,0,0,-0.027,-0.117,226.68,-93.44
2.287200689315796,9,226,-93,0,0,-0.045000000000000005,-0.12150000000000001,226.68,-93.44
2.2982099056243896,9,226,-93,0,0,-0.036000000000000004,-0.1125,226.68,-93.44
2.3092098236083984,9,226,-93,0,0,-0.036000000000000004,-0.108,226.68,-93.44
2.32021164894104,9,226,-93,0,0,-0.03150000000000001,-0.12150000000000001,226.68,-93.44
2.3312129974365234,9,226,-93,0,0,-0.022500000000000003,-0.12150000000000001,226.68,-93.44
2.3422675132751465,9,226,-93,0,0,-0.027,-0.1125,226.68,-93.44
2.3533196449279785,9,226,-93,0,0,-0.009000000000000001,-0.117,226.68,-93.44
2.3643200397491455,9,226,-93,0,0,-0.027,-0.1125,226.68,-93.44
2.375319242477417,9,226,-93,0,0,-0.03150000000000001,-0.1125,226.68,-93.44
2.386319160461426,9,226,-93,0,0,-0.036000000000000004,-0.12150000000000001,226.68,-93.44
2.3973190784454346,9,226,-93,0,0,-0.03150000000000001,-0.117,226.68,-93.44
2.408320188522339,9,226,-93,0,0,-0.0135,-0.1125,226.68,-93.44
2.419321298599243,9,226,-93,0,0,-0.022500000000000003,-0.1125,226.68,-93.44
2.430283308029175,9,226,-93,0,0,-0.018000000000000002,-0.1125,226.68,-93.44
2.440889596939087,9,226,-93,0,0,-0.03150000000000001,-0.108,226.68,-93.44
2.451948404312134,9,226,-93,0,0,-0.022500000000000003,-0.117,226.68,-93.44
2.4629480838775635,9,226,-93,0,0,-0.03150000000000001,-0.117,226.68,-93.44
2.473917245864868,9,226,-93,0,0,-0.03150000000000001,-0.108,226.68,-93.44
2.4849562644958496,9,226,-93,0,0,-0.027,-0.10350000000000001,226.68,-93.44
2.4960150718688965,9,226,-93,0,0,-0.0045000000000000005,-0.10350000000000001,226.68,-93.44
2.5070149898529053,9,226,-93,0,0,-0.045000000000000005,-0.1125,226.68,-93.44
2.519014596939087,9,226,-93,0,0,-0.027,-0.117,226.68,-93.44
0.010999202728271484,10,226,-93,0,0,-0.0045000000000000005,-0.027,157.75,-92.08
0.022562742233276367,10,226,-93,0,5,-0.0,0.0,157.75,-92.08
0.03362131118774414,10,226,-93,0,10,0.009000000000000001,0.0,157.75,-92.08
0.044622182846069336,10,226,-93,0,5,-0.009000000000000001,-0.0045000000000000005,157.75,-92.08
0.05562281608581543,10,226,-93,5,5,-0.0,-0.0045000000000000005,157.75,-92.08
0.06662178039550781,10,226,-93,0,0,-0.0,0.0,157.75,-92.08
0.07758975028991699,10,226,-93,0,0,-0.0,0.0,157.75,-92.08
0.08862137794494629,10,226,-93,0,0,-0.0,-0.0045000000000000005,157.75,-92.08
0.09962296485900879,10,226,-93,0,0,-0.0,0.0,157.75,-92.08
0.11062407493591309,10,226,-93,0,0,-0.0,0.0,157.75,-92.08
0.12162303924560547,10,226,-93,-5,0,0.0045000000000000005,-0.0045000000000000005,157.75,-92.08
0.13268709182739258,10,226,-93,0,0,-0.0,0.0,157.75,-92.08
0.14368796348571777,10,226,-93,-5,0,-0.0045000000000000005,0.0,157.75,-92.08
0.15468716621398926,10,226,-93,0,0,0.0045000000000000005,0.0,157.75,-92.08
0.16568875312805176,10,226,-93,0,5,0.009000000000000001,0.0,157.75,-92.08
0.17665410041809082,10,226,-93,0,0,0.0045000000000000005,0.0,157.75,-92.08
0.18768668174743652,10,226,-93,5,0,-0.0045000000000000005,-0.0045000000000000005,157.75,-92.08
0.19868803024291992,10,226,-93,0,0,-0.0045000000000000005,0.0,157.75,-92.08
0.20969414710998535,10,226,-93,0,0,-0.0,0.0,157.75,-92.08
0.220259428024292,10,226,-93,0,0,0.0045000000000000005,0.0,157.75,-92.08
0.23131871223449707,10,226,-93,0,0,-0.009000000000000001,0.0045000000000000005,157.75,-92.08
0.24232053756713867,10,226,-93,0,0,0.009000000000000001,0.0,157.75,-92.08
0.2533273696899414,10,226,-93,-5,0,-0.0,0.0,157.75,-92.08
0.26359033584594727,10,226,-93,0,0,-0.009000000000000001,0.0,157.75,-92.08
0.2747039794921875,10,226,-93,0,0,-0.009000000000000001,0.0,157.75,-92.08
0.28485655784606934,10,226,-93,0,0,-0.0,0.0045000000000000005,157.75,-92.08
0.2958498001098633,10,226,-93,0,0,-0.0045000000000000005,0.0,157.75,-92.08
0.30603909492492676,10,226,-93,0,0,-0.0,0.0,157.75,-92.08
0.31630468368530273,10,226,-93,0,0,-0.0,0.0,157.75,-92.08
0.3273167610168457,10,226,-93,0,0,-0.009000000000000001,-0.0045000000000000005,157.75,-92.08
0.3383140563964844,10,226,-93,0,0,-0.0,-0.0045000000000000005,157.75,-92.08
0.34887051582336426,10,226,-93,0,0,-0.0,0.0045000000000000005,157.75,-92.08
0.35987281799316406,10,226,-93,0,0,-0.0,-0.0045000000000000005,157.75,-92.08
0.37082409858703613,10,226,-93,0,0,-0.018000000000000002,0.0,157.75,-92.08
0.38114333152770996,10,226,-93,0,0,0.0045000000000000005,0.0,157.75,-92.08
0.3914451599121094,10,226,-93,0,0,-0.0,0.0,157.75,-92.08
0.4024384021759033,10,226,-93,0,0,-0.0045000000000000005,0.0045000000000000005,157.75,-92.08
0.413555383682251,10,226,-93,0,0,-0.0135,0.0045000000000000005,157.75,-92.08
0.42398786544799805,10,226,-93,0,0,-0.0045000000000000005,0.0,157.75,-92.08
0.434812068939209,10,226,-93,0,0,-0.0,0.0045000000000000005,157.75,-92.08
0.44530153274536133,10,226,-93,0,0,-0.0135,0.0,157.75,-92.08
0.4562990665435791,10,226,-93,0,0,-0.009000000000000001,-0.0045000000000000005,157.75,-92.08
0.4666564464569092,10,226,-93,0,0,-0.0,0.0,157.75,-92.08
0.47780489921569824,10,226,-93,0,0,-0.0,0.0,157.75,-92.08
0.48878026008605957,10,226,-93,0,0,-0.009000000000000001,0.0,157.75,-92.08
0.4989454746246338,10,226,-93,0,0,0.0045000000000000005,0.0,157.75,-92.08
0.5099384784698486,10,226,-93,0,0,-0.0135,0.0,157.75,-92.08
0.5218987464904785,10,226,-93,0,0,0.0045000000000000005,-0.0045000000000000005,157.75,-92.08
0.5328714847564697,10,226,-93,0,0,-0.234,-0.31050000000000005,157.75,-92.08
0.5440163612365723,10,226,-93,-16,-21,-0.49950000000000006,-0.5670000000000001,157.75,-92.08
0.5550477504730225,10,226,-93,-54,-49,-0.7605,-0.8684999999999999,157.75,-92.08
0.5660877227783203,10,225,-94,-109,-93,-0.9630000000000001,-1.107,157.75,-92.08
0.5763232707977295,10,223,-95,-170,-142,-0.8865,-1.1744999999999999,157.75,-92.08
0.5864684581756592,10,221,-97,-219,-181,-0.756,-1.08,157.75,-92.08
0.5975778102874756,10,218,-99,-258,-214,-0.54,-0.9630000000000001,157.75,-92.08
0.6076946258544922,10,215,-102,-280,-247,-0.36450000000000005,-0.8280000000000001,157.75,-92.08
0.6188368797302246,10,212,-105,-296,-274,-0.20700000000000002,-0.7110000000000001,157.75,-92.08
0.6299667358398438,10,209,-108,-307,-296,-0.0405,-0.4545,157.75,-92.08
0.640902042388916,10,206,-111,-307,-291,0.1125,-0.25200000000000006,157.75,-92.08
0.6519565582275391,10,202,-115,-291,-313,0.3195,-0.09000000000000001,157.75,-92.08
0.6629576683044434,10,199,-118,-280,-296,0.405,-0.0135,157.75,-92.08
0.6738998889923096,10,196,-121,-247,-291,0.4455,0.162,157.75,-92.08
0.6841838359832764,10,194,-124,-219,-258,0.4365,0.29700000000000004,157.75,-92.08
0.6944088935852051,10,194,-124,-219,-258,0.4365,0.29700000000000004,157.75,-92.08
0.7054083347320557,10,191,-127,-203,-241,0.405,0.31050000000000005,157.75,-92.08
0.7156100273132324,10,189,-130,-175,-214,0.30150000000000005,0.29700000000000004,157.75,-92.08
0.7257344722747803,10,187,-132,-164,-197,0.2025,0.261,157.75,-92.08
0.7363176345825195,10,186,-134,-153,-175,0.117,0.17550000000000002,157.75,-92.08
0.7470169067382812,10,184,-136,-137,-159,0.0405,0.3285,157.75,-92.08
0.7580018043518066,10,182,-138,-148,-126,-0.036000000000000004,0.54,157.75,-92.08
0.768129825592041,10,181,-139,-142,-93,-0.18000000000000002,0.7290000000000001,157.75,-92.08
0.7784616947174072,10,179,-140,-153,-43,-0.234,0.8415,157.75,-92.08
0.7895228862762451,10,177,-140,-170,0,-0.29700000000000004,0.6795,157.75,-92.08
0.7998154163360596,10,175,-140,-175,32,-0.30600000000000005,0.5715,157.75,-92.08
0.8100206851959229,10,173,-139,-192,60,-0.30150000000000005,0.432,157.75,-92.08
0.8210248947143555,10,171,-138,-214,82,-0.2745,0.324,157.75,-92.08
0.8318157196044922,10,169,-138,-219,82,-0.261,0.171,157.75,-92.08
0.8422751426696777,10,166,-137,-219,71,-0.171,0.06300000000000001,157.75,-92.08
0.8532471656799316,10,164,-136,-214,76,-0.17550000000000002,-0.03150000000000001,157.75,-92.08
0.8642492294311523,10,161,-135,-225,60,-0.1125,-0.162,157.75,-92.08
0.8752970695495605,10,159,-134,-203,43,-0.099,-0.2025,157.75,-92.08
0.8863120079040527,10,157,-134,-219,27,-0.07200000000000001,-0.2295,157.75,-92.08
0.8973193168640137,10,154,-134,-203,27,-0.06300000000000001,-0.234,157.75,-92.08
0.9083189964294434,10,152,-134,-203,0,-0.07650000000000001,-0.189,157.75,-92.08
0.9188673496246338,10,150,-134,-203,0,-0.0675,-0.14400000000000002,157.75,-92.08
0.9290292263031006,10,148,-134,-203,-5,-0.0675,-0.12150000000000001,157.75,-92.08
0.9392921924591064,10,148,-134,-203,-5,-0.0675,-0.12150000000000001,157.75,-92.08
0.949512243270874,10,145,-134,-197,-16,-0.06300000000000001,-0.0945,157.75,-92.08
0.9605193138122559,10,143,-134,-208,-5,-0.07200000000000001,-0.07650000000000001,157.75,-92.08
0.9715218544006348,10,141,-134,-203,-5,-0.0495,-0.0675,157.75,-92.08
0.9820394515991211,10,139,-134,-208,-10,-0.0585,-0.07650000000000001,157.75,-92.08
0.993056058883667,10,136,-134,-197,0,-0.0405,-0.06300000000000001,157.75,-92.08
1.0033695697784424,10,134,-134,-186,0,0.30150000000000005,-0.0585,157.75,-92.08
1.0135560035705566,10,132,-134,-153,-10,0.5760000000000001,-0.054,157.75,-92.08
1.024216651916504,10,131,-135,-109,-16,0.8460000000000001,-0.03150000000000001,157.75,-92.08
1.0351364612579346,10,130,-135,-54,-21,0.8370000000000001,0.0045000000000000005,157.75,-92.08
1.0453033447265625,10,130,-135,-16,-21,0.7245,0.081,157.75,-92.08
1.056354284286499,10,130,-135,32,-21,0.6210000000000001,0.15300000000000002,157.75,-92.08
1.0667195320129395,10,130,-136,60,-27,0.459,0.15750000000000003,157.75,-92.08
1.0777571201324463,10,131,-136,76,0,0.333,0.17550000000000002,157.75,-92.08
1.0888502597808838,10,132,-136,82,-5,0.189,0.15300000000000002,157.75,-92.08
1.0999221801757812,10,133,-136,82,5,0.0675,0.15300000000000002,157.75,-92.08
1.1109123229980469,10,134,-136,71,10,-0.0,0.0855,157.75,-92.08
1.121689796447754,10,134,-135,71,16,-0.12600000000000003,0.0675,157.75,-92.08
1.1319448947906494,10,135,-135,43,21,-0.162,0.036000000000000004,157.75,-92.08
1.1421091556549072,10,135,-135,27,10,-0.198,0.009000000000000001,157.75,-92.08
1.153026819229126,10,136,-135,21,21,-0.18450000000000003,-0.009000000000000001,157.75,-92.08
1.163337230682373,10,136,-135,0,10,-0.1665,-0.022500000000000003,157.75,-92.08
1.1735291481018066,10,136,-135,-16,0,-0.1305,-0.022500000000000003,157.75,-92.08
1.183619737625122,10,136,-134,-10,0,-0.0855,-0.036000000000000004,157.75,-92.08
1.1946473121643066,10,135,-134,-21,0,-0.0675,-0.018000000000000002,157.75,-92.08
1.2050693035125732,10,135,-135,-27,-5,-0.022500000000000003,0.0,157.75,-92.08
1.215221643447876,10,135,-135,-27,-5,-0.022500000000000003,0.0,157.75,-92.08
1.2256712913513184,10,135,-135,-27,0,0.03150000000000001,0.009000000000000001,157.75,-92.08
1.2362639904022217,10,135,-135,-21,-16,0.07200000000000001,0.009000000000000001,157.75,-92.08
1.2465813159942627,10,134,-135,-21,0,0.135,0.027,157.75,-92.08
1.2574803829193115,10,134,-135,-10,0,0.12150000000000001,0.0135,157.75,-92.08
1.2683708667755127,10,134,-135,-5,0,0.117,0.022500000000000003,157.75,-92.08
1.2792143821716309,10,134,-135,0,0,0.10350000000000001,0.018000000000000002,157.75,-92.08
1.29010009765625,10,134,-135,16,0,0.10350000000000001,0.0045000000000000005,157.75,-92.08
1.3003177642822266,10,134,-135,0,0,0.07200000000000001,0.0045000000000000005,157.75,-92.08
1.310683250427246,10,134,-135,16,0,0.0585,0.0045000000000000005,157.75,-92.08
1.321390151977539,10,134,-135,0,0,0.045000000000000005,0.0,157.75,-92.08
1.3322033882141113,10,134,-135,16,5,0.036000000000000004,-0.0045000000000000005,157.75,-92.08
1.343153715133667,10,134,-135,5,0,0.045000000000000005,0.0135,157.75,-92.08
1.3542273044586182,10,134,-135,0,0,0.054,0.0135,157.75,-92.08
1.365079641342163,10,134,-135,0,0,0.054,0.0,157.75,-92.08
1.3757402896881104,10,134,-135,0,0,0.07650000000000001,0.009000000000000001,157.75,-92.08
1.3860507011413574,10,134,-135,-10,0,0.07200000000000001,0.027,157.75,-92.08
1.3963346481323242,10,134,-135,0,0,0.07200000000000001,0.022500000000000003,157.75,-92.08
1.407376766204834,10,134,-135,0,0,0.07200000000000001,0.022500000000000003,157.75,-92.08
1.4183590412139893,10,134,-135,0,0,0.081,0.0135,157.75,-92.08
1.428581953048706,10,134,-135,0,0,0.0675,0.0135,157.75,-92.08
1.43880295753479,10,134,-135,0,0,0.07200000000000001,0.018000000000000002,157.75,-92.08
1.4499568939208984,10,134,-135,0,0,0.07200000000000001,0.022500000000000003,157.75,-92.08
1.4609553813934326,10,134,-135,0,0,0.07200000000000001,0.027,157.75,-92.08
1.4711575508117676,10,134,-135,0,0,0.07200000000000001,0.022500000000000003,157.75,-92.08
1.4822876453399658,10,134,-135,0,0,0.0855,0.027,157.75,-92.08
1.4923720359802246,10,134,-135,0,0,0.06300000000000001,0.018000000000000002,157.75,-92.08
1.5024993419647217,10,134,-135,0,0,0.07650000000000001,0.018000000000000002,157.75,-92.08
1.5129835605621338,10,134,-135,0,0,0.07650000000000001,0.03150000000000001,157.75,-92.08
1.523977279663086,10,134,-135,0,0,0.0855,0.027,157.75,-92.08
1.5341148376464844,10,134,-135,0,0,0.0855,0.036000000000000004,157.75,-92.08
1.5442817211151123,10,134,-135,0,0,0.09000000000000001,0.0135,157.75,-92.08
1.5544283390045166,10,134,-135,10,0,0.07650000000000001,0.022500000000000003,157.75,-92.08
1.5645651817321777,10,134,-135,0,0,0.0675,0.03150000000000001,157.75,-92.08
1.5747601985931396,10,134,-135,0,0,0.0855,0.03150000000000001,157.75,-92.08
1.5857598781585693,10,134,-135,0,0,0.081,0.018000000000000002,157.75,-92.08
1.5967161655426025,10,134,-135,0,0,0.081,0.036000000000000004,157.75,-92.08
1.6077237129211426,10,134,-135,0,0,0.0585,0.03150000000000001,157.75,-92.08
1.6187174320220947,10,134,-135,0,0,0.0855,0.03150000000000001,157.75,-92.08
1.6297180652618408,10,134,-135,0,0,0.10350000000000001,0.03150000000000001,157.75,-92.08
1.640716552734375,10,134,-135,0,0,0.07200000000000001,0.027,157.75,-92.08
1.651719570159912,10,134,-135,0,0,0.0855,0.0405,157.75,-92.08
1.6624248027801514,10,134,-135,0,0,0.0945,0.03150000000000001,157.75,-92.08
1.6734399795532227,10,134,-135,0,0,0.10350000000000001,0.03150000000000001,157.75,-92.08
1.6844420433044434,10,134,-135,0,0,0.10350000000000001,0.036000000000000004,157.75,-92.08
1.6954407691955566,10,134,-135,0,0,0.0945,0.036000000000000004,157.75,-92.08
1.7064392566680908,10,134,-135,0,0,0.0855,0.0495,157.75,-92.08
1.7174417972564697,10,134,-135,0,0,0.09000000000000001,0.045000000000000005,157.75,-92.08
1.728442907333374,10,134,-135,0,0,0.108,0.054,157.75,-92.08
1.738964319229126,10,134,-135,0,0,0.09000000000000001,0.0405,157.75,-92.08
1.7492241859436035,10,134,-135,0,0,0.07650000000000001,0.036000000000000004,157.75,-92.08
1.7594153881072998,10,134,-135,0,0,0.099,0.036000000000000004,157.75,-92.08
1.769742488861084,10,134,-135,0,5,0.0945,0.045000000000000005,157.75,-92.08
1.7802424430847168,10,134,-135,0,0,0.09000000000000001,0.0495,157.75,-92.08
1.7905585765838623,10,134,-135,0,0,0.0855,0.045000000000000005,157.75,-92.08
1.8008906841278076,10,134,-135,0,0,0.099,0.045000000000000005,157.75,-92.08
1.8114080429077148,10,134,-135,0,0,0.10350000000000001,0.0675,157.75,-92.08
1.8215680122375488,10,134,-135,0,0,0.1125,0.0405,157.75,-92.08
1.8320767879486084,10,134,-135,0,0,0.0945,0.0405,157.75,-92.08
1.8421835899353027,10,134,-135,0,0,0.0945,0.0405,157.75,-92.08
1.852480411529541,10,134,-135,0,0,0.108,0.054,157.75,-92.08
1.86285400390625,10,134,-135,0,0,0.1125,0.0495,157.75,-92.08
1.8734185695648193,10,134,-135,0,0,0.10350000000000001,0.045000000000000005,157.75,-92.08
1.8838849067687988,10,134,-135,0,0,0.0945,0.06300000000000001,157.75,-92.08
1.8943490982055664,10,134,-135,0,0,0.108,0.054,157.75,-92.08
1.9050769805908203,10,134,-135,0,0,0.10350000000000001,0.0495,157.75,-92.08
1.915144681930542,10,134,-135,0,0,0.108,0.045000000000000005,157.75,-92.08
1.9256629943847656,10,134,-135,0,0,0.0945,0.0585,157.75,-92.08
1.935847282409668,10,134,-135,0,0,0.108,0.054,157.75,-92.08
1.946197509765625,10,134,-135,0,0,0.10350000000000001,0.036000000000000004,157.75,-92.08
1.9566833972930908,10,134,-135,0,0,0.108,0.054,157.75,-92.08
1.9671311378479004,10,134,-135,0,0,0.099,0.0585,157.75,-92.08
1.977597713470459,10,134,-135,0,0,0.108,0.06300000000000001,157.75,-92.08
1.9883790016174316,10,134,-135,0,0,0.12150000000000001,0.0585,157.75,-92.08
1.9986546039581299,10,134,-135,0,0,0.108,0.045000000000000005,157.75,-92.08
2.009204149246216,10,134,-135,5,0,0.099,0.054,157.75,-92.08
2.0192744731903076,10,134,-135,0,0,0.108,0.0495,157.75,-92.08
2.030273199081421,10,134,-135,0,0,0.1125,0.0585,157.75,-92.08
2.041269540786743,10,134,-135,0,0,0.10350000000000001,0.0585,157.75,-92.08
2.052286386489868,10,134,-135,0,0,0.117,0.054,157.75,-92.08
2.0632874965667725,10,134,-135,0,0,0.12600000000000003,0.054,157.75,-92.08
2.074286460876465,10,134,-135,0,0,0.108,0.0675,157.75,-92.08
2.0853519439697266,10,134,-135,0,0,0.10350000000000001,0.0495,157.75,-92.08
2.0963518619537354,10,134,-135,0,0,0.108,0.0675,157.75,-92.08
2.107351303100586,10,134,-135,0,0,0.117,0.06300000000000001,157.75,-92.08
2.118351936340332,10,134,-135,0,0,0.12150000000000001,0.06300000000000001,157.75,-92.08
2.128973960876465,10,134,-135,0,0,0.1305,0.081,157.75,-92.08
2.1399741172790527,10,134,-135,0,0,0.117,0.054,157.75,-92.08
2.1509745121002197,10,134,-135,0,0,0.1125,0.0675,157.75,-92.08
2.161125898361206,10,134,-135,0,0,0.108,0.07200000000000001,157.75,-92.08
2.1716723442077637,10,134,-135,0,0,0.12600000000000003,0.0585,157.75,-92.08
2.1827096939086914,10,134,-135,0,0,0.10350000000000001,0.07200000000000001,157.75,-92.08
2.193730592727661,10,134,-135,0,0,0.0945,0.07200000000000001,157.75,-92.08
2.2047297954559326,10,134,-135,0,0,0.108,0.0675,157.75,-92.08
2.215726613998413,10,134,-135,0,0,0.1125,0.06300000000000001,157.75,-92.08
2.2267906665802,10,134,-135,0,0,0.1125,0.0585,157.75,-92.08
2.2378578186035156,10,134,-135,0,0,0.1125,0.0855,157.75,-92.08
2.2488574981689453,10,134,-135,0,0,0.117,0.081,157.75,-92.08
2.2598557472229004,10,134,-135,0,0,0.117,0.0675,157.75,-92.08
2.270920753479004,10,134,-135,0,0,0.117,0.07200000000000001,157.75,-92.08
2.281920909881592,10,134,-135,0,0,0.12600000000000003,0.081,157.75,-92.08
2.292919397354126,10,134,-135,0,0,0.117,0.07200000000000001,157.75,-92.08
2.303920030593872,10,134,-135,0,0,0.1125,0.06300000000000001,157.75,-92.08
2.314539909362793,10,134,-135,0,0,0.12150000000000001,0.081,157.75,-92.08
2.3255391120910645,10,134,-135,0,0,0.1125,0.07200000000000001,157.75,-92.08
2.336543083190918,10,134,-135,0,0,0.1305,0.0855,157.75,-92.08
2.3475401401519775,10,134,-135,0,0,0.12150000000000001,0.081,157.75,-92.08
2.358538866043091,10,134,-135,0,0,0.117,0.081,157.75,-92.08
2.3695404529571533,10,135,-135,0,0,0.12150000000000001,0.0585,157.75,-92.08
2.380603313446045,10,135,-135,0,0,0.12150000000000001,0.0675,157.75,-92.08
2.391604423522949,10,135,-135,0,0,0.12150000000000001,0.0675,157.75,-92.08
2.402604103088379,10,135,-135,0,0,0.108,0.081,157.75,-92.08
2.4136641025543213,10,135,-135,0,0,0.1125,0.07650000000000001,157.75,-92.08
2.4241695404052734,10,135,-135,0,0,0.117,0.0855,157.75,-92.08
2.4347128868103027,10,135,-135,0,0,0.1305,0.081,157.75,-92.08
2.4457366466522217,10,135,-135,10,0,0.117,0.07200000000000001,157.75,-92.08
2.4567370414733887,10,135,-135,0,0,0.1305,0.081,157.75,-92.08
2.467736005783081,10,135,-135,0,0,0.1125,0.0945,157.75,-92.08
2.4787518978118896,10,135,-135,0,0,0.12600000000000003,0.07200000000000001,157.75,-92.08
2.4897518157958984,10,135,-135,0,0,0.12600000000000003,0.09000000000000001,157.75,-92.08
2.500822067260742,10,135,-135,0,0,0.117,0.0855,157.75,-92.08
2.514064073562622,10,135,-135,0,0,0.117,0.0675,157.75,-92.08
0.010114669799804688,11,135,-135,0,0,0.022500000000000003,0.0,117.11,-198.33
0.022125959396362305,11,134,-135,-16,0,-0.0,0.0,117.11,-198.33
0.033115386962890625,11,134,-135,-5,0,0.0045000000000000005,-0.0045000000000000005,117.11,-198.33
0.044116973876953125,11,134,-135,-16,-10,-0.0,0.0,117.11,-198.33
0.05519556999206543,11,134,-135,-5,0,-0.0,0.0,117.11,-198.33
0.06614804267883301,11,134,-135,-5,-5,-0.0,-0.009000000000000001,117.11,-198.33
0.07642364501953125,11,134,-135,-5,0,-0.0,0.0,117.11,-198.33
0.08746027946472168,11,134,-135,-5,0,-0.0,0.0,117.11,-198.33
0.09768819808959961,11,134,-135,-5,0,-0.0,-0.0045000000000000005,117.11,-198.33
0.1087794303894043,11,134,-135,0,0,-0.0,-0.009000000000000001,117.11,-198.33
0.11896467208862305,11,133,-135,0,0,0.0045000000000000005,0.0,117.11,-198.33
0.1290726661682129,11,133,-135,-5,0,0.0045000000000000005,0.0045000000000000005,117.11,-198.33
0.1399552822113037,11,133,-135,-10,0,-0.0,-0.0045000000000000005,117.11,-198.33
0.15087604522705078,11,133,-135,0,0,-0.0,0.0135,117.11,-198.33
0.16122913360595703,11,133,-135,0,0,0.0045000000000000005,-0.0045000000000000005,117.11,-198.33
0.17238807678222656,11,133,-135,0,0,-0.0,-0.009000000000000001,117.11,-198.33
0.1833817958831787,11,133,-135,0,0,-0.0,0.0,117.11,-198.33
0.1937873363494873,11,133,-135,0,0,-0.0,-0.0045000000000000005,117.11,-198.33
0.2045307159423828,11,133,-135,0,0,0.009000000000000001,0.0045000000000000005,117.11,-198.33
0.21484756469726562,11,133,-135,0,0,-0.0,0.0,117.11,-198.33
0.2257852554321289,11,133,-135,0,0,-0.0,0.0,117.11,-198.33
0.23688483238220215,11,133,-135,0,0,-0.0,0.0,117.11,-198.33
0.24701690673828125,11,133,-135,-5,0,-0.0045000000000000005,0.0,117.11,-198.33
0.25725388526916504,11,133,-135,-5,0,-0.0,0.0,117.11,-198.33
0.2684018611907959,11,133,-135,-5,0,-0.0045000000000000005,0.0,117.11,-198.33
0.2793920040130615,11,133,-135,0,0,-0.0045000000000000005,-0.0045000000000000005,117.11,-198.33
0.29038500785827637,11,133,-135,0,0,-0.0045000000000000005,0.0,117.11,-198.33
0.3013730049133301,11,133,-135,0,0,-0.0,0.0,117.11,-198.33
0.3123505115509033,11,133,-135,0,0,-0.0,0.0,117.11,-198.33
0.3233461380004883,11,133,-135,5,0,-0.0,-0.009000000000000001,117.11,-198.33
0.33435511589050293,11,133,-135,0,0,-0.009000000000000001,-0.0045000000000000005,117.11,-198.33
0.345386266708374,11,133,-135,0,0,0.0045000000000000005,0.0,117.11,-198.33
0.3563847541809082,11,133,-135,0,0,-0.0,0.0,117.11,-198.33
0.3673574924468994,11,133,-135,0,0,0.009000000000000001,0.0,117.11,-198.33
0.37841033935546875,11,133,-135,0,0,-0.0,0.0,117.11,-198.33
0.3885629177093506,11,133,-135,0,0,0.0045000000000000005,-0.0045000000000000005,117.11,-198.33
0.39971446990966797,11,133,-135,0,0,0.0045000000000000005,-0.018000000000000002,117.11,-198.33
0.4107091426849365,11,133,-135,0,0,-0.0,0.0,117.11,-198.33
0.4208793640136719,11,133,-135,0,0,-0.0,0.0,117.11,-198.33
0.43199992179870605,11,133,-135,0,0,0.009000000000000001,-0.0135,117.11,-198.33
0.443035364151001,11,133,-135,0,0,-0.009000000000000001,0.0,117.11,-198.33
0.4538304805755615,11,133,-135,0,0,-0.0,0.018000000000000002,117.11,-198.33
0.46491074562072754,11,133,-135,0,0,0.0045000000000000005,0.009000000000000001,117.11,-198.33
0.4758439064025879,11,133,-135,0,0,-0.0045000000000000005,-0.009000000000000001,117.11,-198.33
0.4859936237335205,11,133,-135,0,0,-0.0045000000000000005,0.0,117.11,-198.33
0.4969937801361084,11,133,-135,0,0,0.0045000000000000005,0.0,117.11,-198.33
0.5072805881500244,11,133,-135,0,0,0.0045000000000000005,0.0,117.11,-198.33
0.5193769931793213,11,133,-135,0,0,-0.0,0.0,117.11,-198.33
0.5304088592529297,11,133,-135,16,0,0.324,-0.0405,117.11,-198.33
0.5413694381713867,11,134,-135,27,-10,0.54,-0.3915,117.11,-198.33
0.5523903369903564,11,134,-135,71,-54,0.7875,-0.684,117.11,-198.33
0.5633924007415771,11,135,-136,120,-98,0.918,-0.891,117.11,-198.33
0.5744080543518066,11,137,-137,175,-148,0.8775,-0.8865,117.11,-198.33
0.5854089260101318,11,139,-139,208,-175,0.7065,-0.81,117.11,-198.33
0.5964066982269287,11,142,-141,247,-225,0.6165,-0.756,117.11,-198.33
0.6074082851409912,11,145,-144,274,-247,0.3915,-0.5985,117.11,-198.33
0.6184155941009521,11,148,-147,285,-274,0.261,-0.48600000000000004,117.11,-198.33
0.6294751167297363,11,151,-150,285,-280,0.081,-0.28800000000000003,117.11,-198.33
0.6397106647491455,11,154,-150,291,-280,-0.0,-0.28800000000000003,117.11,-198.33
0.6500449180603027,11,154,-153,291,-291,-0.0,-0.14850000000000002,117.11,-198.33
0.6607472896575928,11,157,-156,280,-285,-0.18000000000000002,-0.022500000000000003,117.11,-198.33
0.6710631847381592,11,160,-159,258,-280,-0.261,0.054,117.11,-198.33
0.6817853450775146,11,163,-162,230,-269,-0.24300000000000002,0.198,117.11,-198.33
0.6926274299621582,11,165,-165,214,-247,-0.234,0.23850000000000002,117.11,-198.33
0.7029378414154053,11,168,-168,203,-225,-0.2025,0.27,117.11,-198.33
0.714087963104248,11,170,-170,181,-214,-0.189,0.234,117.11,-198.33
0.7250618934631348,11,172,-172,159,-186,-0.10350000000000001,0.171,117.11,-198.33
0.7360231876373291,11,174,-174,153,-159,-0.03150000000000001,0.07650000000000001,117.11,-198.33
0.7470762729644775,11,175,-176,153,-159,0.036000000000000004,0.0,117.11,-198.33
0.7580769062042236,11,177,-178,159,-137,0.162,-0.0495,117.11,-198.33
0.7690763473510742,11,179,-180,164,-164,0.1935,-0.14850000000000002,117.11,-198.33
0.780078649520874,11,181,-181,175,-164,0.21150000000000002,-0.21150000000000002,117.11,-198.33
0.7910826206207275,11,183,-183,186,-175,0.17550000000000002,-0.2025,117.11,-198.33
0.8016040325164795,11,185,-185,197,-192,0.189,-0.1935,117.11,-198.33
0.8124191761016846,11,187,-187,203,-208,0.1395,-0.17550000000000002,117.11,-198.33
0.8232288360595703,11,189,-190,208,-208,0.12150000000000001,-0.162,117.11,-198.33
0.8335418701171875,11,192,-192,225,-214,0.0585,-0.0675,117.11,-198.33
0.8445284366607666,11,194,-194,225,-208,0.027,0.20700000000000002,117.11,-198.33
0.8546977043151855,11,196,-196,214,-159,-0.0,0.5085000000000001,117.11,-198.33
0.8648433685302734,11,199,-198,197,-98,-0.3285,0.6300000000000001,117.11,-198.33
0.8751399517059326,11,201,-198,148,-21,-0.549,0.5445,117.11,-198.33
0.8861868381500244,11,202,-198,98,32,-0.7200000000000001,0.34650000000000003,117.11,-198.33
0.8963227272033691,11,203,-198,27,60,-0.684,0.2655,117.11,-198.33
0.9067542552947998,11,203,-197,-21,65,-0.5265,0.099,117.11,-198.33
0.9177432060241699,11,202,-196,-60,60,-0.35550000000000004,0.0495,117.11,-198.33
0.9278731346130371,11,202,-196,-65,49,-0.1935,-0.022500000000000003,117.11,-198.33
0.93902587890625,11,201,-195,-71,38,-0.0855,-0.0585,117.11,-198.33
0.9499719142913818,11,200,-195,-71,21,-0.0,-0.07200000000000001,117.11,-198.33
0.9610300064086914,11,199,-195,-65,0,0.1395,-0.036000000000000004,117.11,-198.33
0.9712560176849365,11,199,-195,-49,-5,0.1935,-0.018000000000000002,117.11,-198.33
0.9815998077392578,11,199,-195,-49,-5,0.1935,-0.018000000000000002,117.11,-198.33
0.9926021099090576,11,198,-195,-27,-10,0.14850000000000002,0.0135,117.11,-198.33
1.0029027462005615,11,198,-195,0,0,0.117,0.03150000000000001,117.11,-198.33
1.0131409168243408,11,198,-195,16,0,0.0675,0.0135,117.11,-198.33
1.0240416526794434,11,198,-195,21,0,0.027,0.0045000000000000005,117.11,-198.33
1.0342841148376465,11,199,-195,21,0,-0.027,0.0,117.11,-198.33
1.045551061630249,11,199,-195,5,0,-0.0135,0.0,117.11,-198.33
1.0565459728240967,11,199,-195,0,0,-0.009000000000000001,0.018000000000000002,117.11,-198.33
1.0667777061462402,11,199,-195,-21,0,0.0135,0.0135,117.11,-198.33
1.0775904655456543,11,199,-195,0,0,0.027,0.0135,117.11,-198.33
1.088374376296997,11,199,-195,0,0,0.045000000000000005,0.0,117.11,-198.33
1.0991911888122559,11,199,-195,0,0,0.03150000000000001,0.0045000000000000005,117.11,-198.33
1.1100013256072998,11,199,-195,0,0,0.0405,0.009000000000000001,117.11,-198.33
1.1207354068756104,11,199,-195,0,0,0.009000000000000001,0.0045000000000000005,117.11,-198.33
1.1316478252410889,11,199,-195,0,0,-0.0,0.0045000000000000005,117.11,-198.33
1.142446517944336,11,199,-195,0,0,0.0135,0.0045000000000000005,117.11,-198.33
1.1526002883911133,11,199,-195,-16,5,-0.0,0.009000000000000001,117.11,-198.33
1.1627533435821533,11,199,-195,-5,0,0.022500000000000003,0.0045000000000000005,117.11,-198.33
1.1737465858459473,11,199,-195,0,0,0.0135,0.0,117.11,-198.33
1.1840713024139404,11,199,-195,0,0,0.027,0.0,117.11,-198.33
1.1942222118377686,11,199,-195,10,0,0.022500000000000003,0.009000000000000001,117.11,-198.33
1.2051308155059814,11,199,-195,0,0,-0.0,0.0135,117.11,-198.33
1.2162692546844482,11,199,-195,0,0,0.018000000000000002,0.0135,117.11,-198.33
1.2265937328338623,11,199,-195,0,0,-0.0,0.0,117.11,-198.33
1.237595796585083,11,199,-195,0,0,0.018000000000000002,0.009000000000000001,117.11,-198.33
1.2483184337615967,11,199,-195,0,0,0.0135,0.0135,117.11,-198.33
1.2587058544158936,11,199,-195,0,0,0.009000000000000001,0.009000000000000001,117.11,-198.33
1.269798755645752,11,199,-195,0,0,0.009000000000000001,0.009000000000000001,117.11,-198.33
1.2799327373504639,11,199,-195,0,0,0.0045000000000000005,0.0,117.11,-198.33
1.2903251647949219,11,199,-195,0,0,0.0045000000000000005,0.009000000000000001,117.11,-198.33
1.300846815109253,11,199,-195,0,0,0.0135,0.0135,117.11,-198.33
1.3119168281555176,11,199,-195,0,0,0.009000000000000001,0.0135,117.11,-198.33
1.3220651149749756,11,199,-195,0,0,0.009000000000000001,0.009000000000000001,117.11,-198.33
1.3324897289276123,11,199,-195,0,0,0.03150000000000001,0.0045000000000000005,117.11,-198.33
1.3434650897979736,11,199,-195,0,0,0.018000000000000002,0.0045000000000000005,117.11,-198.33
1.3544647693634033,11,199,-195,0,0,0.018000000000000002,0.009000000000000001,117.11,-198.33
1.365464210510254,11,199,-195,5,0,0.0045000000000000005,0.009000000000000001,117.11,-198.33
1.3766465187072754,11,199,-195,0,0,0.009000000000000001,0.0045000000000000005,117.11,-198.33
1.3870489597320557,11,199,-195,0,0,0.0045000000000000005,0.0045000000000000005,117.11,-198.33
1.3978068828582764,11,199,-195,0,0,0.009000000000000001,0.009000000000000001,117.11,-198.33
1.4089741706848145,11,199,-195,0,0,0.0045000000000000005,0.009000000000000001,117.11,-198.33
1.4200971126556396,11,199,-195,0,0,0.0135,0.018000000000000002,117.11,-198.33
1.4304413795471191,11,199,-195,0,0,0.018000000000000002,0.009000000000000001,117.11,-198.33
1.4405789375305176,11,199,-195,0,0,0.0045000000000000005,0.0045000000000000005,117.11,-198.33
1.450929880142212,11,199,-195,0,0,0.0045000000000000005,0.0045000000000000005,117.11,-198.33
1.461944818496704,11,199,-195,0,0,-0.0,0.0135,117.11,-198.33
1.4729547500610352,11,199,-195,0,0,-0.0,0.0135,117.11,-198.33
1.4841153621673584,11,199,-195,0,0,-0.0,0.009000000000000001,117.11,-198.33
1.4950411319732666,11,199,-195,0,0,0.009000000000000001,0.0045000000000000005,117.11,-198.33
1.5060386657714844,11,199,-195,0,0,-0.0,0.009000000000000001,117.11,-198.33
1.5170388221740723,11,199,-195,0,0,-0.0,0.0045000000000000005,117.11,-198.33
1.5273120403289795,11,199,-195,0,0,0.009000000000000001,0.009000000000000001,117.11,-198.33
1.5383083820343018,11,199,-195,0,0,0.0135,0.009000000000000001,117.11,-198.33
1.549309492111206,11,199,-195,0,0,0.0135,0.0135,117.11,-198.33
1.560312271118164,11,199,-195,0,0,-0.0,0.018000000000000002,117.11,-198.33
1.5713095664978027,11,199,-195,0,0,0.022500000000000003,0.0135,117.11,-198.33
1.5823090076446533,11,199,-195,0,0,-0.0,0.0135,117.11,-198.33
1.5933165550231934,11,199,-195,0,0,0.009000000000000001,0.009000000000000001,117.11,-198.33
1.604309320449829,11,199,-195,0,0,0.0045000000000000005,0.018000000000000002,117.11,-198.33
1.6153109073638916,11,199,-195,0,0,0.018000000000000002,0.0135,117.11,-198.33
1.6263587474822998,11,199,-195,0,0,-0.0,0.022500000000000003,117.11,-198.33
1.6373097896575928,11,199,-195,0,0,-0.0,0.0135,117.11,-198.33
1.6478900909423828,11,199,-195,0,0,0.009000000000000001,0.0135,117.11,-198.33
1.6582322120666504,11,199,-195,0,0,-0.0135,0.0135,117.11,-198.33
1.6687572002410889,11,199,-195,0,0,-0.0,0.009000000000000001,117.11,-198.33
1.6788270473480225,11,199,-195,0,0,0.0135,0.018000000000000002,117.11,-198.33
1.6891610622406006,11,199,-195,0,0,-0.0,0.018000000000000002,117.11,-198.33
1.6995327472686768,11,199,-195,0,0,-0.0,0.0135,117.11,-198.33
1.7103142738342285,11,199,-195,0,0,-0.0,0.0135,117.11,-198.33
1.7206487655639648,11,199,-195,0,0,-0.009000000000000001,0.022500000000000003,117.11,-198.33
1.7310101985931396,11,199,-195,0,0,-0.0,0.018000000000000002,117.11,-198.33
1.741105556488037,11,199,-195,-5,0,-0.0,0.018000000000000002,117.11,-198.33
1.7518792152404785,11,199,-195,0,0,-0.018000000000000002,0.0135,117.11,-198.33
1.7628748416900635,11,199,-195,0,0,0.0045000000000000005,0.009000000000000001,117.11,-198.33
1.7731046676635742,11,199,-195,0,0,0.0135,0.009000000000000001,117.11,-198.33
1.7832653522491455,11,199,-195,0,0,0.0045000000000000005,0.018000000000000002,117.11,-198.33
1.7936193943023682,11,199,-195,0,0,-0.0045000000000000005,0.0045000000000000005,117.11,-198.33
1.8041300773620605,11,199,-195,0,0,-0.0,0.0135,117.11,-198.33
1.8148787021636963,11,199,-195,0,0,-0.0,0.0045000000000000005,117.11,-198.33
1.8254539966583252,11,199,-195,0,0,-0.0,0.018000000000000002,117.11,-198.33
1.8360755443572998,11,199,-195,0,0,-0.0,0.022500000000000003,117.11,-198.33
1.846627950668335,11,199,-195,0,0,-0.0045000000000000005,0.009000000000000001,117.11,-198.33
1.857163429260254,11,199,-195,0,0,-0.0045000000000000005,0.022500000000000003,117.11,-198.33
1.8675146102905273,11,199,-195,0,0,-0.0,0.0135,117.11,-198.33
1.8780858516693115,11,199,-195,0,0,-0.009000000000000001,0.018000000000000002,117.11,-198.33
1.8885164260864258,11,199,-195,0,0,0.009000000000000001,0.0135,117.11,-198.33
1.898707628250122,11,199,-195,0,0,-0.0135,0.0135,117.11,-198.33
1.9088594913482666,11,199,-195,0,0,-0.0135,0.018000000000000002,117.11,-198.33
1.9189972877502441,11,199,-195,0,0,-0.0135,0.018000000000000002,117.11,-198.33
1.929520606994629,11,199,-195,0,0,-0.0,0.0135,117.11,-198.33
1.9401934146881104,11,199,-195,0,0,-0.0,0.0135,117.11,-198.33
1.9505283832550049,11,199,-195,0,0,-0.0135,0.0135,117.11,-198.33
1.9615280628204346,11,199,-195,0,0,-0.009000000000000001,0.018000000000000002,117.11,-198.33
1.9725613594055176,11,199,-195,0,0,-0.0,0.009000000000000001,117.11,-198.33
1.9835615158081055,11,199,-195,0,0,-0.0,0.022500000000000003,117.11,-198.33
1.9945220947265625,11,199,-195,0,0,-0.009000000000000001,0.018000000000000002,117.11,-198.33
2.005542755126953,11,199,-195,0,0,-0.0,0.022500000000000003,117.11,-198.33
2.0161631107330322,11,199,-195,0,0,-0.009000000000000001,0.018000000000000002,117.11,-198.33
2.027225971221924,11,199,-195,0,0,-0.009000000000000001,0.018000000000000002,117.11,-198.33
2.0382280349731445,11,199,-195,0,0,-0.0135,0.0135,117.11,-198.33
2.0492265224456787,11,199,-195,0,0,-0.0,0.018000000000000002,117.11,-198.33
2.0603013038635254,11,199,-195,0,0,-0.0045000000000000005,0.018000000000000002,117.11,-198.33
2.0707244873046875,11,199,-195,0,0,-0.0135,0.022500000000000003,117.11,-198.33
2.0808677673339844,11,199,-195,0,0,-0.0,0.022500000000000003,117.11,-198.33
2.0918450355529785,11,199,-195,0,0,-0.018000000000000002,0.022500000000000003,117.11,-198.33
2.101980447769165,11,199,-195,0,0,-0.018000000000000002,0.018000000000000002,117.11,-198.33
2.1122751235961914,11,199,-195,0,0,-0.009000000000000001,0.0135,117.11,-198.33
2.1232552528381348,11,199,-195,0,0,-0.009000000000000001,0.009000000000000001,117.11,-198.33
2.1334264278411865,11,199,-195,0,0,-0.0,0.0135,117.11,-198.33
2.1442716121673584,11,199,-195,0,0,-0.009000000000000001,0.022500000000000003,117.11,-198.33
2.155052661895752,11,199,-195,0,0,-0.009000000000000001,0.018000000000000002,117.11,-198.33
2.165848731994629,11,199,-195,0,0,-0.018000000000000002,0.009000000000000001,117.11,-198.33
2.176719903945923,11,199,-195,0,0,-0.009000000000000001,0.022500000000000003,117.11,-198.33
2.1875970363616943,11,199,-195,0,0,-0.0135,0.027,117.11,-198.33
2.1984448432922363,11,199,-195,0,0,-0.022500000000000003,0.018000000000000002,117.11,-198.33
2.2092881202697754,11,199,-195,0,0,-0.0135,0.022500000000000003,117.11,-198.33
2.2200725078582764,11,199,-195,0,0,0.009000000000000001,0.018000000000000002,117.11,-198.33
2.2309372425079346,11,199,-195,0,0,0.0045000000000000005,0.018000000000000002,117.11,-198.33
2.2417051792144775,11,199,-195,0,0,-0.0,0.018000000000000002,117.11,-198.33
2.2524688243865967,11,199,-195,0,0,-0.0,0.018000000000000002,117.11,-198.33
2.26328706741333,11,199,-195,0,0,-0.0135,0.027,117.11,-198.33
2.2741539478302,11,199,-195,0,0,-0.0045000000000000005,0.027,117.11,-198.33
2.2850770950317383,11,199,-195,0,0,-0.0045000000000000005,0.0135,117.11,-198.33
2.2959375381469727,11,199,-195,0,0,-0.0135,0.018000000000000002,117.11,-198.33
2.3068056106567383,11,199,-195,0,0,-0.018000000000000002,0.0135,117.11,-198.33
2.3176429271698,11,199,-195,0,0,-0.027,0.018000000000000002,117.11,-198.33
2.328437328338623,11,199,-195,0,0,-0.0135,0.018000000000000002,117.11,-198.33
2.3393895626068115,11,199,-195,0,0,-0.018000000000000002,0.022500000000000003,117.11,-198.33
2.3500683307647705,11,199,-195,0,0,-0.009000000000000001,0.018000000000000002,117.11,-198.33
2.36091685295105,11,199,-195,0,0,-0.0045000000000000005,0.0135,117.11,-198.33
2.371727705001831,11,199,-195,0,0,-0.0,0.022500000000000003,117.11,-198.33
2.382566213607788,11,199,-195,0,0,-0.0,0.018000000000000002,117.11,-198.33
2.3933804035186768,11,199,-195,-5,0,-0.009000000000000001,0.022500000000000003,117.11,-198.33
2.4040980339050293,11,199,-195,0,0,-0.018000000000000002,0.03150000000000001,117.11,-198.33
2.4149205684661865,11,199,-195,0,0,-0.009000000000000001,0.022500000000000003,117.11,-198.33
2.4255754947662354,11,199,-195,0,0,-0.009000000000000001,0.027,117.11,-198.33
2.4363510608673096,11,199,-195,0,0,-0.009000000000000001,0.027,117.11,-198.33
2.447204351425171,11,199,-195,0,0,-0.009000000000000001,0.022500000000000003,117.11,-198.33
2.4579854011535645,11,199,-195,0,0,-0.022500000000000003,0.022500000000000003,117.11,-198.33
2.468815565109253,11,199,-195,0,0,-0.0135,0.0135,117.11,-198.33
2.4796392917633057,11,199,-195,0,0,-0.009000000000000001,0.022500000000000003,117.11,-198.33
2.490428924560547,11,199,-195,0,0,-0.009000000000000001,0.018000000000000002,117.11,-198.33
2.501126527786255,11,199,-195,0,0,-0.009000000000000001,0.018000000000000002,117.11,-198.33
2.513139247894287,11,199,-195,0,0,-0.022500000000000003,0.022500000000000003,117.11,-198.33
0.010143041610717773,12,199,-195,0,0,-0.0135,0.018000000000000002,130.25,-125.78
0.021849870681762695,12,199,-195,0,0,-0.0,0.009000000000000001,130.25,-125.78
0.03212714195251465,12,199,-195,0,0,0.0045000000000000005,0.0,130.25,-125.78
0.0422666072845459,12,199,-195,5,0,-0.0045000000000000005,0.0,130.25,-125.78
0.052458763122558594,12,199,-195,0,0,-0.009000000000000001,0.0,130.25,-125.78
0.06356930732727051,12,199,-195,0,0,0.009000000000000001,0.0,130.25,-125.78
0.0745842456817627,12,199,-195,0,0,0.009000000000000001,0.0,130.25,-125.78
0.08500337600708008,12,199,-195,0,0,-0.0,0.0,130.25,-125.78
0.0957345962524414,12,199,-195,0,0,0.009000000000000001,0.0045000000000000005,130.25,-125.78
0.10587430000305176,12,199,-195,0,0,-0.0045000000000000005,0.0045000000000000005,130.25,-125.78
0.11700749397277832,12,199,-195,0,0,-0.0,0.0,130.25,-125.78
0.12801218032836914,12,199,-195,0,0,-0.009000000000000001,0.0,130.25,-125.78
0.13837552070617676,12,199,-195,0,0,-0.0,-0.0045000000000000005,130.25,-125.78
0.1484835147857666,12,199,-195,0,0,0.0045000000000000005,0.009000000000000001,130.25,-125.78
0.15947556495666504,12,199,-195,0,0,-0.009000000000000001,0.0,130.25,-125.78
0.17058706283569336,12,199,-195,0,0,0.0045000000000000005,0.0,130.25,-125.78
0.18102431297302246,12,199,-195,0,0,-0.0,-0.0045000000000000005,130.25,-125.78
0.19203853607177734,12,199,-195,0,0,0.009000000000000001,0.0,130.25,-125.78
0.20215153694152832,12,199,-195,0,0,-0.0,0.0,130.25,-125.78
0.21261286735534668,12,199,-195,0,0,-0.0,0.0,130.25,-125.78
0.2235872745513916,12,199,-195,0,0,-0.0,0.0,130.25,-125.78
0.2346043586730957,12,199,-195,0,0,-0.0045000000000000005,-0.0045000000000000005,130.25,-125.78
0.24485015869140625,12,199,-195,0,0,0.0045000000000000005,0.0,130.25,-125.78
0.25509071350097656,12,199,-195,0,0,0.0045000000000000005,0.0,130.25,-125.78
0.26609158515930176,12,199,-195,0,0,-0.0,0.0,130.25,-125.78
0.2762410640716553,12,199,-195,0,0,-0.0,0.0,130.25,-125.78
0.28666257858276367,12,199,-195,0,0,-0.0,0.009000000000000001,130.25,-125.78
0.29734158515930176,12,199,-195,0,0,0.009000000000000001,-0.0045000000000000005,130.25,-125.78
0.30769777297973633,12,199,-195,0,0,-0.0,0.0,130.25,-125.78
0.31790876388549805,12,199,-195,0,0,-0.0,0.0,130.25,-125.78
0.3288438320159912,12,199,-195,0,0,-0.0,0.0,130.25,-125.78
0.33908891677856445,12,199,-195,0,0,-0.0,0.0,130.25,-125.78
0.35009312629699707,12,199,-195,0,0,-0.0,0.0,130.25,-125.78
0.3605468273162842,12,199,-195,0,0,-0.0,0.0,130.25,-125.78
0.3715057373046875,12,199,-195,0,0,-0.0,0.0,130.25,-125.78
0.3817007541656494,12,199,-195,0,0,-0.0045000000000000005,0.0,130.25,-125.78
0.39199376106262207,12,199,-195,0,0,-0.0,0.0,130.25,-125.78
0.4021146297454834,12,199,-195,0,0,-0.0045000000000000005,-0.0045000000000000005,130.25,-125.78
0.4122128486633301,12,199,-195,0,0,-0.0,0.0045000000000000005,130.25,-125.78
0.42255234718322754,12,199,-195,0,0,-0.0,0.0045000000000000005,130.25,-125.78
0.43350887298583984,12,199,-195,0,0,-0.0045000000000000005,0.0,130.25,-125.78
0.444185733795166,12,199,-195,0,0,-0.0,0.0,130.25,-125.78
0.4552793502807617,12,199,-195,0,0,-0.0135,0.0,130.25,-125.78
0.4654121398925781,12,199,-195,0,0,-0.0,0.0,130.25,-125.78
0.47562527656555176,12,199,-195,0,0,0.0135,0.0,130.25,-125.78
0.4866344928741455,12,199,-195,0,0,0.0045000000000000005,0.0045000000000000005,130.25,-125.78
0.49763011932373047,12,199,-195,0,0,-0.009000000000000001,0.0,130.25,-125.78
0.5080230236053467,12,199,-195,0,0,0.009000000000000001,0.0,130.25,-125.78
0.5358290672302246,12,199,-195,0,0,-0.0,0.0,130.25,-125.78
0.5469765663146973,12,199,-195,0,5,-0.20700000000000002,0.225,130.25,-125.78
0.5579161643981934,12,198,-195,-32,27,-0.432,0.4635,130.25,-125.78
0.568972110748291,12,198,-194,-76,60,-0.6525,0.6705,130.25,-125.78
0.5791215896606445,12,197,-193,-137,120,-0.774,0.792,130.25,-125.78
0.5893585681915283,12,195,-191,-197,186,-0.6705,0.7065,130.25,-125.78
0.6005074977874756,12,192,-189,-230,214,-0.49500000000000005,0.5985,130.25,-125.78
0.6115059852600098,12,190,-187,-252,236,-0.37350000000000005,0.4545,130.25,-125.78
0.622506856918335,12,187,-184,-258,263,-0.25650000000000006,0.41400000000000003,130.25,-125.78
0.6335139274597168,12,184,-181,-263,258,-0.135,0.2205,130.25,-125.78
0.6444928646087646,12,181,-178,-269,274,-0.0585,0.12150000000000001,130.25,-125.78
0.6555085182189941,12,178,-175,-252,263,-0.0045000000000000005,0.06300000000000001,130.25,-125.78
0.6657721996307373,12,175,-172,-241,258,0.0405,0.0135,130.25,-125.78
0.6759564876556396,12,173,-169,-230,241,0.099,-0.036000000000000004,130.25,-125.78
0.6861231327056885,12,170,-167,-219,230,0.108,-0.0945,130.25,-125.78
0.6971011161804199,12,168,-164,-208,214,0.0855,-0.0855,130.25,-125.78
0.7073557376861572,12,166,-162,-186,197,0.0495,-0.0585,130.25,-125.78
0.7175664901733398,12,164,-160,-186,186,-0.0135,-0.0135,130.25,-125.78
0.7285764217376709,12,162,-158,-181,170,-0.0495,0.022500000000000003,130.25,-125.78
0.7395668029785156,12,160,-156,-170,175,-0.09000000000000001,0.099,130.25,-125.78
0.7505669593811035,12,158,-154,-181,164,-0.14400000000000002,0.14400000000000002,130.25,-125.78
0.7616062164306641,12,156,-152,-181,175,-0.1665,0.1935,130.25,-125.78
0.7725851535797119,12,154,-150,-192,181,-0.15750000000000003,0.20700000000000002,130.25,-125.78
0.7835674285888672,12,152,-148,-192,181,-0.18450000000000003,0.25650000000000006,130.25,-125.78
0.7946081161499023,12,150,-146,-203,192,-0.18000000000000002,0.25200000000000006,130.25,-125.78
0.8056082725524902,12,147,-144,-203,203,-0.1395,0.225,130.25,-125.78
0.8164629936218262,12,145,-142,-203,219,-0.1125,0.198,130.25,-125.78
0.8274590969085693,12,143,-139,-214,214,-0.0855,0.15750000000000003,130.25,-125.78
0.838456392288208,12,140,-137,-214,208,-0.054,0.15300000000000002,130.25,-125.78
0.8494565486907959,12,138,-135,-214,208,-0.036000000000000004,0.1395,130.25,-125.78
0.8605012893676758,12,136,-132,-214,208,-0.0405,0.081,130.25,-125.78
0.8714568614959717,12,133,-130,-214,214,-0.018000000000000002,0.0855,130.25,-125.78
0.8825080394744873,12,131,-128,-203,208,0.081,0.0495,130.25,-125.78
0.8934786319732666,12,129,-126,-186,192,0.42750000000000005,-0.24300000000000002,130.25,-125.78
0.9045007228851318,12,127,-126,-142,192,0.6885,-0.24300000000000002,130.25,-125.78
0.9154622554779053,12,126,-122,-82,115,0.8370000000000001,-0.7155,130.25,-125.78
0.9264626502990723,12,125,-121,-21,54,0.7425,-0.7380000000000001,130.25,-125.78
0.937462568283081,12,125,-121,32,0,0.5895,-0.5940000000000001,130.25,-125.78
0.9482128620147705,12,126,-121,71,0,0.4365,-0.5940000000000001,130.25,-125.78
0.9592103958129883,12,127,-122,82,-65,0.2295,-0.28800000000000003,130.25,-125.78
0.9702358245849609,12,128,-122,93,-60,0.09000000000000001,-0.20700000000000002,130.25,-125.78
0.9812145233154297,12,129,-122,87,-60,-0.0045000000000000005,-0.20700000000000002,130.25,-125.78
0.9922106266021729,12,129,-124,82,-65,-0.18450000000000003,-0.03150000000000001,130.25,-125.78
1.003251075744629,12,130,-125,60,-54,-0.23850000000000002,0.03150000000000001,130.25,-125.78
1.0142056941986084,12,131,-125,38,-38,-0.24300000000000002,0.07650000000000001,130.25,-125.78
1.0252392292022705,12,131,-125,5,-16,-0.2205,0.0945,130.25,-125.78
1.0362062454223633,12,131,-125,0,-5,-0.198,0.0675,130.25,-125.78
1.0469799041748047,12,131,-125,-21,-5,-0.108,0.0675,130.25,-125.78
1.0575857162475586,12,131,-125,-21,10,-0.108,0.045000000000000005,130.25,-125.78
1.0685851573944092,12,131,-125,-32,10,-0.0495,0.0045000000000000005,130.25,-125.78
1.078826904296875,12,130,-125,-27,10,-0.018000000000000002,-0.0135,130.25,-125.78
1.089162826538086,12,130,-125,-16,10,0.036000000000000004,-0.018000000000000002,130.25,-125.78
1.0998477935791016,12,130,-125,-21,0,0.06300000000000001,-0.0135,130.25,-125.78
1.1101524829864502,12,129,-125,-5,-5,0.06300000000000001,0.0,130.25,-125.78
1.120499610900879,12,129,-125,0,-5,0.054,0.018000000000000002,130.25,-125.78
1.1309566497802734,12,129,-125,10,-5,0.0405,0.03150000000000001,130.25,-125.78
1.1411831378936768,12,130,-125,0,0,0.0135,0.027,130.25,-125.78
1.1514256000518799,12,130,-125,0,0,-0.0,0.027,130.25,-125.78
1.1624798774719238,12,130,-125,5,21,-0.018000000000000002,0.0,130.25,-125.78
1.1734797954559326,12,130,-125,0,5,-0.018000000000000002,-0.009000000000000001,130.25,-125.78
1.184417963027954,12,130,-125,10,0,-0.022500000000000003,0.0,130.25,-125.78
1.194606065750122,12,130,-125,0,0,-0.018000000000000002,-0.0045000000000000005,130.25,-125.78
1.2049810886383057,12,130,-125,0,0,-0.0135,0.0,130.25,-125.78
1.216398000717163,12,130,-125,0,0,-0.0,0.009000000000000001,130.25,-125.78
1.227039098739624,12,130,-125,-5,0,0.0045000000000000005,0.009000000000000001,130.25,-125.78
1.2380447387695312,12,130,-125,-5,0,0.009000000000000001,0.0135,130.25,-125.78
1.2491977214813232,12,130,-125,0,0,0.0135,0.0045000000000000005,130.25,-125.78
1.260190486907959,12,130,-125,0,0,0.009000000000000001,0.0135,130.25,-125.78
1.2703986167907715,12,130,-125,10,0,0.0045000000000000005,0.0045000000000000005,130.25,-125.78
1.2807068824768066,12,130,-125,10,0,0.0045000000000000005,0.0045000000000000005,130.25,-125.78
1.2914509773254395,12,130,-125,0,0,-0.0045000000000000005,0.0,130.25,-125.78
1.3017339706420898,12,130,-125,0,0,-0.0045000000000000005,-0.0045000000000000005,130.25,-125.78
1.3127422332763672,12,130,-125,0,0,-0.009000000000000001,0.0,130.25,-125.78
1.3231747150421143,12,130,-125,0,0,-0.0,0.0,130.25,-125.78
1.3340060710906982,12,130,-125,0,0,-0.0045000000000000005,0.0045000000000000005,130.25,-125.78
1.3450512886047363,12,130,-125,0,0,-0.0,0.0045000000000000005,130.25,-125.78
1.3561134338378906,12,130,-125,0,0,0.0045000000000000005,0.0045000000000000005,130.25,-125.78
1.3669018745422363,12,130,-125,0,0,0.0045000000000000005,0.0,130.25,-125.78
1.3777835369110107,12,130,-125,0,0,0.0045000000000000005,0.0,130.25,-125.78
1.3882534503936768,12,130,-125,0,0,-0.0,0.0045000000000000005,130.25,-125.78
1.399303913116455,12,130,-125,0,0,-0.0,0.0,130.25,-125.78
1.410292625427246,12,130,-125,0,5,-0.0045000000000000005,0.0,130.25,-125.78
1.4212937355041504,12,130,-125,5,0,-0.0,0.0045000000000000005,130.25,-125.78
1.4322924613952637,12,130,-125,0,0,-0.0045000000000000005,-0.0045000000000000005,130.25,-125.78
1.4432928562164307,12,130,-125,0,0,-0.0,0.0,130.25,-125.78
1.4543373584747314,12,130,-125,0,0,-0.0,0.0,130.25,-125.78
1.4653406143188477,12,130,-125,0,-10,-0.0,0.0045000000000000005,130.25,-125.78
1.4763267040252686,12,130,-125,0,0,0.0045000000000000005,-0.0045000000000000005,130.25,-125.78
1.4873273372650146,12,130,-125,0,0,0.0045000000000000005,0.0,130.25,-125.78
1.4983878135681152,12,130,-125,0,0,-0.0,0.0045000000000000005,130.25,-125.78
1.5093293190002441,12,130,-125,0,0,-0.0,0.0,130.25,-125.78
1.5203330516815186,12,130,-125,0,0,-0.0045000000000000005,0.0,130.25,-125.78
1.531329870223999,12,130,-125,0,0,-0.0,0.0,130.25,-125.78
1.5423359870910645,12,130,-125,0,0,-0.0045000000000000005,0.0,130.25,-125.78
1.553360939025879,12,130,-125,0,0,-0.0,0.0,130.25,-125.78
1.5643386840820312,12,130,-125,0,0,-0.0,0.0045000000000000005,130.25,-125.78
1.5753347873687744,12,130,-125,-10,0,-0.0,0.0,130.25,-125.78
1.5864932537078857,12,130,-125,0,0,-0.0,0.0045000000000000005,130.25,-125.78
1.5970768928527832,12,130,-125,0,0,-0.0,0.0,130.25,-125.78
1.607192039489746,12,130,-125,0,0,-0.0,0.0,130.25,-125.78
1.6174180507659912,12,130,-125,0,0,-0.0,-0.009000000000000001,130.25,-125.78
1.6278860569000244,12,130,-125,0,0,-0.0,-0.0045000000000000005,130.25,-125.78
1.6379480361938477,12,130,-125,0,0,-0.0,0.0,130.25,-125.78
1.6483662128448486,12,130,-125,0,0,-0.0045000000000000005,0.0,130.25,-125.78
1.6586670875549316,12,130,-125,0,0,-0.0045000000000000005,0.0,130.25,-125.78
1.6689865589141846,12,130,-125,0,0,-0.0,-0.0045000000000000005,130.25,-125.78
1.6791257858276367,12,130,-125,0,0,-0.0,0.0,130.25,-125.78
1.689436912536621,12,130,-125,0,0,-0.0,0.0045000000000000005,130.25,-125.78
1.7000389099121094,12,130,-125,0,0,-0.0,0.0045000000000000005,130.25,-125.78
1.7103550434112549,12,130,-125,0,0,-0.0,0.0045000000000000005,130.25,-125.78
1.7209656238555908,12,130,-125,0,0,-0.0,-0.0045000000000000005,130.25,-125.78
1.7311983108520508,12,130,-125,0,0,-0.0,0.0,130.25,-125.78
1.7415258884429932,12,130,-125,0,0,-0.0,0.0,130.25,-125.78
1.7516288757324219,12,130,-125,5,0,-0.0,-0.0045000000000000005,130.25,-125.78
1.7621524333953857,12,130,-125,0,0,-0.0045000000000000005,0.0,130.25,-125.78
1.7725934982299805,12,130,-125,0,0,-0.0045000000000000005,0.0,130.25,-125.78
1.7829256057739258,12,130,-125,0,0,-0.0,-0.0045000000000000005,130.25,-125.78
1.7935197353363037,12,130,-125,0,0,-0.0,-0.009000000000000001,130.25,-125.78
1.804086446762085,12,130,-125,0,0,-0.0045000000000000005,-0.009000000000000001,130.25,-125.78
1.81412672996521,12,130,-125,0,0,-0.0,-0.0045000000000000005,130.25,-125.78
1.8245267868041992,12,130,-125,0,0,-0.0,-0.0045000000000000005,130.25,-125.78
1.8348708152770996,12,130,-125,0,0,-0.0,-0.0045000000000000005,130.25,-125.78
1.845027208328247,12,130,-125,0,0,-0.0,0.0,130.25,-125.78
1.85603928565979,12,130,-125,0,0,-0.0,0.0,130.25,-125.78
1.867039442062378,12,130,-125,0,0,-0.0,0.0,130.25,-125.78
1.877568244934082,12,130,-125,0,0,-0.0,-0.009000000000000001,130.25,-125.78
1.8885691165924072,12,130,-125,0,0,-0.0,-0.0045000000000000005,130.25,-125.78
1.8991093635559082,12,130,-125,0,0,-0.0,0.0,130.25,-125.78
1.9101481437683105,12,130,-125,0,0,-0.0,-0.0135,130.25,-125.78
1.9211478233337402,12,130,-125,0,0,-0.0,-0.0135,130.25,-125.78
1.9321479797363281,12,130,-125,0,0,-0.0,-0.0045000000000000005,130.25,-125.78
1.9427132606506348,12,130,-125,0,0,-0.0,-0.009000000000000001,130.25,-125.78
1.9537756443023682,12,130,-125,0,0,-0.0045000000000000005,-0.0045000000000000005,130.25,-125.78
1.9647750854492188,12,130,-125,0,0,-0.0045000000000000005,-0.0135,130.25,-125.78
1.975773811340332,12,130,-125,0,0,-0.0,-0.0045000000000000005,130.25,-125.78
1.9867746829986572,12,130,-125,0,0,-0.0,-0.0045000000000000005,130.25,-125.78
1.9969353675842285,12,130,-125,0,0,-0.0,-0.009000000000000001,130.25,-125.78
2.0079336166381836,12,130,-125,0,0,-0.0,0.0,130.25,-125.78
2.0189359188079834,12,130,-125,0,0,-0.0,-0.0045000000000000005,130.25,-125.78
2.0299313068389893,12,130,-125,0,0,-0.0,-0.018000000000000002,130.25,-125.78
2.040447950363159,12,130,-125,0,0,-0.0,0.0,130.25,-125.78
2.051445484161377,12,130,-125,0,0,-0.0,-0.0135,130.25,-125.78
2.062445878982544,12,130,-125,0,0,-0.0,-0.009000000000000001,130.25,-125.78
2.073493480682373,12,130,-125,0,0,-0.0,-0.009000000000000001,130.25,-125.78
2.0844779014587402,12,130,-125,0,0,-0.0,-0.018000000000000002,130.25,-125.78
2.095473051071167,12,130,-125,0,0,-0.0,-0.009000000000000001,130.25,-125.78
2.106494665145874,12,130,-125,0,0,-0.0,-0.0135,130.25,-125.78
2.1175332069396973,12,130,-125,0,0,-0.0,-0.009000000000000001,130.25,-125.78
2.1282429695129395,12,130,-125,0,0,-0.0,-0.0135,130.25,-125.78
2.139246940612793,12,130,-125,0,0,-0.0,-0.009000000000000001,130.25,-125.78
2.1502461433410645,12,130,-125,0,0,-0.0,-0.0135,130.25,-125.78
2.1612415313720703,12,130,-125,0,0,-0.0,-0.018000000000000002,130.25,-125.78
2.172245740890503,12,130,-125,0,0,-0.0,-0.0135,130.25,-125.78
2.1832478046417236,12,130,-125,0,0,-0.0,-0.0135,130.25,-125.78
2.1942496299743652,12,130,-125,0,0,-0.0,-0.0045000000000000005,130.25,-125.78
2.205308437347412,12,130,-125,0,0,-0.0,-0.0135,130.25,-125.78
2.2163069248199463,12,130,-125,0,0,-0.0,-0.0135,130.25,-125.78
2.227311134338379,12,130,-125,0,0,-0.0,-0.0045000000000000005,130.25,-125.78
2.2383110523223877,12,130,-125,0,0,-0.0,-0.018000000000000002,130.25,-125.78
2.2489428520202637,12,130,-125,0,0,-0.0,-0.018000000000000002,130.25,-125.78
2.2599408626556396,12,130,-125,0,0,-0.0,-0.0135,130.25,-125.78
2.270905017852783,12,130,-125,0,0,-0.0,-0.022500000000000003,130.25,-125.78
2.2819416522979736,12,130,-125,0,0,-0.0,-0.018000000000000002,130.25,-125.78
2.293010711669922,12,130,-125,0,0,0.0045000000000000005,-0.009000000000000001,130.25,-125.78
2.3040108680725098,12,130,-125,0,0,-0.0,-0.018000000000000002,130.25,-125.78
2.315009117126465,12,130,-125,0,0,-0.0,-0.018000000000000002,130.25,-125.78
2.3260750770568848,12,130,-125,0,0,-0.0,-0.009000000000000001,130.25,-125.78
2.3370754718780518,12,130,-125,0,0,-0.0,-0.018000000000000002,130.25,-125.78
2.348076105117798,12,130,-125,0,0,-0.0,-0.018000000000000002,130.25,-125.78
2.359074115753174,12,130,-125,0,0,-0.0,-0.022500000000000003,130.25,-125.78
2.3700785636901855,12,130,-125,0,0,-0.0,-0.0135,130.25,-125.78
2.3810904026031494,12,130,-125,0,0,-0.0,-0.022500000000000003,130.25,-125.78
2.3920390605926514,12,130,-125,0,0,-0.0,-0.03150000000000001,130.25,-125.78
2.403111457824707,12,130,-125,0,0,-0.0,-0.0135,130.25,-125.78
2.4141428470611572,12,130,-125,0,0,-0.0,-0.0135,130.25,-125.78
2.425142526626587,12,130,-125,0,0,-0.0,-0.0135,130.25,-125.78
2.436142921447754,12,130,-125,0,0,-0.0,-0.0135,130.25,-125.78
2.447207450866699,12,130,-125,0,0,-0.0,-0.018000000000000002,130.25,-125.78
2.4582059383392334,12,130,-125,0,0,-0.0,-0.0135,130.25,-125.78
2.469208002090454,12,130,-125,0,0,-0.0,-0.0135,130.25,-125.78
2.4802074432373047,12,130,-125,0,0,-0.0,-0.022500000000000003,130.25,-125.78
2.4912149906158447,12,130,-125,0,0,-0.0,-0.018000000000000002,130.25,-125.78
2.5022735595703125,12,130,-125,0,0,-0.0,-0.009000000000000001,130.25,-125.78
2.513272762298584,12,130,-125,0,0,-0.0,-0.022500000000000003,130.25,-125.78
0.010832786560058594,13,130,-125,0,0,-0.0,0.0,199.07,-195.59
0.02186131477355957,13,130,-125,0,0,-0.0,0.0045000000000000005,199.07,-195.59
0.03243827819824219,13,130,-125,0,0,-0.0,0.0,199.07,-195.59
0.043436527252197266,13,130,-125,0,0,-0.0,0.0045000000000000005,199.07,-195.59
0.054460763931274414,13,130,-125,0,0,-0.0,0.0045000000000000005,199.07,-195.59
0.0654609203338623,13,130,-125,0,0,-0.0,0.009000000000000001,199.07,-195.59
0.07608509063720703,13,130,-125,0,0,-0.0045000000000000005,-0.009000000000000001,199.07,-195.59
0.08708620071411133,13,130,-125,0,0,-0.0,0.0,199.07,-195.59
0.09808087348937988,13,130,-125,0,0,-0.0,0.0,199.07,-195.59
0.10908150672912598,13,130,-125,0,0,-0.0,0.0,199.07,-195.59
0.12008333206176758,13,130,-125,0,0,-0.0,-0.0045000000000000005,199.07,-195.59
0.13108277320861816,13,130,-125,0,0,-0.0,0.0045000000000000005,199.07,-195.59
0.14208245277404785,13,130,-125,0,0,-0.0,0.0,199.07,-195.59
0.15308499336242676,13,130,-125,0,0,-0.0,0.0,199.07,-195.59
0.1640913486480713,13,130,-125,0,0,-0.0,0.0,199.07,-195.59
0.1750481128692627,13,130,-125,0,0,-0.0,0.0,199.07,-195.59
0.1855621337890625,13,130,-125,0,0,0.0045000000000000005,0.0,199.07,-195.59
0.19658637046813965,13,130,-125,0,0,-0.0,0.0,199.07,-195.59
0.20759153366088867,13,130,-125,0,0,-0.0,0.0045000000000000005,199.07,-195.59
0.21860313415527344,13,130,-125,0,0,-0.0,0.0,199.07,-195.59
0.22960519790649414,13,130,-125,0,0,-0.0,0.0,199.07,-195.59
0.24063324928283691,13,130,-125,0,0,-0.0,0.0,199.07,-195.59
0.25162816047668457,13,130,-125,0,0,-0.0,0.0,199.07,-195.59
0.26264452934265137,13,130,-125,0,0,-0.0,0.0,199.07,-195.59
0.27362799644470215,13,130,-125,0,0,-0.0,0.0,199.07,-195.59
0.28464198112487793,13,130,-125,0,0,-0.0,0.0,199.07,-195.59
0.2956502437591553,13,130,-125,0,0,-0.0,0.0,199.07,-195.59
0.30664944648742676,13,130,-125,0,0,-0.0,0.0,199.07,-195.59
0.31763267517089844,13,130,-125,0,0,-0.0,0.0045000000000000005,199.07,-195.59
0.32860898971557617,13,130,-125,0,0,-0.0,0.0,199.07,-195.59
0.33882951736450195,13,130,-125,0,0,-0.0,0.0,199.07,-195.59
0.3498668670654297,13,130,-125,0,0,-0.0,0.0,199.07,-195.59
0.3601112365722656,13,130,-125,0,0,-0.0,-0.0045000000000000005,199.07,-195.59
0.37027978897094727,13,130,-125,0,0,-0.0,-0.0045000000000000005,199.07,-195.59
0.38062405586242676,13,130,-125,0,0,-0.0,0.0,199.07,-195.59
0.3908681869506836,13,130,-125,0,0,-0.0,0.0,199.07,-195.59
0.40105724334716797,13,130,-125,0,0,-0.0,0.0,199.07,-195.59
0.4121406078338623,13,130,-125,0,0,-0.0,0.0,199.07,-195.59
0.4232063293457031,13,130,-125,0,0,-0.0,0.0,199.07,-195.59
0.4341893196105957,13,130,-125,0,0,-0.0,-0.0045000000000000005,199.07,-195.59
0.44526028633117676,13,130,-125,0,0,-0.0,0.0045000000000000005,199.07,-195.59
0.45575976371765137,13,130,-125,0,0,-0.0,0.0,199.07,-195.59
0.46660542488098145,13,130,-125,0,0,-0.0,0.0,199.07,-195.59
0.4773702621459961,13,130,-125,0,0,0.0045000000000000005,0.0045000000000000005,199.07,-195.59
0.48841190338134766,13,130,-125,0,0,-0.0,0.0045000000000000005,199.07,-195.59
0.4994802474975586,13,130,-125,0,0,-0.0,0.0,199.07,-195.59
0.510535478591919,13,130,-125,0,0,-0.0,-0.0045000000000000005,199.07,-195.59
0.5285744667053223,13,130,-125,0,0,-0.0,0.0,199.07,-195.59
0.5395560264587402,13,130,-125,0,0,0.1935,0.1305,199.07,-195.59
0.5506019592285156,13,130,-125,10,5,0.5130000000000001,0.522,199.07,-195.59
0.5616409778594971,13,130,-125,43,21,0.8280000000000001,0.882,199.07,-195.59
0.5718762874603271,13,131,-124,87,49,1.0350000000000001,1.161,199.07,-195.59
0.5824434757232666,13,132,-124,126,93,1.0935000000000001,1.296,199.07,-195.59
0.5930502414703369,13,134,-122,164,131,1.089,1.314,199.07,-195.59
0.6036689281463623,13,136,-121,203,192,0.9765,1.2240000000000002,199.07,-195.59
0.6142919063568115,13,138,-118,230,247,0.9450000000000001,1.0395,199.07,-195.59
0.6252915859222412,13,141,-115,247,285,0.8145,0.7335,199.07,-195.59
0.6362919807434082,13,143,-112,269,313,0.6165,0.6705,199.07,-195.59
0.6472933292388916,13,146,-108,285,329,0.49950000000000006,0.35100000000000003,199.07,-195.59
0.6582918167114258,13,149,-105,285,340,0.396,0.108,199.07,-195.59
0.6692945957183838,13,153,-101,285,340,0.1305,-0.022500000000000003,199.07,-195.59
0.6802923679351807,13,156,-97,291,329,-0.1125,-0.30150000000000005,199.07,-195.59
0.6912939548492432,13,159,-94,247,307,-0.684,-0.48600000000000004,199.07,-195.59
0.7022933959960938,13,161,-91,208,291,-0.9900000000000001,-0.7335,199.07,-195.59
0.7132935523986816,13,163,-88,153,247,-1.332,-1.161,199.07,-195.59
0.724292516708374,13,165,-85,109,208,-1.4220000000000002,-1.395,199.07,-195.59
0.7352926731109619,13,166,-83,60,126,-1.485,-1.575,199.07,-195.59
0.7462718486785889,13,166,-82,38,38,-1.4535,-1.5255,199.07,-195.59
0.757293701171875,13,166,-82,0,-43,-1.4355,-1.2645,199.07,-195.59
0.7682938575744629,13,166,-83,-43,-104,-1.287,-1.0485,199.07,-195.59
0.7792930603027344,13,165,-84,-76,-120,-1.0755000000000001,-0.783,199.07,-195.59
0.7903578281402588,13,164,-86,-115,-137,-0.8505,-0.5085000000000001,199.07,-195.59
0.8013579845428467,13,163,-88,-137,-148,-0.549,-0.25650000000000006,199.07,-195.59
0.8123593330383301,13,161,-89,-148,-131,-0.25200000000000006,-0.0675,199.07,-195.59
0.8233582973480225,13,160,-91,-170,-131,-0.036000000000000004,0.081,199.07,-195.59
0.8343210220336914,13,158,-92,-159,-115,0.30600000000000005,0.29700000000000004,199.07,-195.59
0.845360279083252,13,156,-93,-148,-87,0.5445,0.4005,199.07,-195.59
0.8563601970672607,13,155,-94,-120,-54,0.666,0.41850000000000004,199.07,-195.59
0.8673603534698486,13,153,-94,-87,-32,0.7785,0.4545,199.07,-195.59
0.8779208660125732,13,153,-94,-49,0,0.8190000000000001,0.405,199.07,-195.59
0.888979434967041,13,152,-95,-10,5,0.756,0.405,199.07,-195.59
0.8999793529510498,13,152,-94,27,21,0.666,0.30150000000000005,199.07,-195.59
0.9105410575866699,13,153,-94,43,27,0.5625,0.2655,199.07,-195.59
0.9215986728668213,13,153,-94,65,38,0.37350000000000005,0.18450000000000003,199.07,-195.59
0.9322173595428467,13,154,-93,82,32,0.2205,0.12150000000000001,199.07,-195.59
0.9432182312011719,13,155,-93,87,38,0.07650000000000001,0.07200000000000001,199.07,-195.59
0.9542174339294434,13,156,-92,82,38,-0.009000000000000001,0.03150000000000001,199.07,-195.59
0.9652175903320312,13,157,-92,82,32,-0.162,-0.022500000000000003,199.07,-195.59
0.9762821197509766,13,158,-92,60,32,-0.2205,-0.081,199.07,-195.59
0.98728346824646,13,158,-91,38,32,-0.2745,-0.135,199.07,-195.59
0.9982831478118896,13,159,-91,27,10,-0.28350000000000003,-0.15300000000000002,199.07,-195.59
1.0092816352844238,13,159,-91,5,10,-0.28350000000000003,-0.14850000000000002,199.07,-195.59
1.0202817916870117,13,159,-91,0,0,-0.234,-0.12150000000000001,199.07,-195.59
1.0312843322753906,13,159,-91,-21,-16,-0.171,-0.09000000000000001,199.07,-195.59
1.0418641567230225,13,158,-91,-21,-10,-0.1305,-0.0585,199.07,-195.59
1.0528597831726074,13,158,-91,-38,-16,-0.07200000000000001,-0.045000000000000005,199.07,-195.59
1.063887119293213,13,158,-91,-32,-10,-0.022500000000000003,-0.036000000000000004,199.07,-195.59
1.0748894214630127,13,157,-91,-32,0,0.027,-0.027,199.07,-195.59
1.085932731628418,13,157,-91,-27,-10,0.0945,-0.018000000000000002,199.07,-195.59
1.096928596496582,13,157,-92,-21,0,0.135,-0.022500000000000003,199.07,-195.59
1.107945442199707,13,157,-92,-16,0,0.1395,-0.022500000000000003,199.07,-195.59
1.1185646057128906,13,156,-92,-16,0,0.14850000000000002,-0.03150000000000001,199.07,-195.59
1.1291239261627197,13,156,-92,0,10,0.14400000000000002,-0.027,199.07,-195.59
1.1401824951171875,13,156,-92,0,0,0.135,-0.03150000000000001,199.07,-195.59
1.1511857509613037,13,156,-92,5,0,0.099,-0.03150000000000001,199.07,-195.59
1.1621856689453125,13,157,-92,16,0,0.07650000000000001,-0.045000000000000005,199.07,-195.59
1.1731829643249512,13,157,-92,0,0,0.0675,-0.036000000000000004,199.07,-195.59
1.1842460632324219,13,157,-92,10,10,0.054,-0.0405,199.07,-195.59
1.1952168941497803,13,157,-92,16,0,0.03150000000000001,-0.0405,199.07,-195.59
1.2062480449676514,13,157,-91,10,0,0.03150000000000001,-0.0405,199.07,-195.59
1.2171401977539062,13,157,-91,5,0,0.03150000000000001,-0.045000000000000005,199.07,-195.59
1.2282352447509766,13,157,-91,0,0,0.027,-0.036000000000000004,199.07,-195.59
1.239234209060669,13,157,-91,0,0,0.03150000000000001,-0.045000000000000005,199.07,-195.59
1.2502388954162598,13,157,-91,0,0,0.036000000000000004,-0.0405,199.07,-195.59
1.2612340450286865,13,157,-91,0,0,0.0405,-0.0405,199.07,-195.59
1.2722346782684326,13,157,-91,0,0,0.0405,-0.0405,199.07,-195.59
1.2832343578338623,13,157,-91,-5,0,0.054,-0.045000000000000005,199.07,-195.59
1.2938697338104248,13,157,-92,0,0,0.0585,-0.045000000000000005,199.07,-195.59
1.3048696517944336,13,157,-92,0,0,0.0585,-0.036000000000000004,199.07,-195.59
1.315826654434204,13,157,-92,0,0,0.054,-0.045000000000000005,199.07,-195.59
1.3268711566925049,13,157,-92,0,0,0.045000000000000005,-0.0405,199.07,-195.59
1.3378722667694092,13,157,-92,0,0,0.0495,-0.0405,199.07,-195.59
1.3488705158233643,13,157,-92,5,0,0.0495,-0.0495,199.07,-195.59
1.3598778247833252,13,157,-92,0,0,0.045000000000000005,-0.0405,199.07,-195.59
1.3708722591400146,13,157,-92,0,0,0.0495,-0.0495,199.07,-195.59
1.381873607635498,13,157,-92,0,0,0.054,-0.045000000000000005,199.07,-195.59
1.3928732872009277,13,157,-92,0,0,0.0495,-0.0495,199.07,-195.59
1.4038736820220947,13,157,-92,0,0,0.054,-0.0495,199.07,-195.59
1.414872646331787,13,157,-92,0,0,0.0585,-0.045000000000000005,199.07,-195.59
1.4258716106414795,13,157,-92,0,0,0.06300000000000001,-0.0585,199.07,-195.59
1.436870813369751,13,157,-92,0,0,0.0585,-0.054,199.07,-195.59
1.4478740692138672,13,157,-92,0,0,0.0675,-0.0495,199.07,-195.59
1.4588747024536133,13,157,-92,0,0,0.06300000000000001,-0.045000000000000005,199.07,-195.59
1.4698712825775146,13,157,-92,0,0,0.0675,-0.045000000000000005,199.07,-195.59
1.4803977012634277,13,157,-92,5,0,0.06300000000000001,-0.0495,199.07,-195.59
1.49139404296875,13,157,-92,0,0,0.0585,-0.054,199.07,-195.59
1.502396821975708,13,157,-92,0,0,0.0585,-0.054,199.07,-195.59
1.5133938789367676,13,157,-92,0,0,0.06300000000000001,-0.0585,199.07,-195.59
1.5243961811065674,13,157,-92,0,0,0.06300000000000001,-0.0585,199.07,-195.59
1.5353939533233643,13,157,-92,0,0,0.06300000000000001,-0.0585,199.07,-195.59
1.5463941097259521,13,157,-92,0,0,0.0675,-0.054,199.07,-195.59
1.5567512512207031,13,157,-92,0,0,0.07200000000000001,-0.0495,199.07,-195.59
1.5671279430389404,13,157,-92,0,0,0.0585,-0.0585,199.07,-195.59
1.577620506286621,13,157,-92,0,0,0.07650000000000001,-0.0585,199.07,-195.59
1.588181972503662,13,157,-92,0,0,0.07650000000000001,-0.054,199.07,-195.59
1.5983846187591553,13,157,-92,0,0,0.081,-0.0585,199.07,-195.59
1.608771562576294,13,157,-92,0,0,0.0675,-0.0585,199.07,-195.59
1.6191847324371338,13,157,-92,0,0,0.0675,-0.054,199.07,-195.59
1.6296961307525635,13,157,-92,0,0,0.0675,-0.0585,199.07,-195.59
1.6401705741882324,13,157,-92,0,0,0.07200000000000001,-0.06300000000000001,199.07,-195.59
1.6507363319396973,13,157,-92,0,0,0.07650000000000001,-0.0585,199.07,-195.59
1.6612482070922852,13,157,-92,0,0,0.07650000000000001,-0.06300000000000001,199.07,-195.59
1.6718764305114746,13,157,-92,0,0,0.07650000000000001,-0.054,199.07,-195.59
1.6823852062225342,13,157,-92,0,0,0.081,-0.06300000000000001,199.07,-195.59
1.6928422451019287,13,157,-92,0,0,0.0675,-0.0585,199.07,-195.59
1.7034893035888672,13,157,-92,0,0,0.0675,-0.06300000000000001,199.07,-195.59
1.7138206958770752,13,157,-92,0,0,0.07650000000000001,-0.06300000000000001,199.07,-195.59
1.724177360534668,13,157,-92,5,0,0.07200000000000001,-0.0675,199.07,-195.59
1.7346343994140625,13,157,-92,0,0,0.07650000000000001,-0.07200000000000001,199.07,-195.59
1.7450644969940186,13,157,-92,0,-5,0.0675,-0.06300000000000001,199.07,-195.59
1.755443811416626,13,157,-92,0,0,0.07200000000000001,-0.06300000000000001,199.07,-195.59
1.7659556865692139,13,157,-92,0,0,0.06300000000000001,-0.0675,199.07,-195.59
1.7760798931121826,13,157,-92,0,0,0.07650000000000001,-0.06300000000000001,199.07,-195.59
1.7870807647705078,13,157,-92,0,0,0.07200000000000001,-0.06300000000000001,199.07,-195.59
1.7980501651763916,13,157,-92,0,0,0.0675,-0.06300000000000001,199.07,-195.59
1.8090806007385254,13,157,-92,0,0,0.06300000000000001,-0.06300000000000001,199.07,-195.59
1.8200814723968506,13,157,-92,0,0,0.07650000000000001,-0.07200000000000001,199.07,-195.59
1.8310966491699219,13,157,-92,0,0,0.0585,-0.0675,199.07,-195.59
1.8420803546905518,13,157,-92,0,0,0.07200000000000001,-0.07200000000000001,199.07,-195.59
1.8530526161193848,13,157,-92,0,0,0.07200000000000001,-0.07200000000000001,199.07,-195.59
1.8640966415405273,13,157,-92,0,0,0.0675,-0.0675,199.07,-195.59
1.8750629425048828,13,157,-92,0,0,0.07200000000000001,-0.0675,199.07,-195.59
1.8860914707183838,13,157,-92,0,0,0.07200000000000001,-0.081,199.07,-195.59
1.8970911502838135,13,157,-92,5,0,0.06300000000000001,-0.07200000000000001,199.07,-195.59
1.9081199169158936,13,157,-92,0,0,0.07650000000000001,-0.0675,199.07,-195.59
1.9191596508026123,13,157,-92,0,0,0.0675,-0.07650000000000001,199.07,-195.59
1.930159568786621,13,157,-92,0,0,0.07200000000000001,-0.07200000000000001,199.07,-195.59
1.9411585330963135,13,157,-92,0,0,0.0675,-0.07650000000000001,199.07,-195.59
1.9521417617797852,13,157,-92,0,0,0.0675,-0.0675,199.07,-195.59
1.9631428718566895,13,157,-92,0,0,0.07650000000000001,-0.07650000000000001,199.07,-195.59
1.9741425514221191,13,157,-92,0,0,0.07200000000000001,-0.07200000000000001,199.07,-195.59
1.9851818084716797,13,157,-92,0,0,0.07650000000000001,-0.07200000000000001,199.07,-195.59
1.9961826801300049,13,157,-92,0,0,0.0675,-0.07200000000000001,199.07,-195.59
2.0071864128112793,13,157,-92,0,0,0.07200000000000001,-0.07650000000000001,199.07,-195.59
2.0181849002838135,13,157,-92,0,0,0.07200000000000001,-0.081,199.07,-195.59
2.028740406036377,13,157,-92,0,0,0.07200000000000001,-0.07650000000000001,199.07,-195.59
2.038783550262451,13,157,-92,0,0,0.07650000000000001,-0.07650000000000001,199.07,-195.59
2.049783945083618,13,157,-92,0,0,0.07200000000000001,-0.081,199.07,-195.59
2.060795783996582,13,157,-92,0,0,0.0675,-0.07650000000000001,199.07,-195.59
2.071786642074585,13,157,-92,0,0,0.0675,-0.07650000000000001,199.07,-195.59
2.082843780517578,13,157,-92,0,0,0.0675,-0.081,199.07,-195.59
2.093844413757324,13,157,-92,0,0,0.07200000000000001,-0.081,199.07,-195.59
2.1048429012298584,13,157,-92,0,0,0.07200000000000001,-0.0855,199.07,-195.59
2.1158430576324463,13,157,-92,0,0,0.0675,-0.0855,199.07,-195.59
2.126843214035034,13,157,-92,0,0,0.07650000000000001,-0.07650000000000001,199.07,-195.59
2.137464761734009,13,157,-92,0,0,0.07200000000000001,-0.081,199.07,-195.59
2.148465156555176,13,157,-92,0,0,0.07200000000000001,-0.081,199.07,-195.59
2.159465789794922,13,157,-92,0,0,0.07650000000000001,-0.081,199.07,-195.59
2.170464277267456,13,157,-92,0,0,0.0675,-0.0945,199.07,-195.59
2.1814703941345215,13,157,-92,0,0,0.07650000000000001,-0.09000000000000001,199.07,-195.59
2.1925289630889893,13,157,-92,0,0,0.07650000000000001,-0.0855,199.07,-195.59
2.2034950256347656,13,157,-92,0,0,0.07650000000000001,-0.0855,199.07,-195.59
2.2145345211029053,13,157,-92,0,0,0.07200000000000001,-0.0945,199.07,-195.59
2.2255945205688477,13,157,-92,0,0,0.07650000000000001,-0.0855,199.07,-195.59
2.236593723297119,13,157,-92,0,0,0.0675,-0.0855,199.07,-195.59
2.2475953102111816,13,157,-92,0,0,0.0675,-0.07650000000000001,199.07,-195.59
2.258594274520874,13,157,-92,0,0,0.07200000000000001,-0.0855,199.07,-195.59
2.269595146179199,13,157,-92,0,0,0.07650000000000001,-0.09000000000000001,199.07,-195.59
2.280212879180908,13,157,-92,0,0,0.07650000000000001,-0.0945,199.07,-195.59
2.2912161350250244,13,157,-92,0,0,0.0675,-0.09000000000000001,199.07,-195.59
2.3022143840789795,13,157,-92,0,0,0.07200000000000001,-0.09000000000000001,199.07,-195.59
2.3131723403930664,13,157,-92,0,0,0.07200000000000001,-0.09000000000000001,199.07,-195.59
2.3241727352142334,13,157,-92,0,0,0.0675,-0.0855,199.07,-195.59
2.335222005844116,13,157,-92,0,0,0.07200000000000001,-0.0945,199.07,-195.59
2.3461761474609375,13,157,-92,0,0,0.0855,-0.09000000000000001,199.07,-195.59
2.3571856021881104,13,157,-92,0,0,0.07650000000000001,-0.0945,199.07,-195.59
2.3681857585906982,13,157,-92,0,0,0.09000000000000001,-0.0945,199.07,-195.59
2.3791792392730713,13,157,-92,0,0,0.07200000000000001,-0.09000000000000001,199.07,-195.59
2.3901898860931396,13,157,-92,0,0,0.07200000000000001,-0.09000000000000001,199.07,-195.59
2.4012138843536377,13,157,-92,0,0,0.06300000000000001,-0.0945,199.07,-195.59
2.412215232849121,13,157,-92,0,0,0.07650000000000001,-0.0945,199.07,-195.59
2.423213481903076,13,157,-92,0,0,0.07650000000000001,-0.099,199.07,-195.59
2.434220790863037,13,157,-92,0,0,0.0675,-0.099,199.07,-195.59
2.4445250034332275,13,157,-92,0,0,0.06300000000000001,-0.099,199.07,-195.59
2.454822301864624,13,157,-92,0,0,0.07650000000000001,-0.0945,199.07,-195.59
2.464952230453491,13,157,-92,0,0,0.07200000000000001,-0.0945,199.07,-195.59
2.4759268760681152,13,157,-92,0,0,0.07200000000000001,-0.0945,199.07,-195.59
2.4860928058624268,13,157,-92,0,0,0.07200000000000001,-0.10350000000000001,199.07,-195.59
2.497089147567749,13,157,-92,0,0,0.07650000000000001,-0.0945,199.07,-195.59
2.508096218109131,13,157,-92,0,0,0.0675,-0.099,199.07,-195.59
2.520049571990967,13,157,-92,0,0,0.07650000000000001,-0.099,199.07,-195.59
0.010097980499267578,14,157,-92,0,0,0.07200000000000001,-0.0945,135.0,-135.0
0.02111363410949707,14,157,-92,0,0,0.0045000000000000005,-0.03150000000000001,135.0,-135.0
0.03206467628479004,14,157,-92,-5,10,-0.0,0.0,135.0,-135.0
0.04263663291931152,14,157,-91,-10,10,0.009000000000000001,0.0,135.0,-135.0
0.05347561836242676,14,157,-91,0,10,-0.0,0.0,135.0,-135.0
0.06376385688781738,14,157,-91,-5,0,-0.0,-0.0045000000000000005,135.0,-135.0
0.07402706146240234,14,157,-91,-5,0,-0.0,0.009000000000000001,135.0,-135.0
0.08482480049133301,14,157,-91,0,-10,0.0045000000000000005,0.0045000000000000005,135.0,-135.0
0.09544968605041504,14,157,-91,-5,0,0.0045000000000000005,0.0,135.0,-135.0
0.10566902160644531,14,157,-91,0,0,-0.0,0.0,135.0,-135.0
0.11672735214233398,14,157,-91,0,0,-0.0,0.0,135.0,-135.0
0.12768340110778809,14,157,-91,0,5,-0.0,0.0,135.0,-135.0
0.13873648643493652,14,157,-91,0,0,-0.0,0.0,135.0,-135.0
0.1497347354888916,14,157,-91,0,0,-0.0,0.0,135.0,-135.0
0.16073322296142578,14,157,-91,0,0,-0.0045000000000000005,0.0,135.0,-135.0
0.17095685005187988,14,157,-91,0,0,-0.0,0.0,135.0,-135.0
0.1811521053314209,14,157,-91,0,0,-0.0,0.0045000000000000005,135.0,-135.0
0.19215965270996094,14,157,-91,0,0,-0.0,0.0,135.0,-135.0
0.20235919952392578,14,157,-91,0,0,-0.0,0.0,135.0,-135.0
0.21337437629699707,14,157,-91,0,0,-0.0045000000000000005,0.0,135.0,-135.0
0.22441983222961426,14,157,-91,0,0,-0.0,0.0,135.0,-135.0
0.23541665077209473,14,157,-91,0,0,-0.009000000000000001,0.0,135.0,-135.0
0.24572134017944336,14,157,-91,0,0,-0.0,0.0,135.0,-135.0
0.25670552253723145,14,157,-91,0,0,-0.0,-0.0045000000000000005,135.0,-135.0
0.26770639419555664,14,157,-91,0,0,-0.0,0.0,135.0,-135.0
0.2787356376647949,14,157,-91,0,0,-0.0,0.0,135.0,-135.0
0.289736270904541,14,157,-91,0,0,-0.0,0.0,135.0,-135.0
0.3007338047027588,14,157,-91,0,0,0.0045000000000000005,0.0,135.0,-135.0
0.3113424777984619,14,157,-91,0,0,-0.0,0.0,135.0,-135.0
0.3223226070404053,14,157,-91,0,0,-0.0,0.0,135.0,-135.0
0.3333168029785156,14,157,-91,0,0,0.0045000000000000005,0.0,135.0,-135.0
0.34435534477233887,14,157,-91,0,0,0.0045000000000000005,0.0,135.0,-135.0
0.3553128242492676,14,157,-91,0,0,-0.0,0.0,135.0,-135.0
0.36600399017333984,14,157,-91,0,0,0.0045000000000000005,0.0,135.0,-135.0
0.37700414657592773,14,157,-91,0,0,0.0045000000000000005,0.0,135.0,-135.0
0.3880035877227783,14,157,-91,0,0,-0.0045000000000000005,0.0,135.0,-135.0
0.3990044593811035,14,157,-91,0,0,-0.0,0.0,135.0,-135.0
0.40999674797058105,14,157,-91,0,0,0.0045000000000000005,0.0,135.0,-135.0
0.4210069179534912,14,157,-91,0,0,-0.0045000000000000005,0.0,135.0,-135.0
0.43201351165771484,14,157,-91,0,0,-0.0,-0.0045000000000000005,135.0,-135.0
0.4430103302001953,14,157,-91,0,0,-0.0045000000000000005,-0.0045000000000000005,135.0,-135.0
0.45358967781066895,14,157,-91,0,0,-0.0045000000000000005,0.0,135.0,-135.0
0.46458935737609863,14,157,-91,0,0,-0.0,0.0,135.0,-135.0
0.47559070587158203,14,157,-91,0,0,-0.0,0.0,135.0,-135.0
0.4865891933441162,14,157,-91,0,0,-0.0,0.0,135.0,-135.0
0.4970738887786865,14,157,-91,0,0,-0.0,0.0,135.0,-135.0
0.5081746578216553,14,157,-91,0,0,-0.0,0.0,135.0,-135.0
0.5201151371002197,14,157,-91,0,0,-0.0,0.0,135.0,-135.0
0.5311572551727295,14,157,-91,0,0,-0.03150000000000001,0.0,135.0,-135.0
0.5413823127746582,14,157,-91,0,-5,-0.03150000000000001,-0.31050000000000005,135.0,-135.0
0.5523810386657715,14,157,-92,-16,-16,-0.459,-0.5445,135.0,-135.0
0.5630815029144287,14,156,-92,-43,-54,-0.792,-0.8550000000000001,135.0,-135.0
0.5732018947601318,14,156,-93,-76,-98,-1.089,-1.089,135.0,-135.0
0.5841498374938965,14,155,-94,-109,-137,-1.1880000000000002,-1.089,135.0,-135.0
0.594637393951416,14,154,-96,-142,-175,-1.2060000000000002,-1.1115000000000002,135.0,-135.0
0.6056404113769531,14,152,-98,-181,-214,-1.2105,-1.071,135.0,-135.0
0.616736650466919,14,149,-100,-225,-241,-1.0260000000000002,-0.882,135.0,-135.0
0.6271817684173584,14,147,-103,-274,-252,-0.882,-0.7515,135.0,-135.0
0.6382594108581543,14,143,-106,-302,-274,-0.639,-0.6975,135.0,-135.0
0.6484389305114746,14,140,-109,-324,-280,-0.378,-0.4005,135.0,-135.0
0.6591534614562988,14,136,-112,-329,-291,-0.108,-0.30600000000000005,135.0,-135.0
0.6699516773223877,14,133,-115,-346,-285,0.009000000000000001,-0.1935,135.0,-135.0
0.6801857948303223,14,129,-119,-335,-285,0.35100000000000003,-0.0675,135.0,-135.0
0.6903114318847656,14,125,-122,-313,-280,0.522,0.0,135.0,-135.0
0.7013416290283203,14,122,-125,-285,-269,0.6210000000000001,0.18000000000000002,135.0,-135.0
0.7123973369598389,14,119,-128,-258,-252,0.6255000000000001,0.28350000000000003,135.0,-135.0
0.7234303951263428,14,116,-130,-225,-247,0.6255000000000001,0.3195,135.0,-135.0
0.7335696220397949,14,114,-133,-186,-236,0.8595,0.36450000000000005,135.0,-135.0
0.7439467906951904,14,112,-135,-148,-214,0.9900000000000001,0.3195,135.0,-135.0
0.7549688816070557,14,111,-138,-87,-208,1.1520000000000001,0.387,135.0,-135.0
0.7650775909423828,14,110,-140,-16,-203,1.1744999999999999,0.3915,135.0,-135.0
0.7761931419372559,14,110,-142,27,-203,1.0125,0.36900000000000005,135.0,-135.0
0.7865185737609863,14,111,-142,76,-203,0.801,0.36900000000000005,135.0,-135.0
0.7975156307220459,14,111,-145,76,-186,0.801,0.30150000000000005,135.0,-135.0
0.8085155487060547,14,112,-146,104,-164,0.5940000000000001,0.23850000000000002,135.0,-135.0
0.8196032047271729,14,113,-148,120,-153,0.37350000000000005,0.135,135.0,-135.0
0.8306019306182861,14,115,-150,120,-142,0.15750000000000003,0.054,135.0,-135.0
0.8410651683807373,14,116,-151,120,-142,0.027,-0.018000000000000002,135.0,-135.0
0.8520810604095459,14,117,-153,104,-137,-0.225,-0.18450000000000003,135.0,-135.0
0.8632233142852783,14,118,-155,82,-137,-0.31500000000000006,-0.29700000000000004,135.0,-135.0
0.8734071254730225,14,119,-156,54,-148,-0.36000000000000004,-0.36900000000000005,135.0,-135.0
0.8842868804931641,14,120,-158,27,-164,-0.3375,-0.441,135.0,-135.0
0.8948032855987549,14,120,-160,10,-175,-0.2655,-0.47700000000000004,135.0,-135.0
0.9049499034881592,14,120,-162,-21,-181,-0.225,-0.45,135.0,-135.0
0.9160199165344238,14,119,-164,-32,-203,-0.12600000000000003,-0.432,135.0,-135.0
0.9269919395446777,14,119,-166,-43,-208,-0.054,-0.35550000000000004,135.0,-135.0
0.9377467632293701,14,118,-169,-54,-230,0.009000000000000001,-0.25650000000000006,135.0,-135.0
0.9487700462341309,14,118,-171,-49,-236,0.108,-0.2205,135.0,-135.0
0.958909273147583,14,117,-174,-43,-241,0.1935,-0.1305,135.0,-135.0
0.9692516326904297,14,117,-177,-38,-236,0.216,-0.07650000000000001,135.0,-135.0
0.9803142547607422,14,117,-179,-21,-241,0.2205,-0.022500000000000003,135.0,-135.0
0.9912440776824951,14,117,-182,0,-241,0.225,0.018000000000000002,135.0,-135.0
1.0022468566894531,14,117,-184,0,-230,0.198,0.09000000000000001,135.0,-135.0
1.0125222206115723,14,117,-187,5,-225,0.14400000000000002,0.10350000000000001,135.0,-135.0
1.023616075515747,14,117,-189,16,-214,0.12150000000000001,0.108,135.0,-135.0
1.0337538719177246,14,117,-192,10,-197,0.0855,0.081,135.0,-135.0
1.0438644886016846,14,117,-194,21,-192,0.07650000000000001,0.0585,135.0,-135.0
1.054117202758789,14,117,-194,5,-192,0.0675,0.0585,135.0,-135.0
1.0651593208312988,14,117,-196,5,-181,0.0675,0.03150000000000001,135.0,-135.0
1.0761616230010986,14,117,-198,0,-164,0.07200000000000001,-0.018000000000000002,135.0,-135.0
1.0866353511810303,14,117,-200,0,-170,0.07200000000000001,-0.081,135.0,-135.0
1.0967838764190674,14,117,-202,0,-175,0.07200000000000001,-0.189,135.0,-135.0
1.1075928211212158,14,117,-204,0,-170,0.0945,-0.18450000000000003,135.0,-135.0
1.117950201034546,14,117,-206,0,-175,0.10350000000000001,-0.225,135.0,-135.0
1.1282563209533691,14,117,-208,0,-192,0.108,-0.1665,135.0,-135.0
1.1391611099243164,14,117,-210,-5,-197,0.099,-0.1935,135.0,-135.0
1.150005578994751,14,117,-212,0,-208,0.099,-0.15750000000000003,135.0,-135.0
1.1606464385986328,14,117,-214,0,-214,0.099,-0.09000000000000001,135.0,-135.0
1.1716294288635254,14,117,-217,5,-208,0.09000000000000001,0.081,135.0,-135.0
1.1819391250610352,14,117,-219,0,-175,0.099,0.49950000000000006,135.0,-135.0
1.1920669078826904,14,117,-220,0,-131,0.099,0.6795,135.0,-135.0
1.2030761241912842,14,117,-221,0,-54,0.099,0.7380000000000001,135.0,-135.0
1.213484764099121,14,117,-222,0,0,0.10350000000000001,0.6030000000000001,135.0,-135.0
1.223651647567749,14,117,-221,0,43,0.10350000000000001,0.432,135.0,-135.0
1.2346525192260742,14,117,-221,0,65,0.099,0.279,135.0,-135.0
1.245633602142334,14,117,-220,16,76,0.0855,0.135,135.0,-135.0
1.2565906047821045,14,117,-219,0,76,0.081,0.036000000000000004,135.0,-135.0
1.2675914764404297,14,117,-218,0,71,0.081,-0.045000000000000005,135.0,-135.0
1.278592586517334,14,117,-218,0,54,0.09000000000000001,-0.135,135.0,-135.0
1.2895891666412354,14,117,-217,0,32,0.0945,-0.14850000000000002,135.0,-135.0
1.3002698421478271,14,117,-217,0,10,0.0855,-0.1395,135.0,-135.0
1.310793399810791,14,117,-217,0,0,0.0855,-0.099,135.0,-135.0
1.3218071460723877,14,117,-217,0,-5,0.0855,-0.0585,135.0,-135.0
1.3328063488006592,14,117,-217,-5,-10,0.09000000000000001,-0.0135,135.0,-135.0
1.3438067436218262,14,117,-217,0,-5,0.09000000000000001,0.009000000000000001,135.0,-135.0
1.354811191558838,14,117,-217,0,-10,0.09000000000000001,0.022500000000000003,135.0,-135.0
1.3653254508972168,14,117,-217,0,-5,0.09000000000000001,0.018000000000000002,135.0,-135.0
1.3763256072998047,14,117,-217,0,0,0.0945,0.0045000000000000005,135.0,-135.0
1.3873252868652344,14,117,-217,0,5,0.099,0.0,135.0,-135.0
1.3977339267730713,14,117,-217,0,0,0.0945,-0.0135,135.0,-135.0
1.4079594612121582,14,117,-217,5,0,0.081,-0.0045000000000000005,135.0,-135.0
1.4184575080871582,14,117,-217,0,0,0.09000000000000001,-0.009000000000000001,135.0,-135.0
1.4286117553710938,14,117,-217,0,0,0.09000000000000001,0.0,135.0,-135.0
1.4390535354614258,14,117,-217,0,0,0.0945,0.0,135.0,-135.0
1.4500501155853271,14,117,-217,0,0,0.09000000000000001,0.0,135.0,-135.0
1.4610488414764404,14,117,-217,-5,0,0.0945,0.0045000000000000005,135.0,-135.0
1.4717488288879395,14,117,-217,0,0,0.0945,-0.0045000000000000005,135.0,-135.0
1.482107162475586,14,117,-217,0,0,0.099,-0.0045000000000000005,135.0,-135.0
1.4921667575836182,14,117,-217,0,0,0.0945,0.0,135.0,-135.0
1.5024535655975342,14,117,-217,0,0,0.0855,0.0045000000000000005,135.0,-135.0
1.5128202438354492,14,117,-217,0,0,0.0945,0.0045000000000000005,135.0,-135.0
1.5230164527893066,14,117,-217,0,0,0.09000000000000001,0.0045000000000000005,135.0,-135.0
1.5334935188293457,14,117,-217,0,0,0.09000000000000001,0.0,135.0,-135.0
1.5438241958618164,14,117,-217,0,0,0.0945,0.0,135.0,-135.0
1.5539379119873047,14,117,-217,0,0,0.09000000000000001,0.0045000000000000005,135.0,-135.0
1.564460277557373,14,117,-217,0,0,0.0945,0.0,135.0,-135.0
1.5747206211090088,14,117,-217,0,0,0.0945,0.0045000000000000005,135.0,-135.0
1.5850701332092285,14,117,-217,0,0,0.0945,0.0045000000000000005,135.0,-135.0
1.595557689666748,14,117,-217,0,0,0.099,0.009000000000000001,135.0,-135.0
1.6057617664337158,14,117,-217,0,0,0.0945,0.009000000000000001,135.0,-135.0
1.6162657737731934,14,117,-217,0,0,0.09000000000000001,0.0045000000000000005,135.0,-135.0
1.6268136501312256,14,117,-217,0,0,0.0945,0.009000000000000001,135.0,-135.0
1.6372196674346924,14,117,-217,0,0,0.0945,0.009000000000000001,135.0,-135.0
1.647937536239624,14,117,-217,0,0,0.0945,0.0045000000000000005,135.0,-135.0
1.6585524082183838,14,117,-217,0,0,0.0945,0.009000000000000001,135.0,-135.0
1.6689200401306152,14,117,-217,0,0,0.099,0.009000000000000001,135.0,-135.0
1.6795828342437744,14,117,-217,0,0,0.099,0.0135,135.0,-135.0
1.690582513809204,14,117,-217,0,0,0.0945,0.0135,135.0,-135.0
1.7015876770019531,14,117,-217,0,0,0.0945,0.009000000000000001,135.0,-135.0
1.7122089862823486,14,117,-217,0,0,0.099,0.009000000000000001,135.0,-135.0
1.7228567600250244,14,117,-217,0,0,0.099,0.0135,135.0,-135.0
1.7339222431182861,14,117,-217,0,0,0.0945,0.0135,135.0,-135.0
1.7449896335601807,14,117,-217,0,0,0.0945,0.018000000000000002,135.0,-135.0
1.7560138702392578,14,117,-217,0,0,0.0945,0.009000000000000001,135.0,-135.0
1.766711950302124,14,117,-217,0,0,0.10350000000000001,0.018000000000000002,135.0,-135.0
1.7777936458587646,14,117,-217,0,0,0.10350000000000001,0.0135,135.0,-135.0
1.7885355949401855,14,117,-217,0,0,0.0945,0.018000000000000002,135.0,-135.0
1.7995991706848145,14,117,-217,0,0,0.0945,0.0135,135.0,-135.0
1.8106215000152588,14,117,-217,0,0,0.108,0.018000000000000002,135.0,-135.0
1.8216633796691895,14,117,-217,0,0,0.10350000000000001,0.018000000000000002,135.0,-135.0
1.832711935043335,14,117,-217,0,0,0.099,0.018000000000000002,135.0,-135.0
1.8437609672546387,14,117,-217,0,0,0.099,0.022500000000000003,135.0,-135.0
1.854811429977417,14,117,-217,0,0,0.099,0.018000000000000002,135.0,-135.0
1.8658812046051025,14,117,-217,0,0,0.10350000000000001,0.018000000000000002,135.0,-135.0
1.8769488334655762,14,117,-217,0,0,0.10350000000000001,0.018000000000000002,135.0,-135.0
1.8880178928375244,14,117,-217,0,0,0.099,0.022500000000000003,135.0,-135.0
1.8990819454193115,14,117,-217,0,0,0.099,0.022500000000000003,135.0,-135.0
1.9097306728363037,14,117,-217,0,0,0.099,0.022500000000000003,135.0,-135.0
1.9203526973724365,14,117,-217,0,0,0.108,0.027,135.0,-135.0
1.931351661682129,14,117,-217,0,0,0.10350000000000001,0.027,135.0,-135.0
1.9423530101776123,14,117,-217,0,0,0.099,0.027,135.0,-135.0
1.9533531665802002,14,117,-217,0,0,0.108,0.027,135.0,-135.0
1.9643518924713135,14,117,-217,0,0,0.099,0.027,135.0,-135.0
1.9753541946411133,14,117,-217,0,0,0.10350000000000001,0.03150000000000001,135.0,-135.0
1.9863526821136475,14,117,-217,0,0,0.10350000000000001,0.03150000000000001,135.0,-135.0
1.9973526000976562,14,117,-217,0,0,0.099,0.03150000000000001,135.0,-135.0
2.0079729557037354,14,117,-217,0,0,0.1125,0.03150000000000001,135.0,-135.0
2.019036054611206,14,117,-217,0,0,0.10350000000000001,0.03150000000000001,135.0,-135.0
2.030036211013794,14,117,-217,0,0,0.10350000000000001,0.03150000000000001,135.0,-135.0
2.0410382747650146,14,117,-217,0,0,0.108,0.03150000000000001,135.0,-135.0
2.052037239074707,14,117,-217,0,0,0.10350000000000001,0.03150000000000001,135.0,-135.0
2.062656879425049,14,117,-217,0,0,0.108,0.036000000000000004,135.0,-135.0
2.073657512664795,14,117,-217,0,0,0.10350000000000001,0.03150000000000001,135.0,-135.0
2.084658622741699,14,117,-217,0,0,0.108,0.03150000000000001,135.0,-135.0
2.0956571102142334,14,117,-217,0,0,0.108,0.03150000000000001,135.0,-135.0
2.106722116470337,14,117,-217,0,0,0.108,0.036000000000000004,135.0,-135.0
2.1177217960357666,14,117,-217,0,0,0.10350000000000001,0.036000000000000004,135.0,-135.0
2.1287221908569336,14,117,-217,0,0,0.099,0.0405,135.0,-135.0
2.1396896839141846,14,117,-217,0,0,0.099,0.0405,135.0,-135.0
2.1507229804992676,14,117,-217,0,0,0.10350000000000001,0.036000000000000004,135.0,-135.0
2.1617233753204346,14,117,-217,0,0,0.099,0.036000000000000004,135.0,-135.0
2.1726393699645996,14,117,-217,0,0,0.10350000000000001,0.03150000000000001,135.0,-135.0
2.1828699111938477,14,117,-217,0,0,0.10350000000000001,0.0405,135.0,-135.0
2.1938858032226562,14,117,-217,0,0,0.099,0.0405,135.0,-135.0
2.204907178878784,14,117,-217,0,0,0.10350000000000001,0.0405,135.0,-135.0
2.2150678634643555,14,117,-217,0,0,0.099,0.045000000000000005,135.0,-135.0
2.2252254486083984,14,117,-217,0,0,0.108,0.0405,135.0,-135.0
2.2353813648223877,14,117,-217,0,0,0.10350000000000001,0.0405,135.0,-135.0
2.2455103397369385,14,117,-217,0,0,0.10350000000000001,0.0405,135.0,-135.0
2.2565088272094727,14,117,-217,0,0,0.108,0.045000000000000005,135.0,-135.0
2.26715350151062,14,117,-217,0,0,0.108,0.045000000000000005,135.0,-135.0
2.2774107456207275,14,117,-217,0,0,0.099,0.045000000000000005,135.0,-135.0
2.288461685180664,14,117,-217,0,0,0.108,0.045000000000000005,135.0,-135.0
2.2994613647460938,14,117,-217,0,0,0.10350000000000001,0.045000000000000005,135.0,-135.0
2.3099257946014404,14,117,-217,0,0,0.10350000000000001,0.045000000000000005,135.0,-135.0
2.3200113773345947,14,117,-217,0,0,0.10350000000000001,0.0495,135.0,-135.0
2.331143856048584,14,117,-217,0,0,0.10350000000000001,0.045000000000000005,135.0,-135.0
2.341477155685425,14,117,-217,0,0,0.10350000000000001,0.0495,135.0,-135.0
2.352226972579956,14,117,-217,0,0,0.10350000000000001,0.045000000000000005,135.0,-135.0
2.362996816635132,14,117,-217,0,0,0.10350000000000001,0.0495,135.0,-135.0
2.374070882797241,14,117,-217,0,0,0.10350000000000001,0.054,135.0,-135.0
2.3851327896118164,14,117,-217,0,0,0.10350000000000001,0.054,135.0,-135.0
2.3961732387542725,14,117,-217,0,5,0.10350000000000001,0.0495,135.0,-135.0
2.4072585105895996,14,117,-217,0,0,0.108,0.0495,135.0,-135.0
2.418332099914551,14,117,-217,0,0,0.10350000000000001,0.0495,135.0,-135.0
2.4292731285095215,14,117,-217,0,0,0.108,0.054,135.0,-135.0
2.440138816833496,14,117,-217,0,0,0.108,0.045000000000000005,135.0,-135.0
2.450390577316284,14,117,-217,0,0,0.108,0.054,135.0,-135.0
2.4608168601989746,14,117,-217,0,0,0.10350000000000001,0.0585,135.0,-135.0
2.4718146324157715,14,117,-217,0,0,0.099,0.0495,135.0,-135.0
2.482966184616089,14,117,-217,0,0,0.10350000000000001,0.0495,135.0,-135.0
2.493089199066162,14,117,-217,0,0,0.1125,0.054,135.0,-135.0
2.503333568572998,14,117,-217,0,0,0.108,0.054,135.0,-135.0
2.5143377780914307,14,117,-217,0,0,0.1125,0.0495,135.0,-135.0
0.011058807373046875,15,117,-217,0,0,0.022500000000000003,0.0135,117.91,-217.76
0.023072481155395508,15,117,-217,-5,0,-0.0,0.0,117.91,-217.76
0.03399252891540527,15,117,-217,-16,-10,-0.0,0.0,117.91,-217.76
0.04502558708190918,15,117,-217,0,0,-0.0,0.0,117.91,-217.76
0.056049346923828125,15,117,-217,-10,0,-0.0,0.0,117.91,-217.76
0.06699872016906738,15,117,-217,-10,0,-0.0,0.0,117.91,-217.76
0.0771479606628418,15,117,-217,-5,0,-0.0,0.0,117.91,-217.76
0.0881805419921875,15,117,-217,0,0,-0.0,0.0,117.91,-217.76
0.09908509254455566,15,117,-217,0,0,-0.0,0.0,117.91,-217.76
0.11008524894714355,15,117,-217,0,0,-0.0,0.0,117.91,-217.76
0.12110781669616699,15,117,-217,5,-5,-0.0,0.0,117.91,-217.76
0.13211488723754883,15,117,-217,16,0,-0.0,0.0,117.91,-217.76
0.14311552047729492,15,117,-217,10,0,-0.0,0.0,117.91,-217.76
0.15405821800231934,15,117,-217,5,0,-0.0,0.0,117.91,-217.76
0.1651158332824707,15,117,-217,5,0,-0.0,0.0,117.91,-217.76
0.1761164665222168,15,117,-217,0,0,-0.0,0.0,117.91,-217.76
0.18711495399475098,15,117,-217,0,0,-0.0,0.0,117.91,-217.76
0.19812250137329102,15,117,-217,-10,0,-0.0,0.0,117.91,-217.76
0.20828032493591309,15,117,-217,0,0,-0.0,0.0,117.91,-217.76
0.2184157371520996,15,117,-217,0,0,-0.0,0.0,117.91,-217.76
0.22866249084472656,15,117,-217,0,0,-0.0,0.0,117.91,-217.76
0.23966622352600098,15,117,-217,0,0,-0.0,0.0,117.91,-217.76
0.2499375343322754,15,117,-217,10,0,-0.0,0.0,117.91,-217.76
0.26023316383361816,15,117,-217,10,0,-0.0,0.0,117.91,-217.76
0.27129507064819336,15,117,-217,0,0,-0.0,0.0,117.91,-217.76
0.281505823135376,15,117,-217,0,0,-0.0,0.0,117.91,-217.76
0.2916529178619385,15,117,-217,0,0,-0.0,0.0,117.91,-217.76
0.3026304244995117,15,117,-217,0,0,-0.0,0.0,117.91,-217.76
0.3136434555053711,15,117,-217,0,0,0.0045000000000000005,0.0,117.91,-217.76
0.3245880603790283,15,117,-217,0,0,-0.0,0.0,117.91,-217.76
0.33563780784606934,15,117,-217,0,0,-0.0,0.0,117.91,-217.76
0.3465840816497803,15,117,-217,0,0,-0.0,0.0,117.91,-217.76
0.357637882232666,15,117,-217,0,0,-0.0,0.0,117.91,-217.76
0.3686411380767822,15,117,-217,0,0,-0.0,0.0,117.91,-217.76
0.37964487075805664,15,117,-217,0,0,-0.0,0.0,117.91,-217.76
0.39031267166137695,15,117,-217,0,0,-0.0045000000000000005,0.0,117.91,-217.76
0.4014003276824951,15,117,-217,0,0,-0.0,0.0,117.91,-217.76
0.4123263359069824,15,117,-217,0,0,-0.0,0.0,117.91,-217.76
0.4233510494232178,15,117,-217,0,0,-0.0,0.0,117.91,-217.76
0.43435096740722656,15,117,-217,0,0,-0.0,0.0,117.91,-217.76
0.4453542232513428,15,117,-217,0,0,-0.0,0.0,117.91,-217.76
0.4564082622528076,15,117,-217,0,0,-0.0,0.0,117.91,-217.76
0.4674081802368164,15,117,-217,0,0,-0.0,0.0,117.91,-217.76
0.4784102439880371,15,117,-217,0,0,-0.0,0.0,117.91,-217.76
0.489410400390625,15,117,-217,0,0,-0.0,0.0,117.91,-217.76
0.5000593662261963,15,117,-217,0,0,-0.0,0.0,117.91,-217.76
0.5217854976654053,15,117,-217,0,0,-0.0,0.0,117.91,-217.76
0.532447099685669,15,117,-217,5,5,0.29700000000000004,0.2745,117.91,-217.76
0.5434417724609375,15,117,-217,27,27,0.549,0.531,117.91,-217.76
0.5544664859771729,15,118,-217,60,54,0.7965,0.792,117.91,-217.76
0.56551194190979,15,119,-216,115,93,0.9990000000000001,0.9810000000000001,117.91,-217.76
0.5758988857269287,15,120,-214,164,153,0.9495,0.9,117.91,-217.76
0.5869066715240479,15,122,-212,208,203,0.8370000000000001,0.8325,117.91,-217.76
0.5979409217834473,15,125,-210,247,252,0.7065,0.639,117.91,-217.76
0.6089813709259033,15,128,-207,269,291,0.5265,0.441,117.91,-217.76
0.6200060844421387,15,131,-204,274,313,0.12150000000000001,0.234,117.91,-217.76
0.6301236152648926,15,134,-200,269,291,-0.18000000000000002,0.018000000000000002,117.91,-217.76
0.6402788162231445,15,136,-197,219,285,-0.7245,-0.0675,117.91,-217.76
0.6504919528961182,15,139,-193,181,280,-1.0305,-0.30150000000000005,117.91,-217.76
0.6615099906921387,15,140,-190,109,258,-1.1025,-0.30600000000000005,117.91,-217.76
0.6725029945373535,15,141,-188,38,203,-1.0350000000000001,-0.30600000000000005,117.91,-217.76
0.6828575134277344,15,141,-185,-10,203,-0.918,-0.1935,117.91,-217.76
0.6929645538330078,15,141,-183,-60,175,-0.6885,-0.14850000000000002,117.91,-217.76
0.7039961814880371,15,140,-181,-93,164,-0.47250000000000003,-0.081,117.91,-217.76
0.7149951457977295,15,139,-180,-109,148,-0.279,0.0,117.91,-217.76
0.7259752750396729,15,138,-178,-104,142,-0.10350000000000001,0.14850000000000002,117.91,-217.76
0.7369530200958252,15,136,-176,-104,148,-0.0135,0.2745,117.91,-217.76
0.7479798793792725,15,135,-176,-93,148,0.17550000000000002,0.2745,117.91,-217.76
0.7589585781097412,15,134,-173,-76,164,0.28350000000000003,0.37350000000000005,117.91,-217.76
0.76997971534729,15,134,-171,-60,186,0.36450000000000005,0.34650000000000003,117.91,-217.76
0.7802674770355225,15,134,-171,-60,186,0.36450000000000005,0.34650000000000003,117.91,-217.76
0.7907238006591797,15,133,-169,-43,192,0.36900000000000005,0.37350000000000005,117.91,-217.76
0.8017370700836182,15,133,-167,-21,208,0.36450000000000005,0.28350000000000003,117.91,-217.76
0.8123500347137451,15,133,-164,0,214,0.31500000000000006,0.3195,117.91,-217.76
0.8230822086334229,15,133,-162,27,208,0.27,0.2745,117.91,-217.76
0.8341271877288818,15,133,-160,16,208,0.216,0.2745,117.91,-217.76
0.8450472354888916,15,133,-157,32,225,0.171,0.216,117.91,-217.76
0.8558948040008545,15,134,-155,27,225,0.108,0.162,117.91,-217.76
0.866225004196167,15,134,-152,27,219,0.0855,0.12150000000000001,117.91,-217.76
0.8765006065368652,15,134,-150,16,219,0.06300000000000001,0.081,117.91,-217.76
0.887291431427002,15,134,-148,16,219,0.054,0.081,117.91,-217.76
0.8974246978759766,15,134,-145,5,219,0.06300000000000001,0.045000000000000005,117.91,-217.76
0.9076077938079834,15,135,-143,0,214,0.0585,0.03150000000000001,117.91,-217.76
0.9177663326263428,15,134,-140,-10,203,0.07650000000000001,0.018000000000000002,117.91,-217.76
0.9287962913513184,15,134,-138,0,197,0.117,0.018000000000000002,117.91,-217.76
0.9399504661560059,15,134,-136,0,197,0.12600000000000003,-0.0045000000000000005,117.91,-217.76
0.951030969619751,15,134,-134,0,175,0.10350000000000001,-0.324,117.91,-217.76
0.9620726108551025,15,134,-132,0,148,0.10350000000000001,-0.5850000000000001,117.91,-217.76
0.9730887413024902,15,134,-131,16,93,0.045000000000000005,-0.8370000000000001,117.91,-217.76
0.9840579032897949,15,135,-130,27,43,0.0135,-0.7875,117.91,-217.76
0.9942643642425537,15,135,-130,21,0,-0.0495,-0.684,117.91,-217.76
1.0044317245483398,15,135,-130,21,0,-0.10350000000000001,-0.684,117.91,-217.76
1.0154237747192383,15,135,-130,21,-38,-0.10350000000000001,-0.5445,117.91,-217.76
1.0257213115692139,15,135,-130,5,-65,-0.117,-0.42300000000000004,117.91,-217.76
1.0362513065338135,15,136,-131,0,-71,-0.117,-0.2745,117.91,-217.76
1.0471084117889404,15,136,-132,0,-71,-0.09000000000000001,-0.14850000000000002,117.91,-217.76
1.0573399066925049,15,135,-133,-16,-65,-0.06300000000000001,-0.054,117.91,-217.76
1.0675697326660156,15,135,-134,-27,-65,-0.009000000000000001,0.03150000000000001,117.91,-217.76
1.0782315731048584,15,135,-134,-27,-49,0.03150000000000001,0.1305,117.91,-217.76
1.0883674621582031,15,135,-135,-27,-32,0.10350000000000001,0.171,117.91,-217.76
1.0994751453399658,15,134,-135,-27,-21,0.1665,0.198,117.91,-217.76
1.110511302947998,15,134,-135,-21,-5,0.17550000000000002,0.162,117.91,-217.76
1.1206300258636475,15,134,-135,-10,0,0.17550000000000002,0.18450000000000003,117.91,-217.76
1.1316566467285156,15,134,-135,-5,10,0.135,0.14400000000000002,117.91,-217.76
1.1426429748535156,15,134,-135,0,16,0.15300000000000002,0.1125,117.91,-217.76
1.1535651683807373,15,134,-135,10,16,0.12150000000000001,0.0855,117.91,-217.76
1.1645667552947998,15,134,-135,10,10,0.09000000000000001,0.0945,117.91,-217.76
1.1755626201629639,15,134,-135,16,21,0.0585,0.0585,117.91,-217.76
1.1865642070770264,15,134,-135,5,5,0.0405,0.0675,117.91,-217.76
1.1975655555725098,15,134,-135,16,16,0.054,0.0405,117.91,-217.76
1.2085623741149902,15,135,-135,5,10,0.0495,0.0405,117.91,-217.76
1.2195639610290527,15,135,-135,0,5,0.027,0.018000000000000002,117.91,-217.76
1.230565071105957,15,135,-135,0,0,0.054,0.03150000000000001,117.91,-217.76
1.2415642738342285,15,135,-135,-5,10,0.07200000000000001,0.018000000000000002,117.91,-217.76
1.2525625228881836,15,134,-135,-10,0,0.081,0.03150000000000001,117.91,-217.76
1.263563632965088,15,134,-135,0,0,0.0855,0.0495,117.91,-217.76
1.274564266204834,15,134,-135,-10,-10,0.0675,0.036000000000000004,117.91,-217.76
1.2855663299560547,15,134,-135,0,0,0.081,0.0405,117.91,-217.76
1.2965643405914307,15,134,-135,0,0,0.09000000000000001,0.0495,117.91,-217.76
1.307563066482544,15,134,-135,0,0,0.0945,0.054,117.91,-217.76
1.3185663223266602,15,134,-135,0,5,0.0675,0.0495,117.91,-217.76
1.3295669555664062,15,134,-135,5,0,0.0675,0.03150000000000001,117.91,-217.76
1.3405649662017822,15,134,-135,0,0,0.06300000000000001,0.027,117.91,-217.76
1.351093053817749,15,134,-135,0,0,0.07200000000000001,0.036000000000000004,117.91,-217.76
1.3620939254760742,15,134,-135,0,0,0.07200000000000001,0.045000000000000005,117.91,-217.76
1.3730902671813965,15,134,-135,0,0,0.07200000000000001,0.0495,117.91,-217.76
1.3840880393981934,15,134,-135,0,0,0.07200000000000001,0.0405,117.91,-217.76
1.3950881958007812,15,134,-135,-5,0,0.0945,0.027,117.91,-217.76
1.4060938358306885,15,134,-135,0,0,0.0855,0.036000000000000004,117.91,-217.76
1.4164502620697021,15,134,-135,0,0,0.081,0.045000000000000005,117.91,-217.76
1.4267969131469727,15,134,-135,0,0,0.07200000000000001,0.036000000000000004,117.91,-217.76
1.4369747638702393,15,134,-135,0,0,0.0675,0.0405,117.91,-217.76
1.4471068382263184,15,134,-135,0,0,0.081,0.0495,117.91,-217.76
1.457395315170288,15,134,-135,0,0,0.06300000000000001,0.036000000000000004,117.91,-217.76
1.4678986072540283,15,134,-135,0,0,0.07650000000000001,0.036000000000000004,117.91,-217.76
1.4783079624176025,15,134,-135,0,0,0.09000000000000001,0.036000000000000004,117.91,-217.76
1.4885845184326172,15,134,-135,0,0,0.09000000000000001,0.045000000000000005,117.91,-217.76
1.4988267421722412,15,134,-135,0,0,0.07200000000000001,0.03150000000000001,117.91,-217.76
1.5093402862548828,15,134,-135,-5,0,0.099,0.036000000000000004,117.91,-217.76
1.5203404426574707,15,134,-135,0,0,0.07650000000000001,0.0585,117.91,-217.76
1.5313422679901123,15,134,-135,0,0,0.07650000000000001,0.045000000000000005,117.91,-217.76
1.5418472290039062,15,134,-135,0,0,0.09000000000000001,0.036000000000000004,117.91,-217.76
1.552860975265503,15,134,-135,0,0,0.0855,0.0495,117.91,-217.76
1.5634961128234863,15,134,-135,0,0,0.0945,0.0495,117.91,-217.76
1.5744953155517578,15,134,-135,0,0,0.07200000000000001,0.045000000000000005,117.91,-217.76
1.5854952335357666,15,134,-135,0,0,0.07650000000000001,0.054,117.91,-217.76
1.5964977741241455,15,134,-135,0,0,0.0855,0.0405,117.91,-217.76
1.607039213180542,15,134,-135,0,0,0.0855,0.0405,117.91,-217.76
1.6180436611175537,15,134,-135,0,0,0.07650000000000001,0.06300000000000001,117.91,-217.76
1.6290802955627441,15,134,-135,0,0,0.0855,0.036000000000000004,117.91,-217.76
1.6400818824768066,15,134,-135,0,0,0.0855,0.0495,117.91,-217.76
1.6510417461395264,15,134,-135,0,0,0.0945,0.045000000000000005,117.91,-217.76
1.6620824337005615,15,134,-135,0,0,0.07200000000000001,0.045000000000000005,117.91,-217.76
1.673081398010254,15,134,-135,0,0,0.081,0.0495,117.91,-217.76
1.6840426921844482,15,134,-135,0,0,0.081,0.036000000000000004,117.91,-217.76
1.695106029510498,15,134,-135,0,0,0.081,0.0495,117.91,-217.76
1.7061066627502441,15,134,-135,0,0,0.0945,0.06300000000000001,117.91,-217.76
1.7162911891937256,15,134,-135,0,0,0.081,0.054,117.91,-217.76
1.7272632122039795,15,134,-135,0,0,0.0945,0.0405,117.91,-217.76
1.7379817962646484,15,134,-135,0,0,0.081,0.0405,117.91,-217.76
1.7487127780914307,15,134,-135,0,0,0.108,0.045000000000000005,117.91,-217.76
1.7591662406921387,15,134,-135,0,0,0.0855,0.0585,117.91,-217.76
1.7701690196990967,15,134,-135,0,0,0.09000000000000001,0.045000000000000005,117.91,-217.76
1.78041672706604,15,134,-135,0,0,0.099,0.054,117.91,-217.76
1.7905769348144531,15,134,-135,0,0,0.1125,0.0675,117.91,-217.76
1.8010869026184082,15,134,-135,0,0,0.0945,0.0495,117.91,-217.76
1.812086820602417,15,134,-135,0,0,0.0945,0.0585,117.91,-217.76
1.8231134414672852,15,134,-135,0,0,0.0945,0.0495,117.91,-217.76
1.834113597869873,15,134,-135,0,0,0.09000000000000001,0.045000000000000005,117.91,-217.76
1.845130205154419,15,134,-135,0,0,0.10350000000000001,0.0495,117.91,-217.76
1.8561804294586182,15,134,-135,0,0,0.081,0.0495,117.91,-217.76
1.8671982288360596,15,134,-135,0,0,0.0945,0.054,117.91,-217.76
1.8781957626342773,15,134,-135,0,0,0.0945,0.054,117.91,-217.76
1.8891968727111816,15,134,-135,0,0,0.09000000000000001,0.0675,117.91,-217.76
1.9001965522766113,15,134,-135,0,0,0.0855,0.06300000000000001,117.91,-217.76
1.9111976623535156,15,134,-135,0,0,0.081,0.0675,117.91,-217.76
1.9221980571746826,15,134,-135,0,0,0.099,0.06300000000000001,117.91,-217.76
1.9331977367401123,15,134,-135,0,0,0.09000000000000001,0.0405,117.91,-217.76
1.9441566467285156,15,134,-135,0,0,0.09000000000000001,0.0585,117.91,-217.76
1.9551537036895752,15,134,-135,0,0,0.09000000000000001,0.0585,117.91,-217.76
1.966153860092163,15,134,-135,0,0,0.09000000000000001,0.0495,117.91,-217.76
1.9771535396575928,15,134,-135,0,0,0.0945,0.0585,117.91,-217.76
1.9881536960601807,15,134,-135,0,0,0.07650000000000001,0.054,117.91,-217.76
1.9986624717712402,15,134,-135,0,0,0.108,0.0585,117.91,-217.76
2.009662628173828,15,134,-135,0,0,0.10350000000000001,0.0585,117.91,-217.76
2.020663022994995,15,134,-135,0,0,0.0945,0.0495,117.91,-217.76
2.031662940979004,15,134,-135,0,0,0.0855,0.054,117.91,-217.76
2.0426652431488037,15,134,-135,0,0,0.0855,0.0585,117.91,-217.76
2.0537092685699463,15,134,-135,0,0,0.099,0.0495,117.91,-217.76
2.064709186553955,15,134,-135,0,0,0.099,0.045000000000000005,117.91,-217.76
2.075674057006836,15,134,-135,0,0,0.09000000000000001,0.0675,117.91,-217.76
2.086709499359131,15,134,-135,0,0,0.09000000000000001,0.054,117.91,-217.76
2.0977096557617188,15,134,-135,0,0,0.0945,0.045000000000000005,117.91,-217.76
2.108708620071411,15,134,-135,0,0,0.0945,0.0585,117.91,-217.76
2.119710683822632,15,134,-135,0,0,0.099,0.0675,117.91,-217.76
2.130709409713745,15,134,-135,0,0,0.09000000000000001,0.07200000000000001,117.91,-217.76
2.1417112350463867,15,134,-135,0,0,0.0945,0.054,117.91,-217.76
2.1527435779571533,15,134,-135,0,0,0.099,0.054,117.91,-217.76
2.1637730598449707,15,134,-135,0,0,0.117,0.0675,117.91,-217.76
2.1741297245025635,15,134,-135,0,0,0.10350000000000001,0.054,117.91,-217.76
2.1842668056488037,15,134,-135,0,0,0.10350000000000001,0.054,117.91,-217.76
2.1947834491729736,15,134,-135,0,0,0.10350000000000001,0.0585,117.91,-217.76
2.2052948474884033,15,134,-135,0,0,0.0855,0.07200000000000001,117.91,-217.76
2.2163374423980713,15,134,-135,0,0,0.09000000000000001,0.06300000000000001,117.91,-217.76
2.2266857624053955,15,134,-135,0,0,0.081,0.054,117.91,-217.76
2.2376904487609863,15,134,-135,0,0,0.10350000000000001,0.0585,117.91,-217.76
2.248690128326416,15,134,-135,0,0,0.10350000000000001,0.0585,117.91,-217.76
2.2592248916625977,15,134,-135,0,0,0.09000000000000001,0.054,117.91,-217.76
2.270012855529785,15,134,-135,0,0,0.099,0.06300000000000001,117.91,-217.76
2.2802109718322754,15,134,-135,0,0,0.09000000000000001,0.0675,117.91,-217.76
2.290370225906372,15,134,-135,0,0,0.099,0.0585,117.91,-217.76
2.301353693008423,15,134,-135,0,0,0.1125,0.0495,117.91,-217.76
2.312371253967285,15,134,-135,0,0,0.099,0.0585,117.91,-217.76
2.323329448699951,15,134,-135,0,0,0.0855,0.07650000000000001,117.91,-217.76
2.3343770503997803,15,134,-135,0,0,0.099,0.0585,117.91,-217.76
2.3445346355438232,15,134,-135,0,0,0.108,0.07200000000000001,117.91,-217.76
2.354684591293335,15,134,-135,0,0,0.0945,0.06300000000000001,117.91,-217.76
2.364915132522583,15,134,-135,0,0,0.099,0.06300000000000001,117.91,-217.76
2.375915288925171,15,134,-135,0,0,0.099,0.0675,117.91,-217.76
2.3868608474731445,15,134,-135,0,0,0.0945,0.0675,117.91,-217.76
2.3972554206848145,15,134,-135,0,0,0.099,0.07200000000000001,117.91,-217.76
2.4082705974578857,15,134,-135,0,0,0.0945,0.054,117.91,-217.76
2.41929292678833,15,134,-135,0,0,0.099,0.06300000000000001,117.91,-217.76
2.4303150177001953,15,134,-135,0,0,0.09000000000000001,0.07200000000000001,117.91,-217.76
2.4413084983825684,15,134,-135,0,0,0.10350000000000001,0.0675,117.91,-217.76
2.4519121646881104,15,134,-135,0,0,0.10350000000000001,0.0675,117.91,-217.76
2.4628686904907227,15,134,-135,0,0,0.10350000000000001,0.0675,117.91,-217.76
2.47389554977417,15,134,-135,0,0,0.10350000000000001,0.07200000000000001,117.91,-217.76
2.484895706176758,15,134,-135,0,0,0.10350000000000001,0.081,117.91,-217.76
2.4957311153411865,15,134,-135,0,0,0.09000000000000001,0.081,117.91,-217.76
2.506757974624634,15,134,-135,0,0,0.108,0.0675,117.91,-217.76
2.5187830924987793,15,134,-135,0,0,0.0945,0.07200000000000001,117.91,-217.76
0.010267496109008789,16,134,-135,0,5,0.0135,0.0675,226.68,-93.44
0.022170305252075195,16,134,-135,-16,0,0.0045000000000000005,0.0,226.68,-93.44
0.033162593841552734,16,134,-135,-5,0,-0.0,0.0,226.68,-93.44
0.04346656799316406,16,134,-135,-5,-5,-0.0045000000000000005,0.0,226.68,-93.44
0.05446815490722656,16,134,-135,-16,0,-0.0135,0.0045000000000000005,226.68,-93.44
0.06542849540710449,16,134,-135,-16,-5,-0.0135,0.009000000000000001,226.68,-93.44
0.07612013816833496,16,134,-135,-5,0,0.009000000000000001,-0.0045000000000000005,226.68,-93.44
0.08716678619384766,16,134,-135,-5,0,-0.0,0.0045000000000000005,226.68,-93.44
0.09818196296691895,16,134,-135,-5,0,-0.0,0.0,226.68,-93.44
0.10919833183288574,16,134,-135,-21,0,0.0045000000000000005,-0.0045000000000000005,226.68,-93.44
0.12014460563659668,16,134,-135,0,0,0.0045000000000000005,0.0,226.68,-93.44
0.13120293617248535,16,134,-135,-16,0,-0.0045000000000000005,0.0,226.68,-93.44
0.1421976089477539,16,133,-135,0,0,-0.0,0.0,226.68,-93.44
0.15314412117004395,16,133,-135,0,0,-0.0,-0.009000000000000001,226.68,-93.44
0.16421294212341309,16,133,-135,0,0,-0.0045000000000000005,-0.0045000000000000005,226.68,-93.44
0.17519736289978027,16,134,-135,0,0,-0.0,-0.0045000000000000005,226.68,-93.44
0.18556666374206543,16,134,-135,0,5,-0.0045000000000000005,-0.009000000000000001,226.68,-93.44
0.19606566429138184,16,134,-135,10,5,-0.0,0.0045000000000000005,226.68,-93.44
0.2070612907409668,16,134,-135,0,0,-0.0,-0.018000000000000002,226.68,-93.44
0.2180166244506836,16,134,-135,0,0,-0.0,0.0,226.68,-93.44
0.22902417182922363,16,134,-135,0,0,-0.0045000000000000005,0.0,226.68,-93.44
0.2396237850189209,16,134,-135,0,0,-0.0,-0.0045000000000000005,226.68,-93.44
0.2503502368927002,16,134,-135,-5,0,-0.0,-0.009000000000000001,226.68,-93.44
0.2613871097564697,16,134,-135,0,0,0.0045000000000000005,0.0,226.68,-93.44
0.27234411239624023,16,134,-135,0,0,-0.0045000000000000005,-0.009000000000000001,226.68,-93.44
0.2832944393157959,16,134,-135,0,0,-0.0,0.0045000000000000005,226.68,-93.44
0.2942681312561035,16,134,-135,0,0,-0.0045000000000000005,-0.009000000000000001,226.68,-93.44
0.30515551567077637,16,134,-135,0,0,-0.0,0.0045000000000000005,226.68,-93.44
0.3162546157836914,16,134,-135,0,0,-0.0,-0.009000000000000001,226.68,-93.44
0.3273608684539795,16,134,-135,0,0,-0.0,0.0,226.68,-93.44
0.33840513229370117,16,134,-135,0,0,-0.0,0.0045000000000000005,226.68,-93.44
0.3486146926879883,16,134,-135,0,0,0.0045000000000000005,0.009000000000000001,226.68,-93.44
0.35875749588012695,16,134,-135,0,0,-0.0045000000000000005,0.0045000000000000005,226.68,-93.44
0.36975860595703125,16,134,-135,0,0,-0.0,0.0,226.68,-93.44
0.380753755569458,16,134,-135,-5,0,0.0045000000000000005,0.0,226.68,-93.44
0.3917262554168701,16,134,-135,0,0,-0.0,0.0,226.68,-93.44
0.4027531147003174,16,134,-135,0,0,-0.0,0.0,226.68,-93.44
0.41288042068481445,16,134,-135,0,0,-0.0,0.0045000000000000005,226.68,-93.44
0.42404890060424805,16,134,-135,0,0,-0.0045000000000000005,-0.018000000000000002,226.68,-93.44
0.43419647216796875,16,134,-135,0,0,-0.0,0.0045000000000000005,226.68,-93.44
0.4443378448486328,16,134,-135,0,0,-0.0045000000000000005,0.0,226.68,-93.44
0.455338716506958,16,134,-135,0,0,-0.0,-0.0045000000000000005,226.68,-93.44
0.46561694145202637,16,134,-135,0,0,-0.0,-0.0045000000000000005,226.68,-93.44
0.4759032726287842,16,134,-135,0,0,-0.0,0.0045000000000000005,226.68,-93.44
0.4869213104248047,16,134,-135,0,0,-0.0045000000000000005,0.0,226.68,-93.44
0.49713802337646484,16,134,-135,0,0,-0.0045000000000000005,0.0,226.68,-93.44
0.507338285446167,16,134,-135,0,0,-0.0,-0.009000000000000001,226.68,-93.44
0.5194065570831299,16,134,-135,0,0,0.0045000000000000005,0.0,226.68,-93.44
0.5299723148345947,16,134,-135,0,0,-0.0,0.0,226.68,-93.44
0.5407865047454834,16,134,-135,0,0,0.28350000000000003,0.31050000000000005,226.68,-93.44
0.5509955883026123,16,134,-134,32,21,0.558,0.5625,226.68,-93.44
0.5613715648651123,16,134,-134,49,49,0.801,0.8775,226.68,-93.44
0.5720727443695068,16,135,-133,87,87,1.053,1.125,226.68,-93.44
0.5824384689331055,16,136,-132,131,131,1.098,1.1520000000000001,226.68,-93.44
0.5935220718383789,16,138,-130,175,181,1.098,1.0755000000000001,226.68,-93.44
0.6046171188354492,16,140,-128,219,219,0.9945,0.936,226.68,-93.44
0.6148788928985596,16,143,-126,247,252,0.8775,0.8415,226.68,-93.44
0.6250531673431396,16,146,-122,269,274,0.6795,0.6210000000000001,226.68,-93.44
0.6360466480255127,16,149,-119,280,302,0.4635,0.378,226.68,-93.44
0.6471431255340576,16,152,-116,291,329,0.2655,0.17550000000000002,226.68,-93.44
0.6573703289031982,16,155,-112,285,324,0.018000000000000002,0.027,226.68,-93.44
0.6675453186035156,16,158,-109,258,324,-0.522,-0.29250000000000004,226.68,-93.44
0.678661584854126,16,161,-105,203,313,-0.9225,-0.468,226.68,-93.44
0.6890404224395752,16,163,-102,159,296,-1.1115000000000002,-0.5625,226.68,-93.44
0.7000503540039062,16,164,-102,87,296,-1.215,-0.5625,226.68,-93.44
0.7111036777496338,16,165,-96,43,252,-1.2060000000000002,-0.81,226.68,-93.44
0.7221217155456543,16,165,-96,0,252,-1.0755000000000001,-0.81,226.68,-93.44
0.7322940826416016,16,165,-93,-43,214,-1.0080000000000002,-0.6210000000000001,226.68,-93.44
0.7436504364013672,16,164,-91,-71,186,-0.8145,-0.5940000000000001,226.68,-93.44
0.7546453475952148,16,164,-89,-71,142,-0.8145,-0.5940000000000001,226.68,-93.44
0.7648265361785889,16,163,-87,-76,115,-0.666,-0.7245,226.68,-93.44
0.7750778198242188,16,162,-86,-87,71,-0.49050000000000005,-0.8145,226.68,-93.44
0.7860507965087891,16,161,-86,-93,16,-0.36450000000000005,-0.8775,226.68,-93.44
0.7970013618469238,16,160,-86,-87,-43,-0.2205,-0.7200000000000001,226.68,-93.44
0.8080015182495117,16,159,-87,-82,-76,-0.12600000000000003,-0.549,226.68,-93.44
0.819021463394165,16,159,-88,-76,-93,-0.036000000000000004,-0.29250000000000004,226.68,-93.44
0.8299911022186279,16,158,-89,-76,-98,0.0675,-0.1395,226.68,-93.44
0.8410146236419678,16,157,-90,-65,-104,0.21150000000000002,-0.027,226.68,-93.44
0.8520002365112305,16,156,-91,-54,-104,0.28800000000000003,0.216,226.68,-93.44
0.8630001544952393,16,156,-92,-43,-82,0.3195,0.31050000000000005,226.68,-93.44
0.8739852905273438,16,155,-93,-27,-54,0.36900000000000005,0.35550000000000004,226.68,-93.44
0.8841657638549805,16,155,-93,-10,-27,0.36450000000000005,0.342,226.68,-93.44
0.8951475620269775,16,155,-93,0,-10,0.3285,0.31500000000000006,226.68,-93.44
0.9059464931488037,16,155,-93,21,10,0.28350000000000003,0.24300000000000002,226.68,-93.44
0.9170923233032227,16,155,-93,21,27,0.216,0.1935,226.68,-93.44
0.9278795719146729,16,156,-93,32,27,0.15300000000000002,0.12150000000000001,226.68,-93.44
0.9387171268463135,16,156,-93,27,38,0.1125,0.07650000000000001,226.68,-93.44
0.9495222568511963,16,156,-92,38,27,0.06300000000000001,0.036000000000000004,226.68,-93.44
0.9603657722473145,16,157,-92,32,27,0.03150000000000001,0.0,226.68,-93.44
0.9712567329406738,16,157,-92,21,27,-0.0,-0.0405,226.68,-93.44
0.9820780754089355,16,157,-91,32,10,-0.03150000000000001,-0.06300000000000001,226.68,-93.44
0.9923422336578369,16,157,-91,5,10,-0.0675,-0.0675,226.68,-93.44
1.0033543109893799,16,158,-91,5,5,-0.07200000000000001,-0.0585,226.68,-93.44
1.0135037899017334,16,158,-91,10,-5,-0.07650000000000001,-0.054,226.68,-93.44
1.0236449241638184,16,158,-91,0,0,-0.06300000000000001,-0.027,226.68,-93.44
1.034653663635254,16,158,-91,0,0,-0.036000000000000004,-0.0135,226.68,-93.44
1.0456101894378662,16,158,-91,-16,0,-0.018000000000000002,-0.0135,226.68,-93.44
1.056650161743164,16,157,-91,-21,-5,0.027,-0.0135,226.68,-93.44
1.06764554977417,16,157,-91,-21,-5,0.054,-0.0135,226.68,-93.44
1.0786488056182861,16,157,-91,0,0,0.0675,-0.022500000000000003,226.68,-93.44
1.089231252670288,16,157,-91,0,0,0.06300000000000001,-0.022500000000000003,226.68,-93.44
1.1002397537231445,16,157,-91,0,0,0.0675,-0.022500000000000003,226.68,-93.44
1.1112315654754639,16,157,-91,0,0,0.0675,-0.027,226.68,-93.44
1.1222519874572754,16,157,-91,5,0,0.036000000000000004,-0.022500000000000003,226.68,-93.44
1.1332299709320068,16,157,-91,0,0,0.027,-0.0135,226.68,-93.44
1.144223690032959,16,157,-91,0,0,0.018000000000000002,-0.036000000000000004,226.68,-93.44
1.1552257537841797,16,157,-91,0,0,0.009000000000000001,-0.03150000000000001,226.68,-93.44
1.1662249565124512,16,157,-91,0,0,-0.0,-0.027,226.68,-93.44
1.1772239208221436,16,157,-91,0,0,0.009000000000000001,-0.027,226.68,-93.44
1.1882286071777344,16,157,-91,0,0,0.009000000000000001,-0.036000000000000004,226.68,-93.44
1.1985602378845215,16,157,-91,0,0,0.022500000000000003,-0.027,226.68,-93.44
1.2089509963989258,16,157,-91,0,0,0.018000000000000002,-0.036000000000000004,226.68,-93.44
1.2191307544708252,16,157,-91,0,-5,0.036000000000000004,-0.036000000000000004,226.68,-93.44
1.2296569347381592,16,157,-91,0,0,0.036000000000000004,-0.03150000000000001,226.68,-93.44
1.2397537231445312,16,157,-91,0,0,0.03150000000000001,-0.036000000000000004,226.68,-93.44
1.2503931522369385,16,157,-91,0,0,0.0135,-0.036000000000000004,226.68,-93.44
1.2609570026397705,16,157,-91,0,0,0.027,-0.036000000000000004,226.68,-93.44
1.2715246677398682,16,157,-91,0,0,0.022500000000000003,-0.036000000000000004,226.68,-93.44
1.2820875644683838,16,157,-91,0,0,0.022500000000000003,-0.036000000000000004,226.68,-93.44
1.2928030490875244,16,157,-91,0,0,0.027,-0.036000000000000004,226.68,-93.44
1.303422451019287,16,157,-91,0,0,0.018000000000000002,-0.036000000000000004,226.68,-93.44
1.3141887187957764,16,157,-91,0,0,0.022500000000000003,-0.036000000000000004,226.68,-93.44
1.3244819641113281,16,157,-91,0,0,0.0135,-0.045000000000000005,226.68,-93.44
1.3346524238586426,16,157,-91,0,0,0.027,-0.036000000000000004,226.68,-93.44
1.34493088722229,16,157,-91,0,0,0.027,-0.0405,226.68,-93.44
1.3553798198699951,16,157,-91,0,0,0.022500000000000003,-0.0405,226.68,-93.44
1.3662290573120117,16,157,-91,0,0,0.027,-0.045000000000000005,226.68,-93.44
1.376643180847168,16,157,-91,0,0,0.03150000000000001,-0.0405,226.68,-93.44
1.387221336364746,16,157,-91,0,0,0.027,-0.0495,226.68,-93.44
1.3977041244506836,16,157,-91,0,0,0.018000000000000002,-0.0495,226.68,-93.44
1.4081707000732422,16,157,-91,0,0,0.027,-0.045000000000000005,226.68,-93.44
1.4187581539154053,16,157,-91,0,0,0.022500000000000003,-0.045000000000000005,226.68,-93.44
1.4291653633117676,16,157,-91,0,0,0.018000000000000002,-0.045000000000000005,226.68,-93.44
1.4395086765289307,16,157,-91,0,0,0.022500000000000003,-0.054,226.68,-93.44
1.4499690532684326,16,157,-91,0,0,0.018000000000000002,-0.045000000000000005,226.68,-93.44
1.4603102207183838,16,157,-91,0,0,0.0135,-0.0495,226.68,-93.44
1.4705686569213867,16,157,-91,0,0,0.018000000000000002,-0.0495,226.68,-93.44
1.4806277751922607,16,157,-91,0,-5,0.027,-0.045000000000000005,226.68,-93.44
1.4908993244171143,16,157,-91,0,0,0.027,-0.054,226.68,-93.44
1.5019216537475586,16,157,-91,0,0,0.036000000000000004,-0.0495,226.68,-93.44
1.5126733779907227,16,157,-91,0,0,0.018000000000000002,-0.0585,226.68,-93.44
1.5237011909484863,16,157,-91,0,0,0.022500000000000003,-0.054,226.68,-93.44
1.5347158908843994,16,157,-91,0,0,0.0135,-0.0495,226.68,-93.44
1.5457024574279785,16,157,-91,0,0,0.022500000000000003,-0.054,226.68,-93.44
1.5567026138305664,16,157,-91,0,0,0.027,-0.054,226.68,-93.44
1.567718505859375,16,157,-91,0,0,0.022500000000000003,-0.054,226.68,-93.44
1.578718662261963,16,157,-91,0,-5,0.018000000000000002,-0.0585,226.68,-93.44
1.5897846221923828,16,157,-91,0,0,0.0135,-0.0585,226.68,-93.44
1.600785732269287,16,157,-91,0,0,0.018000000000000002,-0.06300000000000001,226.68,-93.44
1.6117844581604004,16,157,-91,0,0,0.027,-0.06300000000000001,226.68,-93.44
1.6227824687957764,16,157,-91,0,0,0.022500000000000003,-0.06300000000000001,226.68,-93.44
1.633781909942627,16,157,-91,0,0,0.0135,-0.054,226.68,-93.44
1.644782304763794,16,157,-91,0,0,0.018000000000000002,-0.06300000000000001,226.68,-93.44
1.6557815074920654,16,157,-91,0,0,0.018000000000000002,-0.054,226.68,-93.44
1.6667466163635254,16,157,-91,0,0,0.022500000000000003,-0.06300000000000001,226.68,-93.44
1.6777820587158203,16,157,-91,0,0,0.018000000000000002,-0.0585,226.68,-93.44
1.6884033679962158,16,157,-91,0,0,0.027,-0.06300000000000001,226.68,-93.44
1.69940185546875,16,157,-91,0,0,0.027,-0.06300000000000001,226.68,-93.44
1.710402488708496,16,157,-91,0,0,0.018000000000000002,-0.0585,226.68,-93.44
1.7214035987854004,16,157,-91,0,0,0.027,-0.0675,226.68,-93.44
1.732403039932251,16,157,-91,0,0,0.027,-0.06300000000000001,226.68,-93.44
1.7434041500091553,16,157,-91,0,0,0.022500000000000003,-0.06300000000000001,226.68,-93.44
1.7544035911560059,16,157,-91,0,0,0.03150000000000001,-0.06300000000000001,226.68,-93.44
1.7654027938842773,16,157,-91,0,0,0.018000000000000002,-0.07200000000000001,226.68,-93.44
1.7764344215393066,16,157,-91,0,0,0.022500000000000003,-0.0675,226.68,-93.44
1.7874696254730225,16,157,-91,0,0,0.018000000000000002,-0.06300000000000001,226.68,-93.44
1.7984700202941895,16,157,-91,0,0,0.018000000000000002,-0.07650000000000001,226.68,-93.44
1.8094408512115479,16,157,-91,0,0,0.018000000000000002,-0.0675,226.68,-93.44
1.8204402923583984,16,157,-92,0,0,0.022500000000000003,-0.06300000000000001,226.68,-93.44
1.8314704895019531,16,157,-92,0,0,0.022500000000000003,-0.06300000000000001,226.68,-93.44
1.84244704246521,16,157,-92,0,0,0.022500000000000003,-0.0675,226.68,-93.44
1.853468894958496,16,157,-92,0,0,0.018000000000000002,-0.07200000000000001,226.68,-93.44
1.864469289779663,16,157,-92,0,0,0.03150000000000001,-0.0675,226.68,-93.44
1.8754794597625732,16,157,-92,0,0,0.022500000000000003,-0.06300000000000001,226.68,-93.44
1.886540174484253,16,157,-92,0,0,0.022500000000000003,-0.06300000000000001,226.68,-93.44
1.8975367546081543,16,157,-92,0,0,0.027,-0.07200000000000001,226.68,-93.44
1.9085369110107422,16,157,-92,0,0,0.022500000000000003,-0.07650000000000001,226.68,-93.44
1.9195020198822021,16,157,-92,0,0,0.022500000000000003,-0.07200000000000001,226.68,-93.44
1.9301602840423584,16,157,-92,0,0,0.027,-0.06300000000000001,226.68,-93.44
1.9411602020263672,16,157,-92,0,0,0.027,-0.0675,226.68,-93.44
1.9521617889404297,16,157,-92,0,0,0.022500000000000003,-0.07650000000000001,226.68,-93.44
1.9631237983703613,16,157,-92,0,0,0.018000000000000002,-0.07650000000000001,226.68,-93.44
1.974168300628662,16,157,-92,0,0,0.022500000000000003,-0.07650000000000001,226.68,-93.44
1.9848659038543701,16,157,-92,0,0,0.027,-0.07200000000000001,226.68,-93.44
1.9958195686340332,16,157,-92,0,0,0.03150000000000001,-0.07200000000000001,226.68,-93.44
2.00685715675354,16,157,-92,0,0,0.018000000000000002,-0.07650000000000001,226.68,-93.44
2.0178565979003906,16,157,-92,0,0,0.027,-0.07650000000000001,226.68,-93.44
2.02843976020813,16,157,-92,0,0,0.036000000000000004,-0.07650000000000001,226.68,-93.44
2.0394399166107178,16,157,-92,0,0,0.018000000000000002,-0.07650000000000001,226.68,-93.44
2.050461769104004,16,157,-92,0,0,0.036000000000000004,-0.07200000000000001,226.68,-93.44
2.0614614486694336,16,157,-92,0,0,0.027,-0.07650000000000001,226.68,-93.44
2.072458028793335,16,157,-92,0,0,0.027,-0.07200000000000001,226.68,-93.44
2.0830185413360596,16,157,-92,0,0,0.027,-0.07200000000000001,226.68,-93.44
2.0940778255462646,16,157,-92,0,0,0.022500000000000003,-0.0675,226.68,-93.44
2.1050798892974854,16,157,-92,0,0,0.022500000000000003,-0.081,226.68,-93.44
2.115705966949463,16,157,-92,0,0,0.03150000000000001,-0.081,226.68,-93.44
2.1267030239105225,16,157,-92,0,0,0.027,-0.07650000000000001,226.68,-93.44
2.136927604675293,16,157,-92,0,0,0.027,-0.07200000000000001,226.68,-93.44
2.147491216659546,16,157,-92,0,0,0.022500000000000003,-0.081,226.68,-93.44
2.1585562229156494,16,157,-92,0,0,0.022500000000000003,-0.07650000000000001,226.68,-93.44
2.16961932182312,16,157,-92,0,0,0.018000000000000002,-0.081,226.68,-93.44
2.1808204650878906,16,157,-92,0,0,0.027,-0.07650000000000001,226.68,-93.44
2.1914265155792236,16,157,-92,0,0,0.022500000000000003,-0.081,226.68,-93.44
2.2024905681610107,16,157,-92,0,0,0.027,-0.0855,226.68,-93.44
2.2135560512542725,16,157,-92,0,0,0.018000000000000002,-0.081,226.68,-93.44
2.224198579788208,16,157,-92,0,0,0.036000000000000004,-0.081,226.68,-93.44
2.235259532928467,16,157,-92,0,0,0.03150000000000001,-0.081,226.68,-93.44
2.246258020401001,16,157,-92,0,0,0.027,-0.07200000000000001,226.68,-93.44
2.257258892059326,16,157,-92,0,0,0.022500000000000003,-0.0855,226.68,-93.44
2.268259048461914,16,157,-92,0,0,0.022500000000000003,-0.0855,226.68,-93.44
2.2788782119750977,16,157,-92,0,0,0.03150000000000001,-0.07650000000000001,226.68,-93.44
2.289942502975464,16,157,-92,0,0,0.018000000000000002,-0.081,226.68,-93.44
2.3010094165802,16,157,-92,0,0,0.022500000000000003,-0.0855,226.68,-93.44
2.312075614929199,16,157,-92,0,0,0.018000000000000002,-0.081,226.68,-93.44
2.32311749458313,16,157,-92,0,0,0.018000000000000002,-0.0855,226.68,-93.44
2.3341968059539795,16,157,-92,0,0,0.0135,-0.07650000000000001,226.68,-93.44
2.3452563285827637,16,157,-92,0,0,0.03150000000000001,-0.081,226.68,-93.44
2.356322765350342,16,157,-92,0,0,0.036000000000000004,-0.0855,226.68,-93.44
2.367396831512451,16,157,-92,0,0,0.022500000000000003,-0.0675,226.68,-93.44
2.377840042114258,16,157,-92,0,0,0.027,-0.07650000000000001,226.68,-93.44
2.3880438804626465,16,157,-92,0,0,0.03150000000000001,-0.0855,226.68,-93.44
2.3990488052368164,16,157,-92,0,0,0.022500000000000003,-0.09000000000000001,226.68,-93.44
2.4100430011749268,16,157,-92,0,0,0.018000000000000002,-0.0855,226.68,-93.44
2.4210429191589355,16,157,-92,0,0,0.018000000000000002,-0.081,226.68,-93.44
2.4320449829101562,16,157,-92,0,0,0.0405,-0.0855,226.68,-93.44
2.4430437088012695,16,157,-92,0,0,0.036000000000000004,-0.09000000000000001,226.68,-93.44
2.454042673110962,16,157,-92,0,0,0.027,-0.081,226.68,-93.44
2.4650440216064453,16,157,-92,0,0,0.03150000000000001,-0.09000000000000001,226.68,-93.44
2.47605037689209,16,157,-92,0,0,0.022500000000000003,-0.081,226.68,-93.44
2.487110137939453,16,157,-92,0,0,0.03150000000000001,-0.09000000000000001,226.68,-93.44
2.498110055923462,16,157,-92,0,0,0.027,-0.0855,226.68,-93.44
2.5091118812561035,16,157,-92,0,0,0.027,-0.081,226.68,-93.44
2.5211355686187744,16,157,-92,0,0,0.027,-0.0855,226.68,-93.44
0.010973691940307617,17,157,-92,0,0,0.0045000000000000005,-0.022500000000000003,157.75,-92.08
0.022980451583862305,17,157,-92,0,0,-0.0,0.0,157.75,-92.08
0.03407001495361328,17,157,-92,0,5,-0.0,0.0,157.75,-92.08
0.04423832893371582,17,157,-91,0,5,0.0045000000000000005,0.0,157.75,-92.08
0.054791927337646484,17,157,-91,0,0,0.0045000000000000005,0.0,157.75,-92.08
0.06584358215332031,17,157,-91,0,0,-0.0,0.0,157.75,-92.08
0.0768439769744873,17,157,-91,0,0,-0.0,0.0,157.75,-92.08
0.08715367317199707,17,157,-91,0,0,-0.0045000000000000005,0.0045000000000000005,157.75,-92.08
0.09736752510070801,17,157,-91,0,0,-0.0,0.0,157.75,-92.08
0.10836243629455566,17,157,-91,0,0,-0.0045000000000000005,0.0,157.75,-92.08
0.11945247650146484,17,157,-91,0,0,-0.0,0.0,157.75,-92.08
0.12980175018310547,17,157,-91,0,0,-0.0,0.0,157.75,-92.08
0.14081025123596191,17,157,-91,0,0,-0.0045000000000000005,0.0,157.75,-92.08
0.1518089771270752,17,157,-91,0,0,-0.0,0.0,157.75,-92.08
0.16230416297912598,17,157,-91,0,0,-0.0,0.0,157.75,-92.08
0.17331409454345703,17,157,-91,0,0,-0.0045000000000000005,0.0,157.75,-92.08
0.18345141410827637,17,157,-91,0,0,-0.0,0.0,157.75,-92.08
0.19382953643798828,17,157,-91,0,0,-0.0,0.0,157.75,-92.08
0.204512357711792,17,157,-91,0,0,-0.0,0.0045000000000000005,157.75,-92.08
0.21559929847717285,17,157,-91,0,0,-0.0045000000000000005,-0.0045000000000000005,157.75,-92.08
0.22646093368530273,17,157,-91,0,0,-0.0,-0.0045000000000000005,157.75,-92.08
0.2375471591949463,17,157,-91,0,0,-0.0,0.0,157.75,-92.08
0.24859213829040527,17,157,-91,0,0,-0.0,0.0045000000000000005,157.75,-92.08
0.25914502143859863,17,157,-91,0,0,-0.0,0.0,157.75,-92.08
0.270143985748291,17,157,-91,0,0,-0.009000000000000001,0.0,157.75,-92.08
0.280576229095459,17,157,-91,0,0,0.009000000000000001,0.0,157.75,-92.08
0.2915635108947754,17,157,-91,0,0,-0.0,0.0,157.75,-92.08
0.3026003837585449,17,157,-91,0,0,0.009000000000000001,0.0045000000000000005,157.75,-92.08
0.31355953216552734,17,157,-91,0,0,-0.0045000000000000005,0.0,157.75,-92.08
0.3246026039123535,17,157,-91,0,0,-0.0,0.0,157.75,-92.08
0.3356053829193115,17,157,-91,0,0,-0.0,0.0,157.75,-92.08
0.3466148376464844,17,157,-91,0,0,-0.0,0.0,157.75,-92.08
0.3576185703277588,17,157,-91,0,0,0.0045000000000000005,-0.0045000000000000005,157.75,-92.08
0.3685879707336426,17,157,-91,0,0,-0.0,0.0,157.75,-92.08
0.37961387634277344,17,157,-91,0,0,-0.0045000000000000005,0.0,157.75,-92.08
0.39061450958251953,17,157,-91,0,0,-0.009000000000000001,0.0,157.75,-92.08
0.40099382400512695,17,157,-91,0,0,0.0045000000000000005,0.0,157.75,-92.08
0.4118845462799072,17,157,-91,0,0,-0.0,0.0,157.75,-92.08
0.4227163791656494,17,157,-91,0,0,-0.0,0.0,157.75,-92.08
0.4332253932952881,17,157,-91,0,0,0.0045000000000000005,0.0,157.75,-92.08
0.4442448616027832,17,157,-91,0,0,-0.0,0.0,157.75,-92.08
0.4552309513092041,17,157,-91,0,0,-0.0,0.0,157.75,-92.08
0.4657583236694336,17,157,-91,0,0,-0.0,0.0,157.75,-92.08
0.4767758846282959,17,157,-91,0,0,-0.0,0.0,157.75,-92.08
0.48777198791503906,17,157,-91,0,0,0.009000000000000001,0.0,157.75,-92.08
0.49852776527404785,17,157,-91,0,0,0.0045000000000000005,0.0,157.75,-92.08
0.5095891952514648,17,157,-91,0,0,-0.009000000000000001,0.0,157.75,-92.08
0.5215494632720947,17,157,-91,0,0,-0.0,0.0,157.75,-92.08
0.5325467586517334,17,157,-91,0,-5,-0.07650000000000001,-0.29700000000000004,157.75,-92.08
0.5435757637023926,17,157,-92,-21,-16,-0.48150000000000004,-0.5625,157.75,-92.08
0.5545740127563477,17,157,-92,-43,-49,-0.81,-0.8505,157.75,-92.08
0.5656635761260986,17,156,-93,-71,-93,-1.0845,-1.1025,157.75,-92.08
0.5759692192077637,17,155,-94,-109,-131,-1.1564999999999999,-1.1115000000000002,157.75,-92.08
0.5871026515960693,17,154,-96,-148,-170,-1.1880000000000002,-1.107,157.75,-92.08
0.598052978515625,17,152,-98,-186,-219,-1.1655,-1.062,157.75,-92.08
0.6082432270050049,17,149,-100,-225,-241,-0.9675,-0.8684999999999999,157.75,-92.08
0.6192564964294434,17,147,-103,-280,-241,-0.8145,-0.756,157.75,-92.08
0.6303083896636963,17,143,-106,-296,-274,-0.5985,-0.7065,157.75,-92.08
0.6413018703460693,17,140,-109,-324,-285,-0.3285,-0.41400000000000003,157.75,-92.08
0.6522843837738037,17,136,-112,-329,-296,-0.099,-0.29700000000000004,157.75,-92.08
0.6628842353820801,17,132,-116,-335,-291,0.054,-0.18000000000000002,157.75,-92.08
0.6738848686218262,17,129,-119,-329,-285,0.35100000000000003,-0.0495,157.75,-92.08
0.6849114894866943,17,125,-122,-307,-280,0.522,0.027,157.75,-92.08
0.6959109306335449,17,122,-125,-280,-269,0.6300000000000001,0.198,157.75,-92.08
0.7069926261901855,17,119,-128,-252,-252,0.6075,0.29700000000000004,157.75,-92.08
0.7179522514343262,17,117,-131,-214,-241,0.6210000000000001,0.333,157.75,-92.08
0.7289509773254395,17,114,-133,-192,-219,0.7065,0.36450000000000005,157.75,-92.08
0.7399523258209229,17,112,-135,-153,-208,0.8235,0.3195,157.75,-92.08
0.751133918762207,17,111,-138,-104,-197,1.0125,0.36000000000000004,157.75,-92.08
0.7621757984161377,17,110,-140,-49,-203,1.1385,0.342,157.75,-92.08
0.7727267742156982,17,110,-142,0,-197,1.0395,0.35100000000000003,157.75,-92.08
0.7837679386138916,17,110,-144,49,-186,0.8460000000000001,0.28800000000000003,157.75,-92.08
0.7947654724121094,17,111,-146,87,-159,0.6705,0.225,157.75,-92.08
0.8057346343994141,17,112,-148,98,-159,0.4455,0.135,157.75,-92.08
0.8167421817779541,17,113,-150,109,-142,0.234,0.0675,157.75,-92.08
0.8277654647827148,17,114,-151,115,-142,0.07650000000000001,0.0,157.75,-92.08
0.8387746810913086,17,116,-153,98,-148,-0.0495,-0.12150000000000001,157.75,-92.08
0.8497302532196045,17,117,-154,87,-148,-0.25650000000000006,-0.23850000000000002,157.75,-92.08
0.8607416152954102,17,118,-156,71,-148,-0.31050000000000005,-0.31500000000000006,157.75,-92.08
0.8717665672302246,17,118,-158,43,-153,-0.342,-0.3825,157.75,-92.08
0.8827664852142334,17,119,-160,16,-170,-0.31050000000000005,-0.432,157.75,-92.08
0.8937673568725586,17,119,-162,0,-181,-0.27,-0.41400000000000003,157.75,-92.08
0.9047675132751465,17,119,-164,-21,-197,-0.171,-0.45,157.75,-92.08
0.9153907299041748,17,118,-166,-43,-214,-0.09000000000000001,-0.36450000000000005,157.75,-92.08
0.9263908863067627,17,118,-168,-38,-214,-0.036000000000000004,-0.324,157.75,-92.08
0.937389612197876,17,117,-170,-49,-219,0.027,-0.2655,157.75,-92.08
0.9483911991119385,17,117,-173,-38,-225,0.135,-0.18000000000000002,157.75,-92.08
0.9594559669494629,17,116,-176,-27,-236,0.171,-0.12150000000000001,157.75,-92.08
0.9700841903686523,17,116,-178,-21,-236,0.171,-0.06300000000000001,157.75,-92.08
0.9810819625854492,17,116,-181,-16,-241,0.162,-0.018000000000000002,157.75,-92.08
0.9920549392700195,17,116,-183,0,-230,0.162,0.018000000000000002,157.75,-92.08
1.0028975009918213,17,116,-186,5,-225,0.108,0.07200000000000001,157.75,-92.08
1.0139203071594238,17,116,-188,16,-219,0.07650000000000001,0.0945,157.75,-92.08
1.0249171257019043,17,116,-191,21,-208,0.054,0.0945,157.75,-92.08
1.0359179973602295,17,116,-193,10,-203,0.036000000000000004,0.0855,157.75,-92.08
1.0469229221343994,17,117,-195,10,-192,0.0135,0.054,157.75,-92.08
1.0579426288604736,17,117,-197,16,-181,0.0045000000000000005,0.0675,157.75,-92.08
1.0689196586608887,17,117,-199,5,-159,0.009000000000000001,0.31500000000000006,157.75,-92.08
1.0799221992492676,17,117,-200,0,-120,0.0135,0.5040000000000001,157.75,-92.08
1.0901317596435547,17,117,-201,-5,-71,0.03150000000000001,0.756,157.75,-92.08
1.1002728939056396,17,117,-202,0,-38,0.0495,0.6930000000000001,157.75,-92.08
1.1105329990386963,17,117,-202,-5,-38,0.06300000000000001,0.6930000000000001,157.75,-92.08
1.1206398010253906,17,117,-202,0,0,0.0585,0.6120000000000001,157.75,-92.08
1.1307482719421387,17,117,-202,0,43,0.0585,0.5085000000000001,157.75,-92.08
1.1413319110870361,17,117,-202,0,54,0.06300000000000001,0.378,157.75,-92.08
1.151676893234253,17,117,-201,5,65,0.0405,0.23850000000000002,157.75,-92.08
1.1622190475463867,17,117,-200,10,60,0.022500000000000003,0.14400000000000002,157.75,-92.08
1.1727468967437744,17,117,-199,5,71,0.009000000000000001,0.0405,157.75,-92.08
1.183077335357666,17,117,-199,0,60,0.0045000000000000005,-0.022500000000000003,157.75,-92.08
1.1935045719146729,17,117,-198,0,54,-0.0,-0.15750000000000003,157.75,-92.08
1.203758716583252,17,117,-197,0,43,0.0045000000000000005,-0.1935,157.75,-92.08
1.2141122817993164,17,117,-197,0,21,0.009000000000000001,-0.18000000000000002,157.75,-92.08
1.2243289947509766,17,117,-197,-5,5,0.018000000000000002,-0.14850000000000002,157.75,-92.08
1.2346913814544678,17,117,-197,0,-5,0.018000000000000002,-0.117,157.75,-92.08
1.2449989318847656,17,117,-197,0,-16,0.018000000000000002,-0.0675,157.75,-92.08
1.25539231300354,17,117,-197,0,-10,0.018000000000000002,-0.03150000000000001,157.75,-92.08
1.2656288146972656,17,117,-198,0,-10,0.027,-0.018000000000000002,157.75,-92.08
1.2761180400848389,17,117,-198,0,0,0.018000000000000002,-0.0045000000000000005,157.75,-92.08
1.2862493991851807,17,117,-198,0,0,0.018000000000000002,-0.018000000000000002,157.75,-92.08
1.2963969707489014,17,117,-198,0,0,0.018000000000000002,-0.0135,157.75,-92.08
1.3068161010742188,17,117,-198,0,0,0.0135,-0.045000000000000005,157.75,-92.08
1.3171517848968506,17,117,-198,0,10,0.018000000000000002,-0.045000000000000005,157.75,-92.08
1.327558994293213,17,117,-198,0,10,0.0135,-0.045000000000000005,157.75,-92.08
1.3376986980438232,17,117,-198,0,0,0.0135,-0.0495,157.75,-92.08
1.347907304763794,17,117,-198,0,0,0.0135,-0.0495,157.75,-92.08
1.358004093170166,17,117,-198,0,-5,0.0135,-0.0405,157.75,-92.08
1.3681704998016357,17,117,-198,0,-10,0.009000000000000001,-0.027,157.75,-92.08
1.378702163696289,17,117,-198,-5,0,0.0135,-0.03150000000000001,157.75,-92.08
1.3890149593353271,17,117,-198,0,0,0.0135,-0.0405,157.75,-92.08
1.3993520736694336,17,117,-198,0,0,0.0135,-0.0405,157.75,-92.08
1.4098758697509766,17,117,-198,0,0,0.0135,-0.0495,157.75,-92.08
1.4208793640136719,17,117,-198,0,0,0.0135,-0.0405,157.75,-92.08
1.4318761825561523,17,117,-198,0,0,0.0135,-0.045000000000000005,157.75,-92.08
1.4428763389587402,17,117,-198,0,-5,0.009000000000000001,-0.0405,157.75,-92.08
1.4538764953613281,17,117,-198,0,-5,0.009000000000000001,-0.0405,157.75,-92.08
1.4649064540863037,17,117,-198,0,0,0.0045000000000000005,-0.054,157.75,-92.08
1.4754621982574463,17,117,-198,0,0,0.0135,-0.0405,157.75,-92.08
1.4864931106567383,17,117,-198,0,0,0.0135,-0.0495,157.75,-92.08
1.497492790222168,17,117,-198,0,0,0.0135,-0.054,157.75,-92.08
1.5084929466247559,17,117,-198,0,0,0.0135,-0.0405,157.75,-92.08
1.5194923877716064,17,117,-198,0,0,0.0135,-0.0405,157.75,-92.08
1.5304772853851318,17,117,-198,0,0,0.009000000000000001,-0.045000000000000005,157.75,-92.08
1.5414679050445557,17,117,-198,0,0,0.0045000000000000005,-0.0585,157.75,-92.08
1.5524673461914062,17,117,-198,0,0,0.0045000000000000005,-0.045000000000000005,157.75,-92.08
1.5634665489196777,17,117,-198,0,0,0.0045000000000000005,-0.045000000000000005,157.75,-92.08
1.5744671821594238,17,117,-198,0,0,0.0045000000000000005,-0.0585,157.75,-92.08
1.5854666233062744,17,117,-198,0,0,0.0045000000000000005,-0.06300000000000001,157.75,-92.08
1.5964667797088623,17,117,-198,0,-10,0.009000000000000001,-0.0495,157.75,-92.08
1.60746431350708,17,117,-198,0,0,0.009000000000000001,-0.054,157.75,-92.08
1.6184656620025635,17,117,-198,0,0,0.0045000000000000005,-0.045000000000000005,157.75,-92.08
1.6294703483581543,17,117,-198,0,0,0.0045000000000000005,-0.0675,157.75,-92.08
1.6404705047607422,17,117,-198,0,0,0.0045000000000000005,-0.06300000000000001,157.75,-92.08
1.6514668464660645,17,117,-198,0,0,0.0045000000000000005,-0.06300000000000001,157.75,-92.08
1.6622095108032227,17,117,-198,0,0,-0.0,-0.0585,157.75,-92.08
1.6732251644134521,17,117,-198,0,0,0.0045000000000000005,-0.0495,157.75,-92.08
1.684196949005127,17,117,-198,0,0,-0.0,-0.06300000000000001,157.75,-92.08
1.6952102184295654,17,117,-198,0,0,0.0045000000000000005,-0.06300000000000001,157.75,-92.08
1.706190586090088,17,117,-198,0,0,-0.0,-0.07200000000000001,157.75,-92.08
1.717191219329834,17,117,-198,0,0,-0.0,-0.06300000000000001,157.75,-92.08
1.72819185256958,17,117,-198,0,0,-0.0,-0.06300000000000001,157.75,-92.08
1.739189863204956,17,117,-198,0,0,-0.0,-0.0585,157.75,-92.08
1.7501885890960693,17,117,-198,0,0,-0.0,-0.0585,157.75,-92.08
1.7611901760101318,17,117,-198,0,0,-0.0,-0.0585,157.75,-92.08
1.7721893787384033,17,117,-198,0,0,-0.0,-0.0855,157.75,-92.08
1.7831895351409912,17,117,-198,0,0,-0.0,-0.0585,157.75,-92.08
1.7941830158233643,17,117,-198,0,0,-0.0,-0.06300000000000001,157.75,-92.08
1.8051831722259521,17,117,-198,0,0,-0.0,-0.0675,157.75,-92.08
1.8161859512329102,17,117,-198,0,0,-0.0,-0.0675,157.75,-92.08
1.8271832466125488,17,117,-198,0,0,-0.0,-0.07650000000000001,157.75,-92.08
1.838183879852295,17,117,-198,0,0,-0.0045000000000000005,-0.06300000000000001,157.75,-92.08
1.8492116928100586,17,117,-198,0,0,-0.0045000000000000005,-0.0675,157.75,-92.08
1.8596978187561035,17,117,-198,0,0,-0.0,-0.0675,157.75,-92.08
1.8707408905029297,17,117,-198,0,0,-0.0,-0.07200000000000001,157.75,-92.08
1.8817393779754639,17,117,-198,0,0,-0.0,-0.0675,157.75,-92.08
1.8927385807037354,17,117,-198,0,0,-0.0,-0.0585,157.75,-92.08
1.903717279434204,17,117,-198,0,0,-0.0,-0.07200000000000001,157.75,-92.08
1.914241075515747,17,117,-198,0,0,-0.0045000000000000005,-0.07200000000000001,157.75,-92.08
1.9252409934997559,17,117,-198,0,0,-0.0045000000000000005,-0.0585,157.75,-92.08
1.9362623691558838,17,117,-198,0,0,-0.0045000000000000005,-0.06300000000000001,157.75,-92.08
1.9472637176513672,17,117,-198,0,0,-0.0045000000000000005,-0.07650000000000001,157.75,-92.08
1.9582443237304688,17,117,-198,0,0,-0.0045000000000000005,-0.081,157.75,-92.08
1.9692447185516357,17,117,-198,0,0,-0.0045000000000000005,-0.07650000000000001,157.75,-92.08
1.980257511138916,17,117,-198,0,0,-0.0045000000000000005,-0.081,157.75,-92.08
1.9912564754486084,17,117,-198,0,0,-0.0045000000000000005,-0.0855,157.75,-92.08
2.0022614002227783,17,117,-198,0,0,-0.009000000000000001,-0.081,157.75,-92.08
2.0132572650909424,17,117,-198,0,0,-0.0045000000000000005,-0.081,157.75,-92.08
2.0242574214935303,17,117,-198,0,0,-0.0045000000000000005,-0.09000000000000001,157.75,-92.08
2.035257339477539,17,117,-198,0,0,-0.0045000000000000005,-0.0945,157.75,-92.08
2.046257972717285,17,117,-198,0,0,-0.0045000000000000005,-0.081,157.75,-92.08
2.0572574138641357,17,117,-198,0,0,-0.0045000000000000005,-0.07200000000000001,157.75,-92.08
2.068298578262329,17,117,-198,0,0,-0.0045000000000000005,-0.07650000000000001,157.75,-92.08
2.0792977809906006,17,117,-198,0,0,-0.009000000000000001,-0.06300000000000001,157.75,-92.08
2.0902981758117676,17,117,-198,0,0,-0.0135,-0.07650000000000001,157.75,-92.08
2.1012990474700928,17,117,-198,0,0,-0.009000000000000001,-0.0855,157.75,-92.08
2.1123011112213135,17,117,-198,0,0,-0.0135,-0.07650000000000001,157.75,-92.08
2.123300552368164,17,117,-198,0,0,-0.0045000000000000005,-0.081,157.75,-92.08
2.1343021392822266,17,117,-198,0,0,-0.009000000000000001,-0.0855,157.75,-92.08
2.145303964614868,17,117,-198,0,0,-0.0045000000000000005,-0.0855,157.75,-92.08
2.15630841255188,17,117,-198,0,0,-0.009000000000000001,-0.09000000000000001,157.75,-92.08
2.1673660278320312,17,117,-198,0,0,-0.009000000000000001,-0.0945,157.75,-92.08
2.178431749343872,17,117,-198,0,0,-0.009000000000000001,-0.0945,157.75,-92.08
2.1894314289093018,17,117,-198,0,0,-0.009000000000000001,-0.0945,157.75,-92.08
2.200432300567627,17,117,-198,0,0,-0.0135,-0.09000000000000001,157.75,-92.08
2.2110540866851807,17,117,-198,0,0,-0.009000000000000001,-0.0945,157.75,-92.08
2.2221155166625977,17,117,-198,0,0,-0.0135,-0.09000000000000001,157.75,-92.08
2.2331807613372803,17,117,-198,0,0,-0.0135,-0.09000000000000001,157.75,-92.08
2.244245767593384,17,117,-198,0,0,-0.009000000000000001,-0.0855,157.75,-92.08
2.2553110122680664,17,117,-198,0,0,-0.0135,-0.09000000000000001,157.75,-92.08
2.2661213874816895,17,117,-198,0,0,-0.0135,-0.099,157.75,-92.08
2.2761919498443604,17,117,-198,0,0,-0.018000000000000002,-0.0945,157.75,-92.08
2.2871901988983154,17,117,-198,0,0,-0.0135,-0.09000000000000001,157.75,-92.08
2.2977561950683594,17,117,-198,0,0,-0.0135,-0.0945,157.75,-92.08
2.3088200092315674,17,117,-198,0,0,-0.0135,-0.10350000000000001,157.75,-92.08
2.3194499015808105,17,117,-198,0,0,-0.0135,-0.10350000000000001,157.75,-92.08
2.3300793170928955,17,117,-198,0,0,-0.0135,-0.10350000000000001,157.75,-92.08
2.3407044410705566,17,117,-198,0,0,-0.0135,-0.09000000000000001,157.75,-92.08
2.351327896118164,17,117,-198,0,0,-0.018000000000000002,-0.0855,157.75,-92.08
2.3623247146606445,17,117,-198,0,0,-0.018000000000000002,-0.108,157.75,-92.08
2.373323440551758,17,117,-198,0,0,-0.0135,-0.10350000000000001,157.75,-92.08
2.3843255043029785,17,117,-198,0,0,-0.0135,-0.108,157.75,-92.08
2.3953239917755127,17,117,-198,0,0,-0.018000000000000002,-0.10350000000000001,157.75,-92.08
2.406327486038208,17,117,-198,0,0,-0.018000000000000002,-0.099,157.75,-92.08
2.4173245429992676,17,117,-198,0,0,-0.018000000000000002,-0.10350000000000001,157.75,-92.08
2.4283273220062256,17,117,-198,0,0,-0.0135,-0.09000000000000001,157.75,-92.08
2.4393277168273926,17,117,-198,0,0,-0.018000000000000002,-0.099,157.75,-92.08
2.450324773788452,17,117,-198,0,0,-0.018000000000000002,-0.099,157.75,-92.08
2.4609463214874268,17,117,-198,0,0,-0.018000000000000002,-0.0945,157.75,-92.08
2.471510648727417,17,117,-198,0,0,-0.0135,-0.099,157.75,-92.08
2.482569932937622,17,117,-198,0,0,-0.018000000000000002,-0.099,157.75,-92.08
2.4935286045074463,17,117,-198,0,0,-0.022500000000000003,-0.1125,157.75,-92.08
2.504575252532959,17,117,-198,0,0,-0.018000000000000002,-0.117,157.75,-92.08
2.5165727138519287,17,117,-198,0,0,-0.022500000000000003,-0.099,157.75,-92.08
0.011028289794921875,18,117,-198,0,0,-0.0,-0.018000000000000002,117.11,-198.33
0.03179168701171875,18,117,-198,0,5,-0.0,0.0,117.11,-198.33
0.04222416877746582,18,117,-198,0,5,-0.0,0.0,117.11,-198.33
0.05322384834289551,18,117,-198,0,5,-0.0,0.009000000000000001,117.11,-198.33
0.0642552375793457,18,117,-197,0,0,-0.0,-0.0045000000000000005,117.11,-198.33
0.07529473304748535,18,117,-197,0,0,-0.0,0.0,117.11,-198.33
0.08629345893859863,18,117,-198,0,0,-0.0,0.0045000000000000005,117.11,-198.33
0.09649133682250977,18,117,-198,-5,0,-0.0,0.009000000000000001,117.11,-198.33
0.10755038261413574,18,117,-198,0,0,-0.0,0.0,117.11,-198.33
0.11854982376098633,18,117,-198,-5,0,-0.0,-0.0045000000000000005,117.11,-198.33
0.12955069541931152,18,117,-198,0,0,-0.0,0.0,117.11,-198.33
0.14055156707763672,18,117,-198,0,0,-0.0,0.009000000000000001,117.11,-198.33
0.15158867835998535,18,117,-198,0,0,-0.0,0.0,117.11,-198.33
0.16258811950683594,18,117,-198,0,0,-0.0,0.0,117.11,-198.33
0.17357778549194336,18,117,-198,0,0,-0.0,-0.0045000000000000005,117.11,-198.33
0.18457722663879395,18,117,-198,0,0,-0.0,-0.009000000000000001,117.11,-198.33
0.19557833671569824,18,117,-198,0,0,-0.0,-0.0135,117.11,-198.33
0.20657682418823242,18,117,-198,0,0,-0.0,0.0,117.11,-198.33
0.21757769584655762,18,117,-198,0,0,-0.0,0.0,117.11,-198.33
0.2285780906677246,18,117,-198,0,0,-0.0,0.0045000000000000005,117.11,-198.33
0.2395777702331543,18,117,-198,0,0,-0.0,0.0045000000000000005,117.11,-198.33
0.2505779266357422,18,117,-198,0,0,-0.0,0.0,117.11,-198.33
0.2615978717803955,18,117,-198,0,0,-0.0,0.0,117.11,-198.33
0.2725989818572998,18,117,-198,0,0,-0.0,-0.0045000000000000005,117.11,-198.33
0.28359103202819824,18,117,-198,0,0,-0.0,0.0,117.11,-198.33
0.29459118843078613,18,117,-198,0,0,-0.0,0.009000000000000001,117.11,-198.33
0.305600643157959,18,117,-198,0,0,-0.0,0.0045000000000000005,117.11,-198.33
0.31659913063049316,18,117,-198,0,0,-0.0,0.009000000000000001,117.11,-198.33
0.32759952545166016,18,117,-198,0,0,-0.0,0.009000000000000001,117.11,-198.33
0.3386199474334717,18,117,-198,0,0,-0.0,0.0,117.11,-198.33
0.34961962699890137,18,117,-198,0,0,-0.0,0.0,117.11,-198.33
0.36061859130859375,18,117,-198,0,0,-0.0,0.0,117.11,-198.33
0.3716120719909668,18,117,-198,0,0,-0.0,0.009000000000000001,117.11,-198.33
0.3826115131378174,18,117,-198,0,0,-0.0,-0.0045000000000000005,117.11,-198.33
0.3936147689819336,18,117,-198,0,0,-0.0,0.0045000000000000005,117.11,-198.33
0.4046149253845215,18,117,-198,0,0,-0.0,0.0,117.11,-198.33
0.4156148433685303,18,117,-198,0,0,-0.0,0.0,117.11,-198.33
0.42661452293395996,18,117,-198,0,0,-0.0,0.009000000000000001,117.11,-198.33
0.43761706352233887,18,117,-198,0,0,-0.0,0.0045000000000000005,117.11,-198.33
0.44814348220825195,18,117,-198,0,0,-0.0,-0.0045000000000000005,117.11,-198.33
0.4591364860534668,18,117,-198,0,0,-0.0,-0.009000000000000001,117.11,-198.33
0.4701364040374756,18,117,-198,0,0,-0.0,-0.009000000000000001,117.11,-198.33
0.48116564750671387,18,117,-198,0,0,-0.0,0.0045000000000000005,117.11,-198.33
0.49216628074645996,18,117,-198,0,0,-0.0,0.0,117.11,-198.33
0.5031640529632568,18,117,-198,0,0,-0.0,0.0,117.11,-198.33
0.5151503086090088,18,117,-198,0,0,-0.0,0.0,117.11,-198.33
0.5261530876159668,18,117,-198,0,0,0.1125,0.0405,117.11,-198.33
0.5371880531311035,18,117,-197,21,21,0.47700000000000004,0.4365,117.11,-198.33
0.5482456684112549,18,117,-197,49,38,0.7785,0.7290000000000001,117.11,-198.33
0.5592460632324219,18,118,-196,87,93,1.0035,0.9675,117.11,-198.33
0.5702447891235352,18,119,-195,137,148,0.9945,0.9630000000000001,117.11,-198.33
0.5812458992004395,18,121,-193,181,192,0.9765,0.8595,117.11,-198.33
0.5922465324401855,18,123,-191,225,214,0.8460000000000001,0.7290000000000001,117.11,-198.33
0.6032454967498779,18,126,-188,252,269,0.675,0.549,117.11,-198.33
0.6142456531524658,18,129,-185,274,280,0.333,0.36450000000000005,117.11,-198.33
0.6252455711364746,18,132,-182,274,291,0.0135,0.171,117.11,-198.33
0.6362476348876953,18,135,-179,247,296,-0.558,0.036000000000000004,117.11,-198.33
0.6472458839416504,18,137,-175,186,285,-0.9495,-0.1125,117.11,-198.33
0.6582460403442383,18,139,-172,142,291,-1.0215,-0.25200000000000006,117.11,-198.33
0.6692459583282471,18,140,-169,76,252,-1.0575,-0.4005,117.11,-198.33
0.6802136898040771,18,141,-166,21,241,-0.9585,-0.3195,117.11,-198.33
0.6912477016448975,18,140,-164,-27,214,-0.792,-0.342,117.11,-198.33
0.7022473812103271,18,140,-162,-60,192,-0.6435,-0.28350000000000003,117.11,-198.33
0.713247537612915,18,139,-160,-87,164,-0.48600000000000004,-0.171,117.11,-198.33
0.7242476940155029,18,138,-158,-93,153,-0.261,-0.07650000000000001,117.11,-198.33
0.7352478504180908,18,137,-156,-87,148,-0.12600000000000003,0.0,117.11,-198.33
0.7462482452392578,18,136,-155,-98,142,-0.054,0.0945,117.11,-198.33
0.7567379474639893,18,135,-153,-93,142,0.1395,0.24750000000000003,117.11,-198.33
0.7677590847015381,18,134,-152,-76,153,0.28800000000000003,0.324,117.11,-198.33
0.7787947654724121,18,133,-150,-60,153,0.34650000000000003,0.387,117.11,-198.33
0.7897810935974121,18,133,-148,-49,170,0.36900000000000005,0.45,117.11,-198.33
0.8007755279541016,18,132,-146,-32,186,0.396,0.4455,117.11,-198.33
0.8117752075195312,18,132,-144,-5,197,0.35100000000000003,0.42300000000000004,117.11,-198.33
0.8227934837341309,18,132,-142,16,214,0.31050000000000005,0.40950000000000003,117.11,-198.33
0.8337936401367188,18,132,-139,21,219,0.24300000000000002,0.31050000000000005,117.11,-198.33
0.8448576927185059,18,133,-137,21,214,0.2025,0.06300000000000001,117.11,-198.33
0.8558580875396729,18,133,-135,32,203,0.14400000000000002,-0.37350000000000005,117.11,-198.33
0.8668255805969238,18,133,-133,43,170,0.0585,-0.6705,117.11,-198.33
0.8778572082519531,18,134,-131,43,120,0.0045000000000000005,-0.8550000000000001,117.11,-198.33
0.8888576030731201,18,134,-130,54,65,-0.1125,-0.8595,117.11,-198.33
0.8998219966888428,18,135,-130,38,16,-0.216,-0.7695,117.11,-198.33
0.910858154296875,18,135,-130,27,-27,-0.25200000000000006,-0.6345,117.11,-198.33
0.921825647354126,18,136,-130,27,-49,-0.2655,-0.5175000000000001,117.11,-198.33
0.932816743850708,18,136,-131,5,-65,-0.2655,-0.37350000000000005,117.11,-198.33
0.9438340663909912,18,136,-132,0,-82,-0.234,-0.24300000000000002,117.11,-198.33
0.9548265933990479,18,136,-133,-10,-76,-0.17550000000000002,-0.1125,117.11,-198.33
0.9649391174316406,18,136,-133,-21,-76,-0.10350000000000001,-0.027,117.11,-198.33
0.9759628772735596,18,135,-134,-27,-65,-0.06300000000000001,0.0585,117.11,-198.33
0.9869382381439209,18,135,-135,-32,-54,0.009000000000000001,0.1665,117.11,-198.33
0.9970824718475342,18,134,-135,-38,-32,0.07650000000000001,0.198,117.11,-198.33
1.0072660446166992,18,134,-136,-38,-27,0.171,0.225,117.11,-198.33
1.0175063610076904,18,134,-136,-27,-10,0.21150000000000002,0.21150000000000002,117.11,-198.33
1.0280628204345703,18,133,-136,-16,-10,0.198,0.20700000000000002,117.11,-198.33
1.038546085357666,18,133,-136,-21,10,0.2025,0.189,117.11,-198.33
1.048987627029419,18,133,-136,0,5,0.17550000000000002,0.1395,117.11,-198.33
1.0597867965698242,18,133,-136,16,10,0.12600000000000003,0.135,117.11,-198.33
1.0703465938568115,18,134,-135,10,21,0.099,0.117,117.11,-198.33
1.0806071758270264,18,134,-135,21,10,0.0675,0.09000000000000001,117.11,-198.33
1.091169834136963,18,134,-135,10,10,0.027,0.081,117.11,-198.33
1.1016340255737305,18,134,-135,5,10,0.036000000000000004,0.081,117.11,-198.33
1.1117949485778809,18,134,-135,5,16,0.036000000000000004,0.0585,117.11,-198.33
1.1222436428070068,18,134,-135,16,10,0.03150000000000001,0.0585,117.11,-198.33
1.1329257488250732,18,134,-135,5,10,0.027,0.0495,117.11,-198.33
1.1431236267089844,18,134,-135,0,5,0.027,0.045000000000000005,117.11,-198.33
1.1533520221710205,18,134,-135,0,0,0.027,0.045000000000000005,117.11,-198.33
1.1636691093444824,18,134,-135,-16,0,0.0495,0.045000000000000005,117.11,-198.33
1.173851728439331,18,134,-135,-10,0,0.07200000000000001,0.0675,117.11,-198.33
1.1843852996826172,18,134,-135,0,0,0.0855,0.07650000000000001,117.11,-198.33
1.1945407390594482,18,134,-135,0,0,0.0855,0.07200000000000001,117.11,-198.33
1.2052226066589355,18,134,-135,0,0,0.0945,0.09000000000000001,117.11,-198.33
1.2153947353363037,18,134,-135,0,0,0.09000000000000001,0.07650000000000001,117.11,-198.33
1.2255067825317383,18,134,-135,5,0,0.0855,0.0855,117.11,-198.33
1.2360327243804932,18,134,-135,10,0,0.07200000000000001,0.0855,117.11,-198.33
1.2464826107025146,18,134,-135,0,0,0.06300000000000001,0.07650000000000001,117.11,-198.33
1.256685733795166,18,134,-135,0,0,0.07200000000000001,0.0585,117.11,-198.33
1.2669930458068848,18,134,-135,5,0,0.07650000000000001,0.07650000000000001,117.11,-198.33
1.2773733139038086,18,134,-135,0,0,0.07200000000000001,0.07650000000000001,117.11,-198.33
1.2878353595733643,18,134,-135,0,0,0.081,0.081,117.11,-198.33
1.2984120845794678,18,134,-135,0,0,0.10350000000000001,0.081,117.11,-198.33
1.3094372749328613,18,134,-135,-5,0,0.09000000000000001,0.0945,117.11,-198.33
1.320436954498291,18,134,-135,0,0,0.0855,0.09000000000000001,117.11,-198.33
1.331437110900879,18,134,-135,0,0,0.081,0.0855,117.11,-198.33
1.3420312404632568,18,134,-135,0,0,0.09000000000000001,0.09000000000000001,117.11,-198.33
1.353018045425415,18,134,-135,10,0,0.081,0.0945,117.11,-198.33
1.3641011714935303,18,134,-135,0,0,0.09000000000000001,0.099,117.11,-198.33
1.3750991821289062,18,134,-135,5,0,0.0855,0.1125,117.11,-198.33
1.385328769683838,18,134,-135,0,0,0.09000000000000001,0.117,117.11,-198.33
1.396329402923584,18,134,-135,0,5,0.099,0.099,117.11,-198.33
1.4073333740234375,18,134,-135,0,0,0.09000000000000001,0.10350000000000001,117.11,-198.33
1.4183282852172852,18,134,-135,0,0,0.0945,0.10350000000000001,117.11,-198.33
1.4293296337127686,18,134,-135,0,0,0.0855,0.1125,117.11,-198.33
1.4400920867919922,18,134,-135,0,0,0.099,0.099,117.11,-198.33
1.4510917663574219,18,134,-135,0,0,0.081,0.1125,117.11,-198.33
1.4620912075042725,18,134,-135,0,0,0.10350000000000001,0.10350000000000001,117.11,-198.33
1.473090410232544,18,134,-135,0,0,0.09000000000000001,0.1125,117.11,-198.33
1.4840474128723145,18,134,-135,0,5,0.0855,0.10350000000000001,117.11,-198.33
1.4950473308563232,18,134,-135,0,0,0.09000000000000001,0.099,117.11,-198.33
1.5060513019561768,18,134,-135,0,0,0.099,0.108,117.11,-198.33
1.51704740524292,18,134,-135,0,0,0.0945,0.108,117.11,-198.33
1.5280475616455078,18,134,-135,0,0,0.1125,0.108,117.11,-198.33
1.5388867855072021,18,134,-135,0,0,0.09000000000000001,0.10350000000000001,117.11,-198.33
1.5498864650726318,18,134,-135,0,5,0.1125,0.10350000000000001,117.11,-198.33
1.560847282409668,18,134,-135,0,0,0.117,0.108,117.11,-198.33
1.5718872547149658,18,134,-135,5,0,0.099,0.0945,117.11,-198.33
1.5825748443603516,18,134,-135,0,0,0.117,0.099,117.11,-198.33
1.593571662902832,18,134,-135,0,16,0.099,0.0855,117.11,-198.33
1.6045753955841064,18,134,-135,0,0,0.1125,0.0945,117.11,-198.33
1.6155760288238525,18,134,-135,0,5,0.10350000000000001,0.0855,117.11,-198.33
1.6264972686767578,18,134,-135,0,0,0.108,0.07200000000000001,117.11,-198.33
1.6374473571777344,18,134,-135,0,0,0.117,0.081,117.11,-198.33
1.6484487056732178,18,134,-135,0,0,0.12150000000000001,0.0855,117.11,-198.33
1.6590466499328613,18,134,-135,0,0,0.1125,0.07200000000000001,117.11,-198.33
1.6700878143310547,18,134,-135,5,0,0.1125,0.09000000000000001,117.11,-198.33
1.6811537742614746,18,134,-135,0,0,0.12150000000000001,0.07650000000000001,117.11,-198.33
1.6921181678771973,18,134,-134,0,0,0.12150000000000001,0.0675,117.11,-198.33
1.703113079071045,18,134,-134,0,0,0.12150000000000001,0.099,117.11,-198.33
1.714118242263794,18,134,-134,0,0,0.108,0.0855,117.11,-198.33
1.7251131534576416,18,134,-134,0,0,0.117,0.07650000000000001,117.11,-198.33
1.7359201908111572,18,134,-134,0,5,0.1125,0.06300000000000001,117.11,-198.33
1.746917963027954,18,134,-134,0,0,0.117,0.081,117.11,-198.33
1.7579188346862793,18,134,-134,0,0,0.1125,0.07650000000000001,117.11,-198.33
1.7689170837402344,18,134,-134,0,0,0.1125,0.07650000000000001,117.11,-198.33
1.779543399810791,18,134,-134,0,0,0.12600000000000003,0.07200000000000001,117.11,-198.33
1.790541410446167,18,134,-134,0,0,0.117,0.07650000000000001,117.11,-198.33
1.801567554473877,18,134,-134,0,0,0.108,0.081,117.11,-198.33
1.812542200088501,18,134,-134,0,0,0.12600000000000003,0.0855,117.11,-198.33
1.8235406875610352,18,134,-134,0,0,0.117,0.07650000000000001,117.11,-198.33
1.8345530033111572,18,134,-134,0,0,0.117,0.07200000000000001,117.11,-198.33
1.8455519676208496,18,134,-134,0,0,0.1305,0.07200000000000001,117.11,-198.33
1.8565545082092285,18,134,-134,0,0,0.12600000000000003,0.07650000000000001,117.11,-198.33
1.8675448894500732,18,134,-134,0,0,0.12600000000000003,0.081,117.11,-198.33
1.878211498260498,18,134,-134,0,0,0.12600000000000003,0.07200000000000001,117.11,-198.33
1.8892138004302979,18,134,-134,0,0,0.12150000000000001,0.07200000000000001,117.11,-198.33
1.9002137184143066,18,134,-134,0,0,0.12150000000000001,0.07650000000000001,117.11,-198.33
1.9112160205841064,18,134,-134,0,0,0.1125,0.0675,117.11,-198.33
1.9222075939178467,18,134,-134,0,0,0.12150000000000001,0.081,117.11,-198.33
1.9332077503204346,18,134,-134,0,0,0.12150000000000001,0.07200000000000001,117.11,-198.33
1.9442260265350342,18,134,-134,0,0,0.12600000000000003,0.0855,117.11,-198.33
1.9552297592163086,18,134,-134,0,0,0.1305,0.054,117.11,-198.33
1.9662301540374756,18,134,-134,0,0,0.1125,0.081,117.11,-198.33
1.9772300720214844,18,134,-134,0,0,0.1125,0.0675,117.11,-198.33
1.9879491329193115,18,134,-134,0,0,0.135,0.07200000000000001,117.11,-198.33
1.9989488124847412,18,134,-134,0,0,0.1305,0.07200000000000001,117.11,-198.33
2.0099258422851562,18,134,-134,0,5,0.1305,0.0585,117.11,-198.33
2.0209391117095947,18,134,-134,0,0,0.108,0.081,117.11,-198.33
2.031932830810547,18,134,-134,0,0,0.12600000000000003,0.0855,117.11,-198.33
2.0429112911224365,18,134,-134,0,0,0.135,0.081,117.11,-198.33
2.0539498329162598,18,134,-134,0,0,0.1125,0.07650000000000001,117.11,-198.33
2.0650131702423096,18,134,-134,0,0,0.135,0.081,117.11,-198.33
2.0757224559783936,18,134,-134,0,0,0.1305,0.081,117.11,-198.33
2.086726188659668,18,134,-134,0,0,0.12600000000000003,0.06300000000000001,117.11,-198.33
2.097698450088501,18,134,-134,0,5,0.135,0.0675,117.11,-198.33
2.108727216720581,18,134,-134,0,5,0.1305,0.0675,117.11,-198.33
2.119727611541748,18,134,-134,0,0,0.12600000000000003,0.07200000000000001,117.11,-198.33
2.130513906478882,18,134,-134,0,0,0.14400000000000002,0.081,117.11,-198.33
2.1414718627929688,18,134,-134,0,0,0.12150000000000001,0.0675,117.11,-198.33
2.152474880218506,18,134,-134,0,0,0.1305,0.0675,117.11,-198.33
2.163534641265869,18,134,-134,0,0,0.12150000000000001,0.07650000000000001,117.11,-198.33
2.1745212078094482,18,134,-134,0,0,0.135,0.07200000000000001,117.11,-198.33
2.1852519512176514,18,134,-134,0,0,0.12600000000000003,0.0675,117.11,-198.33
2.196218252182007,18,134,-134,0,0,0.12600000000000003,0.0675,117.11,-198.33
2.207233190536499,18,134,-134,0,0,0.12150000000000001,0.0675,117.11,-198.33
2.218217611312866,18,134,-134,0,0,0.135,0.07650000000000001,117.11,-198.33
2.2292327880859375,18,134,-134,0,0,0.12600000000000003,0.07650000000000001,117.11,-198.33
2.2402563095092773,18,134,-134,0,0,0.12150000000000001,0.07200000000000001,117.11,-198.33
2.251272439956665,18,134,-134,0,0,0.12150000000000001,0.0585,117.11,-198.33
2.2623589038848877,18,134,-134,0,0,0.117,0.0585,117.11,-198.33
2.2734198570251465,18,134,-134,0,0,0.1305,0.081,117.11,-198.33
2.284130811691284,18,134,-134,0,0,0.1395,0.081,117.11,-198.33
2.2950968742370605,18,134,-134,0,0,0.12600000000000003,0.07650000000000001,117.11,-198.33
2.306095600128174,18,134,-134,0,0,0.1305,0.06300000000000001,117.11,-198.33
2.3171322345733643,18,134,-134,0,0,0.135,0.081,117.11,-198.33
2.3279976844787598,18,135,-134,0,0,0.12600000000000003,0.0675,117.11,-198.33
2.3390283584594727,18,135,-134,0,0,0.12150000000000001,0.06300000000000001,117.11,-198.33
2.350026845932007,18,135,-134,0,0,0.135,0.06300000000000001,117.11,-198.33
2.3610265254974365,18,135,-134,0,0,0.12600000000000003,0.0585,117.11,-198.33
2.3720955848693848,18,135,-134,0,0,0.135,0.0675,117.11,-198.33
2.3830981254577637,18,135,-134,0,0,0.1395,0.0675,117.11,-198.33
2.394108772277832,18,135,-134,0,0,0.12150000000000001,0.07650000000000001,117.11,-198.33
2.405097484588623,18,135,-134,0,0,0.135,0.07200000000000001,117.11,-198.33
2.41609787940979,18,135,-134,0,0,0.135,0.06300000000000001,117.11,-198.33
2.427097797393799,18,135,-134,0,0,0.12150000000000001,0.0585,117.11,-198.33
2.4381625652313232,18,135,-134,0,0,0.1305,0.06300000000000001,117.11,-198.33
2.449164390563965,18,135,-134,0,0,0.12600000000000003,0.06300000000000001,117.11,-198.33
2.460162401199341,18,135,-134,0,0,0.1305,0.0675,117.11,-198.33
2.471163511276245,18,135,-134,0,0,0.1305,0.0585,117.11,-198.33
2.481971263885498,18,135,-134,0,0,0.1305,0.0585,117.11,-198.33
2.493004560470581,18,135,-134,0,0,0.1395,0.07650000000000001,117.11,-198.33
2.5039756298065186,18,135,-134,0,0,0.117,0.07650000000000001,117.11,-198.33
2.514967203140259,18,135,-134,0,0,0.135,0.07650000000000001,117.11,-198.33
0.011021852493286133,19,135,-134,0,0,0.022500000000000003,0.0045000000000000005,130.25,-125.78
0.02262711524963379,19,134,-134,0,0,-0.0,0.0,130.25,-125.78
0.03363394737243652,19,134,-134,-16,0,0.0045000000000000005,0.0,130.25,-125.78
0.044649362564086914,19,134,-134,-16,0,0.009000000000000001,-0.0045000000000000005,130.25,-125.78
0.05564999580383301,19,134,-134,-16,0,-0.0045000000000000005,-0.0045000000000000005,130.25,-125.78
0.0664072036743164,19,134,-134,-10,0,-0.0,-0.009000000000000001,130.25,-125.78
0.07743382453918457,19,134,-134,-10,0,-0.0,-0.018000000000000002,130.25,-125.78
0.08843469619750977,19,134,-134,-16,0,-0.0,0.0,130.25,-125.78
0.09941601753234863,19,133,-134,-21,0,-0.0,0.0,130.25,-125.78
0.11018633842468262,19,133,-134,-16,0,-0.0,-0.009000000000000001,130.25,-125.78
0.12118911743164062,19,133,-134,0,0,-0.0,0.0,130.25,-125.78
0.1321876049041748,19,133,-134,-5,0,0.0045000000000000005,0.0045000000000000005,130.25,-125.78
0.1431870460510254,19,133,-134,0,0,-0.0045000000000000005,0.0045000000000000005,130.25,-125.78
0.15425443649291992,19,133,-134,0,0,0.0135,-0.009000000000000001,130.25,-125.78
0.16525793075561523,19,133,-134,0,0,-0.0,0.0,130.25,-125.78
0.1759507656097412,19,133,-134,0,0,-0.0045000000000000005,0.0,130.25,-125.78
0.18691444396972656,19,133,-134,10,0,-0.0,-0.0135,130.25,-125.78
0.1979515552520752,19,133,-134,10,0,0.0045000000000000005,-0.009000000000000001,130.25,-125.78
0.20894956588745117,19,133,-134,0,0,-0.0045000000000000005,0.0135,130.25,-125.78
0.21968960762023926,19,133,-134,10,0,0.0045000000000000005,-0.009000000000000001,130.25,-125.78
0.23068809509277344,19,133,-134,0,0,-0.0,-0.009000000000000001,130.25,-125.78
0.24168872833251953,19,133,-134,0,0,-0.0,0.009000000000000001,130.25,-125.78
0.25275611877441406,19,133,-134,0,0,0.0045000000000000005,-0.0135,130.25,-125.78
0.26375746726989746,19,133,-134,0,0,-0.0,0.018000000000000002,130.25,-125.78
0.27478981018066406,19,133,-134,0,0,-0.0,0.0,130.25,-125.78
0.28582167625427246,19,133,-134,0,0,-0.0,-0.0045000000000000005,130.25,-125.78
0.29682230949401855,19,133,-134,0,0,-0.0,0.0045000000000000005,130.25,-125.78
0.3078289031982422,19,133,-134,0,0,-0.0,0.0,130.25,-125.78
0.31862521171569824,19,133,-134,0,0,-0.0045000000000000005,0.0045000000000000005,130.25,-125.78
0.32962536811828613,19,133,-134,0,0,-0.0045000000000000005,-0.0045000000000000005,130.25,-125.78
0.34062695503234863,19,133,-134,0,0,-0.0,0.0,130.25,-125.78
0.35158848762512207,19,133,-134,0,0,-0.0045000000000000005,0.0,130.25,-125.78
0.3616786003112793,19,133,-134,0,0,0.0045000000000000005,0.0,130.25,-125.78
0.3720059394836426,19,133,-134,0,0,-0.0,0.0045000000000000005,130.25,-125.78
0.38299131393432617,19,133,-134,0,0,0.009000000000000001,-0.0045000000000000005,130.25,-125.78
0.3939671516418457,19,133,-134,0,0,0.009000000000000001,0.0,130.25,-125.78
0.404996395111084,19,133,-134,0,0,-0.0,0.0,130.25,-125.78
0.4157705307006836,19,133,-134,0,0,-0.0045000000000000005,0.018000000000000002,130.25,-125.78
0.4267692565917969,19,133,-134,0,0,-0.0045000000000000005,0.0045000000000000005,130.25,-125.78
0.4377415180206299,19,133,-134,0,0,-0.0,0.009000000000000001,130.25,-125.78
0.44874072074890137,19,133,-134,0,0,-0.0,-0.009000000000000001,130.25,-125.78
0.45973968505859375,19,133,-134,0,0,-0.0,-0.0045000000000000005,130.25,-125.78
0.4702465534210205,19,133,-134,0,0,-0.0,0.0,130.25,-125.78
0.48076772689819336,19,133,-134,0,0,-0.0045000000000000005,0.0,130.25,-125.78
0.4912889003753662,19,133,-134,0,0,-0.009000000000000001,-0.009000000000000001,130.25,-125.78
0.5018057823181152,19,133,-134,0,0,-0.0,0.018000000000000002,130.25,-125.78
0.5138161182403564,19,133,-134,0,0,-0.0,-0.0135,130.25,-125.78
0.5248427391052246,19,133,-134,0,0,0.0135,-0.0045000000000000005,130.25,-125.78
0.5350143909454346,19,133,-134,0,0,0.0135,-0.03150000000000001,130.25,-125.78
0.546180248260498,19,133,-135,-5,-16,-0.378,-0.42750000000000005,130.25,-125.78
0.5571737289428711,19,133,-135,-32,-38,-0.765,-0.7965,130.25,-125.78
0.5680510997772217,19,132,-135,-71,-65,-1.0080000000000002,-1.053,130.25,-125.78
0.5782716274261475,19,131,-136,-120,-104,-1.0350000000000001,-1.1700000000000002,130.25,-125.78
0.5891249179840088,19,130,-138,-170,-137,-1.0170000000000001,-1.179,130.25,-125.78
0.5993266105651855,19,128,-140,-208,-186,-0.918,-1.1295000000000002,130.25,-125.78
0.610558032989502,19,125,-142,-241,-225,-0.6255000000000001,-1.0575,130.25,-125.78
0.6207940578460693,19,122,-145,-252,-252,-0.23850000000000002,-0.8595,130.25,-125.78
0.6318037509918213,19,120,-148,-241,-291,0.0855,-0.675,130.25,-125.78
0.6419389247894287,19,117,-151,-214,-313,0.756,-0.4005,130.25,-125.78
0.6521944999694824,19,115,-155,-170,-335,0.936,-0.17550000000000002,130.25,-125.78
0.6631643772125244,19,113,-158,-120,-335,1.0260000000000002,-0.0045000000000000005,130.25,-125.78
0.6741852760314941,19,112,-162,-65,-340,1.0665,0.279,130.25,-125.78
0.6851253509521484,19,112,-166,-27,-329,0.9765,0.49050000000000005,130.25,-125.78
0.6953966617584229,19,112,-169,10,-296,0.927,0.6300000000000001,130.25,-125.78
0.7055478096008301,19,112,-172,54,-263,0.7335,0.6210000000000001,130.25,-125.78
0.7165400981903076,19,113,-175,65,-225,0.5940000000000001,0.666,130.25,-125.78
0.7275688648223877,19,114,-177,87,-192,0.41850000000000004,0.5805,130.25,-125.78
0.7385549545288086,19,115,-179,93,-170,0.24300000000000002,0.432,130.25,-125.78
0.749504566192627,19,116,-181,98,-142,0.099,0.29250000000000004,130.25,-125.78
0.7604987621307373,19,117,-182,93,-115,-0.0,0.12600000000000003,130.25,-125.78
0.7711811065673828,19,118,-184,87,-109,-0.17550000000000002,0.018000000000000002,130.25,-125.78
0.7821807861328125,19,119,-185,60,-109,-0.2295,-0.21150000000000002,130.25,-125.78
0.7931807041168213,19,119,-186,38,-115,-0.2295,-0.29700000000000004,130.25,-125.78
0.8041796684265137,19,119,-187,16,-131,-0.216,-0.4545,130.25,-125.78
0.8149545192718506,19,119,-189,0,-131,-0.198,-0.5040000000000001,130.25,-125.78
0.825958251953125,19,119,-191,-16,-175,-0.108,-0.47250000000000003,130.25,-125.78
0.8369574546813965,19,119,-193,-27,-197,-0.045000000000000005,-0.47700000000000004,130.25,-125.78
0.8479576110839844,19,119,-195,-38,-225,-0.0,-0.432,130.25,-125.78
0.8585741519927979,19,118,-197,-38,-236,0.06300000000000001,-0.342,130.25,-125.78
0.8695728778839111,19,118,-200,-32,-241,0.135,-0.1935,130.25,-125.78
0.8805758953094482,19,118,-203,-32,-258,0.17550000000000002,-0.117,130.25,-125.78
0.891573429107666,19,117,-205,-16,-252,0.17550000000000002,-0.0585,130.25,-125.78
0.9025740623474121,19,117,-208,-16,-247,0.17550000000000002,-0.0045000000000000005,130.25,-125.78
0.9135746955871582,19,117,-211,0,-247,0.15300000000000002,0.045000000000000005,130.25,-125.78
0.9239521026611328,19,117,-213,0,-225,0.1395,0.108,130.25,-125.78
0.9340560436248779,19,117,-216,16,-214,0.117,0.198,130.25,-125.78
0.944584846496582,19,117,-218,10,-192,0.0945,0.441,130.25,-125.78
0.9551000595092773,19,117,-220,0,-153,0.07650000000000001,0.5940000000000001,130.25,-125.78
0.9652771949768066,19,117,-220,10,-153,0.07200000000000001,0.5940000000000001,130.25,-125.78
0.9755980968475342,19,118,-221,0,-93,0.06300000000000001,0.7605,130.25,-125.78
0.986647367477417,19,118,-222,10,-27,0.07650000000000001,0.7290000000000001,130.25,-125.78
0.9976475238800049,19,118,-222,0,38,0.081,0.54,130.25,-125.78
1.0086474418640137,19,118,-221,0,65,0.081,0.35550000000000004,130.25,-125.78
1.018907070159912,19,118,-220,0,82,0.081,0.18450000000000003,130.25,-125.78
1.02970290184021,19,118,-219,0,71,0.0855,0.0585,130.25,-125.78
1.0406997203826904,19,118,-218,0,82,0.09000000000000001,-0.018000000000000002,130.25,-125.78
1.051201581954956,19,118,-218,0,65,0.0855,-0.1305,130.25,-125.78
1.0618252754211426,19,118,-217,0,43,0.0855,-0.1665,130.25,-125.78
1.0721986293792725,19,118,-217,0,21,0.07200000000000001,-0.1665,130.25,-125.78
1.0825324058532715,19,118,-216,0,0,0.07200000000000001,-0.12150000000000001,130.25,-125.78
1.0932199954986572,19,118,-217,0,-16,0.0675,-0.07650000000000001,130.25,-125.78
1.10383939743042,19,118,-217,0,-16,0.07650000000000001,-0.036000000000000004,130.25,-125.78
1.1139576435089111,19,118,-217,0,-10,0.0675,0.0,130.25,-125.78
1.1243889331817627,19,118,-217,0,-21,0.081,0.018000000000000002,130.25,-125.78
1.1344780921936035,19,118,-217,0,-16,0.0855,0.022500000000000003,130.25,-125.78
1.1450607776641846,19,118,-217,0,0,0.0855,0.018000000000000002,130.25,-125.78
1.155329704284668,19,118,-217,0,0,0.0855,0.009000000000000001,130.25,-125.78
1.1656954288482666,19,118,-217,0,0,0.07650000000000001,0.0,130.25,-125.78
1.176318883895874,19,118,-217,0,0,0.07650000000000001,-0.022500000000000003,130.25,-125.78
1.1867284774780273,19,118,-217,0,0,0.0675,-0.009000000000000001,130.25,-125.78
1.1968693733215332,19,118,-217,0,0,0.07200000000000001,-0.0045000000000000005,130.25,-125.78
1.2069847583770752,19,118,-217,0,0,0.07200000000000001,0.0,130.25,-125.78
1.2177605628967285,19,118,-217,0,0,0.0675,0.0,130.25,-125.78
1.2287137508392334,19,118,-217,0,0,0.0675,0.0,130.25,-125.78
1.2397446632385254,19,118,-217,0,5,0.081,0.0,130.25,-125.78
1.2507586479187012,19,118,-217,0,0,0.07650000000000001,-0.009000000000000001,130.25,-125.78
1.261742353439331,19,118,-217,0,0,0.07200000000000001,-0.0045000000000000005,130.25,-125.78
1.2727575302124023,19,118,-217,0,0,0.07200000000000001,0.0,130.25,-125.78
1.283759355545044,19,118,-217,0,0,0.0675,0.0,130.25,-125.78
1.2947578430175781,19,118,-217,0,0,0.0675,0.0,130.25,-125.78
1.3057599067687988,19,118,-217,0,0,0.0675,-0.0045000000000000005,130.25,-125.78
1.3167576789855957,19,118,-217,0,5,0.0675,-0.009000000000000001,130.25,-125.78
1.3277831077575684,19,118,-217,0,0,0.07200000000000001,-0.009000000000000001,130.25,-125.78
1.3387596607208252,19,118,-217,0,0,0.07200000000000001,-0.0045000000000000005,130.25,-125.78
1.3497583866119385,19,118,-217,0,0,0.06300000000000001,-0.0045000000000000005,130.25,-125.78
1.3608272075653076,19,118,-217,0,0,0.07200000000000001,-0.009000000000000001,130.25,-125.78
1.3718469142913818,19,118,-217,0,0,0.07650000000000001,-0.009000000000000001,130.25,-125.78
1.3827900886535645,19,118,-217,0,0,0.06300000000000001,-0.0045000000000000005,130.25,-125.78
1.392956256866455,19,118,-217,0,0,0.0675,-0.009000000000000001,130.25,-125.78
1.4030876159667969,19,118,-217,0,0,0.06300000000000001,-0.0045000000000000005,130.25,-125.78
1.4133987426757812,19,118,-217,0,0,0.06300000000000001,-0.0045000000000000005,130.25,-125.78
1.4235150814056396,19,118,-217,0,0,0.06300000000000001,-0.0045000000000000005,130.25,-125.78
1.4336421489715576,19,118,-217,0,0,0.0675,-0.0045000000000000005,130.25,-125.78
1.443798303604126,19,118,-217,0,0,0.06300000000000001,-0.0045000000000000005,130.25,-125.78
1.454848289489746,19,118,-217,-5,0,0.0675,-0.0045000000000000005,130.25,-125.78
1.464977502822876,19,118,-217,0,0,0.0675,-0.0045000000000000005,130.25,-125.78
1.476043462753296,19,118,-217,0,0,0.0675,-0.0045000000000000005,130.25,-125.78
1.4870729446411133,19,118,-217,0,0,0.06300000000000001,-0.0045000000000000005,130.25,-125.78
1.4981777667999268,19,118,-217,0,0,0.0585,-0.009000000000000001,130.25,-125.78
1.509242296218872,19,118,-217,0,0,0.06300000000000001,0.0,130.25,-125.78
1.5203073024749756,19,118,-217,0,0,0.06300000000000001,-0.0135,130.25,-125.78
1.5313746929168701,19,118,-217,0,0,0.06300000000000001,-0.0045000000000000005,130.25,-125.78
1.5424437522888184,19,118,-217,-5,0,0.06300000000000001,-0.0045000000000000005,130.25,-125.78
1.5530712604522705,19,118,-217,0,0,0.06300000000000001,-0.0045000000000000005,130.25,-125.78
1.5641310214996338,19,118,-217,0,0,0.06300000000000001,-0.009000000000000001,130.25,-125.78
1.5751972198486328,19,118,-217,0,0,0.0585,-0.0135,130.25,-125.78
1.5862586498260498,19,118,-217,0,0,0.06300000000000001,-0.009000000000000001,130.25,-125.78
1.5964727401733398,19,118,-217,0,0,0.06300000000000001,-0.0045000000000000005,130.25,-125.78
1.6074717044830322,19,118,-217,0,0,0.0585,-0.009000000000000001,130.25,-125.78
1.6184718608856201,19,118,-217,0,0,0.0585,-0.009000000000000001,130.25,-125.78
1.6294729709625244,19,118,-217,0,0,0.0585,-0.0135,130.25,-125.78
1.6404709815979004,19,118,-217,0,0,0.0585,-0.0045000000000000005,130.25,-125.78
1.651472806930542,19,118,-217,0,0,0.054,-0.009000000000000001,130.25,-125.78
1.6624398231506348,19,118,-217,0,0,0.0585,-0.009000000000000001,130.25,-125.78
1.6734795570373535,19,118,-217,0,0,0.0585,-0.0045000000000000005,130.25,-125.78
1.6845386028289795,19,118,-217,0,0,0.0585,-0.0045000000000000005,130.25,-125.78
1.6955389976501465,19,118,-217,0,0,0.054,-0.0045000000000000005,130.25,-125.78
1.7061595916748047,19,118,-217,0,0,0.0585,-0.0135,130.25,-125.78
1.7171592712402344,19,118,-217,0,0,0.0585,-0.009000000000000001,130.25,-125.78
1.7280378341674805,19,118,-217,0,0,0.0495,-0.009000000000000001,130.25,-125.78
1.7390401363372803,19,118,-217,0,0,0.054,-0.0135,130.25,-125.78
1.7500367164611816,19,118,-217,-5,0,0.054,-0.0135,130.25,-125.78
1.7602322101593018,19,118,-217,0,0,0.0585,-0.009000000000000001,130.25,-125.78
1.7712328433990479,19,118,-217,0,0,0.054,-0.0135,130.25,-125.78
1.7822320461273193,19,118,-217,0,0,0.054,-0.0135,130.25,-125.78
1.7932331562042236,19,118,-217,0,0,0.054,-0.009000000000000001,130.25,-125.78
1.804231882095337,19,118,-217,0,0,0.054,-0.009000000000000001,130.25,-125.78
1.8152339458465576,19,118,-217,0,0,0.0585,-0.009000000000000001,130.25,-125.78
1.826233148574829,19,118,-217,0,0,0.054,-0.0135,130.25,-125.78
1.837235450744629,19,118,-217,0,0,0.0495,-0.0135,130.25,-125.78
1.8482341766357422,19,118,-217,0,0,0.0495,-0.018000000000000002,130.25,-125.78
1.859048843383789,19,118,-217,0,0,0.054,-0.0135,130.25,-125.78
1.869333267211914,19,117,-217,0,0,0.054,-0.0135,130.25,-125.78
1.8803699016571045,19,117,-217,0,0,0.0495,-0.0135,130.25,-125.78
1.89145827293396,19,117,-217,0,0,0.054,-0.009000000000000001,130.25,-125.78
1.901773452758789,19,117,-217,0,0,0.0495,-0.0135,130.25,-125.78
1.9128434658050537,19,117,-217,0,0,0.045000000000000005,-0.0135,130.25,-125.78
1.9231934547424316,19,117,-217,0,0,0.054,-0.0135,130.25,-125.78
1.9343154430389404,19,117,-217,0,0,0.0495,-0.0135,130.25,-125.78
1.945319414138794,19,117,-217,0,0,0.054,-0.018000000000000002,130.25,-125.78
1.9563188552856445,19,117,-217,0,0,0.045000000000000005,-0.0135,130.25,-125.78
1.9672904014587402,19,117,-217,0,0,0.0495,-0.0135,130.25,-125.78
1.9779448509216309,19,117,-217,0,0,0.045000000000000005,-0.018000000000000002,130.25,-125.78
1.9883577823638916,19,117,-217,0,0,0.0495,-0.0135,130.25,-125.78
1.999382495880127,19,117,-217,0,0,0.0495,-0.0135,130.25,-125.78
2.0096194744110107,19,117,-217,0,0,0.045000000000000005,-0.0135,130.25,-125.78
2.020622730255127,19,117,-217,0,0,0.045000000000000005,-0.009000000000000001,130.25,-125.78
2.0309481620788574,19,117,-217,0,0,0.045000000000000005,-0.018000000000000002,130.25,-125.78
2.0419371128082275,19,117,-217,0,0,0.045000000000000005,-0.0135,130.25,-125.78
2.052366018295288,19,117,-217,0,0,0.045000000000000005,-0.0135,130.25,-125.78
2.062519073486328,19,117,-217,0,0,0.045000000000000005,-0.018000000000000002,130.25,-125.78
2.0735092163085938,19,117,-217,0,0,0.0405,-0.022500000000000003,130.25,-125.78
2.084707021713257,19,117,-217,0,0,0.0495,-0.0135,130.25,-125.78
2.0949370861053467,19,117,-217,0,0,0.045000000000000005,-0.0135,130.25,-125.78
2.1057040691375732,19,117,-217,0,0,0.045000000000000005,-0.0135,130.25,-125.78
2.1167540550231934,19,117,-217,0,0,0.045000000000000005,-0.018000000000000002,130.25,-125.78
2.1275484561920166,19,117,-217,0,0,0.045000000000000005,-0.018000000000000002,130.25,-125.78
2.1377274990081787,19,117,-217,0,0,0.0405,-0.018000000000000002,130.25,-125.78
2.1479508876800537,19,117,-217,0,0,0.0495,-0.0135,130.25,-125.78
2.15895938873291,19,117,-217,0,0,0.0495,-0.0135,130.25,-125.78
2.169325351715088,19,117,-217,0,0,0.036000000000000004,-0.018000000000000002,130.25,-125.78
2.1795403957366943,19,117,-217,0,0,0.0405,-0.018000000000000002,130.25,-125.78
2.190535306930542,19,117,-217,0,0,0.0495,-0.0135,130.25,-125.78
2.200737237930298,19,117,-217,0,0,0.0405,-0.018000000000000002,130.25,-125.78
2.210888385772705,19,117,-217,0,0,0.0405,-0.018000000000000002,130.25,-125.78
2.221980571746826,19,117,-217,0,0,0.0495,-0.022500000000000003,130.25,-125.78
2.2330048084259033,19,117,-217,0,0,0.045000000000000005,-0.022500000000000003,130.25,-125.78
2.243983268737793,19,117,-217,0,0,0.0495,-0.022500000000000003,130.25,-125.78
2.2547342777252197,19,117,-217,0,0,0.036000000000000004,-0.018000000000000002,130.25,-125.78
2.265641450881958,19,117,-217,0,0,0.0405,-0.018000000000000002,130.25,-125.78
2.276627540588379,19,117,-217,0,0,0.0405,-0.022500000000000003,130.25,-125.78
2.2875759601593018,19,117,-217,-5,0,0.0405,-0.018000000000000002,130.25,-125.78
2.298168659210205,19,117,-217,0,0,0.045000000000000005,-0.018000000000000002,130.25,-125.78
2.3091561794281006,19,117,-217,0,0,0.0405,-0.022500000000000003,130.25,-125.78
2.319406270980835,19,117,-217,0,0,0.0405,-0.022500000000000003,130.25,-125.78
2.3297438621520996,19,117,-217,0,0,0.0405,-0.018000000000000002,130.25,-125.78
2.3407466411590576,19,117,-217,0,0,0.0405,-0.022500000000000003,130.25,-125.78
2.3510513305664062,19,117,-217,0,0,0.0405,-0.018000000000000002,130.25,-125.78
2.361989736557007,19,117,-217,0,0,0.036000000000000004,-0.022500000000000003,130.25,-125.78
2.372462272644043,19,117,-217,0,0,0.0405,-0.022500000000000003,130.25,-125.78
2.382603168487549,19,117,-217,0,0,0.0405,-0.018000000000000002,130.25,-125.78
2.3935904502868652,19,117,-217,0,0,0.036000000000000004,-0.022500000000000003,130.25,-125.78
2.403834104537964,19,117,-217,0,0,0.03150000000000001,-0.018000000000000002,130.25,-125.78
2.4140210151672363,19,117,-217,0,0,0.045000000000000005,-0.022500000000000003,130.25,-125.78
2.4242427349090576,19,117,-217,0,0,0.036000000000000004,-0.018000000000000002,130.25,-125.78
2.435195207595825,19,117,-217,0,0,0.036000000000000004,-0.018000000000000002,130.25,-125.78
2.445336103439331,19,117,-217,0,0,0.045000000000000005,-0.022500000000000003,130.25,-125.78
2.4558043479919434,19,117,-217,0,0,0.03150000000000001,-0.022500000000000003,130.25,-125.78
2.465916156768799,19,117,-217,0,0,0.0405,-0.022500000000000003,130.25,-125.78
2.4770400524139404,19,117,-217,0,0,0.036000000000000004,-0.018000000000000002,130.25,-125.78
2.4872982501983643,19,117,-217,0,0,0.036000000000000004,-0.022500000000000003,130.25,-125.78
2.498286008834839,19,117,-217,0,0,0.036000000000000004,-0.022500000000000003,130.25,-125.78
2.508448839187622,19,117,-217,0,0,0.036000000000000004,-0.022500000000000003,130.25,-125.78
2.5197808742523193,19,117,-217,0,0,0.036000000000000004,-0.022500000000000003,130.25,-125.78
