trajectory_num,pick_place_mode,time,torque1,torque2,theta1,theta2,omega1,omega2,eff_x,eff_y,power1,power2
0,1,0.0015783309936523438,0.002614941486983579,-0.03537515758383515,2.4958208303518914,-2.8448866807507573,0.0,0.0,0.026905959319124213,0.1986961665803063,0.0,0.0
0,1,0.01362299919128418,0.04350102844233198,0.005510929371513255,2.4958208303518914,-2.8448866807507573,0.0,0.0,0.026905959319124213,0.1986961665803063,0.0,0.0
0,1,0.024219989776611328,0.12738672049604816,0.18539662142522947,2.4958208303518914,-2.8448866807507573,0.0,-0.2792526803190927,0.026905959319124213,0.1986961665803063,0.0,0.0
0,1,0.03484368324279785,0.2491146411568966,0.2711245420860779,2.4958208303518914,-2.8448866807507573,0.0,-0.17453292519943295,0.026905959319124213,0.1986961665803063,0.0,0.0
0,1,0.0459291934967041,0.34819508759671547,0.4002049885258967,2.4958208303518914,-2.8448866807507573,0.17453292519943295,-0.08726646259971647,0.026905959319124213,0.1986961665803063,0.06077150717832754,0.0
0,1,0.05647468566894531,0.4860037143961996,0.5140136153253808,2.4958208303518914,-2.8448866807507573,0.2792526803190927,0.08726646259971647,0.026905959319124213,0.1986961665803063,0.13571783989017358,0.04485614993753739
0,1,0.06731128692626953,0.5832840162054375,0.6112939171346188,2.4958208303518914,-2.8448866807507573,0.5585053606381855,0.3665191429188092,0.026905959319124213,0.1986961665803063,0.3257672498253071,0.22405092257966205
0,1,0.07773470878601074,0.6736828787477778,0.5916927796769578,2.4958208303518914,-2.827433388230814,0.8552113334772214,0.7504915783575618,0.025705765916909366,0.1999354667068952,0.5761412330746604,0.4440604481225331
0,1,0.08865189552307129,0.6322679749175175,0.7262778758466968,2.5132741228718345,-2.827433388230814,1.3264502315156905,0.9424777960769379,0.02422157200742777,0.1989876634955023,0.8386720017092979,0.6845007717674347
0,1,0.09929251670837402,0.5717148804237093,0.7317247813528907,2.530727415391778,-2.8099800957108707,1.8151424220741028,1.239183768915974,0.02153522153254537,0.19924836778239047,1.0377439327880977,0.906741472366092
0,1,0.10996103286743164,0.43714013666483365,0.5971500375940129,2.548180707911721,-2.792526803190927,2.478367537831948,1.9024088846738192,0.018847121368280227,0.19947831552409187,1.0833939241935449,1.1360235370021552
0,1,0.12078666687011719,0.36639815767489586,0.47440805860407625,2.5830872929516078,-2.775073510670984,2.670353755551324,2.478367537831948,0.014729364886833934,0.19866842246706434,0.9784126963742444,1.175757532130219
0,1,0.13169240951538086,0.23467204666564223,0.31268194759482054,2.6179938779914944,-2.7401669256310974,2.9670597283903604,2.8623399732707004,0.009375424824775436,0.19894179536709106,0.6962859790405704,0.8950020375207892
0,1,0.14318037033081055,0.19327405240065304,0.08928395332983025,2.6354471705114375,-2.705260340591211,3.1590459461097367,3.351032163829113,0.005388018783134926,0.20016790271203755,0.6105616117244838,0.29919339932207856
0,1,0.15372276306152344,0.06737376421802521,-0.0726163348527954,2.670353755551324,-2.670353755551324,3.246312408709453,3.543018381548489,-3.107471207436374e-07,0.20022951156610405,0.21871628680244018,0.0
0,1,0.16449642181396484,-0.12552254833464566,-0.19951264740546631,2.705260340591211,-2.6354471705114375,3.4382986264288293,3.543018381548489,-0.0053888005452758445,0.2001689378790304,0.0,0.0
0,1,0.17507505416870117,-0.15209090284513688,-0.3580810019159556,2.7401669256310974,-2.600540585471551,3.0543261909900767,3.543018381548489,-0.010774555962871211,0.19998389123948668,0.0,0.0
0,1,0.18581080436706543,-0.30950579179766774,-0.47949589086848865,2.775073510670984,-2.5656340004316642,2.9670597283903604,3.351032163829113,-0.01615749957322004,0.19967752684429052,0.0,0.0
0,1,0.19678330421447754,-0.45675990102862124,-0.52475000009944,2.8099800957108707,-2.530727415391778,2.775073510670984,2.8623399732707004,-0.021535221997804388,0.19924836677486263,0.0,0.0
0,1,0.20743989944458008,-0.5540434439864976,-0.5920335430573143,2.8448866807507573,-2.4958208303518914,2.3911010752322315,2.3911010752322315,-0.026905949703064917,0.1986961629895599,0.0,0.0
0,1,0.218475341796875,-0.6123443801765756,-0.5183344792473944,2.8623399732707004,-2.478367537831948,2.0943951023931953,1.710422666954443,-0.029588128779388198,0.19837382348856672,0.0,0.0
0,1,0.2299025058746338,-0.5431714376506063,-0.47916153672142714,2.8797932657906435,-2.4609142453120048,1.4311699866353502,1.1344640137963142,-0.03226788094155767,0.19802059923743356,0.0,0.0
0,1,0.24179553985595703,-0.5137761461587561,-0.4857662452295789,2.897246558310587,-2.443460952792061,0.9424777960769379,0.7504915783575618,-0.034944975444043944,0.19763644036925046,0.0,0.0
0,1,0.2525441646575928,-0.36604202111151063,-0.3380321201823334,2.897246558310587,-2.443460952792061,0.47123889803846897,0.2792526803190927,-0.034944975444043944,0.19763644036925046,0.0,0.0
0,1,0.2632639408111572,-0.20404202111151062,-0.08003212018233341,2.897246558310587,-2.443460952792061,0.0,-0.47123889803846897,-0.034944975444043944,0.19763644036925046,0.0,0.037714248122405106
0,1,0.2741425037384033,-0.07804202111151062,-0.05003212018233341,2.897246558310587,-2.443460952792061,-0.3665191429188092,-0.5585053606381855,-0.034944975444043944,0.19763644036925046,0.028603894689442487,0.027943207325927158
0,1,0.28523778915405273,-0.04204202111151062,-0.03603212018233229,2.897246558310587,-2.4609142453120048,-0.47123889803846897,-0.3665191429188092,-0.03342000278577885,0.19675190382024504,0.019811835699898313,0.013206461806775958
0,1,0.29588794708251953,-0.04204202111151062,-0.03603212018233229,2.897246558310587,-2.4609142453120048,-0.47123889803846897,-0.3665191429188092,-0.03342000278577885,0.19675190382024504,0.019811835699898313,0.013206461806775958
0,1,0.3071777820587158,0.03795797888849052,-0.03603212018233229,2.8797932657906435,-2.4609142453120048,-0.47123889803846897,-0.3665191429188092,-0.03226788094155767,0.19802059923743356,0.0,0.013206461806775958
0,1,0.317950963973999,0.06795797888849052,0.10996787981766681,2.8797932657906435,-2.478367537831948,-0.5585053606381855,-0.5585053606381855,-0.030756239506701845,0.19711741560440113,0.0,0.0
0,1,0.32843565940856934,0.0019579788884905164,-0.022032120182333192,2.8797932657906435,-2.478367537831948,-0.3665191429188092,-0.17453292519943295,-0.030756239506701845,0.19711741560440113,0.0,0.003845330383768076
0,1,0.3397963047027588,-0.06404202111150949,-0.022032120182333192,2.8797932657906435,-2.478367537831948,-0.17453292519943295,-0.17453292519943295,-0.030756239506701845,0.19711741560440113,0.01117744128027559,0.003845330383768076
0,1,0.35051941871643066,0.05195797888848963,-0.022032120182333192,2.8623399732707004,-2.478367537831948,-0.2792526803190927,-0.17453292519943295,-0.029588128779388198,0.19837382348856672,0.0,0.003845330383768076
0,1,0.36121034622192383,0.05195797888848963,-0.08203212018233319,2.8623399732707004,-2.478367537831948,-0.2792526803190927,0.0,-0.029588128779388198,0.19837382348856672,0.0,0.0
0,1,0.37218499183654785,-0.014042021111510386,-0.08203212018233319,2.8623399732707004,-2.478367537831948,-0.08726646259971647,0.0,-0.029588128779388198,0.19837382348856672,0.0012253975101520502,0.0
0,1,0.383256196975708,-0.044042021111510385,-0.1420321201823332,2.8623399732707004,-2.478367537831948,0.0,0.17453292519943295,-0.029588128779388198,0.19837382348856672,0.0,0.0
0,1,0.3938865661621094,-0.044042021111510385,-0.1420321201823332,2.8623399732707004,-2.478367537831948,0.0,0.17453292519943295,-0.029588128779388198,0.19837382348856672,0.0,0.0
0,1,0.40480709075927734,-0.044042021111510385,-0.08203212018233319,2.8623399732707004,-2.478367537831948,0.0,0.0,-0.029588128779388198,0.19837382348856672,0.0,0.0
0,1,0.4161489009857178,-0.044042021111510385,-0.08203212018233319,2.8623399732707004,-2.478367537831948,0.0,0.0,-0.029588128779388198,0.19837382348856672,0.0,0.0
0,1,0.4266650676727295,-0.1040420211115104,-0.05203212018233319,2.8623399732707004,-2.478367537831948,0.17453292519943295,-0.08726646259971647,-0.029588128779388198,0.19837382348856672,0.0,0.004540659069875532
0,1,0.43795299530029297,-0.07404202111151038,-0.08203212018233319,2.8623399732707004,-2.478367537831948,0.08726646259971647,0.0,-0.029588128779388198,0.19837382348856672,0.0,0.0
0,1,0.4485514163970947,-0.1040420211115104,-0.0020321201823320523,2.8623399732707004,-2.4958208303518914,0.17453292519943295,0.0,-0.02808999705926899,0.19745227649789399,0.0,0.0
0,1,0.4591217041015625,-0.044042021111510385,-0.0020321201823320523,2.8623399732707004,-2.4958208303518914,0.0,0.0,-0.02808999705926899,0.19745227649789399,0.0,0.0
0,1,0.47022390365600586,-0.044042021111510385,-0.08203212018233319,2.8623399732707004,-2.478367537831948,0.0,0.0,-0.029588128779388198,0.19837382348856672,0.0,0.0
0,1,0.4812593460083008,-0.044042021111510385,-0.1780321201823332,2.8623399732707004,-2.478367537831948,0.0,0.2792526803190927,-0.029588128779388198,0.19837382348856672,0.0,0.0
0,1,0.4922056198120117,-0.044042021111510385,-0.11203212018233319,2.8623399732707004,-2.478367537831948,0.0,0.08726646259971647,-0.029588128779388198,0.19837382348856672,0.0,0.0
0,1,0.5034322738647461,-0.044042021111510385,-0.11203212018233319,2.8623399732707004,-2.478367537831948,0.0,0.08726646259971647,-0.029588128779388198,0.19837382348856672,0.0,0.0
0,1,0.5141434669494629,-0.044042021111510385,-0.08203212018233319,2.8623399732707004,-2.478367537831948,0.0,0.0,-0.029588128779388198,0.19837382348856672,0.0,0.0
0,1,0.5250623226165771,-0.044042021111510385,-0.08203212018233319,2.8623399732707004,-2.478367537831948,0.0,0.0,-0.029588128779388198,0.19837382348856672,0.0,0.0
0,1,0.5358099937438965,-0.1040420211115104,0.013967879817666826,2.8623399732707004,-2.478367537831948,0.17453292519943295,-0.2792526803190927,-0.029588128779388198,0.19837382348856672,0.0,0.0
0,1,0.546637773513794,-0.1040420211115104,0.05796787981766795,2.8623399732707004,-2.4958208303518914,0.17453292519943295,-0.17453292519943295,-0.02808999705926899,0.19745227649789399,0.0,0.0
0,1,0.5576081275939941,-0.044042021111510385,-0.0020321201823320523,2.8623399732707004,-2.4958208303518914,0.0,0.0,-0.02808999705926899,0.19745227649789399,0.0,0.0
0,1,0.5685288906097412,-0.044042021111510385,-0.0020321201823320523,2.8623399732707004,-2.4958208303518914,0.0,0.0,-0.02808999705926899,0.19745227649789399,0.0,0.0
0,1,0.5792520046234131,-0.044042021111510385,-0.1780321201823332,2.8623399732707004,-2.478367537831948,0.0,0.2792526803190927,-0.029588128779388198,0.19837382348856672,0.0,0.0
0,1,0.5898053646087646,-0.044042021111510385,-0.1420321201823332,2.8623399732707004,-2.478367537831948,0.0,0.17453292519943295,-0.029588128779388198,0.19837382348856672,0.0,0.0
0,1,0.600501298904419,-0.044042021111510385,-0.11203212018233319,2.8623399732707004,-2.478367537831948,0.0,0.08726646259971647,-0.029588128779388198,0.19837382348856672,0.0,0.0
0,1,0.6112897396087646,-0.044042021111510385,-0.08203212018233319,2.8623399732707004,-2.478367537831948,0.0,0.0,-0.029588128779388198,0.19837382348856672,0.0,0.0
0,1,0.622028112411499,-0.1040420211115104,-0.022032120182333192,2.8623399732707004,-2.478367537831948,0.17453292519943295,-0.17453292519943295,-0.029588128779388198,0.19837382348856672,0.0,0.003845330383768076
0,1,0.6329538822174072,-0.044042021111510385,0.013967879817666826,2.8623399732707004,-2.478367537831948,0.0,-0.2792526803190927,-0.029588128779388198,0.19837382348856672,0.0,0.0
0,1,0.6439864635467529,-0.044042021111510385,0.05796787981766795,2.8623399732707004,-2.4958208303518914,0.0,-0.17453292519943295,-0.02808999705926899,0.19745227649789399,0.0,0.0
0,1,0.6546094417572021,-0.044042021111510385,-0.0020321201823320523,2.8623399732707004,-2.4958208303518914,0.0,0.0,-0.02808999705926899,0.19745227649789399,0.0,0.0
0,1,0.665621280670166,-0.014042021111510386,-0.032032120182332056,2.8623399732707004,-2.4958208303518914,-0.08726646259971647,0.08726646259971647,-0.02808999705926899,0.19745227649789399,0.0012253975101520502,0.0
0,1,0.6766748428344727,-0.044042021111510385,-0.11203212018233319,2.8623399732707004,-2.478367537831948,0.0,0.08726646259971647,-0.029588128779388198,0.19837382348856672,0.0,0.0
0,1,0.6871998310089111,-0.044042021111510385,-0.20803212018233322,2.8623399732707004,-2.478367537831948,0.0,0.3665191429188092,-0.029588128779388198,0.19837382348856672,0.0,0.0
0,1,0.6984820365905762,-0.044042021111510385,-0.08203212018233319,2.8623399732707004,-2.478367537831948,0.0,0.0,-0.029588128779388198,0.19837382348856672,0.0,0.0
0,1,0.7090296745300293,-0.044042021111510385,-0.08203212018233319,2.8623399732707004,-2.478367537831948,0.0,0.0,-0.029588128779388198,0.19837382348856672,0.0,0.0
0,1,0.7204272747039795,-0.044042021111510385,-0.08203212018233319,2.8623399732707004,-2.478367537831948,0.0,0.0,-0.029588128779388198,0.19837382348856672,0.0,0.0
0,1,0.7307236194610596,-0.044042021111510385,-0.05203212018233319,2.8623399732707004,-2.478367537831948,0.0,-0.08726646259971647,-0.029588128779388198,0.19837382348856672,0.0,0.004540659069875532
0,1,0.7417905330657959,-0.044042021111510385,-0.022032120182333192,2.8623399732707004,-2.478367537831948,0.0,-0.17453292519943295,-0.029588128779388198,0.19837382348856672,0.0,0.003845330383768076
0,1,0.7527086734771729,-0.044042021111510385,-0.0020321201823320523,2.8623399732707004,-2.4958208303518914,0.0,0.0,-0.02808999705926899,0.19745227649789399,0.0,0.0
0,1,0.7640814781188965,-0.044042021111510385,-0.0020321201823320523,2.8623399732707004,-2.4958208303518914,0.0,0.0,-0.02808999705926899,0.19745227649789399,0.0,0.0
0,1,0.7746357917785645,-0.044042021111510385,-0.0020321201823320523,2.8623399732707004,-2.4958208303518914,0.0,0.0,-0.02808999705926899,0.19745227649789399,0.0,0.0
0,1,0.7854125499725342,-0.014042021111510386,-0.1780321201823332,2.8623399732707004,-2.478367537831948,-0.08726646259971647,0.2792526803190927,-0.029588128779388198,0.19837382348856672,0.0012253975101520502,0.0
0,1,0.7963998317718506,-0.044042021111510385,-0.1420321201823332,2.8623399732707004,-2.478367537831948,0.0,0.17453292519943295,-0.029588128779388198,0.19837382348856672,0.0,0.0
0,1,0.8065948486328125,-0.044042021111510385,-0.08203212018233319,2.8623399732707004,-2.478367537831948,0.0,0.0,-0.029588128779388198,0.19837382348856672,0.0,0.0
0,1,0.8173091411590576,-0.044042021111510385,-0.05203212018233319,2.8623399732707004,-2.478367537831948,0.0,-0.08726646259971647,-0.029588128779388198,0.19837382348856672,0.0,0.004540659069875532
0,1,0.8279838562011719,-0.044042021111510385,-0.022032120182333192,2.8623399732707004,-2.478367537831948,0.0,-0.17453292519943295,-0.029588128779388198,0.19837382348856672,0.0,0.003845330383768076
0,1,0.8394637107849121,-0.044042021111510385,0.013967879817666826,2.8623399732707004,-2.478367537831948,0.0,-0.2792526803190927,-0.029588128779388198,0.19837382348856672,0.0,0.0
0,1,0.8501720428466797,-0.044042021111510385,-0.0020321201823320523,2.8623399732707004,-2.4958208303518914,0.0,0.0,-0.02808999705926899,0.19745227649789399,0.0,0.0
0,1,0.8605337142944336,-0.044042021111510385,-0.0020321201823320523,2.8623399732707004,-2.4958208303518914,0.0,0.0,-0.02808999705926899,0.19745227649789399,0.0,0.0
0,1,0.8718767166137695,-0.044042021111510385,-0.1420321201823332,2.8623399732707004,-2.478367537831948,0.0,0.17453292519943295,-0.029588128779388198,0.19837382348856672,0.0,0.0
0,1,0.8828120231628418,-0.044042021111510385,-0.08203212018233319,2.8623399732707004,-2.478367537831948,0.0,0.0,-0.029588128779388198,0.19837382348856672,0.0,0.0
0,1,0.8935856819152832,-0.044042021111510385,-0.08203212018233319,2.8623399732707004,-2.478367537831948,0.0,0.0,-0.029588128779388198,0.19837382348856672,0.0,0.0
0,1,0.9043688774108887,-0.044042021111510385,-0.08203212018233319,2.8623399732707004,-2.478367537831948,0.0,0.0,-0.029588128779388198,0.19837382348856672,0.0,0.0
0,1,0.9151413440704346,-0.044042021111510385,-0.08203212018233319,2.8623399732707004,-2.478367537831948,0.0,0.0,-0.029588128779388198,0.19837382348856672,0.0,0.0
0,1,0.9258379936218262,-0.044042021111510385,-0.08203212018233319,2.8623399732707004,-2.478367537831948,0.0,0.0,-0.029588128779388198,0.19837382348856672,0.0,0.0
0,1,0.9365108013153076,-0.044042021111510385,-0.022032120182333192,2.8623399732707004,-2.478367537831948,0.0,-0.17453292519943295,-0.029588128779388198,0.19837382348856672,0.0,0.003845330383768076
0,1,0.9474186897277832,-0.044042021111510385,0.05796787981766795,2.8623399732707004,-2.4958208303518914,0.0,-0.17453292519943295,-0.02808999705926899,0.19745227649789399,0.0,0.0
0,1,0.9580175876617432,-0.044042021111510385,-0.0020321201823320523,2.8623399732707004,-2.4958208303518914,0.0,0.0,-0.02808999705926899,0.19745227649789399,0.0,0.0
0,1,0.969235897064209,-0.044042021111510385,-0.0020321201823320523,2.8623399732707004,-2.4958208303518914,0.0,0.0,-0.02808999705926899,0.19745227649789399,0.0,0.0
0,1,0.9808342456817627,-0.044042021111510385,-0.11203212018233319,2.8623399732707004,-2.478367537831948,0.0,0.08726646259971647,-0.029588128779388198,0.19837382348856672,0.0,0.0
0,1,0.991844892501831,-0.014042021111510386,-0.1780321201823332,2.8623399732707004,-2.478367537831948,-0.08726646259971647,0.2792526803190927,-0.029588128779388198,0.19837382348856672,0.0012253975101520502,0.0
0,2,0.0,-0.044042021111510385,-0.11203212018233319,2.8623399732707004,-2.478367537831948,0.0,0.08726646259971647,-0.029588128779388198,0.19837382348856672,0.0,0.0
0,2,0.011314868927001953,-0.05877482405381647,-0.09900187302918438,2.8623399732707004,-2.478367537831948,0.0,0.0,-0.029588128779388198,0.19837382348856672,0.0,0.0
0,2,0.02202749252319336,-0.1065392987428793,-0.018529397813700055,2.8623399732707004,-2.478367537831948,0.0,-0.3665191429188092,-0.029588128779388198,0.19837382348856672,0.0,0.006791379005479001
0,2,0.032700538635253906,-0.27348235993994957,-0.1854724590107703,2.8623399732707004,-2.478367537831948,0.2792526803190927,-0.08726646259971647,-0.029588128779388198,0.19837382348856672,0.0,0.016185525407540834
0,2,0.04379534721374512,-0.27486965535905006,-0.2828597544298708,2.8623399732707004,-2.478367537831948,0.0,-0.08726646259971647,-0.029588128779388198,0.19837382348856672,0.0,0.02468417018091931
0,2,0.05477118492126465,-0.33116522209770904,-0.3191553211685287,2.8623399732707004,-2.4958208303518914,-0.17453292519943295,-0.08726646259971647,-0.02808999705926899,0.19745227649789399,0.05779923493703305,0.02785155589825391
0,2,0.06547117233276367,-0.3938300686543023,-0.417820167725122,2.8623399732707004,-2.4958208303518914,-0.3665191429188092,-0.17453292519943295,-0.02808999705926899,0.19745227649789399,0.14434625921883068,0.07292337608038324
0,2,0.07607507705688477,-0.4964474358934814,-0.520437534964301,2.8623399732707004,-2.4958208303518914,-0.47123889803846897,-0.2792526803190927,-0.02808999705926899,0.19745227649789399,0.23394534262446764,0.14533357657744259
0,2,0.08785533905029297,-0.48280505701404,-0.6527951560848586,2.8448866807507573,-2.4958208303518914,-0.7504915783575618,-0.3665191429188092,-0.026905949703064917,0.1986961629895599,0.36234112927747947,0.23926192110977265
0,2,0.09870767593383789,-0.5338670610230086,-0.5578571600938282,2.8448866807507573,-2.5132741228718345,-1.0471975511965976,-0.8552113334772214,-0.02542149966324047,0.19775653593439885,0.5590642789678192,0.47708576577365863
0,2,0.10958099365234375,-0.5105075384819899,-0.5124976375528107,2.827433388230814,-2.5132741228718345,-1.3264502315156905,-1.4311699866353502,-0.024221572057723864,0.19898766353472608,0.6771628426099409,0.7334712370871047
0,2,0.12070703506469727,-0.5159811599947669,-0.45197125906558355,2.8099800957108707,-2.530727415391778,-1.5184364492350666,-1.8151424220741028,-0.021535221997804388,0.19924836677486263,0.7834846004546446,0.8203922058881852
0,2,0.13159990310668945,-0.22559630704621333,-0.3359956953478448,2.775073510670984,-2.5656340004316642,-2.2863813201125716,-2.0943951023931953,-0.01615749957322004,0.19967752684429052,0.5157991823168423,0.7037077387617222
0,2,0.14222455024719238,-0.14553620269020906,-0.3155263017610299,2.7576202181510405,-2.5830872929516078,-2.670353755551324,-2.2863813201125716,-0.013466570483408553,0.19984604570815676,0.3886331454224785,0.7214134423506212
0,2,0.15300583839416504,0.033019773843195876,-0.31297032522762597,2.722713633111154,-2.600540585471551,-3.0543261909900767,-2.3911010752322315,-0.009480682759071643,0.20114135835852118,0.0,0.7483436811675577
0,2,0.1643965244293213,0.15702013201289694,-0.18896996705792093,2.6878070480712677,-2.6354471705114375,-3.246312408709453,-2.5830872929516078,-0.004064429868887547,0.20129697119492934,0.0,0.4881259206567995
0,2,0.17481374740600586,0.2416233153713499,-0.03836678369947,2.652900463031381,-2.670353755551324,-3.246312408709453,-2.775073510670984,0.00135425466250369,0.20132725088037567,0.0,0.10647064513404249
0,2,0.18569588661193848,0.276384452741813,0.15839435367099117,2.6179938779914944,-2.705260340591211,-3.0543261909900767,-3.0543261909900767,0.006772326256035861,0.20123425910896114,0.0,0.0
0,2,0.1963045597076416,0.2524269045277833,0.13443680545696143,2.600540585471551,-2.722713633111154,-2.8623399732707004,-2.8623399732707004,0.009480597238348189,0.20114149278099946,0.0,0.0
0,2,0.20726943016052246,0.3636178025232608,0.2756277034524389,2.5656340004316642,-2.7576202181510405,-2.775073510670984,-2.8623399732707004,0.014894527411194541,0.2008633039913668,0.0,0.0
0,2,0.21790456771850586,0.42231767749561944,0.34032757842479966,2.530727415391778,-2.792526803190927,-2.478367537831948,-2.5830872929516078,0.020303511960878047,0.20046138445277045,0.0,0.0
0,2,0.2291724681854248,0.3594947898026901,0.33750469073187217,2.5132741228718345,-2.8099800957108707,-2.007128639793479,-2.2863813201125716,0.023005593257479945,0.20021394379987317,0.0,0.0
0,2,0.23990154266357422,0.3045954423886963,0.3986053433178796,2.4958208303518914,-2.8448866807507573,-1.5184364492350666,-1.9024088846738192,0.026905959319124213,0.1986961665803063,0.0,0.0
0,2,0.2503938674926758,0.29537890828207636,0.4553888092112535,2.478367537831948,-2.8623399732707004,-1.1344640137963142,-1.710422666954443,0.029588128684054346,0.19837382331880848,0.0,0.0
0,2,0.2620398998260498,0.3334772674942813,0.4574871684234605,2.4609142453120048,-2.8797932657906435,-0.8552113334772214,-1.3264502315156905,0.0322678804002163,0.19802059999676436,0.0,0.0
0,2,0.2726151943206787,0.31650096908705583,0.3085108700162371,2.4609142453120048,-2.8797932657906435,-0.6632251157578453,-0.7504915783575618,0.0322678804002163,0.19802059999676436,0.0,0.0
0,2,0.2839345932006836,0.19286456568383248,0.2708744666130108,2.4609142453120048,-2.897246558310587,-0.17453292519943295,-0.2792526803190927,0.033419999535066316,0.19675190798483283,0.0,0.0
0,2,0.2953042984008789,0.15918427927547088,0.20119418020465327,2.4609142453120048,-2.897246558310587,0.0,0.0,0.033419999535066316,0.19675190798483283,0.0,0.0
0,2,0.3058907985687256,0.06603212018233065,0.07804202111150899,2.4609142453120048,-2.897246558310587,0.2792526803190927,0.3665191429188092,0.033419999535066316,0.19675190798483283,0.018439646548068293,0.028603894689441887
0,2,0.31722497940063477,0.03603212018233065,0.04204202111150898,2.4609142453120048,-2.897246558310587,0.3665191429188092,0.47123889803846897,0.033419999535066316,0.19675190798483283,0.013206461806775358,0.01981183569989754
0,2,0.3280787467956543,0.03603212018233065,-0.03795797888849216,2.4609142453120048,-2.8797932657906435,0.3665191429188092,0.47123889803846897,0.0322678804002163,0.19802059999676436,0.013206461806775358,0.0
0,2,0.340198278427124,-0.07996787981766844,-0.001957978888492154,2.478367537831948,-2.8797932657906435,0.47123889803846897,0.3665191429188092,0.030756238680173853,0.19711741621499276,0.0,0.0
0,2,0.3513364791870117,-0.07996787981766844,0.06404202111150785,2.478367537831948,-2.8797932657906435,0.47123889803846897,0.17453292519943295,0.030756238680173853,0.19711741621499276,0.0,0.011177441280275304
0,2,0.36240077018737793,-0.07996787981766844,0.12404202111150785,2.478367537831948,-2.8797932657906435,0.47123889803846897,0.0,0.030756238680173853,0.19711741621499276,0.0,0.0
0,2,0.373241662979126,-0.013967879817668435,0.12404202111150785,2.478367537831948,-2.8797932657906435,0.2792526803190927,0.0,0.030756238680173853,0.19711741621499276,0.0,0.0
0,2,0.38464784622192383,-0.05796787981766957,0.12404202111150785,2.4958208303518914,-2.8797932657906435,0.17453292519943295,0.0,0.029257837976973865,0.19620417844308358,0.0,0.0
0,2,0.3957357406616211,0.0020321201823304234,0.12404202111150785,2.4958208303518914,-2.8797932657906435,0.0,0.0,0.029257837976973865,0.19620417844308358,0.0,0.0
0,2,0.40746164321899414,0.0020321201823304234,0.12404202111150785,2.4958208303518914,-2.8797932657906435,0.0,0.0,0.029257837976973865,0.19620417844308358,0.0,0.0
0,2,0.4178812503814697,0.062032120182330425,0.12404202111150785,2.4958208303518914,-2.8797932657906435,-0.17453292519943295,0.0,0.029257837976973865,0.19620417844308358,0.0,0.0
0,2,0.4292137622833252,0.09803212018233043,0.12404202111150785,2.4958208303518914,-2.8797932657906435,-0.2792526803190927,0.0,0.029257837976973865,0.19620417844308358,0.0,0.0
0,2,0.4406764507293701,0.08203212018233157,0.09404202111150785,2.478367537831948,-2.8797932657906435,0.0,0.08726646259971647,0.030756238680173853,0.19711741621499276,0.0,0.008206714518129146
0,2,0.45118188858032227,0.11203212018233157,0.12404202111150785,2.478367537831948,-2.8797932657906435,-0.08726646259971647,0.0,0.030756238680173853,0.19711741621499276,0.0,0.0
0,2,0.46288561820983887,0.08203212018233157,0.12404202111150785,2.478367537831948,-2.8797932657906435,0.0,0.0,0.030756238680173853,0.19711741621499276,0.0,0.0
0,2,0.4740149974822998,0.08203212018233157,0.12404202111150785,2.478367537831948,-2.8797932657906435,0.0,0.0,0.030756238680173853,0.19711741621499276,0.0,0.0
0,2,0.4847373962402344,-0.09396787981766958,0.12404202111150785,2.4958208303518914,-2.8797932657906435,0.2792526803190927,0.0,0.029257837976973865,0.19620417844308358,0.0,0.0
0,2,0.4955155849456787,-0.027967879817669575,0.12404202111150785,2.4958208303518914,-2.8797932657906435,0.08726646259971647,0.0,0.029257837976973865,0.19620417844308358,0.0,0.0
0,2,0.5057806968688965,0.0020321201823304234,0.09404202111150785,2.4958208303518914,-2.8797932657906435,0.0,0.08726646259971647,0.029257837976973865,0.19620417844308358,0.0,0.008206714518129146
0,2,0.5163455009460449,0.0020321201823304234,0.12404202111150785,2.4958208303518914,-2.8797932657906435,0.0,0.0,0.029257837976973865,0.19620417844308358,0.0,0.0
0,2,0.5280857086181641,0.0020321201823304234,0.09404202111150785,2.4958208303518914,-2.8797932657906435,0.0,0.08726646259971647,0.029257837976973865,0.19620417844308358,0.0,0.008206714518129146
0,2,0.5385806560516357,0.062032120182330425,0.12404202111150785,2.4958208303518914,-2.8797932657906435,-0.17453292519943295,0.0,0.029257837976973865,0.19620417844308358,0.0,0.0
0,2,0.5494973659515381,0.14203212018233158,0.12404202111150785,2.478367537831948,-2.8797932657906435,-0.17453292519943295,0.0,0.030756238680173853,0.19711741621499276,0.0,0.0
0,2,0.5607120990753174,0.14203212018233158,0.12404202111150785,2.478367537831948,-2.8797932657906435,-0.17453292519943295,0.0,0.030756238680173853,0.19711741621499276,0.0,0.0
0,2,0.5710062980651855,0.14203212018233158,0.12404202111150785,2.478367537831948,-2.8797932657906435,-0.17453292519943295,0.0,0.030756238680173853,0.19711741621499276,0.0,0.0
0,2,0.5821380615234375,0.02203212018233157,0.12404202111150785,2.478367537831948,-2.8797932657906435,0.17453292519943295,0.0,0.030756238680173853,0.19711741621499276,0.003845330383767793,0.0
0,2,0.5925500392913818,-0.013967879817668435,0.12404202111150785,2.478367537831948,-2.8797932657906435,0.2792526803190927,0.0,0.030756238680173853,0.19711741621499276,0.0,0.0
0,2,0.603588342666626,-0.05796787981766957,0.12404202111150785,2.4958208303518914,-2.8797932657906435,0.17453292519943295,0.0,0.029257837976973865,0.19620417844308358,0.0,0.0
0,2,0.6148233413696289,-0.09396787981766958,0.12404202111150785,2.4958208303518914,-2.8797932657906435,0.2792526803190927,0.0,0.029257837976973865,0.19620417844308358,0.0,0.0
0,2,0.6256303787231445,0.0020321201823304234,0.12404202111150785,2.4958208303518914,-2.8797932657906435,0.0,0.0,0.029257837976973865,0.19620417844308358,0.0,0.0
0,2,0.6362628936767578,0.0020321201823304234,0.12404202111150785,2.4958208303518914,-2.8797932657906435,0.0,0.0,0.029257837976973865,0.19620417844308358,0.0,0.0
0,2,0.6471683979034424,0.0020321201823304234,0.12404202111150785,2.4958208303518914,-2.8797932657906435,0.0,0.0,0.029257837976973865,0.19620417844308358,0.0,0.0
0,2,0.6582026481628418,0.062032120182330425,0.12404202111150785,2.4958208303518914,-2.8797932657906435,-0.17453292519943295,0.0,0.029257837976973865,0.19620417844308358,0.0,0.0
0,2,0.6692965030670166,0.17803212018233155,0.12404202111150785,2.478367537831948,-2.8797932657906435,-0.2792526803190927,0.0,0.030756238680173853,0.19711741621499276,0.0,0.0
0,2,0.6806468963623047,0.17803212018233155,0.12404202111150785,2.478367537831948,-2.8797932657906435,-0.2792526803190927,0.0,0.030756238680173853,0.19711741621499276,0.0,0.0
0,2,0.6910479068756104,0.08203212018233157,0.12404202111150785,2.478367537831948,-2.8797932657906435,0.0,0.0,0.030756238680173853,0.19711741621499276,0.0,0.0
0,2,0.7022831439971924,-0.013967879817668435,0.12404202111150785,2.478367537831948,-2.8797932657906435,0.2792526803190927,0.0,0.030756238680173853,0.19711741621499276,0.0,0.0
0,2,0.7124810218811035,-0.027967879817669575,0.12404202111150785,2.4958208303518914,-2.8797932657906435,0.08726646259971647,0.0,0.029257837976973865,0.19620417844308358,0.0,0.0
0,2,0.7233636379241943,-0.027967879817669575,0.12404202111150785,2.4958208303518914,-2.8797932657906435,0.08726646259971647,0.0,0.029257837976973865,0.19620417844308358,0.0,0.0
0,2,0.7345311641693115,-0.09396787981766958,0.06404202111150785,2.4958208303518914,-2.8797932657906435,0.2792526803190927,0.17453292519943295,0.029257837976973865,0.19620417844308358,0.0,0.011177441280275304
0,2,0.7456505298614502,0.0020321201823304234,0.12404202111150785,2.4958208303518914,-2.8797932657906435,0.0,0.0,0.029257837976973865,0.19620417844308358,0.0,0.0
0,2,0.75592041015625,0.032032120182330426,0.12404202111150785,2.4958208303518914,-2.8797932657906435,-0.08726646259971647,0.0,0.029257837976973865,0.19620417844308358,0.0,0.0
0,2,0.76751708984375,0.09803212018233043,0.12404202111150785,2.4958208303518914,-2.8797932657906435,-0.2792526803190927,0.0,0.029257837976973865,0.19620417844308358,0.0,0.0
0,2,0.777977705001831,0.032032120182330426,0.12404202111150785,2.4958208303518914,-2.8797932657906435,-0.08726646259971647,0.0,0.029257837976973865,0.19620417844308358,0.0,0.0
0,2,0.789013147354126,0.17803212018233155,0.12404202111150785,2.478367537831948,-2.8797932657906435,-0.2792526803190927,0.0,0.030756238680173853,0.19711741621499276,0.0,0.0
0,2,0.8003404140472412,0.11203212018233157,0.12404202111150785,2.478367537831948,-2.8797932657906435,-0.08726646259971647,0.0,0.030756238680173853,0.19711741621499276,0.0,0.0
0,2,0.8112692832946777,0.08203212018233157,0.09404202111150785,2.478367537831948,-2.8797932657906435,0.0,0.08726646259971647,0.030756238680173853,0.19711741621499276,0.0,0.008206714518129146
0,2,0.8216900825500488,0.05203212018233157,0.12404202111150785,2.478367537831948,-2.8797932657906435,0.08726646259971647,0.0,0.030756238680173853,0.19711741621499276,0.00454065906987539,0.0
0,2,0.8326702117919922,0.02203212018233157,0.12404202111150785,2.478367537831948,-2.8797932657906435,0.17453292519943295,0.0,0.030756238680173853,0.19711741621499276,0.003845330383767793,0.0
0,2,0.8441414833068848,-0.05796787981766957,0.12404202111150785,2.4958208303518914,-2.8797932657906435,0.17453292519943295,0.0,0.029257837976973865,0.19620417844308358,0.0,0.0
0,2,0.8543686866760254,-0.09396787981766958,0.12404202111150785,2.4958208303518914,-2.8797932657906435,0.2792526803190927,0.0,0.029257837976973865,0.19620417844308358,0.0,0.0
0,2,0.8649218082427979,0.0020321201823304234,0.12404202111150785,2.4958208303518914,-2.8797932657906435,0.0,0.0,0.029257837976973865,0.19620417844308358,0.0,0.0
0,2,0.8757190704345703,0.0020321201823304234,0.12404202111150785,2.4958208303518914,-2.8797932657906435,0.0,0.0,0.029257837976973865,0.19620417844308358,0.0,0.0
0,2,0.8863141536712646,0.0020321201823304234,0.09404202111150785,2.4958208303518914,-2.8797932657906435,0.0,0.08726646259971647,0.029257837976973865,0.19620417844308358,0.0,0.008206714518129146
0,2,0.897721529006958,0.062032120182330425,0.12404202111150785,2.4958208303518914,-2.8797932657906435,-0.17453292519943295,0.0,0.029257837976973865,0.19620417844308358,0.0,0.0
0,2,0.9092056751251221,0.062032120182330425,0.12404202111150785,2.4958208303518914,-2.8797932657906435,-0.17453292519943295,0.0,0.029257837976973865,0.19620417844308358,0.0,0.0
0,2,0.9202437400817871,0.032032120182330426,0.12404202111150785,2.4958208303518914,-2.8797932657906435,-0.08726646259971647,0.0,0.029257837976973865,0.19620417844308358,0.0,0.0
0,2,0.9310793876647949,0.08203212018233157,0.12404202111150785,2.478367537831948,-2.8797932657906435,0.0,0.0,0.030756238680173853,0.19711741621499276,0.0,0.0
0,2,0.9412271976470947,0.08203212018233157,0.12404202111150785,2.478367537831948,-2.8797932657906435,0.0,0.0,0.030756238680173853,0.19711741621499276,0.0,0.0
0,2,0.9522185325622559,0.08203212018233157,0.12404202111150785,2.478367537831948,-2.8797932657906435,0.0,0.0,0.030756238680173853,0.19711741621499276,0.0,0.0
0,2,0.9634101390838623,0.05203212018233157,0.12404202111150785,2.478367537831948,-2.8797932657906435,0.08726646259971647,0.0,0.030756238680173853,0.19711741621499276,0.00454065906987539,0.0
0,2,0.9739570617675781,-0.027967879817669575,0.12404202111150785,2.4958208303518914,-2.8797932657906435,0.08726646259971647,0.0,0.029257837976973865,0.19620417844308358,0.0,0.0
0,2,0.9848229885101318,0.0020321201823304234,0.12404202111150785,2.4958208303518914,-2.8797932657906435,0.0,0.0,0.029257837976973865,0.19620417844308358,0.0,0.0
0,2,0.9957563877105713,-0.09396787981766958,0.12404202111150785,2.4958208303518914,-2.8797932657906435,0.2792526803190927,0.0,0.029257837976973865,0.19620417844308358,0.0,0.0
1,1,0.0,0.09824639478811782,0.0765277332317496,2.303834612632515,-3.0543261909900767,0.0,0.0,0.0572433332658999,0.19207427101894983,0.0,0.0
1,1,0.010820865631103516,0.10767585724640007,0.08595719569003389,2.303834612632515,-3.0543261909900767,0.0,0.0,0.0572433332658999,0.19207427101894983,0.0,0.0
1,1,0.021540403366088867,0.13548801037071465,0.11376934881434847,2.303834612632515,-3.0543261909900767,0.0,0.0,0.0572433332658999,0.19207427101894983,0.0,0.0
1,1,0.032761573791503906,0.18390332959034172,0.16218466803397555,2.303834612632515,-3.0543261909900767,0.0,0.0,0.0572433332658999,0.19207427101894983,0.0,0.0
1,1,0.04326581954956055,0.2465375535712528,0.2248188920148866,2.303834612632515,-3.0543261909900767,0.0,0.0,0.0572433332658999,0.19207427101894983,0.0,0.0
1,1,0.05410361289978027,0.2679150110165346,0.30619634946016844,2.303834612632515,-3.0543261909900767,0.17453292519943295,0.0,0.0572433332658999,0.19207427101894983,0.04675999057755408,0.0
1,1,0.06508064270019531,0.36667858268124226,0.3749599211248761,2.303834612632515,-3.0543261909900767,0.17453292519943295,0.08726646259971647,0.0572433332658999,0.19207427101894983,0.06399748564333935,0.03272142593323664
1,1,0.07625675201416016,0.44688723323082336,0.46116857167445713,2.303834612632515,-3.0543261909900767,0.2792526803190927,0.17453292519943295,0.0572433332658999,0.19207427101894983,0.12479445768009095,0.08048909982438736
1,1,0.08696675300598145,0.4617474283119557,0.5500287667555886,2.321287905152458,-3.0543261909900767,0.3665191429188092,0.2792526803190927,0.05561844145530501,0.19135777586466884,0.1692392716698623,0.15359700736910323
1,1,0.09770083427429199,0.466726316148252,0.657007654591885,2.321287905152458,-3.0543261909900767,0.7504915783575618,0.3665191429188092,0.05561844145530501,0.19135777586466884,0.350274169667112,0.24080588245211476
1,1,0.10832023620605469,0.4804260234475505,0.6707073618911834,2.321287905152458,-3.0543261909900767,1.1344640137963142,0.7504915783575618,0.05561844145530501,0.19135777586466884,0.5450260348925103,0.5033602266417506
1,1,0.11928439140319824,0.5238382329724693,0.5821195714161023,2.3387411976724017,-3.036872898470133,1.239183768915974,1.239183768915974,0.052999410542056744,0.1919806546898514,0.6491318358371085,0.721353124467157
1,1,0.1311483383178711,0.4925758079360795,0.4548571463797124,2.356194490192345,-3.01941960595019,1.6231562043547265,1.9024088846738192,0.05037594137705889,0.19257264719234285,0.7995274787664897,0.8653242765301448
1,1,0.14170002937316895,0.48268951378328784,0.3729708522269228,2.3736477827122884,-3.001966313430247,1.9024088846738192,2.3911010752322315,0.04774828633604649,0.1931338186507299,0.9182728195602127,0.8918110057900768
1,1,0.15253591537475586,0.364713587238732,0.2549949256823648,2.4085543677521746,-2.9670597283903604,2.2863813201125716,2.775073510670984,0.04248140703110493,0.19416395235820527,0.8338743330538836,0.7076296636166468
1,1,0.1633453369140625,0.2919852703580744,0.20426660880170827,2.426007660272118,-2.9321531433504737,2.775073510670984,2.9670597283903604,0.038739160782964785,0.19592874596917736,0.810280589276798,0.6060712288304165
1,1,0.17412734031677246,0.2766806524413582,0.12296199088499196,2.4609142453120048,-2.897246558310587,2.8623399732707004,3.246312408709453,0.033419999535066316,0.19675190798483283,0.7919540913135172,0.39917303680956806
1,1,0.18543004989624023,0.18771916132516983,0.10802504249101288,2.4958208303518914,-2.8623399732707004,3.1590459461097367,3.351032163829113,0.02808999689223647,0.19745227637892784,0.5930134555913974,0.3619953918863908
1,1,0.1956191062927246,0.1655313380570723,0.14381267650070614,2.530727415391778,-2.827433388230814,3.246312408709453,3.246312408709453,0.022750969404620555,0.19803023940526393,0.5373664367649531,0.4668608762539607
1,1,0.2070162296295166,0.17094861748446064,0.09089695393804495,2.5656340004316642,-2.792526803190927,3.246312408709453,3.4382986264288293,0.017404686186750687,0.19848614477224574,0.5549526181915303,0.3125308718717445
1,1,0.21775484085083008,0.13862441742852163,0.05090575587215557,2.600540585471551,-2.7576202181510405,3.351032163829113,3.543018381548489,0.012052874346046523,0.19882029585595717,0.46453488149504907,0.1803600287816671
1,1,0.22790050506591797,0.18436061917320612,0.0006419576168398833,2.6354471705114375,-2.722713633111154,3.1590459461097367,3.6302848441482056,0.006697224685092512,0.1990329482449938,0.5824036666213978,0.0023304890069993293
1,1,0.23851895332336426,0.13137294472463268,0.04365428316826653,2.670353755551324,-2.6878070480712677,3.246312408709453,3.4382986264288293,0.0013393976641390554,0.1991243066358817,0.42647762062827616,0.15009646185518596
1,1,0.24948382377624512,0.06570533268604928,0.043986671129681076,2.705260340591211,-2.652900463031381,3.351032163829113,3.351032163829113,-0.004018970390926267,0.19909452209771938,0.22018068316604344,0.14740074973533476
1,1,0.2603600025177002,-0.007323458317672532,0.0369578801259593,2.7401669256310974,-2.6179938779914944,3.4382986264288293,3.246312408709453,-0.00937545014786878,0.19894168673707546,0.0,0.11997682485249815
1,1,0.27156686782836914,0.005388458583382966,-0.05233020297298327,2.775073510670984,-2.5830872929516078,3.246312408709453,3.351032163829113,-0.01472936763091661,0.19866839767217132,0.017492619963053083,0.0
1,1,0.28235340118408203,0.03010699467648495,-0.1676116668798783,2.8099800957108707,-2.530727415391778,2.9670597283903604,3.246312408709453,-0.021535221997804388,0.19924836677486263,0.08932925144746146,0.0
1,1,0.29326558113098145,-0.05786622739194763,-0.1895848889483149,2.8448866807507573,-2.4958208303518914,2.9670597283903604,3.0543261909900767,-0.026905949703064917,0.1986961629895599,0.0,0.0
1,1,0.3038501739501953,-0.1558286834471624,-0.20754734500352856,2.8797932657906435,-2.478367537831948,2.9670597283903604,3.0543261909900767,-0.030756239506701845,0.19711741560440113,0.0,0.0
1,1,0.3152141571044922,-0.15229073694073186,-0.25400939849709714,2.897246558310587,-2.443460952792061,2.8623399732707004,2.8623399732707004,-0.034944975444043944,0.19763644036925046,0.0,0.0
1,1,0.3262033462524414,-0.215421042360277,-0.2511397039166443,2.9321531433504737,-2.4085543677521746,2.670353755551324,2.478367537831948,-0.04029025524614137,0.1967750994193938,0.0,0.0
1,1,0.3372347354888916,-0.2627936070678959,-0.21851226862426412,2.9670597283903604,-2.3911010752322315,2.3911010752322315,2.199114857512855,-0.044045686123862116,0.19498221480275374,0.0,0.0
1,1,0.3482358455657959,-0.2736441705458109,-0.3093628321021762,2.9845130209103035,-2.356194490192345,2.199114857512855,2.007128639793479,-0.04828231308952502,0.19524960655239615,0.0,0.0
1,1,0.35890793800354004,-0.19423111762009337,-0.2959497791764566,3.001966313430247,-2.3387411976724017,1.710422666954443,1.710422666954443,-0.05093845583223871,0.1946785751566089,0.0,0.0
1,1,0.37034153938293457,-0.13246325300483786,-0.26418191456120316,3.01941960595019,-2.321287905152458,1.239183768915974,1.3264502315156905,-0.05359024146762469,0.19407615324364533,0.0,0.0
1,1,0.38109898567199707,-0.17395308692998884,-0.2396717484863582,3.036872898470133,-2.303834612632515,1.0471975511965976,0.9424777960769379,-0.05623741285108865,0.1934422616170814,0.0,0.0
1,1,0.39250898361206055,-0.1874983332892597,-0.17921699484562387,3.0543261909900767,-2.303834612632515,0.7504915783575618,0.6632251157578453,-0.05724388713861207,0.19207285556791295,0.0,0.0
1,1,0.40352439880371094,-0.1291256862662766,-0.12884434782264595,3.0543261909900767,-2.2863813201125716,0.47123889803846897,0.17453292519943295,-0.05887970869013215,0.19277681789975934,0.0,0.0
1,1,0.4151453971862793,-0.036632772131014645,-0.13835143368737995,3.0543261909900767,-2.2863813201125716,0.08726646259971647,0.08726646259971647,-0.05887970869013215,0.19277681789975934,0.0,0.0
1,1,0.42612171173095703,-0.06980626790121026,-0.1415249294575796,3.0543261909900767,-2.2863813201125716,0.08726646259971647,0.0,-0.05887970869013215,0.19277681789975934,0.0,0.0
1,1,0.4371635913848877,-0.06471614365117861,0.009565194792453172,3.0543261909900767,-2.303834612632515,0.0,-0.2792526803190927,-0.05724388713861207,0.19207285556791295,0.0,0.0
1,1,0.448444128036499,0.019664743727877645,0.027946082171509415,3.0543261909900767,-2.303834612632515,-0.2792526803190927,-0.3665191429188092,-0.05724388713861207,0.19207285556791295,0.0,0.0
1,1,0.4591524600982666,0.01947226676822597,0.06375360521186589,3.0543261909900767,-2.303834612632515,-0.2792526803190927,-0.47123889803846897,-0.05724388713861207,0.19207285556791295,0.0,0.0
1,1,0.47039794921875,0.01947226676822597,0.06375360521186589,3.0543261909900767,-2.303834612632515,-0.2792526803190927,-0.47123889803846897,-0.05724388713861207,0.19207285556791295,0.0,0.0
1,1,0.48186802864074707,-0.016527733231774026,-0.09824639478813411,3.0543261909900767,-2.303834612632515,-0.17453292519943295,0.0,-0.05724388713861207,0.19207285556791295,0.002884633627857398,0.0
1,1,0.49317312240600586,-0.016527733231774026,-0.09824639478813411,3.0543261909900767,-2.303834612632515,-0.17453292519943295,0.0,-0.05724388713861207,0.19207285556791295,0.002884633627857398,0.0
1,1,0.5035362243652344,0.0994722667682271,-0.09824639478813411,3.036872898470133,-2.303834612632515,-0.2792526803190927,0.0,-0.05623741285108865,0.1934422616170814,0.0,0.0
1,1,0.5145630836486816,0.0334722667682271,-0.09824639478813411,3.036872898470133,-2.303834612632515,-0.08726646259971647,0.0,-0.05623741285108865,0.1934422616170814,0.0,0.0
1,1,0.525977611541748,0.003472266768227098,-0.09824639478813411,3.036872898470133,-2.303834612632515,0.0,0.0,-0.05623741285108865,0.1934422616170814,0.0,0.0
1,1,0.5367035865783691,0.0994722667682271,-0.09824639478813411,3.036872898470133,-2.303834612632515,-0.2792526803190927,0.0,-0.05623741285108865,0.1934422616170814,0.0,0.0
1,1,0.5474739074707031,0.0634722667682271,-0.09824639478813411,3.036872898470133,-2.303834612632515,-0.17453292519943295,0.0,-0.05623741285108865,0.1934422616170814,0.0,0.0
1,1,0.5584135055541992,0.0634722667682271,-0.09824639478813411,3.036872898470133,-2.303834612632515,-0.17453292519943295,0.0,-0.05623741285108865,0.1934422616170814,0.0,0.0
1,1,0.5693678855895996,0.003472266768227098,-0.0022463947881341123,3.036872898470133,-2.303834612632515,0.0,-0.2792526803190927,-0.05623741285108865,0.1934422616170814,0.0,0.0006273117656412913
1,1,0.5810408592224121,-0.0265277332317729,-0.09824639478813411,3.036872898470133,-2.303834612632515,0.08726646259971647,0.0,-0.05623741285108865,0.1934422616170814,0.0,0.0
1,1,0.5922682285308838,0.003472266768227098,-0.09824639478813411,3.036872898470133,-2.303834612632515,0.0,0.0,-0.05623741285108865,0.1934422616170814,0.0,0.0
1,1,0.6031830310821533,0.003472266768227098,-0.1282463947881341,3.036872898470133,-2.303834612632515,0.0,0.08726646259971647,-0.05623741285108865,0.1934422616170814,0.0,0.0
1,1,0.6135623455047607,0.003472266768227098,-0.09824639478813411,3.036872898470133,-2.303834612632515,0.0,0.0,-0.05623741285108865,0.1934422616170814,0.0,0.0
1,1,0.6246707439422607,0.003472266768227098,-0.09824639478813411,3.036872898470133,-2.303834612632515,0.0,0.0,-0.05623741285108865,0.1934422616170814,0.0,0.0
1,1,0.635533332824707,0.003472266768227098,-0.09824639478813411,3.036872898470133,-2.303834612632515,0.0,0.0,-0.05623741285108865,0.1934422616170814,0.0,0.0
1,1,0.6462829113006592,0.003472266768227098,-0.06824639478813412,3.036872898470133,-2.303834612632515,0.0,-0.08726646259971647,-0.05623741285108865,0.1934422616170814,0.0,0.005955621458344191
1,1,0.6566965579986572,0.003472266768227098,-0.01824639478813501,3.036872898470133,-2.321287905152458,0.0,0.0,-0.054613015042382224,0.19271710878881992,0.0,0.0
1,1,0.6677980422973633,0.0334722667682271,-0.01824639478813501,3.036872898470133,-2.321287905152458,-0.08726646259971647,0.0,-0.054613015042382224,0.19271710878881992,0.0,0.0
1,1,0.679173469543457,0.0334722667682271,-0.01824639478813501,3.036872898470133,-2.321287905152458,-0.08726646259971647,0.0,-0.054613015042382224,0.19271710878881992,0.0,0.0
1,1,0.6908707618713379,0.0334722667682271,-0.01824639478813501,3.036872898470133,-2.321287905152458,-0.08726646259971647,0.0,-0.054613015042382224,0.19271710878881992,0.0,0.0
1,1,0.7016520500183105,0.003472266768227098,-0.01824639478813501,3.036872898470133,-2.321287905152458,0.0,0.0,-0.054613015042382224,0.19271710878881992,0.0,0.0
1,1,0.7121825218200684,0.003472266768227098,-0.1282463947881341,3.036872898470133,-2.303834612632515,0.0,0.08726646259971647,-0.05623741285108865,0.1934422616170814,0.0,0.0
1,1,0.723588228225708,0.003472266768227098,-0.09824639478813411,3.036872898470133,-2.303834612632515,0.0,0.0,-0.05623741285108865,0.1934422616170814,0.0,0.0
1,1,0.734142541885376,0.003472266768227098,-0.15824639478813413,3.036872898470133,-2.303834612632515,0.0,0.17453292519943295,-0.05623741285108865,0.1934422616170814,0.0,0.0
1,1,0.7457923889160156,0.003472266768227098,-0.09824639478813411,3.036872898470133,-2.303834612632515,0.0,0.0,-0.05623741285108865,0.1934422616170814,0.0,0.0
1,1,0.7569546699523926,-0.0565277332317729,-0.0022463947881341123,3.036872898470133,-2.303834612632515,0.17453292519943295,-0.2792526803190927,-0.05623741285108865,0.1934422616170814,0.0,0.0006273117656412913
1,1,0.7674353122711182,0.003472266768227098,-0.03824639478813411,3.036872898470133,-2.303834612632515,0.0,-0.17453292519943295,-0.05623741285108865,0.1934422616170814,0.0,0.006675255160705392
1,1,0.7784662246704102,0.003472266768227098,0.041753605211865,3.036872898470133,-2.321287905152458,0.0,-0.17453292519943295,-0.054613015042382224,0.19271710878881992,0.0,0.0
1,1,0.7899277210235596,0.0334722667682271,-0.01824639478813501,3.036872898470133,-2.321287905152458,-0.08726646259971647,0.0,-0.054613015042382224,0.19271710878881992,0.0,0.0
1,1,0.8005173206329346,0.003472266768227098,-0.07824639478813501,3.036872898470133,-2.321287905152458,0.0,0.17453292519943295,-0.054613015042382224,0.19271710878881992,0.0,0.0
1,1,0.812283992767334,0.003472266768227098,-0.15824639478813413,3.036872898470133,-2.303834612632515,0.0,0.17453292519943295,-0.05623741285108865,0.1934422616170814,0.0,0.0
1,1,0.8230233192443848,0.0334722667682271,-0.1282463947881341,3.036872898470133,-2.303834612632515,-0.08726646259971647,0.08726646259971647,-0.05623741285108865,0.1934422616170814,0.0,0.0
1,1,0.833773136138916,0.0634722667682271,-0.09824639478813411,3.036872898470133,-2.303834612632515,-0.17453292519943295,0.0,-0.05623741285108865,0.1934422616170814,0.0,0.0
1,1,0.8444247245788574,0.003472266768227098,-0.09824639478813411,3.036872898470133,-2.303834612632515,0.0,0.0,-0.05623741285108865,0.1934422616170814,0.0,0.0
1,1,0.8551290035247803,0.003472266768227098,-0.03824639478813411,3.036872898470133,-2.303834612632515,0.0,-0.17453292519943295,-0.05623741285108865,0.1934422616170814,0.0,0.006675255160705392
1,1,0.8658385276794434,0.0834722667682262,0.041753605211865,3.01941960595019,-2.321287905152458,0.0,-0.17453292519943295,-0.05359024146762469,0.19407615324364533,0.0,0.0
1,1,0.8760888576507568,0.1134722667682262,0.011753605211864991,3.01941960595019,-2.321287905152458,-0.08726646259971647,-0.08726646259971647,-0.05359024146762469,0.19407615324364533,0.0,0.0
1,1,0.8873269557952881,0.0834722667682262,0.011753605211864991,3.01941960595019,-2.321287905152458,0.0,-0.08726646259971647,-0.05359024146762469,0.19407615324364533,0.0,0.0
1,1,0.8984396457672119,0.0834722667682262,-0.01824639478813501,3.01941960595019,-2.321287905152458,0.0,0.0,-0.05359024146762469,0.19407615324364533,0.0,0.0
1,1,0.9090440273284912,0.003472266768227098,-0.048246394788135014,3.036872898470133,-2.321287905152458,0.0,0.08726646259971647,-0.054613015042382224,0.19271710878881992,0.0,0.0
1,1,0.9202218055725098,-0.0565277332317729,-0.01824639478813501,3.036872898470133,-2.321287905152458,0.17453292519943295,0.0,-0.054613015042382224,0.19271710878881992,0.0,0.0
1,1,0.9318015575408936,-0.0265277332317729,-0.07824639478813501,3.036872898470133,-2.321287905152458,0.08726646259971647,0.17453292519943295,-0.054613015042382224,0.19271710878881992,0.0,0.0
1,1,0.9426960945129395,-0.0265277332317729,-0.01824639478813501,3.036872898470133,-2.321287905152458,0.08726646259971647,0.0,-0.054613015042382224,0.19271710878881992,0.0,0.0
1,1,0.953765869140625,0.003472266768227098,-0.01824639478813501,3.036872898470133,-2.321287905152458,0.0,0.0,-0.054613015042382224,0.19271710878881992,0.0,0.0
1,1,0.9653985500335693,0.0634722667682271,-0.01824639478813501,3.036872898470133,-2.321287905152458,-0.17453292519943295,0.0,-0.054613015042382224,0.19271710878881992,0.0,0.0
1,1,0.9765381813049316,0.0634722667682271,-0.01824639478813501,3.036872898470133,-2.321287905152458,-0.17453292519943295,0.0,-0.054613015042382224,0.19271710878881992,0.0,0.0
1,1,0.9875116348266602,0.0994722667682271,-0.01824639478813501,3.036872898470133,-2.321287905152458,-0.2792526803190927,0.0,-0.054613015042382224,0.19271710878881992,0.0,0.0
1,1,0.9982850551605225,0.1434722667682262,-0.01824639478813501,3.01941960595019,-2.321287905152458,-0.17453292519943295,0.0,-0.05359024146762469,0.19407615324364533,0.0,0.0
1,2,0.0,0.1134722667682262,-0.01824639478813501,3.01941960595019,-2.321287905152458,-0.08726646259971647,0.0,-0.05359024146762469,0.19407615324364533,0.0,0.0
1,2,0.011559724807739258,0.06094348864912668,-0.04077517290724064,3.01941960595019,-2.321287905152458,0.0,0.0,-0.05359024146762469,0.19407615324364533,0.0,0.0
1,2,0.02260112762451172,-0.0010799874947396704,-0.102798649051107,3.01941960595019,-2.321287905152458,0.0,0.0,-0.05359024146762469,0.19407615324364533,0.0,0.0
1,2,0.03416156768798828,-0.2014575939692015,-0.2071762555255688,3.01941960595019,-2.321287905152458,0.2792526803190927,0.0,-0.05359024146762469,0.19407615324364533,0.0,0.0
1,2,0.044910430908203125,-0.23552198117413123,-0.3372406427304986,3.01941960595019,-2.321287905152458,0.0,0.0,-0.05359024146762469,0.19407615324364533,0.0,0.0
1,2,0.055474042892456055,-0.42099530254081896,-0.4927139640971863,3.01941960595019,-2.321287905152458,0.08726646259971647,0.0,-0.05359024146762469,0.19407615324364533,0.0,0.0
1,2,0.06680989265441895,-0.554291080717596,-0.6260097422739633,3.01941960595019,-2.321287905152458,-0.08726646259971647,-0.17453292519943295,-0.05359024146762469,0.19407615324364533,0.04837102186479852,0.10925931152241794
1,2,0.07767868041992188,-0.6291247749810043,-0.6648434365373714,3.01941960595019,-2.321287905152458,-0.47123889803846897,-0.6632251157578453,-0.05359024146762469,0.19407615324364533,0.2964680656907482,0.4409408651583418
1,2,0.08858919143676758,-0.6555130224210235,-0.7932316839773907,3.01941960595019,-2.321287905152458,-1.0471975511965976,-0.9424777960769379,-0.05359024146762469,0.19407615324364533,0.6864516318567762,0.7476032492934094
1,2,0.09886312484741211,-0.5701234039115448,-0.7378420654679101,3.001966313430247,-2.3387411976724017,-1.710422666954443,-1.5184364492350666,-0.05093845583223871,0.1946785751566089,0.9751519930115295,1.120366285985361
1,2,0.10955643653869629,-0.5312728428337449,-0.6629915043901121,2.9845130209103035,-2.356194490192345,-2.2863813201125716,-2.199114857512855,-0.04828231308952502,0.19524960655239615,1.2146923037381763,1.457994467709095
1,2,0.1202383041381836,-0.41550000435904466,-0.613218665915412,2.949606435870417,-2.3911010752322315,-2.8623399732707004,-2.5830872929516078,-0.042957965203142434,0.19629779796405256,1.1893022713710437,1.5839973437268378
1,2,0.13111042976379395,-0.3330709830709091,-0.5007896446272764,2.91469985083053,-2.426007660272118,-3.351032163829113,-3.1590459461097367,-0.03761917893383251,0.1972212930215631,1.1161315771087983,1.5820174967135332
1,2,0.14232516288757324,-0.35477149236977273,-0.49249015392613993,2.8797932657906435,-2.4609142453120048,-3.543018381548489,-3.4382986264288293,-0.03226788094155767,0.19802059923743356,1.2569619187154943,1.6933282197739696
1,2,0.15383553504943848,-0.3423443134209202,-0.5100629749772855,2.8448866807507573,-2.4958208303518914,-3.822271061867582,-3.6302848441482056,-0.026905949703064917,0.1986961629895599,1.3085327623837089,1.851673887621185
1,2,0.16462326049804688,-0.184764800221195,-0.49848346177756353,2.792526803190927,-2.530727415391778,-4.2062434973063345,-3.822271061867582,-0.020303515151488663,0.2004613801743121,0.7771657394615055,1.9053389107719558
1,2,0.17541837692260742,-0.1203651207952216,-0.2880837823515888,2.7576202181510405,-2.5830872929516078,-4.50294947014537,-4.310963252425994,-0.013466570483408553,0.19984604570815676,0.5419980569088265,1.2419185993375874
1,2,0.18631792068481445,-0.029534869697032784,-0.27725353125339935,2.705260340591211,-2.6179938779914944,-4.590215932745087,-4.39822971502571,-0.006772470964290997,0.20123402860017042,0.13557142945486994,1.2194247197545105
1,2,0.1964550018310547,0.13052695430853545,-0.14719170724783104,2.652900463031381,-2.670353755551324,-4.782202150464463,-4.50294947014537,0.00135425466250369,0.20132725088037567,0.0,0.6627968201614132
1,2,0.20745635032653809,0.23678791536283605,-0.010930746193532292,2.600540585471551,-2.722713633111154,-4.782202150464463,-4.590215932745087,0.009480597238348189,0.20114149278099946,0.0,0.05017448533434464
1,2,0.21840953826904297,0.3406604114615612,0.09294174990519255,2.548180707911721,-2.775073510670984,-4.694935687864747,-4.50294947014537,0.017599748615971855,0.20067782622961666,0.0,0.0
1,2,0.22932934761047363,0.4665944644554962,0.18887580289912753,2.4958208303518914,-2.827433388230814,-4.590215932745087,-4.310963252425994,0.025705765916909366,0.1999354667068952,0.0,0.0
1,2,0.24088835716247559,0.5082704111621821,0.3265517496058177,2.4609142453120048,-2.8623399732707004,-4.39822971502571,-4.39822971502571,0.031099465934773543,0.19928524008835602,0.0,0.0
1,2,0.2513148784637451,0.5951341833517136,0.5154155217953473,2.4085543677521746,-2.91469985083053,-4.014257279586958,-4.310963252425994,0.03916987961648129,0.19807604484401165,0.0,0.0
1,2,0.26289796829223633,0.772867304366476,0.6571486428101116,2.356194490192345,-2.9670597283903604,-3.822271061867582,-4.014257279586958,0.04721032066173034,0.19658502936926675,0.0,0.0
1,2,0.2737617492675781,0.7617341484458557,0.6460154868894873,2.321287905152458,-3.001966313430247,-3.246312408709453,-3.4382986264288293,0.05255061890269666,0.19543372788982397,0.0,0.0
1,2,0.2841770648956299,0.7013497111097269,0.5556310495533605,2.2863813201125716,-3.036872898470133,-2.478367537831948,-2.5830872929516078,0.0578724897968369,0.1941560517234441,0.0,0.0
1,2,0.2948799133300781,0.6120103397312954,0.496291678174931,2.2689280275926285,-3.0543261909900767,-1.8151424220741028,-2.007128639793479,0.0605258432844817,0.1934696722652497,0.0,0.0
1,2,0.3064103126525879,0.4345915058565045,0.4808728443001381,2.251474735072685,-3.07177948351002,-0.8552113334772214,-1.5184364492350666,0.06317427100390952,0.19274926611444076,0.0,0.0
1,2,0.31744813919067383,0.27162029102678187,0.43390162947041244,2.251474735072685,-3.0892327760299634,-0.17453292519943295,-0.9424777960769379,0.06414859791854136,0.19135091921580757,0.0,0.0
1,2,0.32813572883605957,0.2734791527973137,0.3337604912409443,2.251474735072685,-3.0892327760299634,0.0,-0.47123889803846897,0.06414859791854136,0.19135091921580757,0.0,0.0
1,2,0.33957815170288086,0.12955080786314788,0.29983214630678573,2.251474735072685,-3.1066860685499065,0.5585053606381855,0.0,0.06510606160949886,0.18995156518238204,0.07235482066657567,0.0
1,2,0.35045671463012695,0.08024639478811918,0.22052773323174896,2.251474735072685,-3.1066860685499065,0.7504915783575618,0.2792526803190927,0.06510606160949886,0.18995156518238204,0.06022424348203958,0.06158296058965975
1,2,0.36148595809936523,-0.03575360521188192,0.04452773323174983,2.2689280275926285,-3.0892327760299634,0.8552113334772214,0.5585053606381855,0.06249067269030596,0.19069017159264906,0.0,0.024868977706999352
1,2,0.37267374992370605,-0.03575360521188192,0.008527733231749796,2.2689280275926285,-3.0892327760299634,0.8552113334772214,0.6632251157578453,0.06249067269030596,0.19069017159264906,0.0,0.005655806859779282
1,2,0.3838040828704834,-0.11575360521188102,-0.07147226676825133,2.2863813201125716,-3.07177948351002,0.8552113334772214,0.6632251157578453,0.0598698566842923,0.19139723541577844,0.0,0.0
1,2,0.39504146575927734,-0.15975360521188225,-0.10147226676825136,2.303834612632515,-3.07177948351002,0.7504915783575618,0.7504915783575618,0.05823277737268728,0.19070394419422013,0.0,0.0
1,2,0.40604639053344727,-0.12975360521188223,-0.0354722667682513,2.303834612632515,-3.07177948351002,0.6632251157578453,0.5585053606381855,0.05823277737268728,0.19070394419422013,0.0,0.0
1,2,0.4169766902923584,-0.027753605211882207,-0.04947226676825042,2.303834612632515,-3.0543261909900767,0.3665191429188092,0.3665191429188092,0.0572433332658999,0.19207427101894983,0.0,0.0
1,2,0.4274137020111084,-0.01175360521188127,0.04652773323174961,2.321287905152458,-3.0543261909900767,0.08726646259971647,0.08726646259971647,0.05561844145530501,0.19135777586466884,0.0,0.004060310691918062
1,2,0.4393010139465332,0.01824639478811873,0.0765277332317496,2.321287905152458,-3.0543261909900767,0.0,0.0,0.05561844145530501,0.19135777586466884,0.0,0.0
1,2,0.4500312805175781,0.07824639478811873,0.0765277332317496,2.321287905152458,-3.0543261909900767,-0.17453292519943295,0.0,0.05561844145530501,0.19135777586466884,0.0,0.0
1,2,0.46117234230041504,0.1582463947881178,0.1365277332317496,2.303834612632515,-3.0543261909900767,-0.17453292519943295,-0.17453292519943295,0.0572433332658999,0.19207427101894983,0.0,0.0
1,2,0.4718139171600342,0.2242463947881178,0.0765277332317496,2.303834612632515,-3.0543261909900767,-0.3665191429188092,0.0,0.0572433332658999,0.19207427101894983,0.0,0.0
1,2,0.4828975200653076,0.19424639478811784,0.0765277332317496,2.303834612632515,-3.0543261909900767,-0.2792526803190927,0.0,0.0572433332658999,0.19207427101894983,0.0,0.0
1,2,0.49416041374206543,0.1282463947881178,0.0765277332317496,2.303834612632515,-3.0543261909900767,-0.08726646259971647,0.0,0.0572433332658999,0.19207427101894983,0.0,0.0
1,2,0.5059781074523926,0.06824639478811782,0.0765277332317496,2.303834612632515,-3.0543261909900767,0.08726646259971647,0.0,0.0572433332658999,0.19207427101894983,0.0059556214583427695,0.0
1,2,0.5169363021850586,0.06824639478811782,-0.019472266768250382,2.303834612632515,-3.0543261909900767,0.08726646259971647,0.2792526803190927,0.0572433332658999,0.19207427101894983,0.0059556214583427695,0.0
1,2,0.5279862880706787,0.0022463947881178337,0.0765277332317496,2.303834612632515,-3.0543261909900767,0.2792526803190927,0.0,0.0572433332658999,0.19207427101894983,0.0006273117656367455,0.0
1,2,0.5386476516723633,0.03824639478811782,0.0765277332317496,2.303834612632515,-3.0543261909900767,0.17453292519943295,0.0,0.0572433332658999,0.19207427101894983,0.006675255160702549,0.0
1,2,0.5501101016998291,-0.07775360521188127,0.0765277332317496,2.321287905152458,-3.0543261909900767,0.2792526803190927,0.0,0.05561844145530501,0.19135777586466884,0.0,0.0
1,2,0.560758113861084,0.01824639478811873,0.0765277332317496,2.321287905152458,-3.0543261909900767,0.0,0.0,0.05561844145530501,0.19135777586466884,0.0,0.0
1,2,0.5709517002105713,0.01824639478811873,0.1065277332317496,2.321287905152458,-3.0543261909900767,0.0,-0.08726646259971647,0.05561844145530501,0.19135777586466884,0.0,0.0
1,2,0.5819776058197021,0.01824639478811873,0.0765277332317496,2.321287905152458,-3.0543261909900767,0.0,0.0,0.05561844145530501,0.19135777586466884,0.0,0.0
1,2,0.5930583477020264,0.04824639478811872,0.0765277332317496,2.321287905152458,-3.0543261909900767,-0.08726646259971647,0.0,0.05561844145530501,0.19135777586466884,0.0,0.0
1,2,0.6046173572540283,0.1582463947881178,0.0765277332317496,2.303834612632515,-3.0543261909900767,-0.17453292519943295,0.0,0.0572433332658999,0.19207427101894983,0.0,0.0
1,2,0.6154828071594238,0.19424639478811784,0.0765277332317496,2.303834612632515,-3.0543261909900767,-0.2792526803190927,0.0,0.0572433332658999,0.19207427101894983,0.0,0.0
1,2,0.6268258094787598,0.1282463947881178,0.0765277332317496,2.303834612632515,-3.0543261909900767,-0.08726646259971647,0.0,0.0572433332658999,0.19207427101894983,0.0,0.0
1,2,0.6372170448303223,0.09824639478811782,0.0765277332317496,2.303834612632515,-3.0543261909900767,0.0,0.0,0.0572433332658999,0.19207427101894983,0.0,0.0
1,2,0.648411750793457,0.09824639478811782,0.0765277332317496,2.303834612632515,-3.0543261909900767,0.0,0.0,0.0572433332658999,0.19207427101894983,0.0,0.0
1,2,0.6590437889099121,0.0022463947881178337,0.0765277332317496,2.303834612632515,-3.0543261909900767,0.2792526803190927,0.0,0.0572433332658999,0.19207427101894983,0.0006273117656367455,0.0
1,2,0.6705701351165771,0.03824639478811782,0.0765277332317496,2.303834612632515,-3.0543261909900767,0.17453292519943295,0.0,0.0572433332658999,0.19207427101894983,0.006675255160702549,0.0
1,2,0.6811938285827637,0.09824639478811782,0.0765277332317496,2.303834612632515,-3.0543261909900767,0.0,0.0,0.0572433332658999,0.19207427101894983,0.0,0.0
1,2,0.6920208930969238,0.09824639478811782,0.0765277332317496,2.303834612632515,-3.0543261909900767,0.0,0.0,0.0572433332658999,0.19207427101894983,0.0,0.0
1,2,0.7021670341491699,0.09824639478811782,0.0765277332317496,2.303834612632515,-3.0543261909900767,0.0,0.0,0.0572433332658999,0.19207427101894983,0.0,0.0
1,2,0.7128911018371582,0.09824639478811782,0.0765277332317496,2.303834612632515,-3.0543261909900767,0.0,0.0,0.0572433332658999,0.19207427101894983,0.0,0.0
1,2,0.7237644195556641,0.09824639478811782,0.0765277332317496,2.303834612632515,-3.0543261909900767,0.0,0.0,0.0572433332658999,0.19207427101894983,0.0,0.0
1,2,0.7347333431243896,0.1582463947881178,0.1065277332317496,2.303834612632515,-3.0543261909900767,-0.17453292519943295,-0.08726646259971647,0.0572433332658999,0.19207427101894983,0.0,0.0
1,2,0.7462875843048096,0.1582463947881178,0.1065277332317496,2.303834612632515,-3.0543261909900767,-0.17453292519943295,-0.08726646259971647,0.0572433332658999,0.19207427101894983,0.0,0.0
1,2,0.7564740180969238,0.09824639478811782,0.0765277332317496,2.303834612632515,-3.0543261909900767,0.0,0.0,0.0572433332658999,0.19207427101894983,0.0,0.0
1,2,0.7672920227050781,0.09824639478811782,0.0765277332317496,2.303834612632515,-3.0543261909900767,0.0,0.0,0.0572433332658999,0.19207427101894983,0.0,0.0
1,2,0.7779490947723389,0.03824639478811782,0.0765277332317496,2.303834612632515,-3.0543261909900767,0.17453292519943295,0.0,0.0572433332658999,0.19207427101894983,0.006675255160702549,0.0
1,2,0.788642168045044,0.09824639478811782,0.0765277332317496,2.303834612632515,-3.0543261909900767,0.0,0.0,0.0572433332658999,0.19207427101894983,0.0,0.0
1,2,0.799393892288208,0.09824639478811782,0.0765277332317496,2.303834612632515,-3.0543261909900767,0.0,0.0,0.0572433332658999,0.19207427101894983,0.0,0.0
1,2,0.8101754188537598,0.09824639478811782,0.0765277332317496,2.303834612632515,-3.0543261909900767,0.0,0.0,0.0572433332658999,0.19207427101894983,0.0,0.0
1,2,0.8215887546539307,0.09824639478811782,0.0765277332317496,2.303834612632515,-3.0543261909900767,0.0,0.0,0.0572433332658999,0.19207427101894983,0.0,0.0
1,2,0.8316910266876221,0.09824639478811782,0.0765277332317496,2.303834612632515,-3.0543261909900767,0.0,0.0,0.0572433332658999,0.19207427101894983,0.0,0.0
1,2,0.8425259590148926,0.09824639478811782,0.0765277332317496,2.303834612632515,-3.0543261909900767,0.0,0.0,0.0572433332658999,0.19207427101894983,0.0,0.0
1,2,0.8534038066864014,0.09824639478811782,0.0765277332317496,2.303834612632515,-3.0543261909900767,0.0,0.0,0.0572433332658999,0.19207427101894983,0.0,0.0
1,2,0.8641462326049805,0.09824639478811782,0.0765277332317496,2.303834612632515,-3.0543261909900767,0.0,0.0,0.0572433332658999,0.19207427101894983,0.0,0.0
1,2,0.8746771812438965,0.09824639478811782,0.0765277332317496,2.303834612632515,-3.0543261909900767,0.0,0.0,0.0572433332658999,0.19207427101894983,0.0,0.0
1,2,0.885514497756958,0.03824639478811782,0.0765277332317496,2.303834612632515,-3.0543261909900767,0.17453292519943295,0.0,0.0572433332658999,0.19207427101894983,0.006675255160702549,0.0
1,2,0.8965075016021729,0.09824639478811782,0.0765277332317496,2.303834612632515,-3.0543261909900767,0.0,0.0,0.0572433332658999,0.19207427101894983,0.0,0.0
1,2,0.9070606231689453,0.09824639478811782,0.0765277332317496,2.303834612632515,-3.0543261909900767,0.0,0.0,0.0572433332658999,0.19207427101894983,0.0,0.0
1,2,0.917811393737793,0.09824639478811782,0.0765277332317496,2.303834612632515,-3.0543261909900767,0.0,0.0,0.0572433332658999,0.19207427101894983,0.0,0.0
1,2,0.9286649227142334,0.09824639478811782,0.0765277332317496,2.303834612632515,-3.0543261909900767,0.0,0.0,0.0572433332658999,0.19207427101894983,0.0,0.0
1,2,0.9392521381378174,0.1282463947881178,0.0765277332317496,2.303834612632515,-3.0543261909900767,-0.08726646259971647,0.0,0.0572433332658999,0.19207427101894983,0.0,0.0
1,2,0.9500830173492432,0.09824639478811782,0.0765277332317496,2.303834612632515,-3.0543261909900767,0.0,0.0,0.0572433332658999,0.19207427101894983,0.0,0.0
1,2,0.9609320163726807,0.09824639478811782,0.0765277332317496,2.303834612632515,-3.0543261909900767,0.0,0.0,0.0572433332658999,0.19207427101894983,0.0,0.0
1,2,0.9717435836791992,0.09824639478811782,0.0765277332317496,2.303834612632515,-3.0543261909900767,0.0,0.0,0.0572433332658999,0.19207427101894983,0.0,0.0
1,2,0.9824235439300537,0.09824639478811782,0.0765277332317496,2.303834612632515,-3.0543261909900767,0.0,0.0,0.0572433332658999,0.19207427101894983,0.0,0.0
1,2,0.9933500289916992,0.09824639478811782,0.0765277332317496,2.303834612632515,-3.0543261909900767,0.0,0.0,0.0572433332658999,0.19207427101894983,0.0,0.0
2,1,0.0,-0.022150137938445714,0.01126870843550917,2.1642082724729685,-3.2288591161895095,0.0,0.0,0.07979236644729047,0.18289236709390158,0.0,0.0
2,1,0.010723590850830078,-0.011988900749240822,0.0214299456247161,2.1642082724729685,-3.2288591161895095,0.0,0.0,0.07979236644729047,0.18289236709390158,0.0,0.0
2,1,0.02152276039123535,0.018848764886017735,0.05226761125997466,2.1642082724729685,-3.2288591161895095,0.0,0.0,0.07979236644729047,0.18289236709390158,0.0,0.0
2,1,0.03239750862121582,0.07071099050109902,0.10412983687505595,2.1642082724729685,-3.2288591161895095,0.0,0.0,0.07979236644729047,0.18289236709390158,0.0,0.0
2,1,0.042929649353027344,0.14053775494538112,0.17395660131933804,2.1642082724729685,-3.2288591161895095,0.0,0.0,0.07979236644729047,0.18289236709390158,0.0,0.0
2,1,0.05414152145385742,0.13949608562690613,0.2689149320008631,2.1642082724729685,-3.2288591161895095,0.2792526803190927,0.0,0.07979236644729047,0.18289236709390158,0.038954655805335206,0.0
2,1,0.0657050609588623,0.32484893214012156,0.3282677785140784,2.1642082724729685,-3.2288591161895095,0.08726646259971647,0.17453292519943295,0.07979236644729047,0.18289236709390158,0.028348417187163754,0.05729353563278167
2,1,0.07637619972229004,0.4833047929215508,0.3907236392955077,2.1642082724729685,-3.2288591161895095,0.0,0.3665191429188092,0.07979236644729047,0.18289236709390158,0.0,0.14320769339270745
2,1,0.08730530738830566,0.5359414890771241,0.5033603354510809,2.1642082724729685,-3.2288591161895095,0.2792526803190927,0.47123889803846897,0.07979236644729047,0.18289236709390158,0.14966309731899266,0.23720296979424146
2,1,0.09834742546081543,0.5403421946883418,0.4937610410622976,2.1642082724729685,-3.2114058236695664,0.7504915783575618,0.7504915783575618,0.07895052411519148,0.1843367260816347,0.4055222665448425,0.3705635030383166
2,1,0.10900568962097168,0.5030346151262612,0.47045346150022027,2.181661564992912,-3.2114058236695664,1.1344640137963142,1.3264502315156905,0.07724111788835272,0.1838073846105923,0.5706746685546225,0.6240331029243252
2,1,0.11977815628051758,0.48014737853437256,0.47756622490832945,2.199114857512855,-3.193952531149623,1.5184364492350666,1.6231562043547265,0.07468302028274952,0.1846906681341581,0.7290732805712581,0.7751645809502197
2,1,0.13110733032226562,0.49902713224307005,0.3564459786170299,2.2165681500327987,-3.1590459461097367,1.8151424220741028,2.0943951023931953,0.0712273200922962,0.18696074864229378,0.9058053175003797,0.746538711883257
2,1,0.14205598831176758,0.5102863701504846,0.39770521652444035,2.234021442552742,-3.141592653589793,2.199114857512855,2.3911010752322315,0.06863999848077379,0.18777193663760514,1.122178338184235,0.9509533708570568
2,1,0.15277957916259766,0.4707753739084998,0.38819422028245754,2.2689280275926285,-3.1066860685499065,2.478367537831948,2.5830872929516078,0.0634476730828346,0.1892997214849544,1.1667544043055231,1.0027395576088733
2,1,0.16411304473876953,0.45763152110654237,0.4110503674805002,2.2863813201125716,-3.0892327760299634,2.9670597283903604,2.9670597283903604,0.0608432165989741,0.19001652196740842,1.3578200567172451,1.2196109916914508
2,1,0.174607515335083,0.4228189065848096,0.40623775295876735,2.321287905152458,-3.0543261909900767,3.246312408709453,3.1590459461097367,0.05561844145530501,0.19135777586466884,1.3726022630832304,1.2833237266411226
2,1,0.18524384498596191,0.38683476171459946,0.40625360808855915,2.356194490192345,-3.01941960595019,3.543018381548489,3.351032163829113,0.05037594137705889,0.19257264719234285,1.3705626713767556,1.3613689073763888
2,1,0.19599366188049316,0.2793254466827314,0.2767442930566884,2.4085543677521746,-2.9845130209103035,3.822271061867582,3.9269908169872414,0.043552148063684584,0.19285441972057657,1.0676575716986405,1.0867722974872414
2,1,0.20684123039245605,0.28210156605077696,0.23552041242473484,2.443460952792061,-2.9321531433504737,4.014257279586958,4.014257279586958,0.037200709073589765,0.19507154707826363,1.1324282651022124,0.9454395300673144
2,1,0.21747374534606934,0.1608162208163922,0.11423506719034801,2.4958208303518914,-2.8797932657906435,4.310963252425994,4.310963252425994,0.029257837976973865,0.19620417844308358,0.693272818333491,0.4924631767960046
2,1,0.2283797264099121,0.1917917879491842,0.1092106343231421,2.530727415391778,-2.8448866807507573,4.39822971502571,4.50294947014537,0.02395067341601942,0.196807367347497,0.8435443408560118,0.49176996795963246
2,1,0.23926115036010742,0.29706238327698364,0.08248122965094151,2.5830872929516078,-2.792526803190927,4.014257279586958,4.50294947014537,0.01597640784644841,0.19748521913363426,1.1924848345610826,0.3714088093536457
2,1,0.25006580352783203,0.1580576778987402,0.04547652427270016,2.6354471705114375,-2.7401669256310974,4.310963252425994,4.50294947014537,0.007990972160217262,0.19789166483975718,0.6813808411852532,0.20477849087780822
2,1,0.2609825134277344,0.16271599295570036,-0.06586516067033893,2.670353755551324,-2.6878070480712677,4.39822971502571,4.694935687864747,0.0013393976641390554,0.1991243066358817,0.7156623153276754,0.0
2,1,0.27246546745300293,0.07854692415102588,-0.07803422947501776,2.722713633111154,-2.6354471705114375,4.50294947014537,4.590215932745087,-0.006697277090878979,0.1990327553354815,0.3536928304874105,0.0
2,1,0.28299546241760254,0.14751845055987883,-0.15506270306616377,2.7576202181510405,-2.5830872929516078,4.310963252425994,4.590215932745087,-0.013466570483408553,0.19984604570815676,0.6359466194184584,0.0
2,1,0.29425621032714844,0.0668839544808375,-0.2716971991452049,2.8099800957108707,-2.530727415391778,4.310963252425994,4.694935687864747,-0.021535221997804388,0.19924836677486263,0.2883342699438234,0.0
2,1,0.3051493167877197,0.03137754312315716,-0.22720361050288185,2.8623399732707004,-2.4958208303518914,4.118977034706618,4.50294947014537,-0.02808999705926899,0.19745227649789399,0.12924337952980092,0.0
2,1,0.3156864643096924,-0.09007353736155374,-0.24665469098759496,2.91469985083053,-2.443460952792061,4.118977034706618,4.2062434973063345,-0.03608106012476338,0.19635568753863086,0.0,0.0
2,1,0.3268249034881592,-0.14184146203228587,-0.28242261565832605,2.949606435870417,-2.3911010752322315,4.118977034706618,3.9269908169872414,-0.042957965203142434,0.19629779796405256,0.0,0.0
2,1,0.3385202884674072,-0.18550619527162987,-0.28208734889767306,3.001966313430247,-2.356194490192345,3.822271061867582,3.735004599267865,-0.04933761591813134,0.19391188110977092,0.0,0.0
2,1,0.3493964672088623,-0.27565188539252805,-0.35023303901857045,3.036872898470133,-2.303834612632515,3.822271061867582,3.4382986264288293,-0.05623741285108865,0.1934422616170814,0.0,0.0
2,1,0.360065221786499,-0.287718886634928,-0.39230004026097254,3.07177948351002,-2.2689280275926285,3.543018381548489,3.246312408709453,-0.06151686336873546,0.19207973665715938,0.0,0.0
2,1,0.37102246284484863,-0.2790580106396861,-0.23763916426572929,3.1066860685499065,-2.251474735072685,3.1590459461097367,2.670353755551324,-0.06510607425329988,0.1899515770225454,0.0,0.0
2,1,0.3820071220397949,-0.31653642584764174,-0.3111175794736809,3.141592653589793,-2.2165681500327987,2.8623399732707004,2.478367537831948,-0.0703194826854591,0.1883793566573692,0.0,0.0
2,1,0.39295506477355957,-0.40520183196044046,-0.3697829855864797,3.1764992386296798,-2.181661564992912,2.670353755551324,2.199114857512855,-0.07550784625592527,0.1866797843688175,0.0,0.0
2,1,0.403705358505249,-0.441312012020298,-0.3258931656463423,3.2114058236695664,-2.1642082724729685,2.2863813201125716,1.8151424220741028,-0.0789505805496156,0.18433676189834175,0.0,0.0
2,1,0.41452836990356445,-0.3131675111915164,-0.2937486648175647,3.2288591161895095,-2.1467549799530254,1.6231562043547265,1.4311699866353502,-0.08151109922889299,0.18339823998203256,0.0,0.0
2,1,0.42507219314575195,-0.253863980893158,-0.270445134519194,3.246312408709453,-2.129301687433082,1.1344640137963142,1.0471975511965976,-0.08406416982410582,0.1824276023839509,0.0,0.0
2,1,0.4374988079071045,-0.1344830585458678,-0.18106421217190388,3.246312408709453,-2.129301687433082,0.6632251157578453,0.6632251157578453,-0.08406416982410582,0.1824276023839509,0.0,0.0
2,1,0.44835877418518066,0.021633103279987825,-0.2669480503460555,3.246312408709453,-2.111848394913139,0.08726646259971647,0.5585053606381855,-0.08580003738133216,0.18289520544262483,0.0018878443982988614,0.0
2,1,0.45914220809936523,0.00913478135296232,-0.17744637227308097,3.246312408709453,-2.111848394913139,0.0,0.17453292519943295,-0.08580003738133216,0.18289520544262483,0.0,0.0
2,1,0.4693427085876465,0.09737542549206234,-0.15520572813398104,3.246312408709453,-2.111848394913139,-0.3665191429188092,0.0,-0.08580003738133216,0.18289520544262483,0.0,0.0
2,1,0.48067808151245117,0.06244578069576212,-0.09413537293028121,3.246312408709453,-2.111848394913139,-0.3665191429188092,-0.2792526803190927,-0.08580003738133216,0.18289520544262483,0.0,0.026287555203618394
2,1,0.49121689796447754,-0.024972039141070074,-0.08555319276711337,3.246312408709453,-2.111848394913139,-0.17453292519943295,-0.3665191429188092,-0.08580003738133216,0.18289520544262483,0.004358443039485695,0.03135688288697006
2,1,0.5019500255584717,0.07073129156447099,-0.09184986206157231,3.246312408709453,-2.111848394913139,-0.47123889803846897,-0.3665191429188092,-0.08580003738133216,0.18289520544262483,0.0,0.03366473272001833
2,1,0.5131652355194092,-0.06126870843552902,-0.041849862061573234,3.246312408709453,-2.129301687433082,-0.08726646259971647,-0.2792526803190927,-0.08406416982410582,0.1824276023839509,0.005346703453222026,0.011686686151678637
2,1,0.5241577625274658,0.11473129156447211,-0.041849862061573234,3.2288591161895095,-2.129301687433082,-0.3665191429188092,-0.2792526803190927,-0.08323831571889108,0.1838898025609379,0.0,0.011686686151678637
2,1,0.5344147682189941,0.018731291564472098,-0.011849862061573235,3.2288591161895095,-2.129301687433082,-0.08726646259971647,-0.3665191429188092,-0.08323831571889108,0.1838898025609379,0.0,0.0043432012865139355
2,1,0.5458755493164062,0.0487312915644721,-0.041849862061573234,3.2288591161895095,-2.129301687433082,-0.17453292519943295,-0.2792526803190927,-0.08323831571889108,0.1838898025609379,0.0,0.011686686151678637
2,1,0.5568790435791016,0.018731291564472098,-0.13784986206157324,3.2288591161895095,-2.129301687433082,-0.08726646259971647,0.0,-0.08323831571889108,0.1838898025609379,0.0,0.0
2,1,0.5677495002746582,0.018731291564472098,-0.13784986206157324,3.2288591161895095,-2.129301687433082,-0.08726646259971647,0.0,-0.08323831571889108,0.1838898025609379,0.0,0.0
2,1,0.5785298347473145,-0.011268708435527899,-0.13784986206157324,3.2288591161895095,-2.129301687433082,0.0,0.0,-0.08323831571889108,0.1838898025609379,0.0,0.0
2,1,0.5891847610473633,-0.011268708435527899,-0.13784986206157324,3.2288591161895095,-2.129301687433082,0.0,0.0,-0.08323831571889108,0.1838898025609379,0.0,0.0
2,1,0.599994421005249,-0.011268708435527899,-0.10784986206157324,3.2288591161895095,-2.129301687433082,0.0,-0.08726646259971647,-0.08323831571889108,0.1838898025609379,0.0,0.009411675953980861
2,1,0.6106758117675781,-0.0412687084355279,-0.07784986206157324,3.2288591161895095,-2.129301687433082,0.08726646259971647,-0.17453292519943295,-0.08323831571889108,0.1838898025609379,0.0,0.013587364151978734
2,1,0.6218662261962891,-0.07126870843552789,-0.057849862061572103,3.2288591161895095,-2.1467549799530254,0.17453292519943295,0.0,-0.08151109922889299,0.18339823998203256,0.0,0.0
2,1,0.6329617500305176,-0.011268708435527899,-0.057849862061572103,3.2288591161895095,-2.1467549799530254,0.0,0.0,-0.08151109922889299,0.18339823998203256,0.0,0.0
2,1,0.6435832977294922,-0.011268708435527899,-0.057849862061572103,3.2288591161895095,-2.1467549799530254,0.0,0.0,-0.08151109922889299,0.18339823998203256,0.0,0.0
2,1,0.654473066329956,-0.011268708435527899,-0.057849862061572103,3.2288591161895095,-2.1467549799530254,0.0,0.0,-0.08151109922889299,0.18339823998203256,0.0,0.0
2,1,0.6653523445129395,-0.011268708435527899,-0.057849862061572103,3.2288591161895095,-2.1467549799530254,0.0,0.0,-0.08151109922889299,0.18339823998203256,0.0,0.0
2,1,0.6762433052062988,-0.011268708435527899,-0.11784986206157211,3.2288591161895095,-2.1467549799530254,0.0,0.17453292519943295,-0.08151109922889299,0.18339823998203256,0.0,0.0
2,1,0.6869959831237793,-0.011268708435527899,-0.057849862061572103,3.2288591161895095,-2.1467549799530254,0.0,0.0,-0.08151109922889299,0.18339823998203256,0.0,0.0
2,1,0.6976549625396729,-0.011268708435527899,-0.057849862061572103,3.2288591161895095,-2.1467549799530254,0.0,0.0,-0.08151109922889299,0.18339823998203256,0.0,0.0
2,1,0.7089114189147949,-0.011268708435527899,0.0021501379384278943,3.2288591161895095,-2.1467549799530254,0.0,-0.17453292519943295,-0.08151109922889299,0.18339823998203256,0.0,0.0
2,1,0.719372034072876,-0.011268708435527899,-0.027849862061572105,3.2288591161895095,-2.1467549799530254,0.0,-0.08726646259971647,-0.08151109922889299,0.18339823998203256,0.0,0.002430358946003445
2,1,0.7306020259857178,-0.0412687084355279,-0.057849862061572103,3.2288591161895095,-2.1467549799530254,0.08726646259971647,0.0,-0.08151109922889299,0.18339823998203256,0.0,0.0
2,1,0.7412233352661133,-0.011268708435527899,-0.08784986206157211,3.2288591161895095,-2.1467549799530254,0.0,0.08726646259971647,-0.08151109922889299,0.18339823998203256,0.0,0.0
2,1,0.7527432441711426,-0.011268708435527899,-0.08784986206157211,3.2288591161895095,-2.1467549799530254,0.0,0.08726646259971647,-0.08151109922889299,0.18339823998203256,0.0,0.0
2,1,0.7634708881378174,-0.011268708435527899,-0.057849862061572103,3.2288591161895095,-2.1467549799530254,0.0,0.0,-0.08151109922889299,0.18339823998203256,0.0,0.0
2,1,0.774141788482666,-0.011268708435527899,-0.057849862061572103,3.2288591161895095,-2.1467549799530254,0.0,0.0,-0.08151109922889299,0.18339823998203256,0.0,0.0
2,1,0.7850706577301025,-0.011268708435527899,0.0021501379384278943,3.2288591161895095,-2.1467549799530254,0.0,-0.17453292519943295,-0.08151109922889299,0.18339823998203256,0.0,0.0
2,1,0.7957971096038818,-0.011268708435527899,-0.027849862061572105,3.2288591161895095,-2.1467549799530254,0.0,-0.08726646259971647,-0.08151109922889299,0.18339823998203256,0.0,0.002430358946003445
2,1,0.8065974712371826,-0.011268708435527899,0.0021501379384278943,3.2288591161895095,-2.1467549799530254,0.0,-0.17453292519943295,-0.08151109922889299,0.18339823998203256,0.0,0.0
2,1,0.8179161548614502,-0.011268708435527899,-0.057849862061572103,3.2288591161895095,-2.1467549799530254,0.0,0.0,-0.08151109922889299,0.18339823998203256,0.0,0.0
2,1,0.8291094303131104,-0.011268708435527899,-0.057849862061572103,3.2288591161895095,-2.1467549799530254,0.0,0.0,-0.08151109922889299,0.18339823998203256,0.0,0.0
2,1,0.8398826122283936,-0.011268708435527899,-0.057849862061572103,3.2288591161895095,-2.1467549799530254,0.0,0.0,-0.08151109922889299,0.18339823998203256,0.0,0.0
2,1,0.8509178161621094,-0.011268708435527899,-0.057849862061572103,3.2288591161895095,-2.1467549799530254,0.0,0.0,-0.08151109922889299,0.18339823998203256,0.0,0.0
2,1,0.861973762512207,-0.011268708435527899,-0.057849862061572103,3.2288591161895095,-2.1467549799530254,0.0,0.0,-0.08151109922889299,0.18339823998203256,0.0,0.0
2,1,0.873002290725708,-0.011268708435527899,-0.057849862061572103,3.2288591161895095,-2.1467549799530254,0.0,0.0,-0.08151109922889299,0.18339823998203256,0.0,0.0
2,1,0.8838884830474854,-0.011268708435527899,-0.057849862061572103,3.2288591161895095,-2.1467549799530254,0.0,0.0,-0.08151109922889299,0.18339823998203256,0.0,0.0
2,1,0.894503116607666,-0.011268708435527899,-0.057849862061572103,3.2288591161895095,-2.1467549799530254,0.0,0.0,-0.08151109922889299,0.18339823998203256,0.0,0.0
2,1,0.9057447910308838,-0.011268708435527899,-0.057849862061572103,3.2288591161895095,-2.1467549799530254,0.0,0.0,-0.08151109922889299,0.18339823998203256,0.0,0.0
2,1,0.9162216186523438,-0.011268708435527899,-0.057849862061572103,3.2288591161895095,-2.1467549799530254,0.0,0.0,-0.08151109922889299,0.18339823998203256,0.0,0.0
2,1,0.9273228645324707,-0.011268708435527899,-0.057849862061572103,3.2288591161895095,-2.1467549799530254,0.0,0.0,-0.08151109922889299,0.18339823998203256,0.0,0.0
2,1,0.9386377334594727,-0.011268708435527899,-0.057849862061572103,3.2288591161895095,-2.1467549799530254,0.0,0.0,-0.08151109922889299,0.18339823998203256,0.0,0.0
2,1,0.9494290351867676,-0.011268708435527899,-0.057849862061572103,3.2288591161895095,-2.1467549799530254,0.0,0.0,-0.08151109922889299,0.18339823998203256,0.0,0.0
2,1,0.9601831436157227,-0.011268708435527899,-0.057849862061572103,3.2288591161895095,-2.1467549799530254,0.0,0.0,-0.08151109922889299,0.18339823998203256,0.0,0.0
2,1,0.9708642959594727,-0.011268708435527899,-0.057849862061572103,3.2288591161895095,-2.1467549799530254,0.0,0.0,-0.08151109922889299,0.18339823998203256,0.0,0.0
2,1,0.9825541973114014,-0.011268708435527899,-0.057849862061572103,3.2288591161895095,-2.1467549799530254,0.0,0.0,-0.08151109922889299,0.18339823998203256,0.0,0.0
2,1,0.9939930438995361,-0.011268708435527899,-0.057849862061572103,3.2288591161895095,-2.1467549799530254,0.0,0.0,-0.08151109922889299,0.18339823998203256,0.0,0.0
2,2,0.0,-0.011268708435527899,-0.057849862061572103,3.2288591161895095,-2.1467549799530254,0.0,0.0,-0.08151109922889299,0.18339823998203256,0.0,0.0
2,2,0.011296749114990234,-0.043508986020417154,-0.09009013964645933,3.2288591161895095,-2.1467549799530254,0.0,0.0,-0.08151109922889299,0.18339823998203256,0.0,0.0
2,2,0.02180647850036621,-0.12933457652985278,-0.17591573015589496,3.2288591161895095,-2.1467549799530254,0.0,0.0,-0.08151109922889299,0.18339823998203256,0.0,0.0
2,2,0.0344090461730957,-0.29823012593895043,-0.34481127956499263,3.2288591161895095,-2.1467549799530254,0.0,0.0,-0.08151109922889299,0.18339823998203256,0.0,0.0
2,2,0.045953989028930664,-0.5103422358362045,-0.5569233894622467,3.2288591161895095,-2.1467549799530254,0.0,0.0,-0.08151109922889299,0.18339823998203256,0.0,0.0
2,2,0.05663251876831055,-0.7497730915403705,-0.7663542451664127,3.2288591161895095,-2.1467549799530254,0.0,-0.08726646259971647,-0.08151109922889299,0.18339823998203256,0.0,0.0668770240739487
2,2,0.06730794906616211,-0.8330487188077711,-0.9096298724338132,3.2288591161895095,-2.1467549799530254,-0.5585053606381855,-0.47123889803846897,-0.08151109922889299,0.18339823998203256,0.46526217512691254,0.42865297870858327
2,2,0.07838129997253418,-0.83625863945972,-1.0948397930857612,3.2114058236695664,-2.1467549799530254,-1.239183768915974,-0.8552113334772214,-0.08066883701390756,0.1848520239910465,1.0362781326342405,0.936319399388799
2,2,0.08922266960144043,-0.8635508464784075,-1.1521320001044508,3.193952531149623,-2.1642082724729685,-1.9024088846738192,-1.4311699866353502,-0.07809191218127637,0.18578198133270757,1.6428268027081196,1.6488967391916463
2,2,0.10004639625549316,-0.756038298012105,-1.1606194516381474,3.1590459461097367,-2.181661564992912,-2.775073510670984,-2.199114857512855,-0.07461589891083759,0.18811657968488538,2.098061853866168,2.5523354800158726
2,2,0.11029243469238281,-0.7419734545057768,-1.1465546081318192,3.12413936106985,-2.2165681500327987,-3.351032163829113,-2.775073510670984,-0.0693947558589994,0.1897977702715567,2.486376910756255,3.181773321564362
2,2,0.12177062034606934,-0.7079669455640913,-1.0825480991901337,3.0892327760299634,-2.251474735072685,-4.118977034706618,-3.6302848441482056,-0.06414860677593118,0.1913509295247308,2.9160995901098827,3.929957957551391
2,2,0.13226771354675293,-0.6245164868920745,-1.0130976405181182,3.036872898470133,-2.2863813201125716,-4.694935687864747,-4.39822971502571,-0.057872745224967034,0.19415489610056214,2.932064741969517,4.455836146749223
2,2,0.14336562156677246,-0.5524899290474262,-0.8090710826734678,2.9845130209103035,-2.3387411976724017,-5.270894341022875,-5.358160803622591,-0.049882707132485354,0.1960248142868165,2.9121160404882085,4.335132962525469
2,2,0.15510892868041992,-0.484650896762016,-0.6612320503880584,2.9321531433504737,-2.4085543677521746,-5.846852994181004,-5.934119456780721,-0.04029025524614137,0.1967750994193938,2.8336825468655022,3.9238299756547876
2,2,0.16640615463256836,-0.2035223814229452,-0.41010353504898545,2.8623399732707004,-2.478367537831948,-6.702064327658226,-6.702064327658226,-0.029588128779388198,0.19837382348856672,1.3640200924147723,2.74854027289834
2,2,0.1772019863128662,0.1331380033057098,-0.2794431503203318,2.775073510670984,-2.548180707911721,-7.365289443416071,-6.998770300497261,-0.017599758277133615,0.20067781240400162,0.0,1.95575842113933
2,2,0.18813061714172363,0.4375199398605819,-0.047061213765461574,2.6878070480712677,-2.6354471705114375,-7.853981633974483,-7.278022980816354,-0.004064429868887547,0.20129697119492934,0.0,0.3425125952901403
2,2,0.19959568977355957,0.7610726653059658,0.07849151167992424,2.600540585471551,-2.722713633111154,-8.325220532012953,-7.173303225696695,0.009480597238348189,0.20114149278099946,0.0,0.0
2,2,0.20983505249023438,0.8879528652552282,0.16137171162918335,2.5132741228718345,-2.792526803190927,-8.04596785169386,-6.998770300497261,0.021773647322065846,0.20143500927259186,0.0,0.0
2,2,0.2206897735595703,1.0071383426024147,0.23055718897637295,2.426007660272118,-2.8623399732707004,-7.661995416255107,-6.702064327658226,0.03416079377474737,0.2010763851203251,0.0,0.0
2,2,0.23165059089660645,1.0346059191939299,0.2800247655678911,2.3387411976724017,-2.9321531433504737,-6.894050545377602,-6.230825429619756,0.04661555299972034,0.2000465299461347,0.0,0.0
2,2,0.2424144744873047,0.9587930352854038,0.3662118816593649,2.2689280275926285,-3.001966313430247,-5.934119456780721,-5.742133239061344,0.05745334428346835,0.19762264267646318,0.0,0.0
2,2,0.25354433059692383,0.9078905449751513,0.5273093913491074,2.2165681500327987,-3.07177948351002,-5.1661745859032155,-5.358160803622591,0.06651902988857443,0.19404842402396386,0.0,0.0
2,2,0.2645280361175537,0.895630195027587,0.7130490414015452,2.1642082724729685,-3.12413936106985,-4.39822971502571,-5.1661745859032155,0.0744878845218464,0.19156460871711703,0.0,0.0
2,2,0.27499866485595703,0.9143744530551592,0.6357932994291197,2.111848394913139,-3.1764992386296798,-3.6302848441482056,-4.118977034706618,0.08239280107458613,0.18878565178549517,0.0,0.0
2,2,0.2863810062408447,0.8858230445145981,0.7692418908885544,2.076941809873252,-3.2114058236695664,-2.8623399732707004,-3.822271061867582,0.08762303981743755,0.1867678147512179,0.0,0.0
2,2,0.2971925735473633,0.7233990957346234,0.832817942108588,2.059488517353309,-3.263765701229396,-1.9024088846738192,-3.0543261909900767,0.0918643288651161,0.18271012105062895,0.0,0.0
2,2,0.3077123165130615,0.6444646690646522,0.6878835154386085,2.0420352248333655,-3.2812189937493397,-1.1344640137963142,-2.0943951023931953,0.09442463011503041,0.18160099264410465,0.0,0.0
2,2,0.318798303604126,0.6027237819196636,0.67614262829362,2.0245819323134224,-3.2986722862692828,-0.47123889803846897,-1.5184364492350666,0.09697552963088965,0.1804586600731807,0.0,0.0
2,2,0.33011722564697266,0.40980442100351167,0.5572232673774692,2.0245819323134224,-3.3161255787892263,0.3665191429188092,-0.6632251157578453,0.09773659643326463,0.17894458772902577,0.15020116515054596,0.0
2,2,0.34070301055908203,0.22370877645639942,0.39112762283035624,2.0420352248333655,-3.3161255787892263,0.8552113334772214,0.0,0.09596273000336301,0.17859067698752074,0.191318281023835,0.0
2,2,0.3514704704284668,0.14784986206155404,0.2852687084355107,2.0420352248333655,-3.3161255787892263,1.1344640137963142,0.3665191429188092,0.09596273000336301,0.17859067698752074,0.167730347953582,0.10455644251733907
2,2,0.3628511428833008,0.03184986206155288,0.15326870843551071,2.059488517353309,-3.3161255787892263,1.239183768915974,0.7504915783575618,0.09419547808508132,0.1782214516706697,0.03946783210888899,0.11502687490659137
2,2,0.3734860420227051,-0.04815013793844619,0.03726870843550956,2.076941809873252,-3.2986722862692828,1.239183768915974,0.8552113334772214,0.09167539916225703,0.1793217438844656,0.0,0.0318726218381059
2,2,0.3847198486328125,0.053849862061553844,0.03726870843550956,2.076941809873252,-3.2986722862692828,0.9424777960769379,0.8552113334772214,0.09167539916225703,0.1793217438844656,0.05075229931482038,0.0318726218381059
2,2,0.3957853317260742,-0.026150137938445228,-0.006731291564489483,2.0943951023931953,-3.2812189937493397,0.9424777960769379,0.7504915783575618,0.08914658809899977,0.18038944428773662,0.0,0.0
2,2,0.4063589572906494,-0.07615013793844641,0.023268708435510516,2.111848394913139,-3.2812189937493397,0.8552113334772214,0.6632251157578453,0.08740200890183727,0.17995572605795207,0.0,0.015432391845677013
2,2,0.417788028717041,-0.01015013793844638,-0.05673129156449058,2.111848394913139,-3.263765701229396,0.6632251157578453,0.6632251157578453,0.08660937483451688,0.1814246738465403,0.0,0.0
2,2,0.42855167388916016,-0.12015013793844548,-0.08673129156449058,2.129301687433082,-3.263765701229396,0.7504915783575618,0.7504915783575618,0.08487311906461072,0.18096665819491858,0.0,0.0
2,2,0.43930554389953613,-0.054150137938445475,0.00926870843550942,2.129301687433082,-3.263765701229396,0.5585053606381855,0.47123889803846897,0.08487311906461072,0.18096665819491858,0.0,0.0043677759493893215
2,2,0.45096659660339355,-0.024150137938445476,-0.0707312915644897,2.129301687433082,-3.246312408709453,0.47123889803846897,0.47123889803846897,0.08406408278129253,0.18242755218968776,0.0,0.0
2,2,0.4615519046783447,-0.06815013793844663,0.031268708435510294,2.1467549799530254,-3.246312408709453,0.3665191429188092,0.17453292519943295,0.0823364681591925,0.18194549811001073,0.0,0.005457419150457796
2,2,0.47292017936706543,0.02784986206155338,0.031268708435510294,2.1467549799530254,-3.246312408709453,0.08726646259971647,0.17453292519943295,0.0823364681591925,0.18194549811001073,0.002430358946001811,0.005457419150457796
2,2,0.4841771125793457,-0.0021501379384466224,-0.0047312915644897174,2.1467549799530254,-3.246312408709453,0.17453292519943295,0.2792526803190927,0.0823364681591925,0.18194549811001073,0.0,0.0
2,2,0.49515604972839355,-0.0021501379384466224,0.031268708435510294,2.1467549799530254,-3.246312408709453,0.17453292519943295,0.17453292519943295,0.0823364681591925,0.18194549811001073,0.0,0.005457419150457796
2,2,0.5056748390197754,-0.0021501379384466224,0.0912687084355103,2.1467549799530254,-3.246312408709453,0.17453292519943295,0.0,0.0823364681591925,0.18194549811001073,0.0,0.0
2,2,0.5169131755828857,-0.08215013793844572,0.0912687084355103,2.1642082724729685,-3.246312408709453,0.17453292519943295,0.0,0.08061746985252637,0.18144921025291968,0.0,0.0
2,2,0.5279331207275391,-0.08215013793844572,0.0912687084355103,2.1642082724729685,-3.246312408709453,0.17453292519943295,0.0,0.08061746985252637,0.18144921025291968,0.0,0.0
2,2,0.5386447906494141,-0.022150137938445714,0.0912687084355103,2.1642082724729685,-3.246312408709453,0.0,0.0,0.08061746985252637,0.18144921025291968,0.0,0.0
2,2,0.549034833908081,-0.022150137938445714,0.031268708435510294,2.1642082724729685,-3.246312408709453,0.0,0.17453292519943295,0.08061746985252637,0.18144921025291968,0.0,0.005457419150457796
2,2,0.5602304935455322,-0.022150137938445714,0.0612687084355103,2.1642082724729685,-3.246312408709453,0.0,0.08726646259971647,0.08061746985252637,0.18144921025291968,0.0,0.005346703453220393
2,2,0.5707261562347412,0.03784986206155429,-0.04873129156449083,2.1642082724729685,-3.2288591161895095,-0.17453292519943295,0.17453292519943295,0.07979236644729047,0.18289236709390158,0.0,0.0
2,2,0.5823745727539062,0.05784986206155338,-0.08473129156449084,2.1467549799530254,-3.2288591161895095,0.0,0.2792526803190927,0.08151102895615306,0.1833981974458393,0.0,0.0
2,2,0.5933220386505127,0.11784986206155337,0.01126870843550917,2.1467549799530254,-3.2288591161895095,-0.17453292519943295,0.0,0.08151102895615306,0.1833981974458393,0.0,0.0
2,2,0.6040000915527344,0.05784986206155338,0.01126870843550917,2.1467549799530254,-3.2288591161895095,0.0,0.0,0.08151102895615306,0.1833981974458393,0.0,0.0
2,2,0.614901065826416,-0.0021501379384466224,-0.018731291564490833,2.1467549799530254,-3.2288591161895095,0.17453292519943295,0.08726646259971647,0.08151102895615306,0.1833981974458393,0.0,0.0
2,2,0.6254420280456543,-0.08215013793844572,0.01126870843550917,2.1642082724729685,-3.2288591161895095,0.17453292519943295,0.0,0.07979236644729047,0.18289236709390158,0.0,0.0
2,2,0.636890172958374,-0.022150137938445714,0.01126870843550917,2.1642082724729685,-3.2288591161895095,0.0,0.0,0.07979236644729047,0.18289236709390158,0.0,0.0
2,2,0.6472518444061279,-0.11815013793844573,0.01126870843550917,2.1642082724729685,-3.2288591161895095,0.2792526803190927,0.0,0.07979236644729047,0.18289236709390158,0.0,0.0
2,2,0.6585497856140137,-0.022150137938445714,0.01126870843550917,2.1642082724729685,-3.2288591161895095,0.0,0.0,0.07979236644729047,0.18289236709390158,0.0,0.0
2,2,0.6695342063903809,-0.022150137938445714,0.01126870843550917,2.1642082724729685,-3.2288591161895095,0.0,0.0,0.07979236644729047,0.18289236709390158,0.0,0.0
2,2,0.6803255081176758,-0.022150137938445714,0.01126870843550917,2.1642082724729685,-3.2288591161895095,0.0,0.0,0.07979236644729047,0.18289236709390158,0.0,0.0
2,2,0.6910181045532227,0.007849862061554285,0.01126870843550917,2.1642082724729685,-3.2288591161895095,-0.08726646259971647,0.0,0.07979236644729047,0.18289236709390158,0.0,0.0
2,2,0.7019217014312744,0.03784986206155429,0.01126870843550917,2.1642082724729685,-3.2288591161895095,-0.17453292519943295,0.0,0.07979236644729047,0.18289236709390158,0.0,0.0
2,2,0.7128117084503174,0.07384986206155429,0.01126870843550917,2.1642082724729685,-3.2288591161895095,-0.2792526803190927,0.0,0.07979236644729047,0.18289236709390158,0.0,0.0
2,2,0.7235450744628906,0.03784986206155429,0.01126870843550917,2.1642082724729685,-3.2288591161895095,-0.17453292519943295,0.0,0.07979236644729047,0.18289236709390158,0.0,0.0
2,2,0.7341599464416504,-0.022150137938445714,0.01126870843550917,2.1642082724729685,-3.2288591161895095,0.0,0.0,0.07979236644729047,0.18289236709390158,0.0,0.0
2,2,0.7450437545776367,-0.052150137938445716,0.01126870843550917,2.1642082724729685,-3.2288591161895095,0.08726646259971647,0.0,0.07979236644729047,0.18289236709390158,0.0,0.0
2,2,0.7565040588378906,-0.08215013793844572,0.01126870843550917,2.1642082724729685,-3.2288591161895095,0.17453292519943295,0.0,0.07979236644729047,0.18289236709390158,0.0,0.0
2,2,0.7673683166503906,-0.022150137938445714,0.01126870843550917,2.1642082724729685,-3.2288591161895095,0.0,0.0,0.07979236644729047,0.18289236709390158,0.0,0.0
2,2,0.7782669067382812,-0.022150137938445714,0.01126870843550917,2.1642082724729685,-3.2288591161895095,0.0,0.0,0.07979236644729047,0.18289236709390158,0.0,0.0
2,2,0.788996696472168,-0.022150137938445714,-0.018731291564490833,2.1642082724729685,-3.2288591161895095,0.0,0.08726646259971647,0.07979236644729047,0.18289236709390158,0.0,0.0
2,2,0.7999584674835205,0.03784986206155429,0.01126870843550917,2.1642082724729685,-3.2288591161895095,-0.17453292519943295,0.0,0.07979236644729047,0.18289236709390158,0.0,0.0
2,2,0.8109922409057617,0.03784986206155429,0.01126870843550917,2.1642082724729685,-3.2288591161895095,-0.17453292519943295,0.0,0.07979236644729047,0.18289236709390158,0.0,0.0
2,2,0.8218915462493896,-0.022150137938445714,0.01126870843550917,2.1642082724729685,-3.2288591161895095,0.0,0.0,0.07979236644729047,0.18289236709390158,0.0,0.0
2,2,0.8323755264282227,0.007849862061554285,0.01126870843550917,2.1642082724729685,-3.2288591161895095,-0.08726646259971647,0.0,0.07979236644729047,0.18289236709390158,0.0,0.0
2,2,0.8436963558197021,-0.022150137938445714,0.01126870843550917,2.1642082724729685,-3.2288591161895095,0.0,0.0,0.07979236644729047,0.18289236709390158,0.0,0.0
2,2,0.8549683094024658,-0.022150137938445714,0.01126870843550917,2.1642082724729685,-3.2288591161895095,0.0,0.0,0.07979236644729047,0.18289236709390158,0.0,0.0
2,2,0.8652291297912598,-0.022150137938445714,-0.04873129156449083,2.1642082724729685,-3.2288591161895095,0.0,0.17453292519943295,0.07979236644729047,0.18289236709390158,0.0,0.0
2,2,0.8765571117401123,-0.022150137938445714,0.01126870843550917,2.1642082724729685,-3.2288591161895095,0.0,0.0,0.07979236644729047,0.18289236709390158,0.0,0.0
2,2,0.8873741626739502,-0.022150137938445714,0.01126870843550917,2.1642082724729685,-3.2288591161895095,0.0,0.0,0.07979236644729047,0.18289236709390158,0.0,0.0
2,2,0.8981397151947021,-0.022150137938445714,0.04126870843550917,2.1642082724729685,-3.2288591161895095,0.0,-0.08726646259971647,0.07979236644729047,0.18289236709390158,0.0,0.0
2,2,0.9092130661010742,-0.022150137938445714,0.01126870843550917,2.1642082724729685,-3.2288591161895095,0.0,0.0,0.07979236644729047,0.18289236709390158,0.0,0.0
2,2,0.9203999042510986,0.03784986206155429,0.01126870843550917,2.1642082724729685,-3.2288591161895095,-0.17453292519943295,0.0,0.07979236644729047,0.18289236709390158,0.0,0.0
2,2,0.9312460422515869,-0.022150137938445714,0.01126870843550917,2.1642082724729685,-3.2288591161895095,0.0,0.0,0.07979236644729047,0.18289236709390158,0.0,0.0
2,2,0.9418160915374756,-0.022150137938445714,0.01126870843550917,2.1642082724729685,-3.2288591161895095,0.0,0.0,0.07979236644729047,0.18289236709390158,0.0,0.0
2,2,0.9525072574615479,-0.022150137938445714,0.01126870843550917,2.1642082724729685,-3.2288591161895095,0.0,0.0,0.07979236644729047,0.18289236709390158,0.0,0.0
2,2,0.9633688926696777,-0.022150137938445714,0.01126870843550917,2.1642082724729685,-3.2288591161895095,0.0,0.0,0.07979236644729047,0.18289236709390158,0.0,0.0
2,2,0.9740824699401855,-0.022150137938445714,0.01126870843550917,2.1642082724729685,-3.2288591161895095,0.0,0.0,0.07979236644729047,0.18289236709390158,0.0,0.0
2,2,0.9846949577331543,-0.022150137938445714,0.04126870843550917,2.1642082724729685,-3.2288591161895095,0.0,-0.08726646259971647,0.07979236644729047,0.18289236709390158,0.0,0.0
2,2,0.995664119720459,-0.022150137938445714,0.01126870843550917,2.1642082724729685,-3.2288591161895095,0.0,0.0,0.07979236644729047,0.18289236709390158,0.0,0.0
3,1,0.0,-0.038419549948077114,0.011146860549186398,2.007128639793479,-3.420845333908886,0.0,0.0,0.10373310344566437,0.17018965538062425,0.0,0.0
3,1,0.011521100997924805,-0.022811485858061545,0.026754924639183046,2.007128639793479,-3.420845333908886,0.0,0.0,0.10373310344566437,0.17018965538062425,0.0,0.0
3,1,0.02300882339477539,0.08099736072746123,0.07056377122470688,2.007128639793479,-3.420845333908886,-0.17453292519943295,0.0,0.10373310344566437,0.17018965538062425,0.0,0.0
3,1,0.03388714790344238,0.15672642337374287,0.14629283387098652,2.007128639793479,-3.420845333908886,-0.17453292519943295,0.0,0.10373310344566437,0.17018965538062425,0.0,0.0
3,1,0.0458681583404541,0.26844913400883785,0.2580155445060835,2.007128639793479,-3.420845333908886,-0.17453292519943295,0.0,0.10373310344566437,0.17018965538062425,0.0,0.0
3,1,0.05670762062072754,0.41047756422286996,0.3867318685895475,1.9896753472735358,-3.420845333908886,0.0,0.0,0.10552079563146831,0.17045163497962368,0.0,0.0
3,1,0.06738996505737305,0.5386412673189267,0.47820767781617346,1.9896753472735358,-3.420845333908886,0.08726646259971647,0.17453292519943295,0.10552079563146831,0.17045163497962368,0.047005318009151,0.08346298486208473
3,1,0.07829046249389648,0.5051066557630477,0.5246730662602916,2.007128639793479,-3.420845333908886,0.47123889803846897,0.5585053606381855,0.10373310344566437,0.17018965538062425,0.23802590385367486,0.29303272008884673
3,1,0.08934760093688965,0.6132118201185253,0.5967782306157693,2.007128639793479,-3.420845333908886,0.7504915783575618,0.9424777960769379,0.10373310344566437,0.17018965538062425,0.46021030674826524,0.5624502315374449
3,1,0.09987187385559082,0.5793994403852568,0.6289658508825049,2.0245819323134224,-3.4033920413889427,1.239183768915974,1.239183768915974,0.10129037168448358,0.17140979382416255,0.7179823822444087,0.7794042736160248
3,1,0.11183571815490723,0.6322241566615711,0.6157905671588154,2.0420352248333655,-3.385938748868999,1.6231562043547265,1.8151424220741028,0.09883788207992275,0.17259729867893253,1.0261985624281638,1.1177475815630378
3,1,0.12236237525939941,0.6399000570369604,0.5874664675342083,2.059488517353309,-3.368485456349056,2.0943951023931953,2.3911010752322315,0.09637598704266213,0.1737523082419578,1.3402035454793362,1.4046917021839262
3,1,0.13383030891418457,0.6791874928711027,0.6187539033683502,2.076941809873252,-3.3335788713091694,2.5830872929516078,2.670353755551324,0.09317840675673061,0.176354724261515,1.7544005823670061,1.6522918096217152
3,1,0.14510750770568848,0.6166562237572968,0.5862226342545462,2.111848394913139,-3.2986722862692828,3.1590459461097367,3.1590459461097367,0.08817794558464116,0.17848863825439365,1.948045343803827,1.8519042362595952
3,1,0.1562061309814453,0.5953515747762212,0.5289179852734709,2.1467549799530254,-3.263765701229396,3.6302848441482056,3.735004599267865,0.08314517979003408,0.18049422297125373,2.161295798849883,1.9755111076319067
3,1,0.16660714149475098,0.47570085670641504,0.4952672672036619,2.199114857512855,-3.2288591161895095,4.118977034706618,4.2062434973063345,0.07638212229622457,0.18183881321124634,1.9594009041639873,2.0832147221040818
3,1,0.17845678329467773,0.5530553470761473,0.45662175757339357,2.234021442552742,-3.1764992386296798,4.39822971502571,4.590215932745087,0.07043812340973518,0.18495333475857562,2.432464461564169,2.095992466851456
3,1,0.1889653205871582,0.47845798811678564,0.34602439861403145,2.2863813201125716,-3.12413936106985,4.782202150464463,5.078908123303499,0.06273966088641625,0.1872531076848731,2.288082819678993,1.7574261289820123
3,1,0.2000889778137207,0.4504353546756173,0.1420017651728684,2.3387411976724017,-3.0543261909900767,5.078908123303499,5.654866776461628,0.05400485125206904,0.19062912672811846,2.2877197818850856,0.8030010640749593
3,1,0.21091079711914062,0.33656206219548773,0.07212847269274036,2.4085543677521746,-3.001966313430247,5.358160803622591,6.03883921190038,0.04460629526456432,0.19154276699242606,1.803353649642251,0.4355722491914063
3,1,0.22159790992736816,0.2873135993313922,-0.08711999017135658,2.4609142453120048,-2.9321531433504737,5.654866776461628,6.422811647339133,0.03567513176965741,0.19420386466675696,1.6247201272846976,0.0
3,1,0.23212933540344238,0.24812994517599224,-0.15630364432675653,2.530727415391778,-2.8623399732707004,5.654866776461628,6.510078109938849,0.025134259421976043,0.1955801217372024,1.4031417832209636,0.0
3,1,0.24354243278503418,0.35449522166973246,-0.18299696366467266,2.5830872929516078,-2.792526803190927,5.462880558742252,6.510078109938849,0.01597640784644841,0.19748521913363426,1.9365650546266064,0.0
3,1,0.25379204750061035,0.29906557084413204,-0.18536801865861552,2.652900463031381,-2.722713633111154,5.462880558742252,6.318091892219473,0.005327636943487049,0.1979669789382788,1.6337594927535626,0.0
3,1,0.26442575454711914,0.21046049064542094,-0.16197309885732547,2.705260340591211,-2.652900463031381,5.742133239061344,6.03883921190038,-0.004018970390926267,0.19909452209771938,1.2084921788442307,0.0
3,1,0.27510786056518555,0.12323490970262066,-0.1691986798001296,2.775073510670984,-2.600540585471551,5.742133239061344,6.03883921190038,-0.013315554004428395,0.1976507726151673,0.7076312712161414,0.0
3,1,0.28626084327697754,0.10770779924419904,-0.19872579025854745,2.827433388230814,-2.530727415391778,5.742133239061344,5.846852994181004,-0.022750969198754974,0.1980302390989091,0.6184725341462616,0.0
3,1,0.29711341857910156,0.11844360751957611,-0.2539899819831684,2.897246558310587,-2.4609142453120048,5.358160803622591,5.654866776461628,-0.03342000278577885,0.19675190382024504,0.6346398952510507,0.0
3,1,0.30775952339172363,0.01732804939041302,-0.28310554011233147,2.949606435870417,-2.4085543677521746,5.462880558742252,5.550147021341968,-0.04139413588108552,0.19547090668671357,0.09466106413581281,0.0
3,1,0.3189811706542969,-0.06087139849452283,-0.29530498799726895,3.001966313430247,-2.356194490192345,5.462880558742252,5.358160803622591,-0.04933761591813134,0.19391188110977092,0.0,0.0
3,1,0.32953810691833496,-0.18445079726059366,-0.38888438676334214,3.07177948351002,-2.2863813201125716,5.270894341022875,5.078908123303499,-0.0598698639955447,0.19139724297535377,0.0,0.0
3,1,0.3405497074127197,-0.20933378122625051,-0.41376737072899283,3.12413936106985,-2.234021442552742,4.974188368183839,4.782202150464463,-0.06771576695440537,0.1891813350254012,0.0,0.0
3,1,0.3519313335418701,-0.39309070889394865,-0.4955242983966938,3.1764992386296798,-2.181661564992912,5.078908123303499,4.590215932745087,-0.07550784625592527,0.1866797843688175,0.0,0.0
3,1,0.3628208637237549,-0.468630251836909,-0.5744579514887498,3.2288591161895095,-2.129301687433082,4.782202150464463,4.310963252425994,-0.08323831571889108,0.1838898025609379,0.0,0.0
3,1,0.3736569881439209,-0.4651261521153917,-0.5235597416181363,3.2812189937493397,-2.0943951023931953,4.2062434973063345,3.822271061867582,-0.0891467196550856,0.18038951288247856,0.0,0.0
3,1,0.38442325592041016,-0.4850603439664145,-0.4634939334691504,3.3335788713091694,-2.059488517353309,3.6302848441482056,3.246312408709453,-0.0949391501129522,0.1767292398128332,0.0,0.0
3,1,0.39608025550842285,-0.4446106072585524,-0.42304419676129396,3.368485456349056,-2.0245819323134224,3.0543261909900767,2.670353755551324,-0.0999190681664416,0.1744154590499387,0.0,0.0
3,1,0.4067850112915039,-0.42202550972527786,-0.400459099228017,3.4033920413889427,-1.9896753472735358,2.478367537831948,2.0943951023931953,-0.10485996834738434,0.1719702855619891,0.0,0.0
3,1,0.4180569648742676,-0.30595568961261627,-0.3803892791153556,3.420845333908886,-1.9722220547535925,1.8151424220741028,1.710422666954443,-0.10731489064656001,0.17069810241491729,0.0,0.0
3,1,0.4289579391479492,-0.2971773812530412,-0.40761097075577507,3.4382986264288293,-1.9547687622336491,1.4311699866353502,1.4311699866353502,-0.10975896881115067,0.16939268116044112,0.0,0.0
3,1,0.4398982524871826,-0.29726834051797996,-0.3717019300207206,3.4557519189487724,-1.9373154697137058,1.0471975511965976,0.9424777960769379,-0.1121918244968134,0.16805389108532862,0.0,0.0
3,1,0.4503357410430908,-0.21942892043838985,-0.32986250994112637,3.4557519189487724,-1.9373154697137058,0.6632251157578453,0.6632251157578453,-0.1121918244968134,0.16805389108532862,0.0,0.0
3,1,0.4618353843688965,-0.25731779267582094,-0.3677513821785483,3.473205211468716,-1.9198621771937625,0.3665191429188092,0.3665191429188092,-0.114613071940862,0.1666816013910396,0.0,0.0
3,1,0.4733607769012451,-0.18571795913077316,-0.29615154863350707,3.473205211468716,-1.9198621771937625,0.0,0.0,-0.114613071940862,0.1666816013910396,0.0,0.0
3,1,0.48425769805908203,-0.09985474588286444,-0.21028833538559827,3.473205211468716,-1.9198621771937625,-0.3665191429188092,-0.3665191429188092,-0.114613071940862,0.1666816013910396,0.03659867587736297,0.07707470045135258
3,1,0.4957578182220459,-0.12311381550563755,-0.08754740500836883,3.473205211468716,-1.9373154697137058,-0.3665191429188092,-0.5585053606381855,-0.11280416510434796,0.16651497690574046,0.04512357014059068,0.048895695007136315
3,1,0.5068080425262451,-0.0091468605492257,-0.08958045005196624,3.4557519189487724,-1.9373154697137058,-0.47123889803846897,-0.5585053606381855,-0.1121918244968134,0.16805389108532862,0.0043103564857286635,0.050031161562404364
3,1,0.5179500579833984,0.0208531394507743,-0.009580450051966172,3.4557519189487724,-1.9547687622336491,-0.5585053606381855,-0.5585053606381855,-0.11038766547082049,0.16786048802198122,0.0,0.005350732711349489
3,1,0.528921365737915,0.0208531394507743,-0.009580450051966172,3.4557519189487724,-1.9547687622336491,-0.5585053606381855,-0.5585053606381855,-0.11038766547082049,0.16786048802198122,0.0,0.005350732711349489
3,1,0.5398807525634766,0.0708531394507734,-0.009580450051966172,3.4382986264288293,-1.9547687622336491,-0.47123889803846897,-0.5585053606381855,-0.10975896881115067,0.16939268116044112,0.0,0.005350732711349489
3,1,0.5507099628448486,0.004853139450773397,0.10641954994803395,3.4382986264288293,-1.9722220547535925,-0.2792526803190927,-0.6632251157578453,-0.1079599422955218,0.16917272038026948,0.0,0.0
3,1,0.5616810321807861,-0.0311468605492266,0.07041954994803394,3.4382986264288293,-1.9722220547535925,-0.17453292519943295,-0.5585053606381855,-0.1079599422955218,0.16917272038026948,0.005436152682435335,0.0
3,1,0.5725641250610352,-0.0311468605492266,-0.02558045005196606,3.4382986264288293,-1.9722220547535925,-0.17453292519943295,-0.2792526803190927,-0.1079599422955218,0.16917272038026948,0.005436152682435335,0.007143409240780198
3,1,0.5833115577697754,-0.0311468605492266,-0.061580450051966065,3.4382986264288293,-1.9722220547535925,-0.17453292519943295,-0.17453292519943295,-0.1079599422955218,0.16917272038026948,0.005436152682435335,0.01074781608266721
3,1,0.5944061279296875,0.01885313945077452,-0.011580450051965951,3.420845333908886,-1.9896753472735358,-0.08726646259971647,-0.08726646259971647,-0.10552137516147464,0.17045180940939617,0.0,0.0010105849113477715
3,1,0.6058433055877686,0.01885313945077452,-0.04158045005196595,3.420845333908886,-1.9896753472735358,-0.08726646259971647,0.0,-0.10552137516147464,0.17045180940939617,0.0,0.0
3,1,0.6167588233947754,-0.011146860549225479,-0.04158045005196595,3.420845333908886,-1.9896753472735358,0.0,0.0,-0.10552137516147464,0.17045180940939617,0.0,0.0
3,1,0.6278595924377441,-0.011146860549225479,-0.07158045005196595,3.420845333908886,-1.9896753472735358,0.0,0.08726646259971647,-0.10552137516147464,0.17045180940939617,0.0,0.0
3,1,0.6389105319976807,-0.011146860549225479,-0.12158045005196606,3.420845333908886,-1.9722220547535925,0.0,0.0,-0.10731489064656001,0.17069810241491729,0.0,0.0
3,1,0.6493649482727051,-0.011146860549225479,-0.12158045005196606,3.420845333908886,-1.9722220547535925,0.0,0.0,-0.10731489064656001,0.17069810241491729,0.0,0.0
3,1,0.6614747047424316,-0.011146860549225479,-0.12158045005196606,3.420845333908886,-1.9722220547535925,0.0,0.0,-0.10731489064656001,0.17069810241491729,0.0,0.0
3,1,0.672208309173584,-0.07114686054922548,-0.04158045005196595,3.420845333908886,-1.9896753472735358,0.17453292519943295,0.0,-0.10552137516147464,0.17045180940939617,0.0,0.0
3,1,0.6832864284515381,-0.011146860549225479,-0.011580450051965951,3.420845333908886,-1.9896753472735358,0.0,-0.08726646259971647,-0.10552137516147464,0.17045180940939617,0.0,0.0010105849113477715
3,1,0.6944072246551514,-0.04114686054922548,-0.011580450051965951,3.420845333908886,-1.9896753472735358,0.08726646259971647,-0.08726646259971647,-0.10552137516147464,0.17045180940939617,0.0,0.0010105849113477715
3,1,0.7053616046905518,-0.011146860549225479,-0.04158045005196595,3.420845333908886,-1.9896753472735358,0.0,0.0,-0.10552137516147464,0.17045180940939617,0.0,0.0
3,1,0.7160634994506836,0.048853139450774526,-0.04158045005196595,3.420845333908886,-1.9896753472735358,-0.17453292519943295,0.0,-0.10552137516147464,0.17045180940939617,0.0,0.0
3,1,0.7269001007080078,-0.011146860549225479,-0.07158045005196595,3.420845333908886,-1.9896753472735358,0.0,0.08726646259971647,-0.10552137516147464,0.17045180940939617,0.0,0.0
3,1,0.7381436824798584,-0.011146860549225479,-0.10158045005196595,3.420845333908886,-1.9896753472735358,0.0,0.17453292519943295,-0.10552137516147464,0.17045180940939617,0.0,0.0
3,1,0.7493462562561035,-0.011146860549225479,-0.04158045005196595,3.420845333908886,-1.9896753472735358,0.0,0.0,-0.10552137516147464,0.17045180940939617,0.0,0.0
3,1,0.760479211807251,-0.011146860549225479,-0.04158045005196595,3.420845333908886,-1.9896753472735358,0.0,0.0,-0.10552137516147464,0.17045180940939617,0.0,0.0
3,1,0.7721269130706787,-0.04114686054922548,-0.04158045005196595,3.420845333908886,-1.9896753472735358,0.08726646259971647,0.0,-0.10552137516147464,0.17045180940939617,0.0,0.0
3,1,0.7826428413391113,-0.04114686054922548,-0.011580450051965951,3.420845333908886,-1.9896753472735358,0.08726646259971647,-0.08726646259971647,-0.10552137516147464,0.17045180940939617,0.0,0.0010105849113477715
3,1,0.7934892177581787,-0.0911468605492266,-0.04158045005196595,3.4382986264288293,-1.9896753472735358,0.0,0.0,-0.1061664005100304,0.168936932366901,0.0,0.0
3,1,0.8045363426208496,-0.0911468605492266,-0.04158045005196595,3.4382986264288293,-1.9896753472735358,0.0,0.0,-0.1061664005100304,0.168936932366901,0.0,0.0
3,1,0.8159399032592773,0.048853139450774526,-0.04158045005196595,3.420845333908886,-1.9896753472735358,-0.17453292519943295,0.0,-0.10552137516147464,0.17045180940939617,0.0,0.0
3,1,0.8269481658935547,0.08485313945077452,-0.10158045005196595,3.420845333908886,-1.9896753472735358,-0.2792526803190927,0.17453292519943295,-0.10552137516147464,0.17045180940939617,0.0,0.0
3,1,0.8378734588623047,-0.011146860549225479,-0.04158045005196595,3.420845333908886,-1.9896753472735358,0.0,0.0,-0.10552137516147464,0.17045180940939617,0.0,0.0
3,1,0.8483564853668213,-0.011146860549225479,-0.04158045005196595,3.420845333908886,-1.9896753472735358,0.0,0.0,-0.10552137516147464,0.17045180940939617,0.0,0.0
3,1,0.8597488403320312,-0.011146860549225479,-0.04158045005196595,3.420845333908886,-1.9896753472735358,0.0,0.0,-0.10552137516147464,0.17045180940939617,0.0,0.0
3,1,0.8708643913269043,-0.04114686054922548,-0.04158045005196595,3.420845333908886,-1.9896753472735358,0.08726646259971647,0.0,-0.10552137516147464,0.17045180940939617,0.0,0.0
3,1,0.8816461563110352,-0.10714686054922548,-0.04158045005196595,3.420845333908886,-1.9896753472735358,0.2792526803190927,0.0,-0.10552137516147464,0.17045180940939617,0.0,0.0
3,1,0.8925998210906982,-0.04114686054922548,-0.04158045005196595,3.420845333908886,-1.9896753472735358,0.08726646259971647,0.0,-0.10552137516147464,0.17045180940939617,0.0,0.0
3,1,0.9030835628509521,-0.011146860549225479,-0.04158045005196595,3.420845333908886,-1.9896753472735358,0.0,0.0,-0.10552137516147464,0.17045180940939617,0.0,0.0
3,1,0.9143452644348145,0.01885313945077452,-0.04158045005196595,3.420845333908886,-1.9896753472735358,-0.08726646259971647,0.0,-0.10552137516147464,0.17045180940939617,0.0,0.0
3,1,0.9253549575805664,-0.011146860549225479,-0.07158045005196595,3.420845333908886,-1.9896753472735358,0.0,0.08726646259971647,-0.10552137516147464,0.17045180940939617,0.0,0.0
3,1,0.9358201026916504,0.048853139450774526,-0.04158045005196595,3.420845333908886,-1.9896753472735358,-0.17453292519943295,0.0,-0.10552137516147464,0.17045180940939617,0.0,0.0
3,1,0.946918249130249,-0.011146860549225479,-0.04158045005196595,3.420845333908886,-1.9896753472735358,0.0,0.0,-0.10552137516147464,0.17045180940939617,0.0,0.0
3,1,0.9584405422210693,-0.011146860549225479,-0.04158045005196595,3.420845333908886,-1.9896753472735358,0.0,0.0,-0.10552137516147464,0.17045180940939617,0.0,0.0
3,1,0.9692206382751465,-0.011146860549225479,-0.04158045005196595,3.420845333908886,-1.9896753472735358,0.0,0.0,-0.10552137516147464,0.17045180940939617,0.0,0.0
3,1,0.9801137447357178,-0.011146860549225479,-0.04158045005196595,3.420845333908886,-1.9896753472735358,0.0,0.0,-0.10552137516147464,0.17045180940939617,0.0,0.0
3,1,0.9908125400543213,-0.011146860549225479,-0.04158045005196595,3.420845333908886,-1.9896753472735358,0.0,0.0,-0.10552137516147464,0.17045180940939617,0.0,0.0
3,2,0.0,-0.04114686054922548,-0.04158045005196595,3.420845333908886,-1.9896753472735358,0.08726646259971647,0.0,-0.10552137516147464,0.17045180940939617,0.0,0.0
3,2,0.010779380798339844,-0.05023401699832541,-0.08066760650107893,3.420845333908886,-1.9896753472735358,0.0,0.0,-0.10552137516147464,0.17045180940939617,0.0,0.0
3,2,0.02149796485900879,-0.1339023123464391,-0.2243359018491906,3.420845333908886,-1.9896753472735358,-0.08726646259971647,0.08726646259971647,-0.10552137516147464,0.17045180940939617,0.011685181132396081,0.0
3,2,0.03251791000366211,-0.35344657799991946,-0.38388016750267095,3.420845333908886,-1.9896753472735358,0.0,0.0,-0.10552137516147464,0.17045180940939617,0.0,0.0
3,2,0.04352927207946777,-0.5142514791074542,-0.6406850686102078,3.420845333908886,-1.9896753472735358,-0.2792526803190927,0.0,-0.10552137516147464,0.17045180940939617,0.14360610389881448,0.0
3,2,0.055227041244506836,-0.8228974153949911,-0.9193310048977448,3.420845333908886,-1.9896753472735358,-0.3665191429188092,-0.17453292519943295,-0.10552137516147464,0.17045180940939617,0.30160765540067547,0.16045352951133762
3,2,0.06583023071289062,-1.0487092454237446,-1.1091428349264962,3.420845333908886,-1.9896753472735358,-0.7504915783575618,-0.6632251157578453,-0.10552137516147464,0.17045180940939617,0.7870474568362337,0.7356113850861101
3,2,0.07726240158081055,-1.201677244754239,-1.3281108342569932,3.4033920413889427,-2.007128639793479,-1.3264502315156905,-1.0471975511965976,-0.10307233615662874,0.17169789032775284,1.5939650595113974,1.3907944133515935
3,2,0.08811140060424805,-1.3011541392552926,-1.543587728758043,3.385938748868999,-2.007128639793479,-2.0943951023931953,-1.710422666954443,-0.10239457292830782,0.17320936107828402,2.725130856714918,2.640187439700483
3,2,0.09889960289001465,-1.3065613030415801,-1.548994892544333,3.351032163829113,-2.0420352248333655,-2.9670597283903604,-2.5830872929516078,-0.09743381069702667,0.1755887090164807,3.876645424927906,4.001189023778208
3,2,0.10968732833862305,-1.2314502810296717,-1.4438838705324244,3.3161255787892263,-2.076941809873252,-4.118977034706618,-3.822271061867582,-0.09243542906827162,0.17783717940979743,5.072315426944229,5.518915535033444
3,2,0.12046670913696289,-1.0826244221645336,-1.229058011667286,3.263765701229396,-2.129301687433082,-5.270894341022875,-5.1661745859032155,-0.08487322792006233,0.18096671437073847,5.7063989402402004,6.3495282644762705
3,2,0.13117718696594238,-0.7526722873294025,-1.1711058768321574,3.193952531149623,-2.181661564992912,-6.702064327658226,-6.03883921190038,-0.07638291796428477,0.1852432827034397,5.044458087327311,7.072120090301009
3,2,0.14167094230651855,-0.535010143541633,-1.0854437330443891,3.12413936106985,-2.251474735072685,-7.749261878854823,-6.702064327658226,-0.06604670798934908,0.18855157355037575,4.1459337101478235,7.274713722916979
3,2,0.15299224853515625,-0.31411942943685744,-0.9005530189396127,3.036872898470133,-2.3387411976724017,-8.621926504851988,-7.47000919853573,-0.05299985458444064,0.19197972113715914,2.708314634350625,6.727139335248029
3,2,0.1640625,-0.07663255421975401,-0.8890661437225095,2.9321531433504737,-2.4085543677521746,-9.197885158010116,-7.853981633974483,-0.04029025524614137,0.1967750994193938,0.704857433078281,6.982709164185107
3,2,0.17458271980285645,0.24526381468187375,-0.6771697748208768,2.827433388230814,-2.4958208303518914,-9.861110273767961,-8.429940287132611,-0.02570576596789672,0.1999354667464916,0.0,5.708500765991028
3,2,0.18599724769592285,0.5469363541746763,-0.5074972353280799,2.722713633111154,-2.600540585471551,-10.437068926926091,-8.621926504851988,-0.009480682759071643,0.20114135835852118,0.0,4.375603864414279
3,2,0.19663667678833008,0.7873984950734279,-0.31703509442932076,2.6179938779914944,-2.6878070480712677,-10.629055144645466,-8.901179185171081,0.005447718087000827,0.2023704980849017,0.0,2.821986183503018
3,2,0.20740532875061035,1.2688089805086,-0.06162460899415223,2.478367537831948,-2.792526803190927,-10.925761117484504,-9.00589894029074,0.02475426422991061,0.2033525817243561,0.0,0.5549850008362668
3,2,0.21793580055236816,1.3462008227837676,0.001767233281016356,2.3736477827122884,-2.8797932657906435,-10.349802464326375,-8.621926504851988,0.04001611903620775,0.20237446297088027,0.0,0.0
3,2,0.22901296615600586,1.3363416127140189,0.25590802321126505,2.2689280275926285,-2.9845130209103035,-9.389871375729493,-8.429940287132611,0.056395430527511996,0.1990021793272629,0.0,0.0
3,2,0.24003195762634277,1.333959238653464,0.42152564915071045,2.181661564992912,-3.07177948351002,-8.517206749732328,-8.04596785169386,0.06990141572539467,0.19529268173839034,0.0,0.0
3,2,0.25134730339050293,1.2241608610549166,0.6057272715521631,2.0943951023931953,-3.1590459461097367,-7.173303225696695,-7.557275661135447,0.08323872222409259,0.1907576591523265,0.0,0.0
3,2,0.2620716094970703,1.2693474423591675,0.8789138528564281,2.007128639793479,-3.246312408709453,-6.126105674500097,-7.173303225696695,0.09636723048560455,0.1853860194307279,0.0,0.0
3,2,0.2728877067565918,1.196081491368497,1.1196479018657517,1.9547687622336491,-3.3161255787892263,-5.078908123303499,-6.806784082777885,0.10489010632035672,0.18020382993291353,0.0,0.0
3,2,0.28363823890686035,1.2628952015411885,1.2004616120384375,1.9024088846738192,-3.385938748868999,-4.310963252425994,-5.846852994181004,0.1131960315861055,0.1746667552982224,0.0,0.0
3,2,0.2940053939819336,1.1686718489470933,1.120238259444365,1.8675022996339325,-3.4382986264288293,-3.246312408709453,-4.590215932745087,0.11882115163782861,0.1702502785406008,0.0,0.0
3,2,0.3055689334869385,1.0701770212352293,1.1017434317324937,1.8325957145940461,-3.490658503988659,-2.0943951023931953,-3.4382986264288293,0.12431025955741667,0.1656698094551094,0.0,0.0
3,2,0.31661534309387207,0.9688234683232995,0.9703898788205654,1.8151424220741028,-3.5081117965086026,-1.1344640137963142,-2.3911010752322315,0.12671916919118256,0.16412036573198588,0.0,0.0
3,2,0.3273780345916748,0.7045938406417651,0.9261602511390634,1.8151424220741028,-3.543018381548489,0.0,-1.4311699866353502,0.12782853273709419,0.1609194588451449,0.0,0.0
3,2,0.3380889892578125,0.5048095654435496,0.6543759759408079,1.8151424220741028,-3.543018381548489,0.8552113334772214,-0.3665191429188092,0.12782853273709419,0.1609194588451449,0.43171886161503475,0.0
3,2,0.3486900329589844,0.3490022202891335,0.47456863078639777,1.8151424220741028,-3.543018381548489,1.4311699866353502,0.2792526803190927,0.12782853273709419,0.1609194588451449,0.4994815029469068,0.1325245621424635
3,2,0.35962557792663574,0.20358045005192194,0.2111468605491862,1.8325957145940461,-3.543018381548489,1.6231562043547265,1.0471975511965976,0.12599913167694068,0.16089533922410254,0.3304428705871046,0.22111247530995726
3,2,0.3705151081085205,0.02758045005192289,0.03514686054918703,1.8500490071139892,-3.5255650890285457,1.9024088846738192,1.3264502315156905,0.12362578210318392,0.16243064314749348,0.052469293222080604,0.04662056131251883
3,2,0.3812263011932373,-0.13241954994807736,-0.08085313945081207,1.8849555921538759,-3.5081117965086026,1.9024088846738192,1.4311699866353502,0.11941786687259277,0.16383573371638382,0.0,0.0
3,2,0.39179134368896484,-0.21241954994807744,-0.12485313945081322,1.9024088846738192,-3.490658503988659,1.9024088846738192,1.3264502315156905,0.11702120893998638,0.16527543025553557,0.0,0.0
3,2,0.4030163288116455,-0.2624195499480777,-0.12485313945081322,1.9198621771937625,-3.490658503988659,1.8151424220741028,1.3264502315156905,0.11520794711045468,0.1651358065429955,0.0,0.0
3,2,0.4134812355041504,-0.24041954994807768,-0.13885313945081235,1.9373154697137058,-3.473205211468716,1.5184364492350666,1.1344640137963142,0.1128032191929492,0.1665147489348679,0.0,0.0
3,2,0.4243435859680176,-0.25441954994807786,-0.1528531394508134,1.9547687622336491,-3.4557519189487724,1.3264502315156905,0.9424777960769379,0.11038685956432343,0.1678602778159137,0.0,0.0
3,2,0.43558335304260254,-0.2384195499480779,-0.12285313945081339,1.9722220547535925,-3.4557519189487724,1.0471975511965976,0.8552113334772214,0.10858784589565937,0.16765092171669782,0.0,0.0
3,2,0.44645094871520996,-0.1724195499480779,-0.07085313945081248,1.9722220547535925,-3.4382986264288293,0.8552113334772214,0.47123889803846897,0.10795925779298876,0.16917252815700837,0.0,0.0
3,2,0.4571042060852051,-0.150419549948078,-0.004853139450812463,1.9896753472735358,-3.4382986264288293,0.5585053606381855,0.2792526803190927,0.10616571739563134,0.1689367444518461,0.0,0.0
3,2,0.46860289573669434,-0.12041954994807802,0.03114686054918752,1.9896753472735358,-3.4382986264288293,0.47123889803846897,0.17453292519943295,0.10616571739563134,0.1689367444518461,0.0,0.005436152682428514
3,2,0.47962093353271484,-0.018419549948078012,0.09114686054918753,1.9896753472735358,-3.4382986264288293,0.17453292519943295,0.0,0.10616571739563134,0.1689367444518461,0.0,0.0
3,2,0.49053311347961426,0.011580450051921983,0.12114686054918752,1.9896753472735358,-3.4382986264288293,0.08726646259971647,-0.08726646259971647,0.10616571739563134,0.1689367444518461,0.0010105849113439345,0.0
3,2,0.5013594627380371,0.041580450051921986,0.12114686054918752,1.9896753472735358,-3.4382986264288293,0.0,-0.08726646259971647,0.10616571739563134,0.1689367444518461,0.0,0.0
3,2,0.5120272636413574,0.041580450051921986,0.09114686054918753,1.9896753472735358,-3.4382986264288293,0.0,0.0,0.10616571739563134,0.1689367444518461,0.0,0.0
3,2,0.5231645107269287,0.07158045005192198,0.09114686054918753,1.9896753472735358,-3.4382986264288293,-0.08726646259971647,0.0,0.10616571739563134,0.1689367444518461,0.0,0.0
3,2,0.5342459678649902,0.07158045005192198,0.061146860549187526,1.9896753472735358,-3.4382986264288293,-0.08726646259971647,0.08726646259971647,0.10616571739563134,0.1689367444518461,0.0,0.005336070219205752
3,2,0.5457501411437988,0.041580450051921986,0.061146860549187526,1.9896753472735358,-3.4382986264288293,0.0,0.08726646259971647,0.10616571739563134,0.1689367444518461,0.0,0.005336070219205752
3,2,0.556621789932251,0.041580450051921986,0.09114686054918753,1.9896753472735358,-3.4382986264288293,0.0,0.0,0.10616571739563134,0.1689367444518461,0.0,0.0
3,2,0.5674865245819092,-0.05441954994807803,0.061146860549187526,1.9896753472735358,-3.4382986264288293,0.2792526803190927,0.08726646259971647,0.10616571739563134,0.1689367444518461,0.0,0.005336070219205752
3,2,0.5784900188446045,-0.018419549948078012,0.09114686054918753,1.9896753472735358,-3.4382986264288293,0.17453292519943295,0.0,0.10616571739563134,0.1689367444518461,0.0,0.0
3,2,0.5891742706298828,0.041580450051921986,0.09114686054918753,1.9896753472735358,-3.4382986264288293,0.0,0.0,0.10616571739563134,0.1689367444518461,0.0,0.0
3,2,0.6007156372070312,0.041580450051921986,0.09114686054918753,1.9896753472735358,-3.4382986264288293,0.0,0.0,0.10616571739563134,0.1689367444518461,0.0,0.0
3,2,0.6112143993377686,0.041580450051921986,0.09114686054918753,1.9896753472735358,-3.4382986264288293,0.0,0.0,0.10616571739563134,0.1689367444518461,0.0,0.0
3,2,0.6226286888122559,0.041580450051921986,0.09114686054918753,1.9896753472735358,-3.4382986264288293,0.0,0.0,0.10616571739563134,0.1689367444518461,0.0,0.0
3,2,0.6334683895111084,0.041580450051921986,0.09114686054918753,1.9896753472735358,-3.4382986264288293,0.0,0.0,0.10616571739563134,0.1689367444518461,0.0,0.0
3,2,0.6446707248687744,0.041580450051921986,0.09114686054918753,1.9896753472735358,-3.4382986264288293,0.0,0.0,0.10616571739563134,0.1689367444518461,0.0,0.0
3,2,0.6550078392028809,0.041580450051921986,0.09114686054918753,1.9896753472735358,-3.4382986264288293,0.0,0.0,0.10616571739563134,0.1689367444518461,0.0,0.0
3,2,0.6664354801177979,0.041580450051921986,0.09114686054918753,1.9896753472735358,-3.4382986264288293,0.0,0.0,0.10616571739563134,0.1689367444518461,0.0,0.0
3,2,0.6772918701171875,0.041580450051921986,0.09114686054918753,1.9896753472735358,-3.4382986264288293,0.0,0.0,0.10616571739563134,0.1689367444518461,0.0,0.0
3,2,0.6882755756378174,0.041580450051921986,0.09114686054918753,1.9896753472735358,-3.4382986264288293,0.0,0.0,0.10616571739563134,0.1689367444518461,0.0,0.0
3,2,0.6988623142242432,0.041580450051921986,0.09114686054918753,1.9896753472735358,-3.4382986264288293,0.0,0.0,0.10616571739563134,0.1689367444518461,0.0,0.0
3,2,0.7096619606018066,0.041580450051921986,0.09114686054918753,1.9896753472735358,-3.4382986264288293,0.0,0.0,0.10616571739563134,0.1689367444518461,0.0,0.0
3,2,0.7198121547698975,0.041580450051921986,0.09114686054918753,1.9896753472735358,-3.4382986264288293,0.0,0.0,0.10616571739563134,0.1689367444518461,0.0,0.0
3,2,0.730623722076416,0.041580450051921986,0.09114686054918753,1.9896753472735358,-3.4382986264288293,0.0,0.0,0.10616571739563134,0.1689367444518461,0.0,0.0
3,2,0.7423281669616699,0.041580450051921986,0.09114686054918753,1.9896753472735358,-3.4382986264288293,0.0,0.0,0.10616571739563134,0.1689367444518461,0.0,0.0
3,2,0.7532057762145996,0.041580450051921986,0.09114686054918753,1.9896753472735358,-3.4382986264288293,0.0,0.0,0.10616571739563134,0.1689367444518461,0.0,0.0
3,2,0.7640249729156494,0.041580450051921986,0.09114686054918753,1.9896753472735358,-3.4382986264288293,0.0,0.0,0.10616571739563134,0.1689367444518461,0.0,0.0
3,2,0.7745058536529541,0.041580450051921986,0.09114686054918753,1.9896753472735358,-3.4382986264288293,0.0,0.0,0.10616571739563134,0.1689367444518461,0.0,0.0
3,2,0.7858214378356934,0.041580450051921986,0.09114686054918753,1.9896753472735358,-3.4382986264288293,0.0,0.0,0.10616571739563134,0.1689367444518461,0.0,0.0
3,2,0.7967453002929688,0.041580450051921986,0.09114686054918753,1.9896753472735358,-3.4382986264288293,0.0,0.0,0.10616571739563134,0.1689367444518461,0.0,0.0
3,2,0.8072941303253174,0.041580450051921986,0.09114686054918753,1.9896753472735358,-3.4382986264288293,0.0,0.0,0.10616571739563134,0.1689367444518461,0.0,0.0
3,2,0.818392276763916,0.041580450051921986,0.09114686054918753,1.9896753472735358,-3.4382986264288293,0.0,0.0,0.10616571739563134,0.1689367444518461,0.0,0.0
3,2,0.8291640281677246,0.041580450051921986,0.09114686054918753,1.9896753472735358,-3.4382986264288293,0.0,0.0,0.10616571739563134,0.1689367444518461,0.0,0.0
3,2,0.8398466110229492,0.041580450051921986,0.09114686054918753,1.9896753472735358,-3.4382986264288293,0.0,0.0,0.10616571739563134,0.1689367444518461,0.0,0.0
3,2,0.8511695861816406,0.041580450051921986,0.09114686054918753,1.9896753472735358,-3.4382986264288293,0.0,0.0,0.10616571739563134,0.1689367444518461,0.0,0.0
3,2,0.8620128631591797,0.041580450051921986,0.09114686054918753,1.9896753472735358,-3.4382986264288293,0.0,0.0,0.10616571739563134,0.1689367444518461,0.0,0.0
3,2,0.8728413581848145,0.041580450051921986,0.09114686054918753,1.9896753472735358,-3.4382986264288293,0.0,0.0,0.10616571739563134,0.1689367444518461,0.0,0.0
3,2,0.8835947513580322,0.041580450051921986,0.09114686054918753,1.9896753472735358,-3.4382986264288293,0.0,0.0,0.10616571739563134,0.1689367444518461,0.0,0.0
3,2,0.8946967124938965,0.041580450051921986,0.09114686054918753,1.9896753472735358,-3.4382986264288293,0.0,0.0,0.10616571739563134,0.1689367444518461,0.0,0.0
3,2,0.9058668613433838,0.041580450051921986,0.09114686054918753,1.9896753472735358,-3.4382986264288293,0.0,0.0,0.10616571739563134,0.1689367444518461,0.0,0.0
3,2,0.9163777828216553,0.041580450051921986,0.09114686054918753,1.9896753472735358,-3.4382986264288293,0.0,0.0,0.10616571739563134,0.1689367444518461,0.0,0.0
3,2,0.928034782409668,0.041580450051921986,0.09114686054918753,1.9896753472735358,-3.4382986264288293,0.0,0.0,0.10616571739563134,0.1689367444518461,0.0,0.0
3,2,0.9388916492462158,0.041580450051921986,0.09114686054918753,1.9896753472735358,-3.4382986264288293,0.0,0.0,0.10616571739563134,0.1689367444518461,0.0,0.0
3,2,0.9495415687561035,0.041580450051921986,0.09114686054918753,1.9896753472735358,-3.4382986264288293,0.0,0.0,0.10616571739563134,0.1689367444518461,0.0,0.0
3,2,0.9603323936462402,0.041580450051921986,0.09114686054918753,1.9896753472735358,-3.4382986264288293,0.0,0.0,0.10616571739563134,0.1689367444518461,0.0,0.0
3,2,0.9712514877319336,0.041580450051921986,0.09114686054918753,1.9896753472735358,-3.4382986264288293,0.0,0.0,0.10616571739563134,0.1689367444518461,0.0,0.0
3,2,0.9819023609161377,0.041580450051921986,0.09114686054918753,1.9896753472735358,-3.4382986264288293,0.0,0.0,0.10616571739563134,0.1689367444518461,0.0,0.0
3,2,0.9926915168762207,0.041580450051921986,0.09114686054918753,1.9896753472735358,-3.4382986264288293,0.0,0.0,0.10616571739563134,0.1689367444518461,0.0,0.0
4,1,0.0,0.0500983306493456,6.855837195614375e-05,1.8325957145940461,-3.612831551628262,0.0,0.0,0.12802254615761396,0.15459586286324006,0.0,0.0
4,1,0.011231660842895508,0.0556587254192395,0.005628953141852071,1.8325957145940461,-3.612831551628262,0.0,0.0,0.12802254615761396,0.15459586286324006,0.0,0.0
4,1,0.022205352783203125,0.07219337493407013,0.022163602656678622,1.8325957145940461,-3.612831551628262,0.0,0.0,0.12802254615761396,0.15459586286324006,0.0,0.0
4,1,0.03342437744140625,0.10091545051893139,0.05088567824154294,1.8325957145940461,-3.612831551628262,0.0,0.0,0.12802254615761396,0.15459586286324006,0.0,0.0
4,1,0.04433846473693848,0.14067712197082033,0.09064734969342983,1.8325957145940461,-3.612831551628262,0.0,0.0,0.12802254615761396,0.15459586286324006,0.0,0.0
4,1,0.05509233474731445,0.1887958956801018,0.13876612340271233,1.8325957145940461,-3.612831551628262,0.0,0.0,0.12802254615761396,0.15459586286324006,0.0,0.0
4,1,0.06555366516113281,0.25219573183363864,0.2021659595562471,1.8325957145940461,-3.612831551628262,0.0,0.0,0.12802254615761396,0.15459586286324006,0.0,0.0
4,1,0.07745718955993652,0.30483019431026465,0.22480042203287517,1.8325957145940461,-3.612831551628262,0.08726646259971647,0.17453292519943295,0.12802254615761396,0.15459586286324006,0.026601452751041015,0.03923507524346476
4,1,0.08762359619140625,0.2908448040684112,0.3368150317910207,1.8325957145940461,-3.612831551628262,0.3665191429188092,0.08726646259971647,0.12802254615761396,0.15459586286324006,0.10660018830954306,0.029392656374813423
4,1,0.09850478172302246,0.35422359553078775,0.3701938232533982,1.8325957145940461,-3.612831551628262,0.47123889803846897,0.2792526803190927,0.12802254615761396,0.15459586286324006,0.16692393681715276,0.10337761738108393
4,1,0.11004185676574707,0.40652131121790247,0.3424915389405119,1.8325957145940461,-3.595378259108319,0.6632251157578453,0.47123889803846897,0.12754066403425213,0.15616279295458596,0.2696151436905244,0.1613953353978262
4,1,0.12109827995300293,0.38613433801911334,0.33610456574172387,1.8500490071139892,-3.595378259108319,0.8552113334772214,0.8552113334772214,0.12571483793503732,0.15615593185115664,0.33022646211867007,0.2874404338557621
4,1,0.13176345825195312,0.40836683978220356,0.32233706750481406,1.8675022996339325,-3.5779249665883754,0.9424777960769379,1.0471975511965976,0.12339339927445855,0.15768203780056947,0.3848766791488352,0.33755058775093366
4,1,0.1423788070678711,0.41843653461150365,0.43440676233411424,1.8675022996339325,-3.5779249665883754,1.3264502315156905,1.1344640137963142,0.12339339927445855,0.15768203780056947,0.5550352382100523,0.49281883921782077
4,1,0.15393543243408203,0.372514073956209,0.4844843016788205,1.8849555921538759,-3.5604716740684323,1.710422666954443,1.239183768915974,0.12105866574557914,0.1591743215545116,0.6371565158542436,0.6003650829349845
4,1,0.16464543342590332,0.35457149864458665,0.5385417263671972,1.9024088846738192,-3.543018381548489,2.007128639793479,1.3264502315156905,0.1187110642374766,0.1606329249476738,0.7116706097840445,0.7143487976206284
4,1,0.1760547161102295,0.2835089868873962,0.4454792146100068,1.9373154697137058,-3.5255650890285457,2.2863813201125716,1.9024088846738192,0.11454272996244319,0.16192406846231133,0.6482096517033826,0.8474836158115919
4,1,0.18724703788757324,0.358505479932282,0.49047570765489373,1.9547687622336491,-3.5081117965086026,2.3911010752322315,2.0943951023931953,0.11217524832717471,0.16328866783136203,0.8572228385427266,1.027249919955246
4,1,0.19787120819091797,0.3579738238073658,0.35194405152997743,1.9896753472735358,-3.473205211468716,2.478367537831948,2.5830872929516078,0.10740693560865296,0.165918940823476,0.8871907043177487,0.9091022073369905
4,1,0.20877480506896973,0.36830805211398465,0.36827827983659434,2.007128639793479,-3.4557519189487724,2.775073510670984,2.8623399732707004,0.10500686985323915,0.16718491217268572,1.0220819191883472,1.054137641663657
4,1,0.21955633163452148,0.358796989085499,0.25676721680810866,2.0420352248333655,-3.420845333908886,2.9670597283903604,3.351032163829113,0.10017677165750556,0.16961926791783932,1.0645720969832997,0.8604352021408553
4,1,0.23018550872802734,0.3426845341775422,0.17465476190015186,2.076941809873252,-3.385938748868999,3.1590459461097367,3.735004599267865,0.09530909421267494,0.17192449395690795,1.0825561884880681,0.6523363389811011
4,1,0.2413501739501953,0.3128685092188284,0.16083873694143896,2.111848394913139,-3.3335788713091694,3.4382986264288293,3.735004599267865,0.08968012397693258,0.17556133842534585,1.0757353654999333,0.6007334222167088
4,1,0.25183820724487305,0.3699588587473204,0.2539290864699309,2.1467549799530254,-3.2986722862692828,3.4382986264288293,3.6302848441482056,0.08471277464048656,0.17759726510798546,1.2720290358660888,0.9218349141001894
4,1,0.26323676109313965,0.2681258955927746,0.1520961233153851,2.199114857512855,-3.246312408709453,3.735004599267865,3.9269908169872414,0.07720672503275908,0.1804148550580422,1.0014514532218286,0.5972800795588764
4,1,0.2740352153778076,0.2618949564208672,0.19286914264805619,2.234021442552742,-3.2114058236695664,3.9269908169872414,4.014257279586958,0.07216946226267336,0.18213725505038947,1.0284590888800191,0.7742263598826549
4,1,0.2848949432373047,0.23734987782999117,0.08532010555260164,2.2863813201125716,-3.1590459461097367,4.014257279586958,4.310963252425994,0.06456932331815274,0.18448939013358642,0.9527834748881171,0.3678118397303727
4,1,0.29555201530456543,0.2729439696076275,0.12691419733023823,2.321287905152458,-3.12413936106985,4.118977034706618,4.39822971502571,0.059476157635373283,0.18590456424852847,1.1242499425754788,0.5581977939564905
4,1,0.3059377670288086,0.25934013569672826,0.1433103634193389,2.3736477827122884,-3.07177948351002,4.118977034706618,4.310963252425994,0.0518008337747497,0.18780195290357543,1.0682160631125217,0.6178057103925844
4,1,0.3171865940093994,0.3332216056743136,0.10719183339692316,2.4085543677521746,-3.01941960595019,4.118977034706618,4.39822971502571,0.045643834935225225,0.19022937388849798,1.3725321412405622,0.4714543068544328
4,1,0.3279101848602295,0.24129419820106485,0.04526442592367612,2.4609142453120048,-2.9670597283903604,4.39822971502571,4.590215932745087,0.03786450354121856,0.1916441172831288,1.0612673125912266,0.20777348906141788
4,1,0.33835625648498535,0.1604874733877541,0.07445770111036475,2.5132741228718345,-2.9321531433504737,4.590215932745087,4.694935687864747,0.031177995866431725,0.1915411883190194,0.736672157350472,0.349574118179418
4,1,0.34925365447998047,0.1529485633289664,0.06691879105157499,2.5656340004316642,-2.8797932657906435,4.590215932745087,4.694935687864747,0.02340106332603073,0.19245740613058274,0.7020669322830925,0.31417942029680346
4,1,0.3609466552734375,0.23868144741300173,0.13865167513561144,2.600540585471551,-2.827433388230814,4.590215932745087,4.50294947014537,0.017008648322222583,0.19411119183817743,1.0955993827658193,0.6243414870866695
4,1,0.3712735176086426,0.2117603910711972,0.045730618793808755,2.652900463031381,-2.775073510670984,4.590215932745087,4.694935687864747,0.009161891340442214,0.19455062183380922,0.9720259210193399,0.21470231420319102
4,1,0.38199520111083984,0.15234243333534023,0.022312661057947575,2.705260340591211,-2.722713633111154,4.694935687864747,4.694935687864747,0.0013091897822820192,0.1947266639724778,0.7152379270422449,0.10475650869218804
4,1,0.39348506927490234,0.13839834835594728,-0.02163142392144332,2.7576202181510405,-2.670353755551324,4.694935687864747,4.782202150464463,-0.006544606273059722,0.19463825425528447,0.6497713448378741,0.0
4,1,0.40487146377563477,0.15144705536410796,-0.0445827169132825,2.8099800957108707,-2.6179938779914944,4.590215932745087,4.782202150464463,-0.014393982356150178,0.19428691284635258,0.6951746864996556,0.0
4,1,0.4155399799346924,0.13782347960572133,-0.08820629267166939,2.8623399732707004,-2.5656340004316642,4.50294947014537,4.782202150464463,-0.022233969857110812,0.19367146523323858,0.6206121644641741,0.0
4,1,0.4273812770843506,0.10712467045624284,-0.08890510182114794,2.91469985083053,-2.5132741228718345,4.50294947014537,4.694935687864747,-0.03005931775960906,0.19279093759671675,0.48237697807043606,0.0
4,1,0.43823814392089844,0.02038081676865469,-0.10964895550873385,2.9670597283903604,-2.4609142453120048,4.590215932745087,4.590215932745087,-0.03786460939521253,0.19164395625908454,0.09355234985383701,0.0
4,1,0.4489474296569824,-0.017508279677129535,-0.11153805195452023,3.01941960595019,-2.4085543677521746,4.50294947014537,4.39822971502571,-0.0456442065009478,0.19022876581234013,0.0,0.0
4,1,0.4607408046722412,0.06750418105572847,-0.17252559122166114,3.0543261909900767,-2.356194490192345,4.310963252425994,4.39822971502571,-0.052403533837296186,0.18988734603863497,0.2910080439163564,0.0
4,1,0.471055269241333,-0.025409753988912015,-0.1194395262663027,3.1066860685499065,-2.321287905152458,4.310963252425994,4.2062434973063345,-0.05853689475062328,0.18726820176465148,0.0,0.0
4,1,0.4822237491607666,0.015472871165790533,-0.18055690111159817,3.1590459461097367,-2.2689280275926285,3.9269908169872414,4.118977034706618,-0.06621815358065884,0.1851265652716021,0.060761822980486095,0.0
4,1,0.49407124519348145,-0.028785556950320562,-0.09281532922771128,3.193952531149623,-2.234021442552742,4.014257279586958,3.822271061867582,-0.07131215667074453,0.18354483502821942,0.0,0.0
4,1,0.5050837993621826,-0.07887176086817843,-0.17890153314556687,3.246312408709453,-2.181661564992912,3.822271061867582,3.735004599267865,-0.07890753086058984,0.18093896147364696,0.0,0.0
4,1,0.516108512878418,-0.060188967707790184,-0.12421873998517874,3.2812189937493397,-2.1467549799530254,3.6302848441482056,3.4382986264288293,-0.08393738579407999,0.1790447640801428,0.0,0.0
4,1,0.5269443988800049,-0.17064964737628868,-0.11867941965367826,3.3335788713091694,-2.111848394913139,3.543018381548489,3.246312408709453,-0.0896803637511078,0.17556143025119197,0.0,0.0
4,1,0.5380840301513672,-0.2039645495161005,-0.12199432179348993,3.368485456349056,-2.076941809873252,3.4382986264288293,3.0543261909900767,-0.09461556489015208,0.17339823235963697,0.0,0.0
4,1,0.548790693283081,-0.19190546371074813,-0.17593523598813754,3.4033920413889427,-2.0420352248333655,3.1590459461097367,2.9670597283903604,-0.09951593362168812,0.171106623404977,0.0,0.0
4,1,0.5597221851348877,-0.11736809905946112,-0.16739787133685463,3.4382986264288293,-2.007128639793479,2.670353755551324,2.670353755551324,-0.10437874545276522,0.16868546787237837,0.0,0.0
4,1,0.5707361698150635,-0.04549284446561373,-0.12552261674299908,3.4557519189487724,-1.9896753472735358,2.3911010752322315,2.478367537831948,-0.10679518366398776,0.1674259516174776,0.0,0.0
4,1,0.5815165042877197,-0.0953735226200362,-0.17540329489742157,3.490658503988659,-1.9547687622336491,2.199114857512855,2.2863813201125716,-0.1115962904410178,0.16480832036402,0.0,0.0
4,1,0.5922422409057617,-0.0754905288008177,-0.12552030107820208,3.5081117965086026,-1.9373154697137058,2.007128639793479,2.007128639793479,-0.11398020206126806,0.1634499158215228,0.0,0.0
4,1,0.6038293838500977,-0.09358379574734814,-0.2236135680247418,3.5255650890285457,-1.9024088846738192,1.9024088846738192,1.9024088846738192,-0.11816537447563427,0.1621759914795096,0.0,0.0
4,1,0.6145648956298828,-0.2089062974944953,-0.2229360697718888,3.5604716740684323,-1.8849555921538759,1.8151424220741028,1.710422666954443,-0.1210585964002182,0.15917433587171922,0.0,0.0
4,1,0.6251602172851562,-0.21655926692941524,-0.1645890392068098,3.5779249665883754,-1.8675022996339325,1.6231562043547265,1.3264502315156905,-0.12339331430029248,0.15768205703792498,0.0,0.0
4,1,0.6368939876556396,-0.23207716238728937,-0.10010693466468283,3.595378259108319,-1.8675022996339325,1.4311699866353502,1.1344640137963142,-0.1238920705959178,0.15613247927247645,0.0,0.0
4,1,0.6478753089904785,-0.20466070964149083,-0.056690481918884345,3.595378259108319,-1.8500490071139892,1.3264502315156905,0.7504915783575618,-0.12571473431433358,0.15615595739244983,0.0,0.0
4,1,0.6585955619812012,-0.16669076255011137,-0.004720534827501732,3.612831551628262,-1.8500490071139892,0.9424777960769379,0.5585053606381855,-0.126197205648102,0.15460054311475055,0.0,0.0
4,1,0.6702415943145752,-0.13496903715210368,-0.07499880942949198,3.6302848441482056,-1.8325957145940461,0.5585053606381855,0.47123889803846897,-0.12848859156119816,0.15303470108395617,0.0,0.0
4,1,0.6810517311096191,-0.06115886191763001,-0.03118863419501834,3.6302848441482056,-1.8325957145940461,0.2792526803190927,0.2792526803190927,-0.12848859156119816,0.15303470108395617,0.0,0.0
4,1,0.6919407844543457,0.01064180228914989,0.04061203001176156,3.6302848441482056,-1.8325957145940461,0.0,0.0,-0.12848859156119816,0.15303470108395617,0.0,0.0
4,1,0.7027091979980469,0.04639153532466307,0.016361763047274713,3.6302848441482056,-1.8325957145940461,-0.17453292519943295,0.0,-0.12848859156119816,0.15303470108395617,0.0,0.0
4,1,0.7137401103973389,0.05892038671266074,-0.00710938556472758,3.6302848441482056,-1.8325957145940461,-0.2792526803190927,0.0,-0.12848859156119816,0.15303470108395617,0.0,0.0
4,1,0.7262225151062012,0.038936322211780616,0.09890654993439228,3.6302848441482056,-1.8325957145940461,-0.2792526803190927,-0.3665191429188092,-0.12848859156119816,0.15303470108395617,0.0,0.0
4,1,0.7366769313812256,0.06689600119211479,-0.013133771085274679,3.612831551628262,-1.8325957145940461,-0.17453292519943295,-0.08726646259971647,-0.12802242038502615,0.15459589641436539,0.0,0.0011461377432063604
4,1,0.7477874755859375,0.0001398535246003791,-0.04988991875278908,3.612831551628262,-1.8325957145940461,0.0,0.0,-0.12802242038502615,0.15459589641436539,0.0,0.0
4,1,0.7584784030914307,0.029931441628126908,-0.05009833064926256,3.612831551628262,-1.8325957145940461,-0.08726646259971647,0.0,-0.12802242038502615,0.15459589641436539,0.0,0.0
4,1,0.7692818641662598,0.05993144162812691,-0.05009833064926256,3.612831551628262,-1.8325957145940461,-0.17453292519943295,0.0,-0.12802242038502615,0.15459589641436539,0.0,0.0
4,1,0.7806215286254883,-6.85583718730931e-05,-0.05009833064926256,3.612831551628262,-1.8325957145940461,0.0,0.0,-0.12802242038502615,0.15459589641436539,0.0,0.0
4,1,0.7918660640716553,-6.85583718730931e-05,-0.05009833064926256,3.612831551628262,-1.8325957145940461,0.0,0.0,-0.12802242038502615,0.15459589641436539,0.0,0.0
4,1,0.802210807800293,-0.030068558371873094,-0.020098330649262554,3.612831551628262,-1.8325957145940461,0.08726646259971647,-0.08726646259971647,-0.12802242038502615,0.15459589641436539,0.0,0.001753910219920606
4,1,0.8129055500030518,-0.060068558371873096,0.009901669350737441,3.612831551628262,-1.8325957145940461,0.17453292519943295,-0.17453292519943295,-0.12802242038502615,0.15459589641436539,0.0,0.0
4,1,0.8248345851898193,-6.85583718730931e-05,-0.020098330649262554,3.612831551628262,-1.8325957145940461,0.0,-0.08726646259971647,-0.12802242038502615,0.15459589641436539,0.0,0.001753910219920606
4,1,0.8354628086090088,-6.85583718730931e-05,-0.05009833064926256,3.612831551628262,-1.8325957145940461,0.0,0.0,-0.12802242038502615,0.15459589641436539,0.0,0.0
4,1,0.8466136455535889,-6.85583718730931e-05,-0.05009833064926256,3.612831551628262,-1.8325957145940461,0.0,0.0,-0.12802242038502615,0.15459589641436539,0.0,0.0
4,1,0.8580527305603027,0.05993144162812691,-0.05009833064926256,3.612831551628262,-1.8325957145940461,-0.17453292519943295,0.0,-0.12802242038502615,0.15459589641436539,0.0,0.0
4,1,0.8689038753509521,-6.85583718730931e-05,-0.05009833064926256,3.612831551628262,-1.8325957145940461,0.0,0.0,-0.12802242038502615,0.15459589641436539,0.0,0.0
4,1,0.8793599605560303,-6.85583718730931e-05,-0.05009833064926256,3.612831551628262,-1.8325957145940461,0.0,0.0,-0.12802242038502615,0.15459589641436539,0.0,0.0
4,1,0.8910012245178223,-6.85583718730931e-05,0.02990166935073654,3.612831551628262,-1.8500490071139892,0.0,0.0,-0.126197205648102,0.15460054311475055,0.0,0.0
4,1,0.9021375179290771,-0.030068558371873094,0.02990166935073654,3.612831551628262,-1.8500490071139892,0.08726646259971647,0.0,-0.126197205648102,0.15460054311475055,0.0,0.0
4,1,0.9130992889404297,-6.85583718730931e-05,0.02990166935073654,3.612831551628262,-1.8500490071139892,0.0,0.0,-0.126197205648102,0.15460054311475055,0.0,0.0
4,1,0.9237875938415527,-6.85583718730931e-05,0.02990166935073654,3.612831551628262,-1.8500490071139892,0.0,0.0,-0.126197205648102,0.15460054311475055,0.0,0.0
4,1,0.9344215393066406,-6.85583718730931e-05,0.02990166935073654,3.612831551628262,-1.8500490071139892,0.0,0.0,-0.126197205648102,0.15460054311475055,0.0,0.0
4,1,0.9454662799835205,-6.85583718730931e-05,-0.08009833064926256,3.612831551628262,-1.8325957145940461,0.0,0.08726646259971647,-0.12802242038502615,0.15459589641436539,0.0,0.0
4,1,0.9566342830657959,-6.85583718730931e-05,-0.05009833064926256,3.612831551628262,-1.8325957145940461,0.0,0.0,-0.12802242038502615,0.15459589641436539,0.0,0.0
4,1,0.9676883220672607,-6.85583718730931e-05,-0.05009833064926256,3.612831551628262,-1.8325957145940461,0.0,0.0,-0.12802242038502615,0.15459589641436539,0.0,0.0
4,1,0.9784834384918213,-6.85583718730931e-05,-0.020098330649262554,3.612831551628262,-1.8325957145940461,0.0,-0.08726646259971647,-0.12802242038502615,0.15459589641436539,0.0,0.001753910219920606
4,1,0.989260196685791,-6.85583718730931e-05,0.05990166935073654,3.612831551628262,-1.8500490071139892,0.0,-0.08726646259971647,-0.126197205648102,0.15460054311475055,0.0,0.0
4,1,0.9998059272766113,-6.85583718730931e-05,0.02990166935073654,3.612831551628262,-1.8500490071139892,0.0,0.0,-0.126197205648102,0.15460054311475055,0.0,0.0
4,2,0.0,-6.85583718730931e-05,0.05990166935073654,3.612831551628262,-1.8500490071139892,0.0,-0.08726646259971647,-0.126197205648102,0.15460054311475055,0.0,0.0
4,2,0.010740995407104492,-0.032726431309467494,-0.0027562035868568466,3.612831551628262,-1.8500490071139892,0.0,0.0,-0.126197205648102,0.15460054311475055,0.0,0.0
4,2,0.02141284942626953,-0.1286368816458789,-0.09866665392326823,3.612831551628262,-1.8500490071139892,0.0,0.0,-0.126197205648102,0.15460054311475055,0.0,0.0
4,2,0.032605648040771484,-0.2945062596165954,-0.3905360318939868,3.612831551628262,-1.8500490071139892,0.0,0.3665191429188092,-0.126197205648102,0.15460054311475055,0.0,0.0
4,2,0.043360233306884766,-0.4174267065731645,-0.5134564788505559,3.612831551628262,-1.8500490071139892,-0.2792526803190927,0.08726646259971647,-0.126197205648102,0.15460054311475055,0.11656752664732763,0.0
4,2,0.05458831787109375,-0.7698331183311768,-0.769862890608568,3.612831551628262,-1.8500490071139892,-0.08726646259971647,0.0,-0.126197205648102,0.15460054311475055,0.06718061302887075,0.0
4,2,0.06600427627563477,-1.0502125536250455,-0.9542423259024337,3.612831551628262,-1.8500490071139892,-0.2792526803190927,-0.47123889803846897,-0.126197205648102,0.15460054311475055,0.29327467050455286,0.4496761021199284
4,2,0.07739520072937012,-1.2690929294981215,-1.2171227017755086,3.595378259108319,-1.8500490071139892,-0.5585053606381855,-0.8552113334772214,-0.12571473431433358,0.15615595739244983,0.7087952042727196,1.0408971287908313
4,2,0.08803176879882812,-1.376267158275112,-1.3162969305525023,3.595378259108319,-1.8675022996339325,-1.4311699866353502,-1.5184364492350666,-0.1238920705959178,0.15613247927247645,1.9696722505152635,1.9987132373671586
4,2,0.09928607940673828,-1.3508369622385534,-1.400866734515943,3.5604716740684323,-1.8849555921538759,-2.3911010752322315,-2.3911010752322315,-0.1210585964002182,0.15917433587171922,3.2299877128720462,3.349613955158136
4,2,0.11046433448791504,-1.253542064198599,-1.3995718364759884,3.5255650890285457,-1.9198621771937625,-3.6302848441482056,-3.351032163829113,-0.11635250141573783,0.162058258877543,4.550714757162431,4.690010239620417
4,2,0.12182974815368652,-1.2146764190396826,-1.426706191317072,3.490658503988659,-1.9547687622336491,-4.782202150464463,-4.310963252425994,-0.1115962904410178,0.16480832036402,5.808828183250044,6.150477962776547
4,2,0.13266301155090332,-0.8473954181174315,-1.403425190394822,3.420845333908886,-2.007128639793479,-6.318091892219473,-5.078908123303499,-0.10373368212143881,0.17018982568176416,5.353922120711674,7.127867599945022
4,2,0.14367389678955078,-0.6070583073717345,-1.2650880796491235,3.351032163829113,-2.076941809873252,-7.661995416255107,-6.126105674500097,-0.09390531962911629,0.1748750672914009,4.651277968481813,7.750063263480926
4,2,0.15441274642944336,-0.4816326853548754,-1.1476624576322654,3.263765701229396,-2.1467549799530254,-8.325220532012953,-6.998770300497261,-0.08314528971429494,0.18049427696143056,4.009698321004943,8.032225923472396
4,2,0.16589975357055664,-0.09732882574962021,-1.047358598027009,3.1590459461097367,-2.234021442552742,-9.58185759344887,-7.661995416255107,-0.06954746830409284,0.18636251164188472,0.9325909480704603,8.024856777258318
4,2,0.17659211158752441,0.0032314792733624254,-0.8587982930040275,3.0543261909900767,-2.321287905152458,-9.861110273767961,-8.429940287132611,-0.05561905223344192,0.19135643222310272,0.0,7.239618328715368
4,2,0.18798255920410156,0.19819495115408403,-0.8458348211233071,2.949606435870417,-2.4085543677521746,-10.437068926926091,-8.709192967451704,-0.04139413588108552,0.19547090668671357,0.0,7.366538675752876
4,2,0.19888615608215332,0.42642026755916734,-0.601609504718223,2.827433388230814,-2.5132741228718345,-10.733774899765127,-9.285151620609833,-0.024221572057723864,0.19898766353472608,0.0,5.586035467708688
4,2,0.2097759246826172,0.6524705410706271,-0.41955923120676203,2.705260340591211,-2.6179938779914944,-10.925761117484504,-9.58185759344887,-0.006772470964290997,0.20123402860017042,0.0,4.020156805440083
4,2,0.21985244750976562,0.9060638478362937,-0.37796592444109706,2.5830872929516078,-2.722713633111154,-11.01302758008422,-9.285151620609833,0.010894028259799841,0.20218335114068647,0.0,3.509470915859546
4,2,0.23039484024047852,0.9402930337919981,-0.255736738485389,2.478367537831948,-2.8099800957108707,-10.629055144645466,-9.389871375729493,0.02598678500811092,0.20211565972839773,0.0,2.4013350804263736
4,2,0.24118947982788086,0.8785289859706735,-0.11950078630671368,2.3736477827122884,-2.91469985083053,-9.861110273767961,-9.197885158010116,0.04230801113468765,0.19975165046584542,0.0,1.0991545087410604
4,2,0.25196003913879395,1.0096198981556705,0.06359012587827995,2.251474735072685,-3.01941960595019,-9.285151620609833,-9.00589894029074,0.060150197943087375,0.19693581688269102,0.0,0.0
4,2,0.26288938522338867,1.0620328756025352,0.1100031033251444,2.1642082724729685,-3.1066860685499065,-8.813912722571365,-8.517206749732328,0.07354430728058142,0.19300896637367737,0.0,0.0
4,2,0.2745802402496338,1.084404884441768,0.3003751121643775,2.076941809873252,-3.193952531149623,-8.133234314293576,-8.325220532012953,0.08676136011568776,0.18825924359470328,0.0,0.0
4,2,0.2857663631439209,1.1353739603191626,0.6293441880417774,1.9896753472735358,-3.2986722862692828,-7.365289443416071,-8.133234314293576,0.10054031844233072,0.18113936089342567,0.0,0.0
4,2,0.2966935634613037,1.1404639738189495,0.8324342015415548,1.9024088846738192,-3.385938748868999,-6.318091892219473,-7.661995416255107,0.1131960315861055,0.1746667552982224,0.0,0.0
4,2,0.30716824531555176,1.092782636372854,0.8647528640954597,1.8500490071139892,-3.4557519189487724,-5.462880558742252,-6.806784082777885,0.12127428677707157,0.16877703962937296,0.0,0.0
4,2,0.31816577911376953,1.0788595107656904,0.930829738488297,1.7976891295541595,-3.5255650890285457,-4.590215932745087,-5.934119456780721,0.12911360159111895,0.16253627745415847,0.0,0.0
4,2,0.3291044235229492,1.1040343856282462,1.102004613350853,1.7453292519943295,-3.595378259108319,-3.735004599267865,-5.270894341022875,0.13670201294496573,0.15594545838502732,0.0,0.0
4,2,0.34004783630371094,1.0688426206662525,1.0508128483888586,1.710422666954443,-3.6477381366681487,-2.8623399732707004,-4.118977034706618,0.14176227746289183,0.15081210470408957,0.0,0.0
4,2,0.35117483139038086,1.0880261237680842,1.0039963514906953,1.6755160819145565,-3.6826447217080354,-2.0943951023931953,-3.1590459461097367,0.14627334431836383,0.1471626412435037,0.0,0.0
4,2,0.3625020980834961,0.9026147013442852,0.7825849290668953,1.6580627893946132,-3.7000980142279785,-0.9424777960769379,-1.9024088846738192,0.14850163471088204,0.14528486062326512,0.0,0.0
4,2,0.3732461929321289,0.7243071375769475,0.6842773652995586,1.6580627893946132,-3.717551306747922,-0.08726646259971647,-1.0471975511965976,0.14888140468007555,0.1436343333915627,0.0,0.0
4,2,0.3843998908996582,0.5625529826390121,0.5305232103616222,1.6580627893946132,-3.735004599267865,0.6632251157578453,-0.08726646259971647,0.1492451480301265,0.14199007539271313,0.3730992670306799,0.0
4,2,0.3947157859802246,0.3725294282882233,0.3904996560108337,1.6755160819145565,-3.735004599267865,1.1344640137963142,0.47123889803846897,0.147415182469252,0.14224813325167487,0.42262123047310396,0.18401862758294646
4,2,0.40604662895202637,0.10209833064934659,0.18606855837195685,1.6929693744344996,-3.717551306747922,1.710422666954443,0.8552113334772214,0.14521881983613086,0.14410862103299985,0.17463129900085195,0.15912793992346544
4,2,0.4170835018157959,0.02209833064934641,0.09006855837195682,1.710422666954443,-3.717551306747922,1.710422666954443,1.1344640137963142,0.14338681928305524,0.1443201144778703,0.03779748564449619,0.10217953824749776
4,2,0.428225040435791,-0.0939016693506538,-0.025931441628044283,1.7278759594743862,-3.7000980142279785,1.8151424220741028,1.239183768915974,0.14117162766514815,0.14611610071406889,0.0,0.0
4,2,0.43877530097961426,-0.23990166935065377,-0.13593144162804344,1.7453292519943295,-3.6826447217080354,2.007128639793479,1.3264502315156905,0.1389394445127529,0.1478771492881308,0.0,0.0
4,2,0.44994473457336426,-0.2839016693506539,-0.18593144162804248,1.7627825445142729,-3.6651914291880923,1.9024088846738192,1.239183768915974,0.1366907649157115,0.14960338587563213,0.0,0.0
4,2,0.46140336990356445,-0.29790166935065404,-0.2659314416280436,1.7802358370342162,-3.6477381366681487,1.710422666954443,1.239183768915974,0.13442607476355475,0.1512949381566027,0.0,0.0
4,2,0.47217440605163574,-0.34790166935065414,-0.22993144162804363,1.7976891295541595,-3.6477381366681487,1.6231562043547265,1.1344640137963142,0.1325949850153967,0.1513732783383049,0.0,0.0
4,2,0.4826803207397461,-0.2599016693506543,-0.2139314416280427,1.8151424220741028,-3.6302848441482056,1.1344640137963142,0.8552113334772214,0.1303160795932949,0.15300169114922163,0.0,0.0
4,2,0.4939746856689453,-0.2079016693506544,-0.04593144162804272,1.8325957145940461,-3.6302848441482056,0.7504915783575618,0.3665191429188092,0.12848874042117595,0.15303466035514973,0.0,0.0
4,2,0.5043904781341553,-0.1119016693506544,0.020068558371957285,1.8325957145940461,-3.6302848441482056,0.47123889803846897,0.17453292519943295,0.12848874042117595,0.15303466035514973,0.0,0.0035026241971932745
4,2,0.516122579574585,0.020098330649345606,0.08006855837195728,1.8325957145940461,-3.6302848441482056,0.08726646259971647,0.0,0.12848874042117595,0.15303466035514973,0.0017539102199278537,0.0
4,2,0.5266292095184326,0.1760983306493456,6.855837195614375e-05,1.8325957145940461,-3.612831551628262,-0.3665191429188092,0.0,0.12802254615761396,0.15459586286324006,0.0,0.0
4,2,0.5375628471374512,0.1460983306493456,0.11006855837195728,1.8325957145940461,-3.6302848441482056,-0.2792526803190927,-0.08726646259971647,0.12848874042117595,0.15303466035514973,0.0,0.0
4,2,0.5498356819152832,0.1460983306493456,0.08006855837195728,1.8325957145940461,-3.6302848441482056,-0.2792526803190927,0.0,0.12848874042117595,0.15303466035514973,0.0,0.0
4,2,0.5599708557128906,0.0800983306493456,0.08006855837195728,1.8325957145940461,-3.6302848441482056,-0.08726646259971647,0.0,0.12848874042117595,0.15303466035514973,0.0,0.0
4,2,0.5713326930999756,0.0500983306493456,0.08006855837195728,1.8325957145940461,-3.6302848441482056,0.0,0.0,0.12848874042117595,0.15303466035514973,0.0,0.0
4,2,0.5822420120239258,0.0500983306493456,0.050068558371957284,1.8325957145940461,-3.6302848441482056,0.0,0.08726646259971647,0.12848874042117595,0.15303466035514973,0.0,0.004369305976588131
4,2,0.5933752059936523,0.0500983306493456,6.855837195614375e-05,1.8325957145940461,-3.612831551628262,0.0,0.0,0.12802254615761396,0.15459586286324006,0.0,0.0
4,2,0.603989839553833,0.020098330649345606,6.855837195614375e-05,1.8325957145940461,-3.612831551628262,0.08726646259971647,0.0,0.12802254615761396,0.15459586286324006,0.0017539102199278537,0.0
4,2,0.6144018173217773,-0.009901669350654396,6.855837195614375e-05,1.8325957145940461,-3.612831551628262,0.17453292519943295,0.0,0.12802254615761396,0.15459586286324006,0.0,0.0
4,2,0.6257259845733643,0.0500983306493456,6.855837195614375e-05,1.8325957145940461,-3.612831551628262,0.0,0.0,0.12802254615761396,0.15459586286324006,0.0,0.0
4,2,0.6363976001739502,0.0500983306493456,6.855837195614375e-05,1.8325957145940461,-3.612831551628262,0.0,0.0,0.12802254615761396,0.15459586286324006,0.0,0.0
4,2,0.6466317176818848,0.0500983306493456,0.08006855837195728,1.8325957145940461,-3.6302848441482056,0.0,0.0,0.12848874042117595,0.15303466035514973,0.0,0.0
4,2,0.6581332683563232,0.0500983306493456,0.08006855837195728,1.8325957145940461,-3.6302848441482056,0.0,0.0,0.12848874042117595,0.15303466035514973,0.0,0.0
4,2,0.6691868305206299,0.0500983306493456,0.08006855837195728,1.8325957145940461,-3.6302848441482056,0.0,0.0,0.12848874042117595,0.15303466035514973,0.0,0.0
4,2,0.6799192428588867,0.0800983306493456,-0.01593144162804272,1.8325957145940461,-3.6302848441482056,-0.08726646259971647,0.2792526803190927,0.12848874042117595,0.15303466035514973,0.0,0.0
4,2,0.6914284229278564,0.0500983306493456,-0.029931441628043853,1.8325957145940461,-3.612831551628262,0.0,0.08726646259971647,0.12802254615761396,0.15459586286324006,0.0,0.0
4,2,0.7022809982299805,0.0500983306493456,-0.029931441628043853,1.8325957145940461,-3.612831551628262,0.0,0.08726646259971647,0.12802254615761396,0.15459586286324006,0.0,0.0
4,2,0.7133877277374268,0.0500983306493456,6.855837195614375e-05,1.8325957145940461,-3.612831551628262,0.0,0.0,0.12802254615761396,0.15459586286324006,0.0,0.0
4,2,0.7240869998931885,-0.009901669350654396,6.855837195614375e-05,1.8325957145940461,-3.612831551628262,0.17453292519943295,0.0,0.12802254615761396,0.15459586286324006,0.0,0.0
4,2,0.7354400157928467,0.0500983306493456,0.09606855837195614,1.8325957145940461,-3.612831551628262,0.0,-0.2792526803190927,0.12802254615761396,0.15459586286324006,0.0,0.0
4,2,0.7456426620483398,0.0500983306493456,0.09606855837195614,1.8325957145940461,-3.612831551628262,0.0,-0.2792526803190927,0.12802254615761396,0.15459586286324006,0.0,0.0
4,2,0.7570962905883789,0.0500983306493456,6.855837195614375e-05,1.8325957145940461,-3.612831551628262,0.0,0.0,0.12802254615761396,0.15459586286324006,0.0,0.0
4,2,0.7679886817932129,0.0500983306493456,-0.029931441628043853,1.8325957145940461,-3.612831551628262,0.0,0.08726646259971647,0.12802254615761396,0.15459586286324006,0.0,0.0
4,2,0.7787911891937256,0.0500983306493456,-0.059931441628043855,1.8325957145940461,-3.612831551628262,0.0,0.17453292519943295,0.12802254615761396,0.15459586286324006,0.0,0.0
4,2,0.7896029949188232,0.0500983306493456,6.855837195614375e-05,1.8325957145940461,-3.612831551628262,0.0,0.0,0.12802254615761396,0.15459586286324006,0.0,0.0
4,2,0.8004140853881836,0.0500983306493456,6.855837195614375e-05,1.8325957145940461,-3.612831551628262,0.0,0.0,0.12802254615761396,0.15459586286324006,0.0,0.0
4,2,0.8110074996948242,0.0500983306493456,0.09606855837195614,1.8325957145940461,-3.612831551628262,0.0,-0.2792526803190927,0.12802254615761396,0.15459586286324006,0.0,0.0
4,2,0.8217763900756836,0.020098330649345606,6.855837195614375e-05,1.8325957145940461,-3.612831551628262,0.08726646259971647,0.0,0.12802254615761396,0.15459586286324006,0.0017539102199278537,0.0
4,2,0.8326458930969238,0.0500983306493456,6.855837195614375e-05,1.8325957145940461,-3.612831551628262,0.0,0.0,0.12802254615761396,0.15459586286324006,0.0,0.0
4,2,0.8431329727172852,0.0500983306493456,6.855837195614375e-05,1.8325957145940461,-3.612831551628262,0.0,0.0,0.12802254615761396,0.15459586286324006,0.0,0.0
4,2,0.854240894317627,0.0500983306493456,6.855837195614375e-05,1.8325957145940461,-3.612831551628262,0.0,0.0,0.12802254615761396,0.15459586286324006,0.0,0.0
4,2,0.8653874397277832,0.0500983306493456,6.855837195614375e-05,1.8325957145940461,-3.612831551628262,0.0,0.0,0.12802254615761396,0.15459586286324006,0.0,0.0
4,2,0.8765592575073242,0.0500983306493456,6.855837195614375e-05,1.8325957145940461,-3.612831551628262,0.0,0.0,0.12802254615761396,0.15459586286324006,0.0,0.0
4,2,0.8875854015350342,0.0500983306493456,6.855837195614375e-05,1.8325957145940461,-3.612831551628262,0.0,0.0,0.12802254615761396,0.15459586286324006,0.0,0.0
4,2,0.8987810611724854,0.0500983306493456,6.855837195614375e-05,1.8325957145940461,-3.612831551628262,0.0,0.0,0.12802254615761396,0.15459586286324006,0.0,0.0
4,2,0.9097063541412354,0.0500983306493456,6.855837195614375e-05,1.8325957145940461,-3.612831551628262,0.0,0.0,0.12802254615761396,0.15459586286324006,0.0,0.0
4,2,0.9209518432617188,0.0500983306493456,6.855837195614375e-05,1.8325957145940461,-3.612831551628262,0.0,0.0,0.12802254615761396,0.15459586286324006,0.0,0.0
4,2,0.931563138961792,0.0500983306493456,6.855837195614375e-05,1.8325957145940461,-3.612831551628262,0.0,0.0,0.12802254615761396,0.15459586286324006,0.0,0.0
4,2,0.9418466091156006,0.0500983306493456,6.855837195614375e-05,1.8325957145940461,-3.612831551628262,0.0,0.0,0.12802254615761396,0.15459586286324006,0.0,0.0
4,2,0.9530565738677979,0.0500983306493456,6.855837195614375e-05,1.8325957145940461,-3.612831551628262,0.0,0.0,0.12802254615761396,0.15459586286324006,0.0,0.0
4,2,0.9643676280975342,0.0500983306493456,6.855837195614375e-05,1.8325957145940461,-3.612831551628262,0.0,0.0,0.12802254615761396,0.15459586286324006,0.0,0.0
4,2,0.9749834537506104,0.0500983306493456,6.855837195614375e-05,1.8325957145940461,-3.612831551628262,0.0,0.0,0.12802254615761396,0.15459586286324006,0.0,0.0
4,2,0.9863259792327881,0.0500983306493456,6.855837195614375e-05,1.8325957145940461,-3.612831551628262,0.0,0.0,0.12802254615761396,0.15459586286324006,0.0,0.0
4,2,0.9974989891052246,0.0500983306493456,6.855837195614375e-05,1.8325957145940461,-3.612831551628262,0.0,0.0,0.12802254615761396,0.15459586286324006,0.0,0.0
5,1,0.0,0.08400516275934697,0.06314357285344024,1.6755160819145565,-3.822271061867582,0.0,0.0,0.14900771851440406,0.13419207359942353,0.0,0.0
5,1,0.010842323303222656,0.09160181977940765,0.07074022987350398,1.6755160819145565,-3.822271061867582,0.0,0.0,0.14900771851440406,0.13419207359942353,0.0,0.0
5,1,0.022324323654174805,0.11669991497735609,0.0958383250714514,1.6755160819145565,-3.822271061867582,0.0,0.0,0.14900771851440406,0.13419207359942353,0.0,0.0
5,1,0.03294205665588379,0.15606493759899115,0.13520334769308645,1.6755160819145565,-3.822271061867582,0.0,0.0,0.14900771851440406,0.13419207359942353,0.0,0.0
5,1,0.04404044151306152,0.21421632591631096,0.19335473601040626,1.6755160819145565,-3.822271061867582,0.0,0.0,0.14900771851440406,0.13419207359942353,0.0,0.0
5,1,0.05551552772521973,0.29289699905584604,0.2720354091499424,1.6755160819145565,-3.822271061867582,0.0,0.0,0.14900771851440406,0.13419207359942353,0.0,0.0
5,1,0.06630730628967285,0.32422622166114934,0.2673646317552457,1.6755160819145565,-3.822271061867582,0.17453292519943295,0.2792526803190927,0.14900771851440406,0.13419207359942353,0.05658815089288014,0.07466229004017957
5,1,0.07785487174987793,0.4045414963173072,0.35367990641140545,1.6755160819145565,-3.822271061867582,0.2792526803190927,0.3665191429188092,0.14900771851440406,0.13419207359942353,0.11296929714690442,0.12963045616551297
5,1,0.08836174011230469,0.4609354131459136,0.5060738232400079,1.6755160819145565,-3.822271061867582,0.47123889803846897,0.2792526803190927,0.14900771851440406,0.13419207359942353,0.21721069615778674,0.14132247157910297
5,1,0.09948110580444336,0.461386688632464,0.5565250987265584,1.6929693744344996,-3.822271061867582,0.6632251157578453,0.5585053606381855,0.14718450799793803,0.1344959718271115,0.30600323997739487,0.31082225096847826
5,1,0.1107790470123291,0.5616174869173087,0.5767558970114008,1.6929693744344996,-3.8048177693476384,0.8552113334772214,0.7504915783575618,0.14689428388122763,0.13607990814755724,0.4803016398906776,0.43285044347511753
5,1,0.12163066864013672,0.5913349820098183,0.6204733921039116,1.710422666954443,-3.8048177693476384,1.0471975511965976,1.1344640137963142,0.14506925133090584,0.1363537935123545,0.6192445450975658,0.7039047348600179
5,1,0.13265299797058105,0.573333474144639,0.6024718842387323,1.7278759594743862,-3.7873644768276953,1.4311699866353502,1.5184364492350666,0.14293627326204328,0.138176660762927,0.8205376605291819,0.9148152686674208
5,1,0.1430647373199463,0.4923360431622892,0.6174744532563825,1.7453292519943295,-3.7699111843077517,2.007128639793479,1.8151424220741028,0.1407861003701602,0.1399647150521039,0.988181772633629,1.1208040746526726
5,1,0.15416884422302246,0.4744169999401584,0.4835554100342526,1.7627825445142729,-3.735004599267865,2.478367537831948,2.3911010752322315,0.13826374905862976,0.14328155036062848,1.1757796920473098,1.156229860867264
5,1,0.16556644439697266,0.45653408519495514,0.5156724952890506,1.7976891295541595,-3.717551306747922,2.775073510670984,2.775073510670984,0.134237525718609,0.14512145260258213,1.2669156465429303,1.431029081858252
5,1,0.17638492584228516,0.47668671448715233,0.35982512458124766,1.8151424220741028,-3.6826447217080354,3.1590459461097367,3.4382986264288293,0.1316195473021682,0.14831953098125752,1.505875232965008,1.2371862316022861
5,1,0.1871623992919922,0.5166241172326681,0.33376252732676237,1.8500490071139892,-3.6477381366681487,3.351032163829113,3.822271061867582,0.1271158179481292,0.15150739606579036,1.731224033456493,1.2757308497368718
5,1,0.19768285751342773,0.4382588162960911,0.2493972263901843,1.9024088846738192,-3.595378259108319,3.6302848441482056,4.118977034706618,0.1202580038249436,0.15603603566229304,1.5910043386140322,1.0272614480206965
5,1,0.20923876762390137,0.4390590015247082,0.23619741161880137,1.9373154697137058,-3.543018381548489,4.014257279586958,4.310963252425994,0.1150907211024772,0.16040347771298957,1.7624957930387413,1.0182383618067892
5,1,0.22061395645141602,0.4300607424610289,0.2271991525551233,1.9896753472735358,-3.490658503988659,4.2062434973063345,4.50294947014537,0.10800352340918419,0.16441660674280328,1.808940201423437,1.0230663036155696
5,1,0.23105144500732422,0.3671186180317207,0.17025702812581478,2.0420352248333655,-3.4382986264288293,4.50294947014537,4.782202150464463,0.10082199346104802,0.16813598077268635,1.653116586546437,0.81420352603496
5,1,0.24259376525878906,0.3616074937400366,0.09874590383412671,2.0943951023931953,-3.385938748868999,4.694935687864747,5.1661745859032155,0.09355595563626531,0.17156572779471876,1.6977239273594258,0.5101385788499083
5,1,0.25327253341674805,0.335175246872205,0.1683136569662969,2.1467549799530254,-3.3335788713091694,4.974188368183839,5.1661745859032155,0.08621458834654788,0.1747099212823323,1.6672248142948687,0.8695377370797148
5,1,0.2643563747406006,0.3690514899647027,0.17218990005879706,2.199114857512855,-3.2812189937493397,5.078908123303499,5.358160803622591,0.07880645395636056,0.17757253501820466,1.8743786102989883,0.9226211732747377
5,1,0.27497291564941406,0.3317342167472619,0.11487262684135674,2.251474735072685,-3.2114058236695664,5.358160803622591,5.462880558742252,0.07049887157195575,0.18155400999845242,1.7774852773956198,0.6275354399033011
5,1,0.28626346588134766,0.410077919987486,0.09721633008157896,2.303834612632515,-3.1590459461097367,5.358160803622591,5.742133239061344,0.06293150308231199,0.18383980848223191,2.197263437308029,0.5582291203409937
5,1,0.2973299026489258,0.36549169947929333,0.05263010957339034,2.3736477827122884,-3.0892327760299634,5.462880558742252,5.846852994181004,0.05277363108084589,0.18646451609910875,1.996637499467097,0.30772051374325166
5,1,0.3076457977294922,0.28208929069984234,0.10122770079393337,2.426007660272118,-3.036872898470133,5.846852994181004,5.846852994181004,0.04511196980570334,0.18812056829000942,1.6493346139547689,0.5918634854810682
5,1,0.31841039657592773,0.230342356144921,0.0134807662390182,2.4958208303518914,-2.9670597283903604,5.934119456780721,6.03883921190038,0.03485207869585577,0.1899136217457087,1.3668790573202898,0.08140817977064592
5,1,0.3299100399017334,0.1883943211357536,0.0075327312298466564,2.5656340004316642,-2.897246558310587,6.03883921190038,6.03883921190038,0.02455192510822289,0.1912399072597175,1.1376830137739415,0.04548895272350457
5,1,0.34035801887512207,0.11849284709570193,-0.06236874281020299,2.6354471705114375,-2.827433388230814,6.126105674500097,6.126105674500097,0.014224205451990636,0.19210298537373033,0.7258997029806519,0.0
5,1,0.35106921195983887,0.22537880655861597,-0.13748278334729186,2.6878070480712677,-2.7576202181510405,5.934119456780721,6.230825429619756,0.0052051589148529795,0.19357526126879826,1.3374247611455015,0.0
5,1,0.3625514507293701,0.2942441782611496,-0.018617411644755347,2.7576202181510405,-2.705260340591211,5.654866776461628,6.03883921190038,-0.003880538552995999,0.19250500280469962,1.6639116278162278,0.0
5,1,0.3735527992248535,0.1797171215083666,-0.0971444683975381,2.827433388230814,-2.6354471705114375,5.846852994181004,6.126105674500097,-0.014224086660624746,0.19210283180868784,1.0507795899967847,0.0
5,1,0.38439369201660156,0.1974613203409723,-0.1294002695649336,2.8797932657906435,-2.5656340004316642,5.846852994181004,6.03883921190038,-0.02340104895472859,0.1924573660486435,1.1545273120705484,0.0
5,1,0.39559006690979004,0.16847304171402636,-0.1583885481918799,2.949606435870417,-2.4958208303518914,5.742133239061344,5.934119456780721,-0.03376610009589812,0.19117703330728797,0.9673946527118791,0.0
5,1,0.40648913383483887,0.19488605568114115,-0.1319755342247651,3.001966313430247,-2.443460952792061,5.654866776461628,5.846852994181004,-0.04151468707192805,0.18990792711885546,1.1020546814669359,0.0
5,1,0.4176058769226074,0.10314164747313381,-0.15771994243277426,3.07177948351002,-2.3736477827122884,5.654866776461628,5.654866776461628,-0.05180182557272421,0.18780019065427564,0.5832522755653418,0.0
5,1,0.4285242557525635,0.10032299652353935,-0.23095559189707732,3.12413936106985,-2.303834612632515,5.550147021341968,5.550147021341968,-0.06110233621382608,0.18658496962794785,0.5568073803272225,0.0
5,1,0.43903636932373047,0.009640538550746036,-0.21522105135516187,3.193952531149623,-2.251474735072685,5.462880558742252,5.358160803622591,-0.06964175900678679,0.1829520651880432,0.05266511062467572,0.0
5,1,0.4503629207611084,-0.0409987614204719,-0.19986035132637792,3.246312408709453,-2.199114857512855,5.462880558742252,5.1661745859032155,-0.07720681555902309,0.18041489826204077,0.0,0.0
5,1,0.4606752395629883,-0.16663084380915416,-0.21549243371506108,3.3161255787892263,-2.1467549799530254,5.358160803622591,4.974188368183839,-0.08547205040806892,0.17615231023738542,0.0,0.0
5,1,0.4717276096343994,-0.18612146950967065,-0.2709830594155815,3.368485456349056,-2.0943951023931953,5.1661745859032155,4.886921905584122,-0.09286236843112859,0.17302916750300437,0.0,0.0
5,1,0.4826521873474121,-0.2231406601177065,-0.2720022500236158,3.420845333908886,-2.0420352248333655,4.974188368183839,4.590215932745087,-0.10017734603015233,0.1696194328885165,0.0,0.0
5,1,0.4937629699707031,-0.20803333079145606,-0.2928949206973629,3.473205211468716,-1.9896753472735358,4.590215932745087,4.310963252425994,-0.1074078693778723,0.16591915926638684,0.0,0.0
5,1,0.5043115615844727,-0.2143067014417468,-0.39516829134764664,3.5255650890285457,-1.9373154697137058,4.2062434973063345,4.2062434973063345,-0.11454420884881883,0.1619243361040274,0.0,0.0
5,1,0.5155436992645264,-0.29610687022052395,-0.3669684601264247,3.5779249665883754,-1.9024088846738192,4.014257279586958,3.9269908169872414,-0.11975787562770575,0.15756283320726475,0.0,0.0
5,1,0.5263450145721436,-0.2868878294310982,-0.3657494193370072,3.612831551628262,-1.8500490071139892,3.735004599267865,3.4382986264288293,-0.126197205648102,0.15460054311475055,0.0,0.0
5,1,0.5369679927825928,-0.19128743744658605,-0.33614902735249397,3.6477381366681487,-1.8151424220741028,3.1590459461097367,3.0543261909900767,-0.1307657803244858,0.15143480974567905,0.0,0.0
5,1,0.5481994152069092,-0.137388031220484,-0.1722496211263837,3.6826447217080354,-1.7976891295541595,2.670353755551324,2.478367537831948,-0.13344642145623767,0.1482344047477836,0.0,0.0
5,1,0.559729814529419,-0.053538696563224596,-0.23440028646912545,3.7000980142279785,-1.7627825445142729,2.2863813201125716,2.2863813201125716,-0.13750754597092904,0.14642942856667387,0.0,0.0
5,1,0.5704236030578613,-0.13096783140099497,-0.23182942130690387,3.735004599267865,-1.7453292519943295,2.0943951023931953,2.0943951023931953,-0.1400923554939924,0.14310924813417064,0.0,0.0
5,1,0.5822210311889648,-0.10998515845815951,-0.22484674836405935,3.7524578917878086,-1.710422666954443,1.8151424220741028,1.6231562043547265,-0.1441045198338869,0.14111260034329048,0.0,0.0
5,1,0.5936398506164551,-0.16106533985155536,-0.2759269297574562,3.7699111843077517,-1.6929693744344996,1.710422666954443,1.5184364492350666,-0.14626900343830165,0.13927049248843393,0.0,0.0
5,1,0.6043758392333984,-0.226967182402771,-0.3418287723086698,3.7873644768276953,-1.6755160819145565,1.6231562043547265,1.4311699866353502,-0.14841536784241413,0.13739325502094285,0.0,0.0
5,1,0.6158638000488281,-0.20016565367894862,-0.2350272435848483,3.8048177693476384,-1.6755160819145565,1.239183768915974,1.0471975511965976,-0.14871851923877832,0.13578913973854828,0.0,0.0
5,1,0.6273038387298584,-0.31164937478387844,-0.17851096468977717,3.822271061867582,-1.6580627893946132,1.239183768915974,0.5585053606381855,-0.15082962197716424,0.1338713400284965,0.0,0.0
5,1,0.6379647254943848,-0.322714967067145,-0.14557655697304459,3.839724354387525,-1.6580627893946132,0.9424777960769379,0.3665191429188092,-0.15110136360894216,0.13226952340536502,0.0,0.0
5,1,0.6494026184082031,-0.1617978486501716,-0.056659438556071196,3.839724354387525,-1.6580627893946132,0.3665191429188092,0.0,-0.15110136360894216,0.13226952340536502,0.0,0.0
5,1,0.6600370407104492,-0.06938908008809366,-0.09025066999399328,3.839724354387525,-1.6580627893946132,0.0,0.0,-0.15110136360894216,0.13226952340536502,0.0,0.0
5,1,0.6717376708984375,-0.04237376490983988,-0.09323535481573947,3.839724354387525,-1.6580627893946132,-0.17453292519943295,-0.08726646259971647,-0.15110136360894216,0.13226952340536502,0.00739561714142744,0.008136319603999024
5,1,0.6825294494628906,0.035855549085838934,-0.11700604082006065,3.839724354387525,-1.6580627893946132,-0.47123889803846897,-0.08726646259971647,-0.15110136360894216,0.13226952340536502,0.0,0.010210703285164721
5,1,0.6936302185058594,0.051317465649110106,-0.10154412425679762,3.839724354387525,-1.6580627893946132,-0.5585053606381855,-0.17453292519943295,-0.15110136360894216,0.13226952340536502,0.0,0.017722793043353585
5,1,0.7049033641815186,0.09885642714662002,-0.10400516275928684,3.822271061867582,-1.6580627893946132,-0.47123889803846897,-0.17453292519943295,-0.15082962197716424,0.1338713400284965,0.0,0.01815232529222146
5,1,0.7158372402191162,0.06285642714662004,-0.06800516275928685,3.822271061867582,-1.6580627893946132,-0.3665191429188092,-0.2792526803190927,-0.15082962197716424,0.1338713400284965,0.0,0.018990623976067
5,1,0.7267184257507324,-0.03314357285337999,-0.03800516275928681,3.822271061867582,-1.6580627893946132,-0.08726646259971647,-0.3665191429188092,-0.15082962197716424,0.1338713400284965,0.002892322360830463,0.013929619681023648
5,1,0.737250566482544,-0.06314357285337999,-0.03800516275928681,3.822271061867582,-1.6580627893946132,0.0,-0.3665191429188092,-0.15082962197716424,0.1338713400284965,0.0,0.013929619681023648
5,1,0.7487702369689941,-0.06314357285337999,0.04199483724071332,3.822271061867582,-1.6755160819145565,0.0,-0.3665191429188092,-0.1490068208742661,0.13419250439221753,0.0,0.0
5,1,0.7597007751464844,-0.15914357285338,0.011994837240713277,3.822271061867582,-1.6755160819145565,0.2792526803190927,-0.2792526803190927,-0.1490068208742661,0.13419250439221753,0.0,0.0
5,1,0.7705399990081787,-0.12314357285337998,-0.08400516275928671,3.822271061867582,-1.6755160819145565,0.17453292519943295,0.0,-0.1490068208742661,0.13419250439221753,0.0,0.0
5,1,0.7815334796905518,-0.06314357285337999,-0.11400516275928671,3.822271061867582,-1.6755160819145565,0.0,0.08726646259971647,-0.1490068208742661,0.13419250439221753,0.0,0.0
5,1,0.7925519943237305,-0.06314357285337999,-0.26000516275928687,3.822271061867582,-1.6580627893946132,0.0,0.2792526803190927,-0.15082962197716424,0.1338713400284965,0.0,0.0
5,1,0.8032984733581543,-0.06314357285337999,-0.16400516275928684,3.822271061867582,-1.6580627893946132,0.0,0.0,-0.15082962197716424,0.1338713400284965,0.0,0.0
5,1,0.814835786819458,-0.06314357285337999,-0.16400516275928684,3.822271061867582,-1.6580627893946132,0.0,0.0,-0.15082962197716424,0.1338713400284965,0.0,0.0
5,1,0.8255035877227783,-0.06314357285337999,-0.06800516275928685,3.822271061867582,-1.6580627893946132,0.0,-0.2792526803190927,-0.15082962197716424,0.1338713400284965,0.0,0.018990623976067
5,1,0.8364629745483398,-0.06314357285337999,0.04199483724071332,3.822271061867582,-1.6755160819145565,0.0,-0.3665191429188092,-0.1490068208742661,0.13419250439221753,0.0,0.0
5,1,0.8482475280761719,-0.06314357285337999,0.011994837240713277,3.822271061867582,-1.6755160819145565,0.0,-0.2792526803190927,-0.1490068208742661,0.13419250439221753,0.0,0.0
5,1,0.8590023517608643,-0.06314357285337999,0.011994837240713277,3.822271061867582,-1.6755160819145565,0.0,-0.2792526803190927,-0.1490068208742661,0.13419250439221753,0.0,0.0
5,1,0.8697681427001953,-0.06314357285337999,-0.11400516275928671,3.822271061867582,-1.6755160819145565,0.0,0.08726646259971647,-0.1490068208742661,0.13419250439221753,0.0,0.0
5,1,0.8812596797943115,-0.003143572853379982,-0.11400516275928671,3.822271061867582,-1.6755160819145565,-0.17453292519943295,0.08726646259971647,-0.1490068208742661,0.13419250439221753,0.0005486569656779364,0.0
5,1,0.8921844959259033,-0.06314357285337999,-0.1440051627592867,3.822271061867582,-1.6755160819145565,0.0,0.17453292519943295,-0.1490068208742661,0.13419250439221753,0.0,0.0
5,1,0.9030282497406006,-0.06314357285337999,-0.1440051627592867,3.822271061867582,-1.6755160819145565,0.0,0.17453292519943295,-0.1490068208742661,0.13419250439221753,0.0,0.0
5,1,0.9138062000274658,-0.12314357285337998,-0.08400516275928671,3.822271061867582,-1.6755160819145565,0.17453292519943295,0.0,-0.1490068208742661,0.13419250439221753,0.0,0.0
5,1,0.9257252216339111,-0.09314357285337999,-0.024005162759286706,3.822271061867582,-1.6755160819145565,0.08726646259971647,-0.17453292519943295,-0.1490068208742661,0.13419250439221753,0.0,0.0041896912762668
5,1,0.93642258644104,-0.06314357285337999,0.011994837240713277,3.822271061867582,-1.6755160819145565,0.0,-0.2792526803190927,-0.1490068208742661,0.13419250439221753,0.0,0.0
5,1,0.9477744102478027,-0.06314357285337999,-0.08400516275928671,3.822271061867582,-1.6755160819145565,0.0,0.0,-0.1490068208742661,0.13419250439221753,0.0,0.0
5,1,0.9585919380187988,-0.003143572853379982,-0.08400516275928671,3.822271061867582,-1.6755160819145565,-0.17453292519943295,0.0,-0.1490068208742661,0.13419250439221753,0.0005486569656779364,0.0
5,1,0.9699387550354004,-0.003143572853379982,-0.11400516275928671,3.822271061867582,-1.6755160819145565,-0.17453292519943295,0.08726646259971647,-0.1490068208742661,0.13419250439221753,0.0005486569656779364,0.0
5,1,0.9814229011535645,-0.003143572853379982,-0.11400516275928671,3.822271061867582,-1.6755160819145565,-0.17453292519943295,0.08726646259971647,-0.1490068208742661,0.13419250439221753,0.0005486569656779364,0.0
5,1,0.9920885562896729,-0.06314357285337999,-0.08400516275928671,3.822271061867582,-1.6755160819145565,0.0,0.0,-0.1490068208742661,0.13419250439221753,0.0,0.0
5,2,0.0,-0.06314357285337999,-0.08400516275928671,3.822271061867582,-1.6755160819145565,0.0,0.0,-0.1490068208742661,0.13419250439221753,0.0,0.0
5,2,0.011046171188354492,-0.1445127733363414,-0.0753743632422471,3.822271061867582,-1.6755160819145565,0.17453292519943295,-0.08726646259971647,-0.1490068208742661,0.13419250439221753,0.0,0.0065776540508570005
5,2,0.02235126495361328,-0.1507756170357762,-0.17163720694167983,3.822271061867582,-1.6755160819145565,0.0,0.0,-0.1490068208742661,0.13419250439221753,0.0,0.0
5,2,0.03357124328613281,-0.2607225711492245,-0.2815841610551292,3.822271061867582,-1.6755160819145565,0.0,0.0,-0.1490068208742661,0.13419250439221753,0.0,0.0
5,2,0.044370412826538086,-0.40741327500541025,-0.42827486491131594,3.822271061867582,-1.6755160819145565,0.0,0.0,-0.1490068208742661,0.13419250439221753,0.0,0.0
5,2,0.055345773696899414,-0.47040956697005476,-0.6172711568759615,3.822271061867582,-1.6755160819145565,-0.3665191429188092,0.0,-0.1490068208742661,0.13419250439221753,0.17241411130667267,0.0
5,2,0.06653857231140137,-0.63694604221399,-0.7538076321198978,3.822271061867582,-1.6755160819145565,-0.5585053606381855,-0.2792526803190927,-0.1490068208742661,0.13419250439221753,0.3557377790137894,0.21050280171447006
5,2,0.07802295684814453,-0.769117367277812,-0.9659789571837187,3.8048177693476384,-1.6755160819145565,-0.7504915783575618,-0.47123889803846897,-0.14871851923877832,0.13578913973854828,0.5772161069105376,0.45520685931160504
5,2,0.08892035484313965,-0.899718725495338,-1.022580315401247,3.8048177693476384,-1.6929693744344996,-1.239183768915974,-0.9424777960769379,-0.14689351171639747,0.13608026128262005,1.1149168412235895,0.9637592419710272
5,2,0.0994422435760498,-0.975560958894619,-1.1424225488005229,3.7873644768276953,-1.6929693744344996,-1.710422666954443,-1.5184364492350666,-0.14658870717985997,0.1376717016279519,1.668621577089168,1.7346960385267405
5,2,0.11160993576049805,-1.0978515381567109,-1.2647131280626178,3.7699111843077517,-1.710422666954443,-2.2863813201125716,-2.0943951023931953,-0.1444407249512367,0.13951915302365456,2.510107249098358,2.6488089813467246
5,2,0.12241744995117188,-1.0554895591197817,-1.2523511490256904,3.735004599267865,-1.7453292519943295,-3.0543261909900767,-2.775073510670984,-0.1400923554939924,0.14310924813417064,3.223809404736118,3.4753664997195637
5,2,0.13282465934753418,-0.8370376020420011,-1.185899191947906,3.6826447217080354,-1.7802358370342162,-4.118977034706618,-3.6302848441482056,-0.13527572858660344,0.14813231291117823,3.4477386599969,4.3051518632160874
5,2,0.14432549476623535,-0.7644741985528489,-1.239335788458755,3.6477381366681487,-1.8151424220741028,-5.1661745859032155,-4.310963252425994,-0.1307657803244858,0.15143480974567905,3.949407176142457,5.3427310414620885
5,2,0.155440092086792,-0.5921228708224294,-1.1529844607283386,3.5779249665883754,-1.8675022996339325,-6.03883921190038,-5.1661745859032155,-0.12339331430029248,0.15768205703792498,3.5757348105855105,5.956519018956067
5,2,0.16601037979125977,-0.5100948458796739,-1.0049564357855787,3.5081117965086026,-1.9373154697137058,-6.614797865058509,-5.934119456780721,-0.11398020206126806,0.1634499158215228,3.3741742975022158,5.963531538812208
5,2,0.17758655548095703,-0.41685223207978656,-1.0377138219856925,3.4382986264288293,-2.007128639793479,-7.365289443416071,-6.318091892219473,-0.10437874545276522,0.16868546787237837,3.070237344401678,6.556371285131886
5,2,0.18889641761779785,-0.22956782631181455,-0.8344294162177176,3.351032163829113,-2.076941809873252,-8.133234314293576,-7.365289443416071,-0.09390531962911629,0.1748750672914009,1.8671289224170378,6.14581417054419
5,2,0.1998579502105713,-0.012480837348700036,-0.6973424272546084,3.246312408709453,-2.1642082724729685,-8.709192967451704,-7.941248096574199,-0.08061755935185105,0.18144925619112,0.10869802086520693,5.537769223096091
5,2,0.21094465255737305,0.16041850445039346,-0.6264430854555147,3.1590459461097367,-2.251474735072685,-9.389871375729493,-8.325220532012953,-0.06787762939732933,0.1857510229939936,0.0,5.215276837171796
5,2,0.22246503829956055,0.44883653763506465,-0.5140250522708449,3.036872898470133,-2.356194490192345,-9.965830028887622,-8.621926504851988,-0.051398224754543545,0.19123038854157046,0.0,4.431886222331927
5,2,0.23317933082580566,0.4385007553645586,-0.5083608345413498,2.9321531433504737,-2.443460952792061,-9.773843811168245,-8.709192967451704,-0.03720073313829063,0.19507151181556623,0.0,4.4274126051154035
5,2,0.2447216510772705,0.6105477368292265,-0.4323138530766779,2.827433388230814,-2.548180707911721,-10.157816246606998,-8.813912722571365,-0.021294172007695227,0.1970635317544801,0.0,3.810376569776379
5,2,0.2555422782897949,0.6756095214668346,-0.38125206843907283,2.705260340591211,-2.652900463031381,-9.861110273767961,-8.709192967451704,-0.004018970390926267,0.19909452209771938,0.0,3.320397833275989
5,2,0.2664625644683838,0.7152505038429705,-0.3196110860629362,2.600540585471551,-2.7401669256310974,-9.669124056048586,-8.813912722571365,0.010774517393606908,0.19998397610897395,0.0,2.8170242177249647
5,2,0.27732229232788086,0.7158132152749439,-0.18704837463096258,2.4958208303518914,-2.8448866807507573,-9.285151620609833,-8.813912722571365,0.026905959319124213,0.1986961665803063,0.0,1.648628048896136
5,2,0.28934288024902344,0.6450658792419477,-0.09579571066395914,2.3911010752322315,-2.949606435870417,-8.709192967451704,-8.709192967451704,0.04295793189510219,0.19629788834981132,0.0,0.8343033296265913
5,2,0.2998824119567871,0.6334729202650514,0.024611330359144368,2.303834612632515,-3.036872898470133,-8.325220532012953,-8.709192967451704,0.05623707115910937,0.1934433220451441,0.0,0.0
5,2,0.3115355968475342,0.5606313269411896,0.09776973703528413,2.2165681500327987,-3.141592653589793,-7.749261878854823,-8.325220532012953,0.07031946149637405,0.1883793386903379,0.0,0.0
5,2,0.3223733901977539,0.5767412080897403,0.2758796181838327,2.129301687433082,-3.2288591161895095,-7.278022980816354,-8.325220532012953,0.0832382472656396,0.18388975753646883,0.0,0.0
5,2,0.3331789970397949,0.6927816284805056,0.3559200385746019,2.0420352248333655,-3.3161255787892263,-6.998770300497261,-7.941248096574199,0.09596273000336301,0.17859067698752074,0.0,0.0
5,2,0.343700647354126,0.7301035455884174,0.4432419556825099,1.9722220547535925,-3.4033920413889427,-6.614797865058509,-7.47000919853573,0.10665287010371524,0.1722268066821747,0.0,0.0
5,2,0.3556225299835205,0.7498752059616303,0.3370136160557227,1.9024088846738192,-3.473205211468716,-6.126105674500097,-6.614797865058509,0.11642541340615198,0.16683178004663887,0.0,0.0
5,2,0.3663480281829834,0.7872548872969947,0.4403932973910859,1.8325957145940461,-3.543018381548489,-5.550147021341968,-6.230825429619756,0.12599913167694068,0.16089533922410254,0.0,0.0
5,2,0.37828540802001953,0.7418960276937451,0.5050344377878448,1.7802358370342162,-3.612831551628262,-4.886921905584122,-5.654866776461628,0.1335132536289891,0.15448141798879594,0.0,0.0
5,2,0.3889811038970947,0.7935734909965756,0.6367119010906754,1.7278759594743862,-3.6826447217080354,-4.39822971502571,-5.1661745859032155,0.14077271637410937,0.14772409191913924,0.0,0.0
5,2,0.39965081214904785,0.8121615774784814,0.5092999875725821,1.6755160819145565,-3.717551306747922,-3.735004599267865,-4.310963252425994,0.14705049917272178,0.14388002313238857,0.0,0.0
5,2,0.4109334945678711,0.8070420610943767,0.5481804711884684,1.6406094968746698,-3.7699111843077517,-3.1590459461097367,-3.6302848441482056,0.151751935170335,0.13842107698634662,0.0,0.0
5,2,0.4219083786010742,0.6765950129664638,0.5997334230605558,1.6231562043547265,-3.8048177693476384,-2.3911010752322315,-3.1590459461097367,0.15418991851857602,0.1348118777406734,0.0,0.0
5,2,0.4324350357055664,0.5735601134028356,0.6586985234969356,1.5882496193148399,-3.839724354387525,-1.4311699866353502,-2.670353755551324,0.15837382734206462,0.13075988495380267,0.0,0.0
5,2,0.44429707527160645,0.4931771899094047,0.5623156000034956,1.5882496193148399,-3.857177646907468,-0.9424777960769379,-1.9024088846738192,0.15862205705927424,0.12911435070256408,0.0,0.0
5,2,0.4555518627166748,0.46320891146412346,0.5023473215582154,1.5707963267948966,-3.8746309394274117,-0.3665191429188092,-1.239183768915974,0.1606651343844964,0.12702923444988792,0.0,0.0
5,2,0.46628785133361816,0.32234056448925685,0.36347897458335604,1.5707963267948966,-3.8920842319473548,0.2792526803190927,-0.3665191429188092,0.16088241520909013,0.12538537643089923,0.09001446660919434,0.0
5,2,0.4783644676208496,0.1886029719102143,0.18974138200431356,1.5882496193148399,-3.8920842319473548,0.6632251157578453,0.3665191429188092,0.1590757908124267,0.12584532795594047,0.12508622787742552,0.06954384870845137
5,2,0.4891812801361084,0.10540868371577528,0.02654709380987541,1.5882496193148399,-3.8746309394274117,1.0471975511965976,0.7504915783575618,0.15885634550685382,0.1274758874476969,0.11038371546201654,0.019923370334179655
5,2,0.5003931522369385,-0.021994837240652543,-0.0868564271465605,1.6057029118347832,-3.8746309394274117,1.239183768915974,1.1344640137963142,0.1570451264576363,0.12790528772716106,0.0,0.0
5,2,0.5117607116699219,-0.16799483724065267,-0.23285642714656166,1.6231562043547265,-3.857177646907468,1.4311699866353502,1.3264502315156905,0.15499349101482962,0.12992953308738037,0.0,0.0
5,2,0.5224499702453613,-0.2779948372406528,-0.3128564271465607,1.6406094968746698,-3.839724354387525,1.5184364492350666,1.3264502315156905,0.15292252592079053,0.13191762872466006,0.0,0.0
5,2,0.5336740016937256,-0.3279948372406529,-0.3268564271465598,1.6580627893946132,-3.822271061867582,1.4311699866353502,1.1344640137963142,0.15083053663403,0.13387088696660113,0.0,0.0
5,2,0.5449099540710449,-0.30599483724065313,-0.16485642714655976,1.6755160819145565,-3.822271061867582,1.1344640137963142,0.6632251157578453,0.14900771851440406,0.13419207359942353,0.0,0.0
5,2,0.5555448532104492,-0.17399483724065304,-0.1128564271465609,1.6755160819145565,-3.8048177693476384,0.7504915783575618,0.2792526803190927,0.14871930617060597,0.13578876784586036,0.0,0.0
5,2,0.5669395923614502,-0.07799483724065304,-0.016856427146560892,1.6755160819145565,-3.8048177693476384,0.47123889803846897,0.0,0.14871930617060597,0.13578876784586036,0.0,0.0
5,2,0.5781323909759521,0.004005162759347873,0.043143572853439116,1.6929693744344996,-3.8048177693476384,0.0,-0.17453292519943295,0.14689428388122763,0.13607990814755724,0.0,0.0
5,2,0.5890133380889893,0.24600516275934697,0.15914357285344022,1.6755160819145565,-3.822271061867582,-0.47123889803846897,-0.2792526803190927,0.14900771851440406,0.13419207359942353,0.0,0.0
5,2,0.5995264053344727,0.18000516275934697,0.12314357285344024,1.6755160819145565,-3.822271061867582,-0.2792526803190927,-0.17453292519943295,0.14900771851440406,0.13419207359942353,0.0,0.0
5,2,0.610926628112793,0.210005162759347,0.09314357285344024,1.6755160819145565,-3.822271061867582,-0.3665191429188092,-0.08726646259971647,0.14900771851440406,0.13419207359942353,0.0,0.0
5,2,0.6224255561828613,0.11400516275934697,0.06314357285344024,1.6755160819145565,-3.822271061867582,-0.08726646259971647,0.0,0.14900771851440406,0.13419207359942353,0.0,0.0
5,2,0.6335020065307617,0.11400516275934697,-0.03285642714655976,1.6755160819145565,-3.822271061867582,-0.08726646259971647,0.2792526803190927,0.14900771851440406,0.13419207359942353,0.0,0.0
5,2,0.6442756652832031,0.05400516275934697,-0.03285642714655976,1.6755160819145565,-3.822271061867582,0.08726646259971647,0.2792526803190927,0.14900771851440406,0.13419207359942353,0.004712839516130153,0.0
5,2,0.6551411151885986,0.02400516275934697,0.06314357285344024,1.6755160819145565,-3.822271061867582,0.17453292519943295,0.0,0.14900771851440406,0.13419207359942353,0.0041896912762773185,0.0
5,2,0.6656453609466553,0.05400516275934697,0.06314357285344024,1.6755160819145565,-3.822271061867582,0.08726646259971647,0.0,0.14900771851440406,0.13419207359942353,0.004712839516130153,0.0
5,2,0.6767549514770508,0.02400516275934697,0.09314357285344024,1.6755160819145565,-3.822271061867582,0.17453292519943295,-0.08726646259971647,0.14900771851440406,0.13419207359942353,0.0041896912762773185,0.0
5,2,0.6879277229309082,0.08400516275934697,0.09314357285344024,1.6755160819145565,-3.822271061867582,0.0,-0.08726646259971647,0.14900771851440406,0.13419207359942353,0.0,0.0
5,2,0.6983485221862793,0.08400516275934697,0.06314357285344024,1.6755160819145565,-3.822271061867582,0.0,0.0,0.14900771851440406,0.13419207359942353,0.0,0.0
5,2,0.7099368572235107,0.11400516275934697,0.06314357285344024,1.6755160819145565,-3.822271061867582,-0.08726646259971647,0.0,0.14900771851440406,0.13419207359942353,0.0,0.0
5,2,0.7207643985748291,0.08400516275934697,0.033143572853440245,1.6755160819145565,-3.822271061867582,0.0,0.08726646259971647,0.14900771851440406,0.13419207359942353,0.0,0.0028923223608357212
5,2,0.7312788963317871,0.08400516275934697,0.06314357285344024,1.6755160819145565,-3.822271061867582,0.0,0.0,0.14900771851440406,0.13419207359942353,0.0,0.0
5,2,0.7423698902130127,0.08400516275934697,0.06314357285344024,1.6755160819145565,-3.822271061867582,0.0,0.0,0.14900771851440406,0.13419207359942353,0.0,0.0
5,2,0.753756046295166,0.08400516275934697,0.09314357285344024,1.6755160819145565,-3.822271061867582,0.0,-0.08726646259971647,0.14900771851440406,0.13419207359942353,0.0,0.0
5,2,0.7645294666290283,0.08400516275934697,0.06314357285344024,1.6755160819145565,-3.822271061867582,0.0,0.0,0.14900771851440406,0.13419207359942353,0.0,0.0
5,2,0.7755622863769531,0.08400516275934697,0.06314357285344024,1.6755160819145565,-3.822271061867582,0.0,0.0,0.14900771851440406,0.13419207359942353,0.0,0.0
5,2,0.7872424125671387,0.08400516275934697,0.06314357285344024,1.6755160819145565,-3.822271061867582,0.0,0.0,0.14900771851440406,0.13419207359942353,0.0,0.0
5,2,0.7983112335205078,0.08400516275934697,0.06314357285344024,1.6755160819145565,-3.822271061867582,0.0,0.0,0.14900771851440406,0.13419207359942353,0.0,0.0
5,2,0.8091490268707275,0.08400516275934697,0.06314357285344024,1.6755160819145565,-3.822271061867582,0.0,0.0,0.14900771851440406,0.13419207359942353,0.0,0.0
5,2,0.8207769393920898,0.02400516275934697,0.06314357285344024,1.6755160819145565,-3.822271061867582,0.17453292519943295,0.0,0.14900771851440406,0.13419207359942353,0.0041896912762773185,0.0
5,2,0.8317439556121826,0.08400516275934697,0.06314357285344024,1.6755160819145565,-3.822271061867582,0.0,0.0,0.14900771851440406,0.13419207359942353,0.0,0.0
5,2,0.8429045677185059,0.08400516275934697,0.06314357285344024,1.6755160819145565,-3.822271061867582,0.0,0.0,0.14900771851440406,0.13419207359942353,0.0,0.0
5,2,0.8536994457244873,0.08400516275934697,0.06314357285344024,1.6755160819145565,-3.822271061867582,0.0,0.0,0.14900771851440406,0.13419207359942353,0.0,0.0
5,2,0.8652524948120117,0.08400516275934697,0.06314357285344024,1.6755160819145565,-3.822271061867582,0.0,0.0,0.14900771851440406,0.13419207359942353,0.0,0.0
5,2,0.8760166168212891,0.08400516275934697,0.06314357285344024,1.6755160819145565,-3.822271061867582,0.0,0.0,0.14900771851440406,0.13419207359942353,0.0,0.0
5,2,0.8868603706359863,0.08400516275934697,0.06314357285344024,1.6755160819145565,-3.822271061867582,0.0,0.0,0.14900771851440406,0.13419207359942353,0.0,0.0
5,2,0.8975625038146973,0.08400516275934697,0.06314357285344024,1.6755160819145565,-3.822271061867582,0.0,0.0,0.14900771851440406,0.13419207359942353,0.0,0.0
5,2,0.907996654510498,0.02400516275934697,0.06314357285344024,1.6755160819145565,-3.822271061867582,0.17453292519943295,0.0,0.14900771851440406,0.13419207359942353,0.0041896912762773185,0.0
5,2,0.9191300868988037,0.05400516275934697,0.06314357285344024,1.6755160819145565,-3.822271061867582,0.08726646259971647,0.0,0.14900771851440406,0.13419207359942353,0.004712839516130153,0.0
5,2,0.9298522472381592,0.08400516275934697,0.06314357285344024,1.6755160819145565,-3.822271061867582,0.0,0.0,0.14900771851440406,0.13419207359942353,0.0,0.0
5,2,0.9407436847686768,0.08400516275934697,0.06314357285344024,1.6755160819145565,-3.822271061867582,0.0,0.0,0.14900771851440406,0.13419207359942353,0.0,0.0
5,2,0.9514727592468262,0.08400516275934697,0.06314357285344024,1.6755160819145565,-3.822271061867582,0.0,0.0,0.14900771851440406,0.13419207359942353,0.0,0.0
5,2,0.9622108936309814,0.08400516275934697,0.06314357285344024,1.6755160819145565,-3.822271061867582,0.0,0.0,0.14900771851440406,0.13419207359942353,0.0,0.0
5,2,0.9730167388916016,0.08400516275934697,0.06314357285344024,1.6755160819145565,-3.822271061867582,0.0,0.0,0.14900771851440406,0.13419207359942353,0.0,0.0
5,2,0.983853816986084,0.08400516275934697,0.06314357285344024,1.6755160819145565,-3.822271061867582,0.0,0.0,0.14900771851440406,0.13419207359942353,0.0,0.0
5,2,0.9948747158050537,0.08400516275934697,0.06314357285344024,1.6755160819145565,-3.822271061867582,0.0,0.0,0.14900771851440406,0.13419207359942353,0.0,0.0
6,1,0.0,0.06383272746797966,0.04677407083679941,1.53588974175501,-4.014257279586958,0.0,0.0,0.16556624467572081,0.11295071119742259,0.0,0.0
6,1,0.011538028717041016,0.07961546375204206,0.06255680712086283,1.53588974175501,-4.014257279586958,0.0,0.0,0.16556624467572081,0.11295071119742259,0.0,0.0
6,1,0.022626638412475586,0.12508281669962407,0.10802416006844381,1.53588974175501,-4.014257279586958,0.0,0.0,0.16556624467572081,0.11295071119742259,0.0,0.0
6,1,0.03373360633850098,0.20095125335134728,0.1838925967201701,1.53588974175501,-4.014257279586958,0.0,0.0,0.16556624467572081,0.11295071119742259,0.0,0.0
6,1,0.04491543769836426,0.3082158531474717,0.2911571965162904,1.53588974175501,-4.014257279586958,0.0,0.0,0.16556624467572081,0.11295071119742259,0.0,0.0
6,1,0.0557248592376709,0.38129108501436537,0.4242324283831872,1.53588974175501,-4.014257279586958,0.17453292519943295,0.0,0.16556624467572081,0.11295071119742259,0.06654784842002286,0.0
6,1,0.06687688827514648,0.512499606526661,0.5914409498954848,1.53588974175501,-4.014257279586958,0.2792526803190927,0.0,0.16556624467572081,0.11295071119742259,0.1431168887850505,0.0
6,1,0.07826590538024902,0.603961605454995,0.6969029488238189,1.5533430342749532,-4.014257279586958,0.3665191429188092,0.2792526803190927,0.16378530132957084,0.11354073445450388,0.22136348998723276,0.19461201638133094
6,1,0.08910250663757324,0.7215934146536684,0.7845347580224924,1.5533430342749532,-4.014257279586958,0.6632251157578453,0.6632251157578453,0.16378530132957084,0.11354073445450388,0.47857887596377807,0.5203231557055207
6,1,0.09981060028076172,0.7223577329305128,0.8152990762993377,1.5707963267948966,-3.9968039870670147,1.1344640137963142,1.0471975511965976,0.16188304674804907,0.11569715491431587,0.8194888530971555,0.8537791961935145
6,1,0.11134672164916992,0.8131513891877624,0.7960927325565843,1.5707963267948966,-3.9793506945470716,1.710422666954443,1.710422666954443,0.16175122519553534,0.11729014923083005,1.3908325677322428,1.361655054762483
6,1,0.12224149703979492,0.7823470207152066,0.8152883640840285,1.6057029118347832,-3.961897402027128,2.199114857512855,2.2863813201125716,0.158011237568606,0.11990223573809924,1.7204709569857282,1.86406008614686
6,1,0.13329505920410156,0.8644717242184546,0.8614130675872784,1.6231562043547265,-3.944444109507185,2.670353755551324,2.8623399732707004,0.15604294286230397,0.1219511346699732,2.308445315334679,2.4656570568528027
6,1,0.14434003829956055,0.8152515429528329,0.8121928863216559,1.6580627893946132,-3.9095375244672983,3.351032163829113,3.543018381548489,0.1520446326570608,0.12594228022128456,2.7319341420462546,2.877614325600549
6,1,0.15497899055480957,0.7272718774534209,0.5622132208222426,1.710422666954443,-3.857177646907468,3.9269908169872414,4.590215932745087,0.1459016916362639,0.13166438576145495,2.855989984212654,2.58068008381819
6,1,0.1663374900817871,0.796223594876871,0.47916493824569273,1.7453292519943295,-3.8048177693476384,4.39822971502571,5.270894341022875,0.14142088441912962,0.13684986072839617,3.501974274792047,2.525627761415797
6,1,0.17733001708984375,0.781335718812977,0.2582770621817997,1.7976891295541595,-3.735004599267865,4.886921905584122,6.126105674500097,0.13461062916754898,0.1435753770723214,3.8183266398824536,1.5822325762251375
6,1,0.18834400177001953,0.749473539296351,0.14641488266517438,1.8500490071139892,-3.6651914291880923,5.462880558742252,6.702064327658226,0.1275521847604844,0.14997019607206336,4.094284427113783,0.98128196214853
6,1,0.19926881790161133,0.6441282222789398,0.3050695656477635,1.9198621771937625,-3.595378259108319,6.03883921190038,6.510078109938849,0.11844732772960473,0.15596330808213976,3.889786766189746,1.9860267013320578
6,1,0.2096114158630371,0.6256562492510244,0.25059759261985015,1.9896753472735358,-3.5255650890285457,6.318091892219473,6.894050545377602,0.10914942218821486,0.16142648223360775,3.952953675709343,1.727632470071192
6,1,0.22050952911376953,0.5314874620823125,0.14242880545113687,2.059488517353309,-3.4382986264288293,6.894050545377602,7.278022980816354,0.09905434165826536,0.16783849008919327,3.6641014278299235,1.0366001192035958
6,1,0.2315666675567627,0.5482797652552368,0.09322110862405725,2.129301687433082,-3.368485456349056,7.173303225696695,7.749261878854823,0.08937980829466197,0.17224713787362675,3.9329770086896167,0.7223947833649914
6,1,0.2429642677307129,0.472596062171397,0.05353740554022346,2.2165681500327987,-3.2812189937493397,7.47000919853573,7.941248096574199,0.07711524414583154,0.1770545887239977,3.5302969316120993,0.42515381984182055
6,1,0.2536492347717285,0.37704652618139456,0.11998786955021501,2.303834612632515,-3.193952531149623,7.853981633974483,7.853981633974483,0.06469452251338252,0.18109755885567044,2.9613164917825516,0.9423825237471147
6,1,0.2644076347351074,0.39186982438212614,0.038811167750946396,2.3911010752322315,-3.1066860685499065,7.853981633974483,8.133234314293576,0.05215037375353798,0.1843927858136799,3.0777384036060247,0.31566032132980143
6,1,0.27512431144714355,0.36848602292521576,-0.16657263370596082,2.478367537831948,-3.001966313430247,7.941248096574199,8.517206749732328,0.03847460469749906,0.18823315449186678,2.926238928169066,0.0
6,1,0.2858428955078125,0.36643051594673354,-0.2706281406844475,2.5656340004316642,-2.91469985083053,7.941248096574199,8.813912722571365,0.02568652124878075,0.19001936562507238,2.9099156372886994,0.0
6,1,0.2965106964111328,0.4837394032923443,-0.2853192533388347,2.652900463031381,-2.827433388230814,7.557275661135447,8.813912722571365,0.012854263589203233,0.1910879732023799,3.655752018833418,0.0
6,1,0.3072023391723633,0.3551637322318474,-0.3258949243993325,2.7401669256310974,-2.722713633111154,7.853981633974483,8.621926504851988,-0.001293103701099363,0.1925348352348116,2.7894494300027604,0.0
6,1,0.31845760345458984,0.3464123329569774,-0.28264632367419723,2.8099800957108707,-2.6354471705114375,8.04596785169386,8.429940287132611,-0.013009167909412221,0.19327034332245002,2.7872224944021093,0.0
6,1,0.3294558525085449,0.3333804608705554,-0.2956781957606198,2.897246558310587,-2.548180707911721,7.941248096574199,8.325220532012953,-0.025995310521805592,0.19218121887606537,2.647456950323327,0.0
6,1,0.34043431282043457,0.2285056132778065,-0.2985530433533724,2.9845130209103035,-2.4609142453120048,8.04596785169386,8.133234314293576,-0.03893463341051351,0.19036051356214234,1.8385488183648206,0.0
6,1,0.35108017921447754,0.12973485968074772,-0.3013237969504269,3.07177948351002,-2.3736477827122884,8.04596785169386,7.853981633974483,-0.05180182557272421,0.18780019065427564,1.04384251023531,0.0
6,1,0.3618643283843994,0.07956834882140551,-0.38149030780976945,3.1590459461097367,-2.2863813201125716,7.853981633974483,7.749261878854823,-0.06456935376047433,0.18448940751257065,0.6249283502889941,0.0
6,1,0.37233471870422363,0.035495586284920944,-0.46156307034625793,3.246312408709453,-2.199114857512855,7.557275661135447,7.557275661135447,-0.07720681555902309,0.18041489826204077,0.2682499303087662,0.0
6,1,0.38361573219299316,0.060147483997887885,-0.54691117263329,3.3161255787892263,-2.111848394913139,7.278022980816354,7.365289443416071,-0.08893748140508663,0.1770238174026036,0.437754770774912,0.0
6,1,0.3944556713104248,-0.09011454873287264,-0.5871732053640475,3.4033920413889427,-2.0420352248333655,7.173303225696695,7.173303225696695,-0.09951593362168812,0.171106623404977,0.0,0.0
6,1,0.405200719833374,-0.09719168899660313,-0.6742503456277771,3.473205211468716,-1.9547687622336491,6.806784082777885,6.806784082777885,-0.11100005658537701,0.1663322711119979,0.0,0.0
6,1,0.4169137477874756,-0.1400973232915585,-0.6511559799227347,3.543018381548489,-1.8849555921538759,6.510078109938849,6.318091892219473,-0.12052952446926864,0.16072352811390062,0.0,0.0
6,1,0.4274568557739258,-0.3421308934375165,-0.53118955006869,3.6302848441482056,-1.8325957145940461,6.318091892219473,5.654866776461628,-0.12848859156119816,0.15303470108395617,0.0,0.0
6,1,0.4388260841369629,-0.37080849463389065,-0.5018671512650653,3.6826447217080354,-1.7627825445142729,6.03883921190038,4.974188368183839,-0.13710679238696327,0.14801327494439018,0.0,0.0
6,1,0.44956040382385254,-0.5051051374287325,-0.5921637940599072,3.7524578917878086,-1.710422666954443,5.742133239061344,4.782202150464463,-0.1441045198338869,0.14111260034329048,0.0,0.0
6,1,0.4603910446166992,-0.6026091445008767,-0.5076678011320502,3.822271061867582,-1.6580627893946132,5.270894341022875,4.014257279586958,-0.15082962197716424,0.1338713400284965,0.0,0.0
6,1,0.4710879325866699,-0.5713668853058456,-0.46842554193701974,3.8746309394274117,-1.6231562043547265,4.590215932745087,3.543018381548489,-0.15523191999418418,0.12831738352820032,0.0,0.0
6,1,0.4816429615020752,-0.4211477258172386,-0.5462063824484172,3.9095375244672983,-1.5882496193148399,3.735004599267865,3.351032163829113,-0.1592806132192859,0.12422286546169155,0.0,0.0
6,1,0.4931800365447998,-0.38673688454611,-0.6077955411772885,3.944444109507185,-1.5533430342749532,3.1590459461097367,3.0543261909900767,-0.16324269937867686,0.11998505305793969,0.0,0.0
6,1,0.5040206909179688,-0.3340895014133028,-0.6271481580444813,3.9793506945470716,-1.5184364492350666,2.478367537831948,2.5830872929516078,-0.16711325308592812,0.11560309598087572,0.0,0.0
6,1,0.5148410797119141,-0.39812876170478106,-0.6551874183359606,4.014257279586958,-1.4835298641951802,2.0943951023931953,2.0943951023931953,-0.1708871617237067,0.111076215642085,0.0,0.0
6,1,0.5258779525756836,-0.46094244575702153,-0.5860011023882021,4.031710572106901,-1.4660765716752369,1.9024088846738192,1.5184364492350666,-0.17273622370501307,0.10875820707310817,0.0,0.0
6,1,0.536780595779419,-0.46560062777877603,-0.37865928440995356,4.049163864626845,-1.4660765716752369,1.5184364492350666,0.7504915783575618,-0.17280624131204497,0.1071085809452132,0.0,0.0
6,1,0.5474903583526611,-0.47360455950685243,-0.35666321613803087,4.066617157146788,-1.4486232791552935,1.1344640137963142,0.2792526803190927,-0.17461144955889207,0.10474897661395659,0.0,0.0
6,1,0.5586953163146973,-0.30844717841144353,-0.323505835042622,4.066617157146788,-1.4486232791552935,0.47123889803846897,0.0,-0.17461144955889207,0.10474897661395659,0.0,0.0
6,1,0.5694291591644287,-0.20190064196399837,-0.3489592985951768,4.066617157146788,-1.4486232791552935,0.0,-0.08726646259971647,-0.17461144955889207,0.10474897661395659,0.0,0.030452443579679293
6,1,0.5805180072784424,-0.020805445695184388,-0.29986410232636285,4.066617157146788,-1.4486232791552935,-0.6632251157578453,-0.3665191429188092,-0.17461144955889207,0.10474897661395659,0.013798694129582229,0.10990593377677661
6,1,0.5917453765869141,0.16070540673868283,-0.2503532498924945,4.049163864626845,-1.4660765716752369,-1.0471975511965976,-0.3665191429188092,-0.17280624131204497,0.1071085809452132,0.0,0.09175925857753556
6,1,0.6024670600891113,0.11722592916319671,-0.1558327274679807,4.049163864626845,-1.4660765716752369,-0.9424777960769379,-0.6632251157578453,-0.17280624131204497,0.1071085809452132,0.0,0.10335217871381225
6,1,0.6131584644317627,0.1312259291631999,-0.08983272746798071,4.031710572106901,-1.4660765716752369,-0.7504915783575618,-0.8552113334772214,-0.17273622370501307,0.10875820707310817,0.0,0.0768259666477876
6,1,0.6248204708099365,0.10122592916319989,-0.00983272746798064,4.031710572106901,-1.4835298641951802,-0.6632251157578453,-0.8552113334772214,-0.17097472998893756,0.1094316840060297,0.0,0.008409059969609826
6,1,0.6356601715087891,0.06522592916319989,-0.045832727467980616,4.031710572106901,-1.4835298641951802,-0.5585053606381855,-0.7504915783575618,-0.17097472998893756,0.1094316840060297,0.0,0.034397075977876744
6,1,0.6464102268218994,0.049225929163198956,0.10016727253201951,4.014257279586958,-1.5009831567151235,-0.2792526803190927,-0.9424777960769379,-0.16911760521324984,0.11171836684015524,0.0,0.0
6,1,0.6570520401000977,-0.046774070836801046,0.07016727253201949,4.014257279586958,-1.5009831567151235,0.0,-0.8552113334772214,-0.16911760521324984,0.11171836684015524,0.0,0.0
6,1,0.668306827545166,-0.14277407083680105,0.1501672725320186,4.014257279586958,-1.5184364492350666,0.2792526803190927,-0.8552113334772214,-0.16734382217409927,0.11234323062213257,0.0,0.0
6,1,0.6799178123474121,-0.14277407083680105,0.1941672725320187,4.014257279586958,-1.53588974175501,0.2792526803190927,-0.7504915783575618,-0.1655662441302826,0.11295071408797072,0.0,0.0
6,1,0.6908178329467773,-0.18677407083680012,0.16416727253201874,4.031710572106901,-1.53588974175501,0.17453292519943295,-0.6632251157578453,-0.16566426154368835,0.11134824646468008,0.0,0.0
6,1,0.7018499374389648,-0.12677407083680012,0.03216727253201872,4.031710572106901,-1.53588974175501,0.0,-0.2792526803190927,-0.16566426154368835,0.11134824646468008,0.0,0.0
6,1,0.7131979465484619,-0.06677407083680012,-0.06383272746798128,4.031710572106901,-1.53588974175501,-0.17453292519943295,0.0,-0.16566426154368835,0.11134824646468008,0.011654273910620872,0.0
6,1,0.724311113357544,0.07922592916319895,-0.06383272746798128,4.014257279586958,-1.53588974175501,-0.3665191429188092,0.0,-0.1655662441302826,0.11295071408797072,0.0,0.0
6,1,0.7353301048278809,-0.016774070836801047,-0.09383272746798128,4.014257279586958,-1.53588974175501,-0.08726646259971647,0.08726646259971647,-0.1655662441302826,0.11295071408797072,0.0014638138253246934,0.0
6,1,0.7465324401855469,-0.016774070836801047,-0.12383272746798128,4.014257279586958,-1.53588974175501,-0.08726646259971647,0.17453292519943295,-0.1655662441302826,0.11295071408797072,0.0014638138253246934,0.0
6,1,0.7575333118438721,-0.046774070836801046,-0.06383272746798128,4.014257279586958,-1.53588974175501,0.0,0.0,-0.1655662441302826,0.11295071408797072,0.0,0.0
6,1,0.7683587074279785,-0.14277407083680105,-0.033832727467981286,4.014257279586958,-1.53588974175501,0.2792526803190927,-0.08726646259971647,-0.1655662441302826,0.11295071408797072,0.0,0.002952462446230989
6,1,0.7793722152709961,-0.10677407083680104,-0.0038327274679812867,4.014257279586958,-1.53588974175501,0.17453292519943295,-0.17453292519943295,-0.1655662441302826,0.11295071408797072,0.0,0.00066893713647899
6,1,0.7902061939239502,-0.10677407083680104,-0.06383272746798128,4.014257279586958,-1.53588974175501,0.17453292519943295,0.0,-0.1655662441302826,0.11295071408797072,0.0,0.0
6,1,0.8015077114105225,-0.12677407083680012,-0.06383272746798128,4.031710572106901,-1.53588974175501,0.0,0.0,-0.16566426154368835,0.11134824646468008,0.0,0.0
6,1,0.8127462863922119,-0.12677407083680012,-0.06383272746798128,4.031710572106901,-1.53588974175501,0.0,0.0,-0.16566426154368835,0.11134824646468008,0.0,0.0
6,1,0.8233776092529297,0.049225929163198956,-0.06383272746798128,4.014257279586958,-1.53588974175501,-0.2792526803190927,0.0,-0.1655662441302826,0.11295071408797072,0.0,0.0
6,1,0.8347508907318115,-0.016774070836801047,-0.06383272746798128,4.014257279586958,-1.53588974175501,-0.08726646259971647,0.0,-0.1655662441302826,0.11295071408797072,0.0014638138253246934,0.0
6,1,0.8460779190063477,-0.016774070836801047,-0.06383272746798128,4.014257279586958,-1.53588974175501,-0.08726646259971647,0.0,-0.1655662441302826,0.11295071408797072,0.0014638138253246934,0.0
6,1,0.857527494430542,0.013225929163198952,0.062167272532018716,4.014257279586958,-1.53588974175501,-0.17453292519943295,-0.3665191429188092,-0.1655662441302826,0.11295071408797072,0.0,0.0
6,1,0.868671178817749,-0.046774070836801046,-0.033832727467981286,4.014257279586958,-1.53588974175501,0.0,-0.08726646259971647,-0.1655662441302826,0.11295071408797072,0.0,0.002952462446230989
6,1,0.8794605731964111,-0.07677407083680104,-0.033832727467981286,4.014257279586958,-1.53588974175501,0.08726646259971647,-0.08726646259971647,-0.1655662441302826,0.11295071408797072,0.0,0.002952462446230989
6,1,0.8905994892120361,-0.17277407083680105,-0.06383272746798128,4.014257279586958,-1.53588974175501,0.3665191429188092,0.0,-0.1655662441302826,0.11295071408797072,0.0,0.0
6,1,0.9018518924713135,-0.07677407083680104,-0.06383272746798128,4.014257279586958,-1.53588974175501,0.08726646259971647,0.0,-0.1655662441302826,0.11295071408797072,0.0,0.0
6,1,0.9131343364715576,-0.046774070836801046,-0.06383272746798128,4.014257279586958,-1.53588974175501,0.0,0.0,-0.1655662441302826,0.11295071408797072,0.0,0.0
6,1,0.9236834049224854,-0.046774070836801046,-0.06383272746798128,4.014257279586958,-1.53588974175501,0.0,0.0,-0.1655662441302826,0.11295071408797072,0.0,0.0
6,1,0.9348621368408203,-0.046774070836801046,-0.06383272746798128,4.014257279586958,-1.53588974175501,0.0,0.0,-0.1655662441302826,0.11295071408797072,0.0,0.0
6,1,0.9468584060668945,-0.046774070836801046,-0.06383272746798128,4.014257279586958,-1.53588974175501,0.0,0.0,-0.1655662441302826,0.11295071408797072,0.0,0.0
6,1,0.957362174987793,-0.046774070836801046,-0.0038327274679812867,4.014257279586958,-1.53588974175501,0.0,-0.17453292519943295,-0.1655662441302826,0.11295071408797072,0.0,0.00066893713647899
6,1,0.9689183235168457,-0.046774070836801046,-0.06383272746798128,4.014257279586958,-1.53588974175501,0.0,0.0,-0.1655662441302826,0.11295071408797072,0.0,0.0
6,1,0.980797529220581,-0.046774070836801046,-0.06383272746798128,4.014257279586958,-1.53588974175501,0.0,0.0,-0.1655662441302826,0.11295071408797072,0.0,0.0
6,1,0.9911692142486572,-0.046774070836801046,-0.06383272746798128,4.014257279586958,-1.53588974175501,0.0,0.0,-0.1655662441302826,0.11295071408797072,0.0,0.0
6,2,0.0,-0.046774070836801046,-0.06383272746798128,4.014257279586958,-1.53588974175501,0.0,0.0,-0.1655662441302826,0.11295071408797072,0.0,0.0
6,2,0.011039018630981445,-0.05591596296948617,-0.07297461960066134,4.014257279586958,-1.53588974175501,0.0,0.0,-0.1655662441302826,0.11295071408797072,0.0,0.0
6,2,0.022327661514282227,-0.08473066442294461,-0.1017893210541228,4.014257279586958,-1.53588974175501,0.0,0.0,-0.1655662441302826,0.11295071408797072,0.0,0.0
6,2,0.0333561897277832,-0.13255936968887333,-0.1496180263200546,4.014257279586958,-1.53588974175501,0.0,0.0,-0.1655662441302826,0.11295071408797072,0.0,0.0
6,2,0.044402122497558594,-0.20043813216133707,-0.21749678879251527,4.014257279586958,-1.53588974175501,0.0,0.0,-0.1655662441302826,0.11295071408797072,0.0,0.0
6,2,0.0554807186126709,-0.22890082577027193,-0.22595948240145003,4.014257279586958,-1.5533430342749532,-0.17453292519943295,0.0,-0.1637853007847138,0.11354073726065433,0.0399507307022513,0.0
6,2,0.06628680229187012,-0.3649867164589369,-0.33204537309011595,4.014257279586958,-1.5533430342749532,-0.08726646259971647,0.0,-0.1637853007847138,0.11354073726065433,0.03185109964125714,0.0
6,2,0.07766246795654297,-0.467769383795948,-0.4048280404271261,4.014257279586958,-1.5533430342749532,-0.17453292519943295,-0.17453292519943295,-0.1637853007847138,0.11354073726065433,0.08164115887264303,0.07065582209850062
6,2,0.08825111389160156,-0.5746591328512369,-0.48171778948241606,4.014257279586958,-1.5533430342749532,-0.2792526803190927,-0.3665191429188092,-0.1637853007847138,0.11354073726065433,0.1604751031185535,0.1765587913298385
6,2,0.0993356704711914,-0.6478669668317039,-0.5849256234628809,4.014257279586958,-1.5533430342749532,-0.5585053606381855,-0.5585053606381855,-0.1637853007847138,0.11354073726065433,0.3618371739559081,0.32668409627865175
6,2,0.11040163040161133,-0.6243760004334824,-0.7074346570646595,3.9968039870670147,-1.5533430342749532,-0.9424777960769379,-0.7504915783575618,-0.16367032798922895,0.1151384627609071,0.5884605168118817,0.5309237523652967
6,2,0.12152981758117676,-0.7311018869684796,-0.8001605435996586,3.9968039870670147,-1.5707963267948966,-1.239183768915974,-0.8552113334772214,-0.16188304626808073,0.11569715718561092,0.9059695917551809,0.6843063654877224
6,2,0.13305401802062988,-0.754755342861896,-0.7938139994930731,3.9793506945470716,-1.5882496193148399,-1.6231562043547265,-1.3264502315156905,-0.15995814639694533,0.11781761820281256,1.2250858175361654,1.052954763407983
6,2,0.14380526542663574,-0.6337024204468985,-0.7527610770780726,3.944444109507185,-1.6057029118347832,-2.199114857512855,-1.9024088846738192,-0.15784601093637662,0.12148579239209659,1.3935844080466326,1.432059361069959
6,2,0.1548171043395996,-0.5846149699167513,-0.8296736265479285,3.9269908169872414,-1.6231562043547265,-2.8623399732707004,-2.199114857512855,-0.1558611470207337,0.12352997978587124,1.6733667973651654,1.8245475990281217
6,2,0.16548490524291992,-0.45617113072142595,-0.7072297873526021,3.8920842319473548,-1.6580627893946132,-3.543018381548489,-2.8623399732707004,-0.15182993323101118,0.12751170736930442,1.6162227012777708,2.02433209062709
6,2,0.17667222023010254,-0.31116191493659606,-0.7882205715677736,3.839724354387525,-1.6755160819145565,-4.118977034706618,-3.246312408709453,-0.14928048491453114,0.13260355487633102,1.2816687816991734,2.558810222280521
6,2,0.18747210502624512,-0.3149809660229961,-0.7120396226541721,3.8048177693476384,-1.7278759594743862,-4.50294947014537,-3.6302848441482056,-0.14324389795555187,0.13661075421660837,1.418343374059127,2.5849066505544482
6,2,0.1986074447631836,-0.23010690040968576,-0.7011655570408629,3.7524578917878086,-1.7627825445142729,-4.974188368183839,-4.118977034706618,-0.13861877552668692,0.14171827880344298,1.1445950674566958,2.8880848269785875
6,2,0.21011710166931152,-0.2934330908120725,-0.63849174744325,3.7000980142279785,-1.8151424220741028,-5.078908123303499,-4.590215932745087,-0.13202334908450325,0.1467718090451102,1.4903197085714883,2.930814992040258
6,2,0.22150921821594238,-0.12136756659090292,-0.6424262232220774,3.6302848441482056,-1.8675022996339325,-5.654866776461628,-4.886921905584122,-0.12484292179663943,0.15305057873779346,0.6863174200548912,3.1394867829856454
6,2,0.23216509819030762,-0.06665842604394476,-0.6017170826751215,3.5604716740684323,-1.9198621771937625,-5.846852994181004,-5.270894341022875,-0.11743233088092614,0.15900006536441788,0.38974201790243146,3.171587165969091
6,2,0.24376726150512695,-0.08430773582708165,-0.5173663924582583,3.490658503988659,-1.9896753472735358,-5.934119456780721,-5.654866776461628,-0.10800460771054529,0.16441684223415393,0.5002921755286143,2.9256380239700124
6,2,0.25465869903564453,-0.12854837983678877,-0.5316070364679674,3.4382986264288293,-2.0420352248333655,-6.126105674500097,-5.934119456780721,-0.10082266708751535,0.1681361619379637,0.7875009591659454,3.1546196584661033
6,2,0.26548314094543457,-0.09410126383086448,-0.46115992046204135,3.368485456349056,-2.111848394913139,-6.318091892219473,-6.230825429619756,-0.09111710986508859,0.17264543734508903,0.5945404320573905,2.8734069595363114
6,2,0.2762000560760498,-0.0383892286831507,-0.4252358791626911,3.2986722862692828,-2.181661564992912,-6.510078109938849,-6.422811647339133,-0.08128291060734302,0.17664944406816607,0.24991687730761597,2.7312099575526285
6,2,0.2871682643890381,0.04890304198951026,-0.4641556146416677,3.2114058236695664,-2.251474735072685,-6.702064327658226,-6.422811647339133,-0.07049893124653545,0.18155403993348293,0.0,2.9811840878983573
6,2,0.29792356491088867,0.053738436834945114,-0.42932021979623286,3.141592653589793,-2.321287905152458,-6.806784082777885,-6.614797865058509,-0.06039885750681449,0.18454109352061432,0.0,2.839866473334571
6,2,0.3090066909790039,0.1401572222201945,-0.43890143441098317,3.07177948351002,-2.3911010752322315,-7.173303225696695,-6.702064327658226,-0.05022362760418221,0.18704590075357017,0.0,2.9415456469238768
6,2,0.3198416233062744,0.016293846375430576,-0.4307648102557431,3.001966313430247,-2.4609142453120048,-6.894050545377602,-6.806784082777885,-0.039988174322891326,0.1890752176451853,0.0,2.932123053869628
6,2,0.33045434951782227,0.1164124653718843,-0.3366461912592914,2.91469985083053,-2.548180707911721,-6.998770300497261,-6.894050545377602,-0.027130040564772293,0.19095180053743321,0.0,2.32085585845041
6,2,0.34123802185058594,0.2130541517766375,-0.30000450485453634,2.8448866807507573,-2.6179938779914944,-7.278022980816354,-6.998770300497261,-0.016807970760764054,0.19193036293167162,0.0,2.0996626185913154
6,2,0.3516733646392822,0.2802883396517071,-0.25277031697947183,2.7576202181510405,-2.6878070480712677,-7.278022980816354,-7.173303225696695,-0.005204948262140324,0.19357484998761243,0.0,1.8131981301492213
6,2,0.3627901077270508,0.2715859353018306,-0.2414727213293432,2.6878070480712677,-2.775073510670984,-7.278022980816354,-6.998770300497261,0.006467530669122652,0.192447997998772,0.0,1.6900121104200587
6,2,0.3746049404144287,0.2679243287610631,-0.16313432787011362,2.600540585471551,-2.8448866807507573,-7.086036763096978,-7.278022980816354,0.018207742111442354,0.19292215489940934,0.0,1.1872953871987169
6,2,0.3850862979888916,0.299630657333524,-0.08742799929764938,2.530727415391778,-2.9321531433504737,-7.086036763096978,-7.173303225696695,0.02970622129298297,0.1906348702901887,0.0,0.6271475493780367
6,2,0.39621400833129883,0.3102875278401326,-0.12077112879104648,2.443460952792061,-3.001966313430247,-6.806784082777885,-6.998770300497261,0.04151441606573008,0.18990835805071032,0.0,0.8452493893403058
6,2,0.40700387954711914,0.2933853557779289,-0.09367330085324455,2.3736477827122884,-3.0892327760299634,-6.614797865058509,-6.702064327658226,0.05277363108084589,0.18646451609910875,0.0,0.6278044881025271
6,2,0.4178948402404785,0.31840558069212443,-0.12865307593905329,2.303834612632515,-3.1590459461097367,-6.510078109938849,-6.422811647339133,0.06293150308231199,0.18383980848223191,0.0,0.8263144746073574
6,2,0.4293484687805176,0.3526552379550565,-0.03440341867611932,2.234021442552742,-3.2288591161895095,-6.422811647339133,-6.510078109938849,0.07301025527920103,0.18073101077164533,0.0,0.22396894283046576
6,2,0.4395143985748291,0.2926217857318465,0.07356312910066654,2.1642082724729685,-3.2986722862692828,-5.934119456780721,-6.510078109938849,0.08299319415326349,0.17713027079639354,0.0,0.0
6,2,0.4506661891937256,0.33086965795432166,0.11181100132314617,2.0943951023931953,-3.368485456349056,-5.742133239061344,-6.318091892219473,0.09286202514865036,0.1730290505108209,0.0,0.0
6,2,0.46162986755371094,0.31048406358306085,0.025425406951885166,2.0420352248333655,-3.420845333908886,-5.550147021341968,-5.934119456780721,0.10017677165750556,0.16961926791783932,0.0,0.0
6,2,0.472883939743042,0.36171520504396154,0.0686278197850293,1.9722220547535925,-3.490658503988659,-5.270894341022875,-5.654866776461628,0.10979652127987767,0.16462024233301187,0.0,0.0
6,2,0.4835546016693115,0.3740858480501602,-0.04297280858101554,1.9198621771937625,-3.543018381548489,-5.078908123303499,-5.078908123303499,0.1168985710434783,0.1605262955614769,0.0,0.21825494658328615
6,2,0.49440693855285645,0.4098248004274013,-0.04323385620377328,1.8675022996339325,-3.595378259108319,-4.886921905584122,-4.782202150464463,0.12389217205942242,0.15613245559807903,0.0,0.20675304011055592
6,2,0.5052027702331543,0.3675401753717643,0.09120915741620778,1.8151424220741028,-3.6651914291880923,-4.39822971502571,-4.590215932745087,0.13120038576422188,0.14987395605371004,0.0,0.0
6,2,0.5158083438873291,0.29016370802228697,0.18710505139111144,1.7802358370342162,-3.7000980142279785,-4.014257279586958,-4.694935687864747,0.13567782021243693,0.14656039704900653,0.0,0.0
6,2,0.5271518230438232,0.3458242665559499,0.20676560992477536,1.7278759594743862,-3.7524578917878086,-3.735004599267865,-4.310963252425994,0.14227559356026628,0.14133142431780352,0.0,0.0
6,2,0.5385522842407227,0.3340456043070596,0.3109869476758842,1.6929693744344996,-3.8048177693476384,-3.4382986264288293,-4.118977034706618,0.14689428388122763,0.13607990814755724,0.0,0.0
6,2,0.549022912979126,0.3801334757209499,0.33507481908977454,1.6580627893946132,-3.857177646907468,-3.246312408709453,-3.6302848441482056,0.1513585182155868,0.13067551554779416,0.0,0.0
6,2,0.5604918003082275,0.3725561877532485,0.3274975311220691,1.6231562043547265,-3.8920842319473548,-2.8623399732707004,-3.246312408709453,0.15545585875086385,0.12671328261795495,0.0,0.0
6,2,0.5711832046508789,0.35231676529235806,0.30725810866118675,1.5882496193148399,-3.9269908169872414,-2.3911010752322315,-2.775073510670984,0.15947103573143992,0.12260868395766109,0.0,0.0
6,2,0.5824484825134277,0.39141504295986296,0.18435638632868456,1.5707963267948966,-3.944444109507185,-2.2863813201125716,-2.199114857512855,0.1614463224007153,0.12050270237590209,0.0,0.0
6,2,0.5933821201324463,0.46327307741099916,0.1702144207798196,1.53588974175501,-3.961897402027128,-2.007128639793479,-1.9024088846738192,0.16518973324550626,0.11781214135815996,0.0,0.0
6,2,0.6043360233306885,0.36396523698597,0.17290658035479145,1.5184364492350666,-3.9793506945470716,-1.4311699866353502,-1.6231562043547265,0.16711325351780226,0.11560309391874032,0.0,0.0
6,2,0.6149663925170898,0.3687097212537926,0.21365106462261396,1.5009831567151235,-3.9968039870670147,-1.1344640137963142,-1.4311699866353502,0.16901261554858887,0.11335781435572014,0.0,0.0
6,2,0.6264495849609375,0.27290851076626566,0.16184985413508618,1.5009831567151235,-4.014257279586958,-0.7504915783575618,-0.9424777960769379,0.16911760575940316,0.11171836377260426,0.0,0.0
6,2,0.6377484798431396,0.23140671864370685,0.28234806201252644,1.4835298641951802,-4.031710572106901,-0.2792526803190927,-0.9424777960769379,0.17097473059369694,0.109431680222999,0.0,0.0
6,2,0.648728609085083,0.17671360938899092,0.2276549527578104,1.4835298641951802,-4.031710572106901,0.0,-0.6632251157578453,0.17097473059369694,0.109431680222999,0.0,0.0
6,2,0.6594734191894531,0.09023972605058658,0.21518106941940926,1.4835298641951802,-4.049163864626845,0.3665191429188092,-0.2792526803190927,0.17104835504561194,0.10779625018904106,0.03307458704928914,0.0
6,2,0.6703505516052246,0.04635520730362222,0.15529655067244505,1.5009831567151235,-4.049163864626845,0.3665191429188092,0.0,0.16928588794201355,0.10846661580275542,0.01699007085074734,0.0
6,2,0.6811764240264893,0.039173236290681535,0.1541145796595044,1.5009831567151235,-4.049163864626845,0.47123889803846897,0.08726646259971647,0.16928588794201355,0.10846661580275542,0.018459952702221328,0.013449034201927166
6,2,0.6922910213470459,0.027691150119545843,0.17263249348836865,1.5009831567151235,-4.049163864626845,0.5585053606381855,0.08726646259971647,0.16928588794201355,0.10846661580275542,0.015465655784003083,0.015065027036498521
6,2,0.7026553153991699,-0.04816727253202022,0.03077407083679852,1.5184364492350666,-4.031710572106901,0.5585053606381855,0.2792526803190927,0.16743831996482522,0.11072679633563726,0.0,0.008593741765505612
6,2,0.7141127586364746,-0.04816727253202022,0.0007740708367984794,1.5184364492350666,-4.031710572106901,0.5585053606381855,0.3665191429188092,0.16743831996482522,0.11072679633563726,0.0,0.0002837117796618241
6,2,0.7249796390533447,0.01783272746797976,-0.0352259291632015,1.5184364492350666,-4.031710572106901,0.3665191429188092,0.47123889803846897,0.16743831996482522,0.11072679633563726,0.006536035987468648,0.0
6,2,0.7365431785583496,-0.018167272532020218,0.03077407083679852,1.5184364492350666,-4.031710572106901,0.47123889803846897,0.2792526803190927,0.16743831996482522,0.11072679633563726,0.0,0.008593741765505612
6,2,0.7476546764373779,-0.03216727253202033,-0.04922592916320058,1.53588974175501,-4.014257279586958,0.2792526803190927,0.2792526803190927,0.16556624467572081,0.11295071119742259,0.0,0.0
6,2,0.7585959434509277,0.003832727467979656,-0.013225929163200596,1.53588974175501,-4.014257279586958,0.17453292519943295,0.17453292519943295,0.16556624467572081,0.11295071119742259,0.0006689371364787054,0.0
6,2,0.7702341079711914,-0.03216727253202033,0.04677407083679941,1.53588974175501,-4.014257279586958,0.2792526803190927,0.0,0.16556624467572081,0.11295071119742259,0.0,0.0
6,2,0.781085729598999,0.06383272746797966,0.07677407083679941,1.53588974175501,-4.014257279586958,0.0,-0.08726646259971647,0.16556624467572081,0.11295071119742259,0.0,0.0
6,2,0.7922651767730713,0.06383272746797966,0.07677407083679941,1.53588974175501,-4.014257279586958,0.0,-0.08726646259971647,0.16556624467572081,0.11295071119742259,0.0,0.0
6,2,0.8031857013702393,0.06383272746797966,0.1267740708367985,1.53588974175501,-4.031710572106901,0.0,0.0,0.16566426215537067,0.11134824300575194,0.0,0.0
6,2,0.8138444423675537,0.06383272746797966,0.1267740708367985,1.53588974175501,-4.031710572106901,0.0,0.0,0.16566426215537067,0.11134824300575194,0.0,0.0
6,2,0.8252758979797363,0.09383272746797966,0.01677407083679941,1.53588974175501,-4.014257279586958,-0.08726646259971647,0.08726646259971647,0.16556624467572081,0.11295071119742259,0.0,0.0014638138253245505
6,2,0.836193323135376,0.06383272746797966,-0.013225929163200596,1.53588974175501,-4.014257279586958,0.0,0.17453292519943295,0.16556624467572081,0.11295071119742259,0.0,0.0
6,2,0.8470346927642822,0.06383272746797966,-0.013225929163200596,1.53588974175501,-4.014257279586958,0.0,0.17453292519943295,0.16556624467572081,0.11295071119742259,0.0,0.0
6,2,0.8579609394073486,0.03383272746797966,0.04677407083679941,1.53588974175501,-4.014257279586958,0.08726646259971647,0.0,0.16556624467572081,0.11295071119742259,0.0029524624462308473,0.0
6,2,0.8684737682342529,0.03383272746797966,0.1067740708367994,1.53588974175501,-4.014257279586958,0.08726646259971647,-0.17453292519943295,0.16556624467572081,0.11295071119742259,0.0029524624462308473,0.0
6,2,0.8800339698791504,0.06383272746797966,0.07677407083679941,1.53588974175501,-4.014257279586958,0.0,-0.08726646259971647,0.16556624467572081,0.11295071119742259,0.0,0.0
6,2,0.8909764289855957,0.06383272746797966,0.04677407083679941,1.53588974175501,-4.014257279586958,0.0,0.0,0.16556624467572081,0.11295071119742259,0.0,0.0
6,2,0.9018311500549316,0.06383272746797966,0.04677407083679941,1.53588974175501,-4.014257279586958,0.0,0.0,0.16556624467572081,0.11295071119742259,0.0,0.0
6,2,0.913569450378418,0.06383272746797966,0.04677407083679941,1.53588974175501,-4.014257279586958,0.0,0.0,0.16556624467572081,0.11295071119742259,0.0,0.0
6,2,0.9250712394714355,0.06383272746797966,0.04677407083679941,1.53588974175501,-4.014257279586958,0.0,0.0,0.16556624467572081,0.11295071119742259,0.0,0.0
6,2,0.9365155696868896,0.06383272746797966,0.04677407083679941,1.53588974175501,-4.014257279586958,0.0,0.0,0.16556624467572081,0.11295071119742259,0.0,0.0
6,2,0.9477531909942627,0.06383272746797966,0.04677407083679941,1.53588974175501,-4.014257279586958,0.0,0.0,0.16556624467572081,0.11295071119742259,0.0,0.0
6,2,0.9585399627685547,0.06383272746797966,0.04677407083679941,1.53588974175501,-4.014257279586958,0.0,0.0,0.16556624467572081,0.11295071119742259,0.0,0.0
6,2,0.969357967376709,0.06383272746797966,0.04677407083679941,1.53588974175501,-4.014257279586958,0.0,0.0,0.16556624467572081,0.11295071119742259,0.0,0.0
6,2,0.9810056686401367,0.06383272746797966,0.04677407083679941,1.53588974175501,-4.014257279586958,0.0,0.0,0.16556624467572081,0.11295071119742259,0.0,0.0
6,2,0.9918529987335205,0.06383272746797966,0.04677407083679941,1.53588974175501,-4.014257279586958,0.0,0.0,0.16556624467572081,0.11295071119742259,0.0,0.0
7,1,0.0,0.07000266238055405,0.11856776863290039,1.3962634015954636,-4.223696789826278,0.0,0.0,0.1795705641620784,0.08763573317951923,0.0,0.0
7,1,0.011060237884521484,0.0804216955085042,0.12898680176089145,1.3962634015954636,-4.223696789826278,0.0,0.0,0.1795705641620784,0.08763573317951923,0.0,0.0
7,1,0.022051334381103516,0.11202052526197895,0.16058563151436417,1.3962634015954636,-4.223696789826278,0.0,0.0,0.1795705641620784,0.08763573317951923,0.0,0.0
7,1,0.03327822685241699,0.1669319231336816,0.2154970293860678,1.3962634015954636,-4.223696789826278,0.0,0.0,0.1795705641620784,0.08763573317951923,0.0,0.0
7,1,0.04539132118225098,0.24513649456223766,0.301044061034909,1.3962634015954636,-4.223696789826278,0.0,0.0,0.1795705641620784,0.08763573317951923,0.0,0.0
7,1,0.05601334571838379,0.35030482444577055,0.33886993069815474,1.3962634015954636,-4.223696789826278,0.0,0.17453292519943295,0.1795705641620784,0.08763573317951923,0.0,0.05914396026687807
7,1,0.06774067878723145,0.45322750679892987,0.5017926130513151,1.3962634015954636,-4.223696789826278,0.08726646259971647,0.08726646259971647,0.1795705641620784,0.08763573317951923,0.03955156127123156,0.04378966629965659
7,1,0.07882237434387207,0.5368213333246483,0.5853864395770345,1.3962634015954636,-4.223696789826278,0.2792526803190927,0.2792526803190927,0.1795705641620784,0.08763573317951923,0.14990879618337713,0.1634707322743375
7,1,0.08964061737060547,0.6391391009708635,0.6437042072232496,1.3962634015954636,-4.2062434973063345,0.47123889803846897,0.3665191429188092,0.17965151730304998,0.08924634212216954,0.30118720563480744,0.235929914324697
7,1,0.10049009323120117,0.6536990344103197,0.7022641406627033,1.413716694115407,-4.2062434973063345,0.7504915783575618,0.7504915783575618,0.17795696928363233,0.09013424211476194,0.4905956201054149,0.5270433233498689
7,1,0.11157393455505371,0.7023630103076971,0.8169281165600835,1.413716694115407,-4.2062434973063345,1.239183768915974,1.0471975511965976,0.17795696928363233,0.09013424211476194,0.8703568422602611,0.8554851231653681
7,1,0.1225898265838623,0.6970630438624833,0.8416281501148706,1.4311699866353502,-4.1887902047863905,1.710422666954443,1.4311699866353502,0.17631389314338042,0.0925959332729765,1.1922724305186505,1.2045129483518338
7,1,0.13329124450683594,0.7346553245884566,0.8132204308408411,1.4486232791552935,-4.171336912266447,2.0943951023931953,2.007128639793479,0.1746421179285621,0.09502087044715236,1.5386585137651467,1.6322380172058442
7,1,0.1444544792175293,0.7227471991861503,0.7053123054385365,1.4835298641951802,-4.136430327226561,2.478367537831948,2.670353755551324,0.17121552441258114,0.09976077570104946,1.7912331965219157,1.8834333636643585
7,1,0.15551304817199707,0.6610457499796334,0.5416108562320165,1.5184364492350666,-4.101523742186674,3.0543261909900767,3.543018381548489,0.16768315174267145,0.1043546147692764,2.0190493476054723,1.9189372192762506
7,1,0.16659092903137207,0.6835084983473648,0.43207360459975097,1.5533430342749532,-4.066617157146788,3.4382986264288293,4.310963252425994,0.16405073640280882,0.1088031521346341,2.3501063310201764,1.8626534317727654
7,1,0.1775805950164795,0.683694058057734,0.35825916431011706,1.5882496193148399,-4.014257279586958,3.9269908169872414,4.782202150464463,0.16021502741584798,0.1146681434137659,2.684860287621463,1.7132677459874432
7,1,0.18828439712524414,0.6156370626571533,0.28420216890953875,1.6406094968746698,-3.961897402027128,4.39822971502571,5.270894341022875,0.15440970583463956,0.12084233114554808,2.707713222649837,1.4979996038117152
7,1,0.199995756149292,0.6676557566416026,0.18222086289398676,1.6755160819145565,-3.8920842319473548,4.886921905584122,5.742133239061344,0.15001580553737867,0.1278847919425366,3.2627815425211897,1.0463364736740013
7,1,0.21104669570922852,0.5867428581947228,0.10130796444710816,1.7453292519943295,-3.822271061867582,5.270894341022875,6.126105674500097,0.14171684650477076,0.13530402221820623,3.092659610894152,0.6206232958714833
7,1,0.22175335884094238,0.6203660860128203,0.048931192265206425,1.7976891295541595,-3.7524578917878086,5.550147021341968,6.422811647339133,0.1349691179547578,0.14203650551256905,3.4431229844256297,0.3142758315991583
7,1,0.2328658103942871,0.5249450081971052,0.055510114449491,1.8675022996339325,-3.6826447217080354,6.03883921190038,6.614797865058509,0.12615551435173827,0.1484745420434473,3.1700584995920456,0.3671881865496465
7,1,0.24515199661254883,0.5816219192564448,0.14818702550882829,1.9373154697137058,-3.612831551628262,6.230825429619756,6.702064327658226,0.11712787953428441,0.15437646451728737,3.6239846449273045,0.9931589774844977
7,1,0.25641465187072754,0.5114930252170833,0.27005813146946894,2.007128639793479,-3.543018381548489,6.702064327658226,6.614797865058509,0.10791376604354333,0.1597530626226002,3.4280591581534035,1.7863799514859333
7,1,0.2670779228210449,0.5191269444113555,0.23369205066374046,2.076941809873252,-3.4557519189487724,6.894050545377602,6.702064327658226,0.09792403932986729,0.16606830952016438,3.5788873942393136,1.5662191564107537
7,1,0.27828526496887207,0.43899278358115146,0.1675578898335368,2.1642082724729685,-3.385938748868999,7.173303225696695,7.173303225696695,0.08662685262090748,0.16998641115340513,3.1490283505202448,1.201943551633841
7,1,0.28896045684814453,0.333549890024125,0.062114996276508516,2.251474735072685,-3.2986722862692828,7.47000919853573,7.47000919853573,0.0745388894042229,0.17459170754429415,2.4916207466507947,0.46399959355253123
7,1,0.30019497871398926,0.3636229861413579,-0.05381190760625626,2.321287905152458,-3.2114058236695664,7.661995416255107,7.853981633974483,0.06392463839374221,0.17909544652707168,2.7860776530600786,0.0
7,1,0.31109023094177246,0.33423480937842615,-0.11920008436918827,2.4085543677521746,-3.12413936106985,7.749261878854823,8.04596785169386,0.051522946387783555,0.18232919608437057,2.5900730669025465,0.0
7,1,0.32178330421447754,0.2870678202698154,-0.16036707347779872,2.4958208303518914,-3.036872898470133,7.853981633974483,8.133234314293576,0.03903163078523235,0.18484377122338175,2.254625388104218,0.0
7,1,0.33295607566833496,0.35311468329384843,-0.1963202104537633,2.5830872929516078,-2.949606435870417,7.661995416255107,8.237954069413236,0.026477446616331037,0.18664809854378492,2.7055630848098406,0.0
7,1,0.3432462215423584,0.2845121635302543,-0.23492273021736315,2.670353755551324,-2.8623399732707004,7.749261878854823,8.237954069413236,0.013880993970632832,0.18775490384164623,2.2047592629155095,0.0
7,1,0.3547329902648926,0.3443601574965747,-0.13907473625103853,2.7576202181510405,-2.775073510670984,7.557275661135447,7.941248096574199,0.001262263274243447,0.18816845280092503,2.6024246369136335,0.0
7,1,0.3654978275299072,0.34683080879310557,-0.15060408495450509,2.827433388230814,-2.6878070480712677,7.661995416255107,7.853981633974483,-0.010159280053778842,0.18903735667178287,2.6574160671888265,0.0
7,1,0.3760862350463867,0.32407016674065353,-0.20936472700696138,2.91469985083053,-2.600540585471551,7.557275661135447,7.853981633974483,-0.022842636068449218,0.18812980027347126,2.4490875836092467,0.0
7,1,0.3872847557067871,0.27136940258849745,-0.22606549115911656,3.001966313430247,-2.5132741228718345,7.557275661135447,7.749261878854823,-0.035489025593400836,0.18651906801749324,2.0508133813589184,0.0
7,1,0.39862561225891113,0.10548010000212521,-0.2899547937454902,3.0892327760299634,-2.426007660272118,7.853981633974483,7.749261878854823,-0.04807616844319727,0.18419691704047747,0.8284387681664832,0.0
7,1,0.40900731086730957,-0.0017037116884813241,-0.30113860543609716,3.1764992386296798,-2.3387411976724017,7.853981633974483,7.47000919853573,-0.060579564383462875,0.18115190866837383,0.0,0.0
7,1,0.420166015625,-0.03789410007278746,-0.3233289938204034,3.263765701229396,-2.2689280275926285,7.661995416255107,7.47000919853573,-0.071311633546981,0.1768030649412401,0.0,0.0
7,1,0.430666446685791,-0.02855937874494502,-0.35799427249255866,3.3335788713091694,-2.181661564992912,7.47000919853573,7.173303225696695,-0.08278485528060742,0.1738023298971469,0.0,0.0
7,1,0.441608190536499,-0.010428484832035262,-0.39186337857965403,3.420845333908886,-2.111848394913139,6.998770300497261,7.086036763096978,-0.09315153280950668,0.16829800510392673,0.0,0.0
7,1,0.4527428150177002,0.04232891975655187,-0.3751059739910577,3.490658503988659,-2.0420352248333655,6.614797865058509,6.806784082777885,-0.10266352971923798,0.16371276834976248,0.2799972480358722,0.0
7,1,0.46332287788391113,0.06393177761218506,-0.35350311613543495,3.5604716740684323,-1.9722220547535925,6.230825429619756,6.422811647339133,-0.11202608574775344,0.1586172168624751,0.3983477457067977,0.0
7,1,0.47467541694641113,0.013584604522216479,-0.36785028922540125,3.6302848441482056,-1.9024088846738192,6.03883921190038,6.126105674500097,-0.12121204152959443,0.15300033358822096,0.0820352424669201,0.0
7,1,0.48555517196655273,-0.0962077856247242,-0.41764267937234056,3.7000980142279785,-1.8325957145940461,5.934119456780721,5.846852994181004,-0.13020005046387473,0.14685217578966608,0.0,0.0
7,1,0.4964296817779541,-0.11674475971424987,-0.4161796534618665,3.7524578917878086,-1.7627825445142729,5.742133239061344,5.358160803622591,-0.13861877552668692,0.14171827880344298,0.0,0.0
7,1,0.5074114799499512,-0.2367215414189444,-0.45615643516657023,3.822271061867582,-1.710422666954443,5.550147021341968,5.1661745859032155,-0.14536047459479762,0.134782973246575,0.0,0.0
7,1,0.5180501937866211,-0.30079396523133245,-0.4902288589789535,3.8746309394274117,-1.6580627893946132,5.358160803622591,4.886921905584122,-0.15160130182507622,0.129089513850552,0.0,0.0
7,1,0.5290098190307617,-0.24968399513335482,-0.5051188888809829,3.9269908169872414,-1.6057029118347832,4.782202150464463,4.50294947014537,-0.157667011167831,0.12307805091503753,0.0,0.0
7,1,0.5397233963012695,-0.25588912060983576,-0.4753240143574564,3.9793506945470716,-1.5533430342749532,4.310963252425994,3.9269908169872414,-0.16354172303402092,0.11674519925686215,0.0,0.0
7,1,0.5506658554077148,-0.3754459661331744,-0.47888085988077184,4.031710572106901,-1.5184364492350666,4.118977034706618,3.6302848441482056,-0.16743831935509496,0.11072679989920892,0.0,0.0
7,1,0.5616037845611572,-0.39715234899394997,-0.4045872427415713,4.066617157146788,-1.4835298641951802,3.822271061867582,3.0543261909900767,-0.1711082687153009,0.10617008035070857,0.0,0.0
7,1,0.5724124908447266,-0.45594917354295544,-0.479384067290552,4.118977034706618,-1.4486232791552935,3.351032163829113,2.8623399732707004,-0.17468607342839212,0.09984118402318513,0.0,0.0
7,1,0.5833349227905273,-0.29799584843021776,-0.4234307421778382,4.136430327226561,-1.4311699866353502,2.670353755551324,2.478367537831948,-0.17641093645622835,0.09743022120363368,0.0,0.0
7,1,0.5941252708435059,-0.23976875568200337,-0.43120364942962097,4.171336912266447,-1.3962634015954636,2.007128639793479,2.007128639793479,-0.17977531696775595,0.0924981389986591,0.0,0.0
7,1,0.6051952838897705,-0.24004166209875166,-0.43147655584636374,4.1887902047863905,-1.3788101090755203,1.710422666954443,1.710422666954443,-0.1814133092559584,0.08997689846692512,0.0,0.0
7,1,0.6159162521362305,-0.2853889039252798,-0.3148237976728937,4.2062434973063345,-1.361356816555577,1.5184364492350666,1.0471975511965976,-0.18302079490489404,0.08741878976219544,0.0,0.0
7,1,0.6269125938415527,-0.3391733907880088,-0.2886082845356398,4.223696789826278,-1.361356816555577,1.3264502315156905,0.8552113334772214,-0.18292864474664378,0.08577823584084475,0.0,0.0
7,1,0.63804030418396,-0.3685859765299675,-0.2460208702775693,4.241150082346221,-1.3439035240356338,1.0471975511965976,0.3665191429188092,-0.18448618645716258,0.0831783864674602,0.0,0.0
7,1,0.6486194133758545,-0.42778283458923183,-0.16521772833681816,4.258603374866164,-1.3439035240356338,0.8552113334772214,0.0,-0.1843625852783422,0.08154337166824085,0.0,0.0
7,1,0.6603009700775146,-0.37444400772647884,-0.11787890147409777,4.258603374866164,-1.3439035240356338,0.5585053606381855,-0.2792526803190927,-0.1843625852783422,0.08154337166824085,0.0,0.032917999189712055
7,1,0.6713447570800781,-0.25352482755993705,-0.12895972130757713,4.258603374866164,-1.3439035240356338,0.08726646259971647,-0.3665191429188092,-0.1843625852783422,0.08154337166824085,0.0,0.04726620652470167
7,1,0.6818771362304688,-0.12858942649948804,-0.044024320247116056,4.258603374866164,-1.361356816555577,-0.3665191429188092,-0.47123889803846897,-0.1827061062435509,0.08252808616657743,0.04713048638901357,0.02074597216014363
7,1,0.6934523582458496,-0.047146024325691704,-0.06458091807331162,4.258603374866164,-1.361356816555577,-0.6632251157578453,-0.47123889803846897,-0.1827061062435509,0.08252808616657743,0.03126842744092907,0.030433040667180014
7,1,0.7043163776397705,-0.05056776863292786,-0.13400266238054936,4.258603374866164,-1.361356816555577,-0.6632251157578453,-0.2792526803190927,-0.1827061062435509,0.08252808616657743,0.03353781420518952,0.03742060263966286
7,1,0.7148842811584473,-0.03656776863292879,-0.13400266238054936,4.241150082346221,-1.361356816555577,-0.47123889803846897,-0.2792526803190927,-0.1828236684851789,0.08414796585456094,0.017232154994307056,0.03742060263966286
7,1,0.7263412475585938,-0.03656776863292879,-0.024002662380549267,4.241150082346221,-1.3788101090755203,-0.47123889803846897,-0.3665191429188092,-0.18115388098918225,0.08510038344757918,0.017232154994307056,0.008797435243488461
7,1,0.7375960350036621,-0.0725677686329288,-0.024002662380549267,4.241150082346221,-1.3788101090755203,-0.3665191429188092,-0.3665191429188092,-0.18115388098918225,0.08510038344757918,0.02659747636287151,0.008797435243488461
7,1,0.7487196922302246,-0.1385677686329288,-0.05400266238054925,4.241150082346221,-1.3788101090755203,-0.17453292519943295,-0.2792526803190927,-0.18115388098918225,0.08510038344757918,0.024184637997863294,0.015080388214135414
7,1,0.7596156597137451,-0.0885677686329297,-0.09000266238054927,4.223696789826278,-1.3788101090755203,-0.08726646259971647,-0.17453292519943295,-0.18125303937438844,0.08671561714251969,0.007728995868945901,0.015708427941014222
7,1,0.7702631950378418,-0.0885677686329297,-0.15000266238054927,4.223696789826278,-1.3788101090755203,-0.08726646259971647,0.0,-0.18125303937438844,0.08671561714251969,0.007728995868945901,0.0
7,1,0.7816035747528076,-0.022567768632929697,-0.15000266238054927,4.223696789826278,-1.3788101090755203,-0.2792526803190927,0.0,-0.18125303937438844,0.08671561714251969,0.006302109879566765,0.0
7,1,0.7923033237457275,-0.1185677686329297,-0.15000266238054927,4.223696789826278,-1.3788101090755203,0.0,0.0,-0.18125303937438844,0.08671561714251969,0.0,0.0
7,1,0.8039064407348633,-0.1185677686329297,-0.15000266238054927,4.223696789826278,-1.3788101090755203,0.0,0.0,-0.18125303937438844,0.08671561714251969,0.0,0.0
7,1,0.8148605823516846,-0.1485677686329297,-0.15000266238054927,4.223696789826278,-1.3788101090755203,0.08726646259971647,0.0,-0.18125303937438844,0.08671561714251969,0.0,0.0
7,1,0.8258645534515381,-0.1785677686329297,-0.15000266238054927,4.223696789826278,-1.3788101090755203,0.17453292519943295,0.0,-0.18125303937438844,0.08671561714251969,0.0,0.0
7,1,0.8367359638214111,-0.1485677686329297,-0.09000266238054927,4.223696789826278,-1.3788101090755203,0.08726646259971647,-0.17453292519943295,-0.18125303937438844,0.08671561714251969,0.0,0.015708427941014222
7,1,0.8477473258972168,-0.1185677686329297,-0.07000266238054917,4.223696789826278,-1.3962634015954636,0.0,0.0,-0.17957056420145012,0.08763576050699064,0.0,0.0
7,1,0.8586573600769043,-0.058567768632929694,-0.07000266238054917,4.223696789826278,-1.3962634015954636,-0.17453292519943295,0.0,-0.17957056420145012,0.08763576050699064,0.010222003981908813,0.0
7,1,0.8692581653594971,-0.058567768632929694,-0.07000266238054917,4.223696789826278,-1.3962634015954636,-0.17453292519943295,0.0,-0.17957056420145012,0.08763576050699064,0.010222003981908813,0.0
7,1,0.8810117244720459,-0.0885677686329297,-0.15000266238054927,4.223696789826278,-1.3788101090755203,-0.08726646259971647,0.0,-0.18125303937438844,0.08671561714251969,0.007728995868945901,0.0
7,1,0.8920652866363525,-0.1185677686329297,-0.15000266238054927,4.223696789826278,-1.3788101090755203,0.0,0.0,-0.18125303937438844,0.08671561714251969,0.0,0.0
7,1,0.9026846885681152,-0.1185677686329297,-0.15000266238054927,4.223696789826278,-1.3788101090755203,0.0,0.0,-0.18125303937438844,0.08671561714251969,0.0,0.0
7,1,0.9137802124023438,-0.1185677686329297,-0.12000266238054927,4.223696789826278,-1.3788101090755203,0.0,-0.08726646259971647,-0.18125303937438844,0.08671561714251969,0.0,0.010472207848498605
7,1,0.9245400428771973,-0.1185677686329297,0.025997337619450847,4.223696789826278,-1.3962634015954636,0.0,-0.2792526803190927,-0.17957056420145012,0.08763576050699064,0.0,0.0
7,1,0.9355154037475586,-0.1185677686329297,-0.010002662380549164,4.223696789826278,-1.3962634015954636,0.0,-0.17453292519943295,-0.17957056420145012,0.08763576050699064,0.0,0.0017457939250595691
7,1,0.9465832710266113,-0.1185677686329297,-0.04000266238054917,4.223696789826278,-1.3962634015954636,0.0,-0.08726646259971647,-0.17957056420145012,0.08763576050699064,0.0,0.0034908908405212793
7,1,0.9577348232269287,-0.058567768632929694,-0.07000266238054917,4.223696789826278,-1.3962634015954636,-0.17453292519943295,0.0,-0.17957056420145012,0.08763576050699064,0.010222003981908813,0.0
7,1,0.9688313007354736,-0.1185677686329297,-0.16600266238054917,4.223696789826278,-1.3962634015954636,0.0,0.2792526803190927,-0.17957056420145012,0.08763576050699064,0.0,0.0
7,1,0.9803018569946289,-0.1185677686329297,-0.13000266238054917,4.223696789826278,-1.3962634015954636,0.0,0.17453292519943295,-0.17957056420145012,0.08763576050699064,0.0,0.0
7,1,0.9913082122802734,-0.1185677686329297,-0.10000266238054917,4.223696789826278,-1.3962634015954636,0.0,0.08726646259971647,-0.17957056420145012,0.08763576050699064,0.0,0.0
7,2,0.0,-0.1185677686329297,-0.15000266238054927,4.223696789826278,-1.3788101090755203,0.0,0.0,-0.18125303937438844,0.08671561714251969,0.0,0.0
7,2,0.011226892471313477,-0.15731682258299648,-0.07875171633060717,4.223696789826278,-1.3962634015954636,0.08726646259971647,0.0,-0.17957056420145012,0.08763576050699064,0.0,0.0
7,2,0.022421836853027344,-0.15405586045699254,-0.04549075420460734,4.223696789826278,-1.3962634015954636,0.0,-0.17453292519943295,-0.17957056420145012,0.08763576050699064,0.0,0.007939634400858523
7,2,0.033769845962524414,-0.20029313135847626,-0.15172802510608802,4.223696789826278,-1.3962634015954636,0.0,0.0,-0.17957056420145012,0.08763576050699064,0.0,0.0
7,2,0.04446053504943848,-0.2620177922209638,-0.1834526859685765,4.223696789826278,-1.3962634015954636,0.0,-0.08726646259971647,-0.17957056420145012,0.08763576050699064,0.0,0.016009266958894312
7,2,0.05535435676574707,-0.3134359227046562,-0.2948708164522639,4.223696789826278,-1.3962634015954636,-0.08726646259971647,0.0,-0.17957056420145012,0.08763576050699064,0.027352444226113503,0.0
7,2,0.06599736213684082,-0.3452742375660368,-0.3927091313136497,4.223696789826278,-1.3962634015954636,-0.2792526803190927,0.0,-0.17957056420145012,0.08763576050699064,0.09641875628544695,0.0
7,2,0.0769662857055664,-0.43514869596652667,-0.41658358971414056,4.223696789826278,-1.3962634015954636,-0.3665191429188092,-0.2792526803190927,-0.17957056420145012,0.08763576050699064,0.15949032708788885,0.11633208400462298
7,2,0.08764529228210449,-0.45441634654504254,-0.5218512402926555,4.2062434973063345,-1.3962634015954636,-0.47123889803846897,-0.3665191429188092,-0.17965151708421387,0.08924636551419544,0.21413865839655288,0.19126846932318164
7,2,0.09836244583129883,-0.476457327102791,-0.573892220850403,4.2062434973063345,-1.3962634015954636,-0.8552113334772214,-0.6632251157578453,-0.17965151708421387,0.08924636551419544,0.40747170605657057,0.38061973460603543
7,2,0.10926032066345215,-0.5056477239060586,-0.5730826176536717,4.1887902047863905,-1.413716694115407,-1.0471975511965976,-0.9424777960769379,-0.17801990509167653,0.09174025929069402,0.5295130582425579,0.5401176424562351
7,2,0.1197671890258789,-0.6259389906496013,-0.5473738843972125,4.1887902047863905,-1.4311699866353502,-1.239183768915974,-1.3264502315156905,-0.17631389246160462,0.09259595207480857,0.7756534375446336,0.7260642156843253
7,2,0.13083744049072266,-0.5622327101961195,-0.6596676039437349,4.171336912266447,-1.4311699866353502,-1.8151424220741028,-1.6231562043547265,-0.1763589915362544,0.094197354788237,1.0205324433546716,1.0707435641530898
7,2,0.14237093925476074,-0.562539623481599,-0.6459745172292143,4.153883619746504,-1.4660765716752369,-2.2863813201125716,-1.9024088846738192,-0.17294240990980086,0.09740913786618398,1.2861800869514874,1.2289076608497382
7,2,0.1541891098022461,-0.5021965278131735,-0.7676314215607825,4.118977034706618,-1.4835298641951802,-2.775073510670984,-2.0943951023931953,-0.17120809924272165,0.1013485279492435,1.3936322814852817,1.607723489760029
7,2,0.16511034965515137,-0.34216174155678636,-0.7835966353043976,4.084070449666731,-1.5009831567151235,-3.543018381548489,-2.5830872929516078,-0.16940012608578803,0.1052520913560452,1.2122853397983375,2.0240985114544245
7,2,0.17623353004455566,-0.1885423602825902,-0.8419772540302057,4.031710572106901,-1.53588974175501,-4.118977034706618,-2.775073510670984,-0.16566426154368835,0.11134824646468008,0.7766016520733702,2.336548774246718
7,2,0.18694138526916504,-0.14023093402189002,-0.7416658277695036,3.9793506945470716,-1.5707963267948966,-4.39822971502571,-3.4382986264288293,-0.16175122477365234,0.11729015111931174,0.6167678609808865,2.550068596889085
7,2,0.1983332633972168,-0.33025666678655474,-0.7336915605341663,3.944444109507185,-1.6057029118347832,-4.310963252425994,-3.9269908169872414,-0.15784601093637662,0.12148579239209659,1.4237243543855338,2.8812000207187096
7,2,0.20978999137878418,-0.329456406868215,-0.6008913006158284,3.8920842319473548,-1.6580627893946132,-4.590215932745087,-4.590215932745087,-0.15182993323101118,0.12751170736930442,1.5122760479514283,2.7582208219346933
7,2,0.22112703323364258,-0.23510133678310358,-0.6685362305307192,3.839724354387525,-1.710422666954443,-5.1661745859032155,-4.694935687864747,-0.14563813577969553,0.13321966034593313,1.2145745512007424,3.138734607349247
7,2,0.23169994354248047,-0.20916357844241662,-0.5965984721900309,3.7699111843077517,-1.7627825445142729,-5.270894341022875,-5.1661745859032155,-0.1389595081750474,0.14016211050674682,1.102479121960228,3.082131865016824
7,2,0.24296069145202637,-0.1676265471861073,-0.5050614409337196,3.717551306747922,-1.8325957145940461,-5.742133239061344,-5.550147021341968,-0.13059056029170202,0.1453233008064506,0.9625339683464316,2.8031652519929664
7,2,0.25409674644470215,-0.10986546973627276,-0.527300363483888,3.6477381366681487,-1.8849555921538759,-6.03883921190038,-5.846852994181004,-0.12347886302808792,0.1515135388985925,0.6634599066772584,3.0830477090685022
7,2,0.26465487480163574,-0.009120928376009085,-0.4925558221236247,3.5779249665883754,-1.9547687622336491,-6.422811647339133,-6.03883921190038,-0.11433835799424663,0.15726202987735732,0.05858200500797715,2.9744654126899737
7,2,0.27559590339660645,-0.0279342613036154,-0.4453691550512261,3.5081117965086026,-2.0245819323134224,-6.510078109938849,-6.318091892219473,-0.10501906695990378,0.16248714016871116,0.18185422302997847,2.813883247573789
7,2,0.2870795726776123,0.003099361755754565,-0.4143355319918641,3.4382986264288293,-2.0943951023931953,-6.806784082777885,-6.614797865058509,-0.09554232746664681,0.1671989557115404,0.0,2.7407457924376644
7,2,0.2975919246673584,-0.036983297732847115,-0.45441819148046486,3.368485456349056,-2.1642082724729685,-6.806784082777885,-6.614797865058509,-0.08593251577196877,0.17140840372151012,0.2517373223365792,3.0058844828487277
7,2,0.30973219871520996,-0.010691726472294716,-0.5241266202199131,3.2986722862692828,-2.234021442552742,-7.086036763096978,-6.614797865058509,-0.07620968726144162,0.17512579707514142,0.07576196684365752,3.4669916484510126
7,2,0.3202652931213379,0.1469580219719476,-0.44647687177566986,3.193952531149623,-2.321287905152458,-7.278022980816354,-6.806784082777885,-0.06306783960176897,0.18045495497209435,0.0,3.0390716641310926
7,2,0.33133506774902344,0.11917717533169857,-0.4082577184159206,3.12413936106985,-2.3911010752322315,-7.365289443416071,-7.086036763096978,-0.053089039503462755,0.18306639613788522,0.0,2.8929292015133075
7,2,0.34293222427368164,0.16286653540621326,-0.33456835834140763,3.036872898470133,-2.478367537831948,-7.47000919853573,-7.278022980816354,-0.040532306761343,0.18567615061950804,0.0,2.434996200662766
7,2,0.35367441177368164,0.23396692584924708,-0.4094679678983728,2.949606435870417,-2.548180707911721,-7.557275661135447,-7.173303225696695,-0.029350552846763633,0.18848492399117206,0.0,2.9372378949448685
7,2,0.36468958854675293,0.1917243340451962,-0.3057105597024206,2.8797932657906435,-2.6354471705114375,-7.557275661135447,-7.365289443416071,-0.0177725394488654,0.18857685698079674,0.0,2.251646758117057
7,2,0.37641000747680664,0.18412300829959452,-0.2833118854480223,2.792526803190927,-2.722713633111154,-7.47000919853573,-7.365289443416071,-0.005080281878930434,0.18920467780769615,0.0,2.086674039084622
7,2,0.3868675231933594,0.25520836864751406,-0.19022652510010274,2.705260340591211,-2.792526803190927,-7.47000919853573,-7.661995416255107,0.006389799335369435,0.190263641083868,0.0,1.4575147633671242
7,2,0.39800143241882324,0.16849597068501626,-0.26293892306260913,2.6354471705114375,-2.8797932657906435,-7.278022980816354,-7.278022980816354,0.017772719205154802,0.18857722187843948,0.0,1.9136755246007726
7,2,0.4090287685394287,0.24180832995589657,-0.12362656379172365,2.548180707911721,-2.9670597283903604,-7.278022980816354,-7.47000919853573,0.030436148708971072,0.1872486612064994,0.0,0.9234915687075399
7,2,0.4195237159729004,0.3418366506574611,-0.05959824309016151,2.4609142453120048,-3.0543261909900767,-7.278022980816354,-7.365289443416071,0.04304903981766652,0.18521343399924978,0.0,0.43895831067811136
7,2,0.4307365417480469,0.2581531441001381,-0.07728174964748438,2.3911010752322315,-3.12413936106985,-6.998770300497261,-7.278022980816354,0.053089019897593674,0.1830663851482916,0.0,0.5624583499320875
7,2,0.44224095344543457,0.21124943671577803,-0.2201854570318506,2.321287905152458,-3.193952531149623,-6.806784082777885,-6.806784082777885,0.06306779113943643,0.18045493079006156,0.0,1.4987548641835746
7,2,0.45351290702819824,0.26589921619697754,-0.13553567755064072,2.234021442552742,-3.2812189937493397,-6.614797865058509,-6.702064327658226,0.0754341061330722,0.17652344668364253,0.0,0.908368829637137
7,2,0.46408843994140625,0.30249676837507083,-0.09293812537254845,2.1642082724729685,-3.351032163829113,-6.510078109938849,-6.614797865058509,0.08522159863575962,0.17283391946429622,0.0,0.6147669132968735
7,2,0.47635316848754883,0.2582247299621837,-0.041210163785441095,2.0943951023931953,-3.420845333908886,-6.230825429619756,-6.614797865058509,0.09489564110443477,0.16865029384157124,0.0,0.2725969034266472
7,2,0.4875447750091553,0.31557638167805513,-0.035858512069568596,2.0245819323134224,-3.5081117965086026,-6.126105674500097,-6.126105674500097,0.10501783213527156,0.16248688166009911,0.0,0.21967303426851437
7,2,0.4982454776763916,0.36957106961335595,0.04013617586573093,1.9547687622336491,-3.5604716740684323,-5.934119456780721,-6.230825429619756,0.11382086263927577,0.15876049154450514,0.0,0.0
7,2,0.5088238716125488,0.3322614937498942,-0.019173399997735735,1.9024088846738192,-3.6302848441482056,-5.654866776461628,-5.654866776461628,0.12121217902399702,0.1530003035241589,0.0,0.10842302263900526
7,2,0.5207202434539795,0.3361662330154661,0.05073133926783241,1.8325957145940461,-3.7000980142279785,-5.270894341022875,-5.462880558742252,0.13020033230815198,0.14685209140774344,0.0,0.0
7,2,0.5317337512969971,0.35859415276206497,0.03715925901443004,1.7802358370342162,-3.7524578917878086,-5.078908123303499,-5.1661745859032155,0.13679319429473058,0.14188581192544247,0.0,0.0
7,2,0.5432140827178955,0.3579391355054678,0.18850424175784325,1.7278759594743862,-3.822271061867582,-4.782202150464463,-5.078908123303499,0.14353864360785634,0.1350519255836154,0.0,0.0
7,2,0.5542831420898438,0.38683976493300243,0.2474048711853815,1.6755160819145565,-3.8746309394274117,-4.50294947014537,-4.886921905584122,0.14978475994569398,0.1294495071836203,0.0,0.0
7,2,0.5652785301208496,0.3623284689656306,0.28889357521799947,1.6231562043547265,-3.9269908169872414,-4.014257279586958,-4.590215932745087,0.1558611472892937,0.12352997880670682,0.0,0.0
7,2,0.5766556262969971,0.45475105266053406,0.35131615891290535,1.5707963267948966,-3.9793506945470716,-3.822271061867582,-4.310963252425994,0.16175122519553534,0.11729014923083005,0.0,0.0
7,2,0.5873622894287109,0.4224374085915158,0.31900251484389,1.53588974175501,-4.014257279586958,-3.4382986264288293,-3.9269908169872414,0.16556624467572081,0.11295071119742259,0.0,0.0
7,2,0.598900556564331,0.43854859534563245,0.31311370159800067,1.5009831567151235,-4.066617157146788,-3.1590459461097367,-3.351032163829113,0.16934964588316348,0.10685462517911207,0.0,0.0
7,2,0.60957932472229,0.4371984267591682,0.27576353301154577,1.4660765716752369,-4.101523742186674,-2.775073510670984,-2.8623399732707004,0.17293375557011653,0.10221551256855912,0.0,0.0
7,2,0.6213185787200928,0.3683827274628228,0.20694783371518788,1.4486232791552935,-4.118977034706618,-2.3911010752322315,-2.478367537831948,0.17468607426132887,0.09984117450296541,0.0,0.0
7,2,0.6323258876800537,0.42404108215697855,0.16660618840934333,1.413716694115407,-4.153883619746504,-2.0943951023931953,-1.9024088846738192,0.1781076034539377,0.09498254684687416,0.0,0.0
7,2,0.6436328887939453,0.38165892107683946,0.12422402732922189,1.3962634015954636,-4.171336912266447,-1.710422666954443,-1.5184364492350666,0.1797753175036262,0.09249812195620372,0.0,0.0
7,2,0.6544978618621826,0.31878687175581655,0.1273519780081915,1.3788101090755203,-4.1887902047863905,-1.239183768915974,-1.239183768915974,0.18141330950946932,0.08997687785592753,0.0,0.0
7,2,0.6652684211730957,0.2575942783301107,0.1181593845824904,1.361356816555577,-4.1887902047863905,-0.7504915783575618,-1.1344640137963142,0.18309987859188476,0.08906949463819373,0.0,0.0
7,2,0.6763277053833008,0.1952839991139063,0.16584910536628916,1.361356816555577,-4.2062434973063345,-0.47123889803846897,-0.9424777960769379,0.1830207947284253,0.08741876488360445,0.0,0.0
7,2,0.6875591278076172,0.07161516199517418,0.13818026824754565,1.361356816555577,-4.2062434973063345,0.0,-0.7504915783575618,0.1830207947284253,0.08741876488360445,0.0,0.0
7,2,0.6982955932617188,0.10978763383979817,0.16035274009215894,1.361356816555577,-4.223696789826278,0.0,-0.47123889803846897,0.18292864421543722,0.08577820678177842,0.0,0.0
7,2,0.709662914276123,0.023076150700105685,0.16364125695246812,1.361356816555577,-4.223696789826278,0.3665191429188092,-0.3665191429188092,0.18292864421543722,0.08577820678177842,0.008457850976468015,0.0
7,2,0.720829963684082,0.05754788221595469,0.10211298846831714,1.361356816555577,-4.223696789826278,0.3665191429188092,-0.08726646259971647,0.18292864421543722,0.08577820678177842,0.021092400466584296,0.0
7,2,0.731844425201416,0.08437090777708844,0.03893601402945085,1.361356816555577,-4.223696789826278,0.3665191429188092,0.17453292519943295,0.18292864421543722,0.08577820678177842,0.030923552805740353,0.006795616424166217
7,2,0.7429795265197754,0.08681135096034287,0.019376457212700496,1.3788101090755203,-4.223696789826278,0.17453292519943295,0.2792526803190927,0.181253039096981,0.08671558896527662,0.015151439023623243,0.00541092761173483
7,2,0.7539539337158203,0.09000266238055415,0.022567768632900387,1.3788101090755203,-4.223696789826278,0.17453292519943295,0.2792526803190927,0.181253039096981,0.08671558896527662,0.015708427941015075,0.00630210987955858
7,2,0.7644801139831543,0.024002662380554124,0.05856776863290039,1.3788101090755203,-4.223696789826278,0.3665191429188092,0.17453292519943295,0.181253039096981,0.08671558896527662,0.008797435243490243,0.0102220039819037
7,2,0.7756307125091553,0.024002662380554124,0.11856776863290039,1.3788101090755203,-4.223696789826278,0.3665191429188092,0.0,0.181253039096981,0.08671558896527662,0.008797435243490243,0.0
7,2,0.7867734432220459,0.024002662380554124,0.11856776863290039,1.3788101090755203,-4.223696789826278,0.3665191429188092,0.0,0.181253039096981,0.08671558896527662,0.008797435243490243,0.0
7,2,0.7982988357543945,-0.055997337619445975,0.11856776863290039,1.3962634015954636,-4.223696789826278,0.3665191429188092,0.0,0.1795705641620784,0.08763573317951923,0.0,0.0
7,2,0.8104605674743652,-0.025997337619445934,0.11856776863290039,1.3962634015954636,-4.223696789826278,0.2792526803190927,0.0,0.1795705641620784,0.08763573317951923,0.0,0.0
7,2,0.8213663101196289,0.07000266238055405,0.11856776863290039,1.3962634015954636,-4.223696789826278,0.0,0.0,0.1795705641620784,0.08763573317951923,0.0,0.0
7,2,0.8324198722839355,0.07000266238055405,0.08856776863290039,1.3962634015954636,-4.223696789826278,0.0,0.08726646259971647,0.1795705641620784,0.08763573317951923,0.0,0.007728995868943344
7,2,0.8429033756256104,0.07000266238055405,0.08856776863290039,1.3962634015954636,-4.223696789826278,0.0,0.08726646259971647,0.1795705641620784,0.08763573317951923,0.0,0.007728995868943344
7,2,0.8543210029602051,0.10000266238055405,0.11856776863290039,1.3962634015954636,-4.223696789826278,-0.08726646259971647,0.0,0.1795705641620784,0.08763573317951923,0.0,0.0
7,2,0.865015983581543,0.10000266238055405,0.11856776863290039,1.3962634015954636,-4.223696789826278,-0.08726646259971647,0.0,0.1795705641620784,0.08763573317951923,0.0,0.0
7,2,0.8760170936584473,0.07000266238055405,0.008567768632901294,1.3962634015954636,-4.2062434973063345,0.0,0.08726646259971647,0.17965151730304998,0.08924634212216954,0.0,0.0007476788609661047
7,2,0.8872401714324951,0.07000266238055405,0.038567768632901296,1.3962634015954636,-4.2062434973063345,0.0,0.0,0.17965151730304998,0.08924634212216954,0.0,0.0
7,2,0.8984408378601074,0.040002662380554055,0.038567768632901296,1.3962634015954636,-4.2062434973063345,0.08726646259971647,0.0,0.17965151730304998,0.08924634212216954,0.0034908908405217056,0.0
7,2,0.9096660614013672,0.010002662380554049,0.06856776863290129,1.3962634015954636,-4.2062434973063345,0.17453292519943295,-0.08726646259971647,0.17965151730304998,0.08924634212216954,0.0017457939250604218,0.0
7,2,0.9204545021057129,0.07000266238055405,0.11856776863290039,1.3962634015954636,-4.223696789826278,0.0,0.0,0.1795705641620784,0.08763573317951923,0.0,0.0
7,2,0.9314024448394775,0.07000266238055405,0.11856776863290039,1.3962634015954636,-4.223696789826278,0.0,0.0,0.1795705641620784,0.08763573317951923,0.0,0.0
7,2,0.9423699378967285,0.07000266238055405,0.11856776863290039,1.3962634015954636,-4.223696789826278,0.0,0.0,0.1795705641620784,0.08763573317951923,0.0,0.0
7,2,0.9535584449768066,0.07000266238055405,0.038567768632901296,1.3962634015954636,-4.2062434973063345,0.0,0.0,0.17965151730304998,0.08924634212216954,0.0,0.0
7,2,0.9641122817993164,0.07000266238055405,0.038567768632901296,1.3962634015954636,-4.2062434973063345,0.0,0.0,0.17965151730304998,0.08924634212216954,0.0,0.0
7,2,0.9757540225982666,0.07000266238055405,0.038567768632901296,1.3962634015954636,-4.2062434973063345,0.0,0.0,0.17965151730304998,0.08924634212216954,0.0,0.0
7,2,0.9863376617431641,0.07000266238055405,0.038567768632901296,1.3962634015954636,-4.2062434973063345,0.0,0.0,0.17965151730304998,0.08924634212216954,0.0,0.0
7,2,0.9976623058319092,0.07000266238055405,0.038567768632901296,1.3962634015954636,-4.2062434973063345,0.0,0.0,0.17965151730304998,0.08924634212216954,0.0,0.0
8,1,0.0,0.022764633946633816,0.04700602103417451,1.2740903539558606,-4.39822971502571,0.0,0.0,0.1892595754829074,0.06424735483635019,0.0,0.0
8,1,0.01085209846496582,0.04563606366567427,0.06987745075320989,1.2740903539558606,-4.39822971502571,0.0,0.0,0.1892595754829074,0.06424735483635019,0.0,0.0
8,1,0.021610021591186523,0.11397045258139578,0.1382118396689324,1.2740903539558606,-4.39822971502571,0.0,0.0,0.1892595754829074,0.06424735483635019,0.0,0.0
8,1,0.032369375228881836,0.22816423525266014,0.25240562234019676,1.2740903539558606,-4.39822971502571,0.0,0.0,0.1892595754829074,0.06424735483635019,0.0,0.0
8,1,0.04341387748718262,0.3929573411285229,0.41719872821605947,1.2740903539558606,-4.39822971502571,0.0,0.0,0.1892595754829074,0.06424735483635019,0.0,0.0
8,1,0.05441880226135254,0.5444816470986172,0.5987230341861549,1.2740903539558606,-4.39822971502571,0.17453292519943295,0.08726646259971647,0.1892595754829074,0.06424735483635019,0.095029974585527,0.05224844127039486
8,1,0.06566786766052246,0.7723871101528311,0.7966284972403637,1.2740903539558606,-4.39822971502571,0.2792526803190927,0.2792526803190927,0.1892595754829074,0.06424735483635019,0.2156911707540964,0.22246064307294253
8,1,0.07673859596252441,0.8356105857096994,0.969851972797235,1.2915436464758039,-4.39822971502571,0.7504915783575618,0.6632251157578453,0.18769303972386547,0.06542341967744777,0.627118707361559,0.6432301869264208
8,1,0.08800196647644043,1.0224284809087831,0.9806698679963206,1.2915436464758039,-4.380776422505767,1.239183768915974,1.4311699866353502,0.1879342319379655,0.06701831381595154,1.2669767784195798,1.4035052818739848
8,1,0.09890580177307129,1.164155405958414,0.9903967930459519,1.3089969389957472,-4.363323129985824,1.710422666954443,2.2863813201125716,0.18657271162203107,0.06975223148550155,1.9911977942088226,2.264424727119661
8,1,0.10989117622375488,1.2741471965519882,0.9243885836395226,1.3264502315156905,-4.328416544945937,2.3911010752322315,3.246312408709453,0.1853672029321134,0.07404611389426596,3.0466147316795924,3.000854129538338
8,1,0.12076401710510254,1.3038900423899764,0.852131429477512,1.361356816555577,-4.293509959906051,3.1590459461097367,4.310963252425994,0.18243417864597314,0.07931984357733808,4.119048552584908,3.6735072787147867
8,1,0.13138103485107422,1.352715003523961,0.8569563906114995,1.3962634015954636,-4.241150082346221,3.9269908169872414,4.974188368183839,0.17947722755883988,0.08603545666544303,5.312099396839459,4.262662510220527
8,1,0.14319276809692383,1.243496526196879,0.925737913284416,1.4486232791552935,-4.171336912266447,5.1661745859032155,5.462880558742252,0.1746421179285621,0.09502087044715236,6.424120151297248,5.057195648972057
8,1,0.1543598175048828,1.1457362520654142,0.7979776391529506,1.5184364492350666,-4.101523742186674,6.126105674500097,6.510078109938849,0.16768315174267145,0.1043546147692764,7.018901355258407,5.194896760870305
8,1,0.16493606567382812,1.1342332067792755,0.66047459386681,1.5882496193148399,-4.031710572106901,6.806784082777885,7.557275661135447,0.16032379621801227,0.11310725138297759,7.72048053806329,4.991388573027962
8,1,0.17716073989868164,1.1661924045270977,0.5764337916146361,1.6580627893946132,-3.944444109507185,7.661995416255107,8.517206749732328,0.15243312291128372,0.12282927608419697,8.935360857958145,4.909605780713977
8,1,0.1876206398010254,1.0889785645699956,0.19921995165753298,1.7627825445142729,-3.839724354387525,8.133234314293576,9.861110273767961,0.1401804813387907,0.13401378998849223,8.85691782889085,1.964529912029655
8,1,0.19901800155639648,0.9026675689293445,-0.06709104398311794,1.8675022996339325,-3.717551306747922,9.093165402890458,10.821041362364843,0.1269567704352527,0.14545788987173053,8.208105508099553,0.0
8,1,0.20983552932739258,0.9305149355957283,-0.053243677316734295,1.9547687622336491,-3.612831551628262,9.58185759344887,11.117747335203878,0.11532816777556165,0.15428300001890743,8.916061601455516,0.0
8,1,0.22060370445251465,0.8313951150636931,-0.2983634978487694,2.076941809873252,-3.473205211468716,9.965830028887622,11.693705988362009,0.09853833680389075,0.16461529785345602,8.285542403572233,0.0
8,1,0.23204612731933594,0.8447675712108698,-0.298991041701591,2.181661564992912,-3.351032163829113,10.349802464326375,11.885692206081384,0.08351138105888145,0.17238338842540202,8.743177490301266,0.0
8,1,0.24327921867370605,0.7577014637612295,-0.188057149151234,2.303834612632515,-3.2288591161895095,10.733774899765127,11.693705988362009,0.066391915626383,0.17836091557527317,8.132996953235581,0.0
8,1,0.2543818950653076,0.7526697359596116,-0.24308887695284895,2.426007660272118,-3.0892327760299634,10.821041362364843,11.693705988362009,0.048076156382541806,0.18419690992136184,8.144670345019183,0.0
8,1,0.26460838317871094,0.5486582466740721,-0.3451003662383903,2.548180707911721,-2.9670597283903604,11.309733552923255,11.885692206081384,0.030436148708971072,0.1872486612064994,6.2051785814977976,0.0
8,1,0.27641963958740234,0.6521749910327796,-0.43158362187967864,2.652900463031381,-2.827433388230814,11.309733552923255,11.9729586686811,0.012854263589203233,0.1910879732023799,7.375925378460851,0.0
8,1,0.2872731685638428,0.5903471841618306,-0.5294114287506321,2.792526803190927,-2.6878070480712677,11.117747335203878,11.885692206081384,-0.007713819764440008,0.19131531898275617,6.563330833560306,0.0
8,1,0.29810500144958496,0.5153231616281737,-0.604435451284291,2.91469985083053,-2.5656340004316642,11.117747335203878,11.885692206081384,-0.02568652043844908,0.19001922703774565,5.729232706960466,0.0
8,1,0.3092210292816162,0.4588210605510821,-0.5949375523613823,3.036872898470133,-2.443460952792061,11.01302758008422,11.588986233242348,-0.04357263257783006,0.18731510508704008,5.0530089941725596,0.0
8,1,0.3204057216644287,0.316233056193542,-0.7515255567189196,3.1590459461097367,-2.303834612632515,11.01302758008422,11.397000015522972,-0.06293153375463373,0.18383982547333055,3.4826833695938006,0.0
8,1,0.33110880851745605,0.30544605286510296,-0.8123125600473596,3.263765701229396,-2.181661564992912,10.821041362364843,11.117747335203878,-0.07971578789796455,0.1795070378331199,3.3052443720243576,0.0
8,1,0.34199976921081543,0.26205688127296406,-0.7697017316394952,3.385938748868999,-2.076941809873252,10.349802464326375,10.629055144645466,-0.09530950312629205,0.17192462600063013,2.7122369555926076,0.0
8,1,0.35298800468444824,0.2333587493382308,-0.8483998635742362,3.490658503988659,-1.9547687622336491,9.965830028887622,10.157816246606998,-0.1115962904410178,0.16480832036402,2.3256136316586,0.0
8,1,0.3642728328704834,-0.004224209082305197,-0.8079828219947733,3.612831551628262,-1.8500490071139892,9.861110273767961,9.47713783832921,-0.126197205648102,0.15460054311475055,0.0,0.0
8,1,0.3757743835449219,-0.17042360890992164,-0.9081822218223885,3.717551306747922,-1.7453292519943295,9.669124056048586,9.093165402890458,-0.13972328175893986,0.14469193756086243,0.0,0.0
8,1,0.3863816261291504,-0.29962730980081065,-0.9713859227132763,3.822271061867582,-1.6406094968746698,9.197885158010116,8.429940287132611,-0.15265159202318496,0.1335328978309468,0.0,0.0
8,1,0.3974912166595459,-0.42450469518885064,-1.1122633081013185,3.9269908169872414,-1.5533430342749532,8.621926504851988,8.133234314293576,-0.16307182497340558,0.12161782984178343,0.0,0.0
8,1,0.4096088409423828,-0.46550628201015376,-1.0932648949226134,4.014257279586958,-1.4660765716752369,7.941248096574199,7.278022980816354,-0.1726520585291095,0.11041688308279023,0.0,0.0
8,1,0.42031335830688477,-0.565850743290769,-1.1136093562032374,4.101523742186674,-1.3962634015954636,7.278022980816354,6.614797865058509,-0.1798637937524847,0.0991205869160777,0.0,0.0
8,1,0.431105375289917,-0.6504001898619479,-1.066158802774407,4.171336912266447,-1.3264502315156905,6.702064327658226,5.654866776461628,-0.18652669659868343,0.08889510639594661,0.0,0.0
8,1,0.44173264503479004,-0.6351569875100143,-1.0669156004224816,4.241150082346221,-1.2740903539558606,5.742133239061344,4.974188368183839,-0.1910555026375481,0.07913191617056163,0.0,0.0
8,1,0.45306944847106934,-0.7826843130050039,-1.0384429259174714,4.310963252425994,-1.2217304763960306,5.1661745859032155,4.118977034706618,-0.1951391376427818,0.06901512015911815,0.0,0.0
8,1,0.46416759490966797,-0.8105325771390138,-1.0662911900514793,4.363323129985824,-1.1693705988362009,4.39822971502571,3.351032163829113,-0.19903077571816133,0.060262515151236554,0.0,0.0
8,1,0.4758949279785156,-0.7845818673644809,-0.9743404802769481,4.39822971502571,-1.1344640137963142,3.6302848441482056,2.3911010752322315,-0.20142390538263988,0.05424350648047069,0.0,0.0
8,1,0.48755693435668945,-0.7751568614966667,-0.8849154744091239,4.4331363000655974,-1.117010721276371,2.8623399732707004,1.6231562043547265,-0.20220763911378226,0.049447377556678634,0.0,0.0
8,1,0.49864697456359863,-0.8716173360259376,-0.7993759489384128,4.468042885105484,-1.0995574287564276,2.3911010752322315,0.8552113334772214,-0.20288920185528647,0.044616294509549126,0.0,0.0
8,1,0.5093255043029785,-0.8130209477828235,-0.6607795606952834,4.485496177625427,-1.0995574287564276,1.710422666954443,0.17453292519943295,-0.20249036971888656,0.04290282911935694,0.0,0.0
8,1,0.5211458206176758,-0.7619422421713276,-0.6377008550837884,4.50294947014537,-1.0995574287564276,1.0471975511965976,-0.17453292519943295,-0.20207848871330786,0.04120107113927108,0.0,0.11129979563995326
8,1,0.5319557189941406,-0.6490960730182932,-0.5768546859307508,4.520402762665314,-1.0995574287564276,0.2792526803190927,-0.5585053606381855,-0.2016538008112399,0.03951108490664047,0.0,0.3221764344015812
8,1,0.5431978702545166,-0.40657306444782004,-0.4103316773602774,4.520402762665314,-1.117010721276371,-0.5585053606381855,-0.9424777960769379,-0.20026270975732224,0.04096223337276473,0.22707323598520196,0.3867284949390674
8,1,0.5540869235992432,-0.10100602103414386,-0.31676463394660453,4.50294947014537,-1.117010721276371,-1.239183768915974,-1.239183768915974,-0.20067722184128475,0.04263594160996699,0.12516502182829653,0.39252959295324225
8,1,0.5651395320892334,0.04499397896585522,-0.20676463394660427,4.485496177625427,-1.1344640137963142,-1.4311699866353502,-1.3264502315156905,-0.19965523232852453,0.045724464728164604,0.0,0.27426299656773023
8,1,0.5758883953094482,0.19099397896585435,-0.02476463394660422,4.468042885105484,-1.1519173063162575,-1.6231562043547265,-1.6231562043547265,-0.1985889255161724,0.048776519244890654,0.0,0.04019686923900432
8,1,0.5871520042419434,0.2709939789658535,0.08523536605339577,4.4505895925855405,-1.1693705988362009,-1.6231562043547265,-1.710422666954443,-0.19747937286803036,0.05179198694728882,0.0,0.0
8,1,0.5979757308959961,0.2189939789658525,0.13523536605339603,4.4331363000655974,-1.1868238913561442,-1.239183768915974,-1.6231562043547265,-0.19632762454309655,0.05477076556621743,0.0,0.0
8,1,0.6095845699310303,0.15299397896585248,0.11323536605339513,4.4331363000655974,-1.2042771838760873,-1.0471975511965976,-1.3264502315156905,-0.19482852317681304,0.05606184004920858,0.0,0.0
8,1,0.6209642887115479,0.16699397896585566,0.1932353660533952,4.4156830075456535,-1.2217304763960306,-0.8552113334772214,-1.3264502315156905,-0.19361612941933173,0.05897161230901961,0.0,0.0
8,1,0.6322898864746094,0.03499397896585568,0.20723536605339526,4.4156830075456535,-1.239183768915974,-0.47123889803846897,-1.1344640137963142,-0.192087044297664,0.06021394167210557,0.0,0.0
8,1,0.6430432796478271,0.0789939789658548,0.2212353660533954,4.39822971502571,-1.2566370614359172,-0.3665191429188092,-0.9424777960769379,-0.19081679595226647,0.06305441146669777,0.0,0.0
8,1,0.6540210247039795,0.012993978965854795,0.15523536605339538,4.39822971502571,-1.2566370614359172,-0.17453292519943295,-0.7504915783575618,-0.19081679595226647,0.06305441146669777,0.0,0.0
8,1,0.6650571823120117,-0.0170060210341452,0.16923536605339548,4.39822971502571,-1.2740903539558606,-0.08726646259971647,-0.5585053606381855,-0.18925960131310224,0.06424750004554168,0.0014840552985462237,0.0
8,1,0.6759021282196045,-0.0470060210341452,0.10323536605339549,4.39822971502571,-1.2740903539558606,0.0,-0.3665191429188092,-0.18925960131310224,0.06424750004554168,0.0,0.0
8,1,0.686974048614502,-0.0170060210341452,-0.022764633946604506,4.39822971502571,-1.2740903539558606,-0.08726646259971647,0.0,-0.18925960131310224,0.06424750004554168,0.0014840552985462237,0.0
8,1,0.6976370811462402,-0.0170060210341452,-0.022764633946604506,4.39822971502571,-1.2740903539558606,-0.08726646259971647,0.0,-0.18925960131310224,0.06424750004554168,0.0014840552985462237,0.0
8,1,0.7091410160064697,-0.0170060210341452,-0.0827646339466045,4.39822971502571,-1.2740903539558606,-0.08726646259971647,0.17453292519943295,-0.18925960131310224,0.06424750004554168,0.0014840552985462237,0.0
8,1,0.7200384140014648,-0.0470060210341452,-0.05276463394660451,4.39822971502571,-1.2740903539558606,0.0,0.08726646259971647,-0.18925960131310224,0.06424750004554168,0.0,0.0
8,1,0.7311010360717773,-0.1070060210341452,-0.022764633946604506,4.39822971502571,-1.2740903539558606,0.17453292519943295,0.0,-0.18925960131310224,0.06424750004554168,0.0,0.0
8,1,0.7425515651702881,-0.0470060210341452,-0.022764633946604506,4.39822971502571,-1.2740903539558606,0.0,0.0,-0.18925960131310224,0.06424750004554168,0.0,0.0
8,1,0.7535982131958008,-0.0470060210341452,-0.022764633946604506,4.39822971502571,-1.2740903539558606,0.0,0.0,-0.18925960131310224,0.06424750004554168,0.0,0.0
8,1,0.7640821933746338,-0.0470060210341452,-0.022764633946604506,4.39822971502571,-1.2740903539558606,0.0,0.0,-0.18925960131310224,0.06424750004554168,0.0,0.0
8,1,0.775357723236084,-0.0470060210341452,-0.022764633946604506,4.39822971502571,-1.2740903539558606,0.0,0.0,-0.18925960131310224,0.06424750004554168,0.0,0.0
8,1,0.7862982749938965,-0.0170060210341452,-0.022764633946604506,4.39822971502571,-1.2740903539558606,-0.08726646259971647,0.0,-0.18925960131310224,0.06424750004554168,0.0014840552985462237,0.0
8,1,0.7968158721923828,-0.0470060210341452,-0.022764633946604506,4.39822971502571,-1.2740903539558606,0.0,0.0,-0.18925960131310224,0.06424750004554168,0.0,0.0
8,1,0.8085384368896484,-0.0470060210341452,-0.022764633946604506,4.39822971502571,-1.2740903539558606,0.0,0.0,-0.18925960131310224,0.06424750004554168,0.0,0.0
8,1,0.8199155330657959,-0.0470060210341452,-0.022764633946604506,4.39822971502571,-1.2740903539558606,0.0,0.0,-0.18925960131310224,0.06424750004554168,0.0,0.0
8,1,0.8306479454040527,-0.0470060210341452,-0.022764633946604506,4.39822971502571,-1.2740903539558606,0.0,0.0,-0.18925960131310224,0.06424750004554168,0.0,0.0
8,1,0.841977596282959,-0.0470060210341452,-0.022764633946604506,4.39822971502571,-1.2740903539558606,0.0,0.0,-0.18925960131310224,0.06424750004554168,0.0,0.0
8,1,0.853532075881958,-0.0470060210341452,-0.022764633946604506,4.39822971502571,-1.2740903539558606,0.0,0.0,-0.18925960131310224,0.06424750004554168,0.0,0.0
8,1,0.864281415939331,-0.0470060210341452,-0.022764633946604506,4.39822971502571,-1.2740903539558606,0.0,0.0,-0.18925960131310224,0.06424750004554168,0.0,0.0
8,1,0.8752923011779785,-0.0470060210341452,-0.022764633946604506,4.39822971502571,-1.2740903539558606,0.0,0.0,-0.18925960131310224,0.06424750004554168,0.0,0.0
8,1,0.8865759372711182,-0.0470060210341452,-0.022764633946604506,4.39822971502571,-1.2740903539558606,0.0,0.0,-0.18925960131310224,0.06424750004554168,0.0,0.0
8,1,0.8978021144866943,-0.0470060210341452,-0.022764633946604506,4.39822971502571,-1.2740903539558606,0.0,0.0,-0.18925960131310224,0.06424750004554168,0.0,0.0
8,1,0.90879225730896,-0.0470060210341452,-0.022764633946604506,4.39822971502571,-1.2740903539558606,0.0,0.0,-0.18925960131310224,0.06424750004554168,0.0,0.0
8,1,0.919959306716919,-0.0470060210341452,-0.022764633946604506,4.39822971502571,-1.2740903539558606,0.0,0.0,-0.18925960131310224,0.06424750004554168,0.0,0.0
8,1,0.9305992126464844,-0.0470060210341452,-0.022764633946604506,4.39822971502571,-1.2740903539558606,0.0,0.0,-0.18925960131310224,0.06424750004554168,0.0,0.0
8,1,0.9419717788696289,-0.0470060210341452,-0.022764633946604506,4.39822971502571,-1.2740903539558606,0.0,0.0,-0.18925960131310224,0.06424750004554168,0.0,0.0
8,1,0.9527144432067871,-0.0470060210341452,-0.022764633946604506,4.39822971502571,-1.2740903539558606,0.0,0.0,-0.18925960131310224,0.06424750004554168,0.0,0.0
8,1,0.9637842178344727,-0.0470060210341452,-0.022764633946604506,4.39822971502571,-1.2740903539558606,0.0,0.0,-0.18925960131310224,0.06424750004554168,0.0,0.0
8,1,0.9751925468444824,-0.0470060210341452,-0.022764633946604506,4.39822971502571,-1.2740903539558606,0.0,0.0,-0.18925960131310224,0.06424750004554168,0.0,0.0
8,1,0.986081600189209,-0.0470060210341452,-0.022764633946604506,4.39822971502571,-1.2740903539558606,0.0,0.0,-0.18925960131310224,0.06424750004554168,0.0,0.0
8,1,0.9971208572387695,-0.0470060210341452,-0.022764633946604506,4.39822971502571,-1.2740903539558606,0.0,0.0,-0.18925960131310224,0.06424750004554168,0.0,0.0
8,2,0.0,-0.0470060210341452,-0.022764633946604506,4.39822971502571,-1.2740903539558606,0.0,0.0,-0.18925960131310224,0.06424750004554168,0.0,0.0
8,2,0.011066436767578125,-0.05354284568759979,-0.029301458600062145,4.39822971502571,-1.2740903539558606,0.0,0.0,-0.18925960131310224,0.06424750004554168,0.0,0.0
8,2,0.0215909481048584,-0.0723710456792511,-0.04812965859170937,4.39822971502571,-1.2740903539558606,0.0,0.0,-0.18925960131310224,0.06424750004554168,0.0,0.0
8,2,0.03306913375854492,-0.10765360976080923,-0.0834122226732726,4.39822971502571,-1.2740903539558606,0.0,0.0,-0.18925960131310224,0.06424750004554168,0.0,0.0
8,2,0.04405498504638672,-0.15643430492838734,-0.1321929178408497,4.39822971502571,-1.2740903539558606,0.0,0.0,-0.18925960131310224,0.06424750004554168,0.0,0.0
8,2,0.0550079345703125,-0.16016942346060614,-0.19592803637306544,4.39822971502571,-1.2740903539558606,-0.17453292519943295,0.0,-0.18925960131310224,0.06424750004554168,0.027954838004086272,0.0
8,2,0.0659329891204834,-0.20313319325094065,-0.24489180616340198,4.39822971502571,-1.2740903539558606,-0.2792526803190927,-0.08726646259971647,-0.18925960131310224,0.06424750004554168,0.056725488677101414,0.021370841643535535
8,2,0.07750797271728516,-0.33986580961982166,-0.31562442253228506,4.39822971502571,-1.2740903539558606,-0.17453292519943295,-0.17453292519943295,-0.18925960131310224,0.06424750004554168,0.05931777392822105,0.05508685372894153
8,2,0.08842253684997559,-0.3351247937223988,-0.42688340663485924,4.380776422505767,-1.2740903539558606,-0.2792526803190927,-0.17453292519943295,-0.18950874278801147,0.0658578942764858,0.09358449688836291,0.074505209679081
8,2,0.10104703903198242,-0.4048250486418514,-0.4965836615543108,4.380776422505767,-1.2740903539558606,-0.47123889803846897,-0.3665191429188092,-0.18950874278801147,0.0658578942764858,0.19076930982035567,0.18200741802037002
8,2,0.11175417900085449,-0.3982123709791551,-0.5059709838916184,4.380776422505767,-1.2915436464758039,-0.9424777960769379,-0.5585053606381855,-0.1879342510779399,0.0670184365107003,0.3753063177710061,0.2825875068308459
8,2,0.12263059616088867,-0.4125978006501309,-0.6003564135625893,4.363323129985824,-1.2915436464758039,-1.1344640137963142,-0.7504915783575618,-0.18816383973075507,0.06862436095263377,0.46807735700907904,0.4505624323916727
8,2,0.1345510482788086,-0.46016490375644925,-0.7579235166689109,4.34586983746588,-1.2915436464758039,-1.3264502315156905,-0.8552113334772214,-0.1883815915310798,0.07024126032458536,0.6103858431231376,0.6481847813641644
8,2,0.14636445045471191,-0.356028941342369,-0.6897875542548315,4.328416544945937,-1.3089969389957472,-2.007128639793479,-1.4311699866353502,-0.1869814814515317,0.07296615340425895,0.7145958847636213,0.9872032448041181
8,2,0.1574263572692871,-0.2764498699306658,-0.7562084828431285,4.293509959906051,-1.3264502315156905,-2.3911010752322315,-1.6231562043547265,-0.18571395022933976,0.07727258467574565,0.6610195812390255,1.2274444907124988
8,2,0.16851234436035156,-0.2623424914763977,-0.7061011043888574,4.276056667386108,-1.3439035240356338,-2.8623399732707004,-2.199114857512855,-0.18422641104703324,0.07991882984367604,0.7509134000403211,1.5527974295677718
8,2,0.1801614761352539,-0.3214689027753548,-0.6032275156878175,4.241150082346221,-1.3788101090755203,-2.9670597283903604,-2.775073510670984,-0.18115388098918225,0.08510038344757918,0.9538174353545913,1.6740006996931278
8,2,0.19103121757507324,-0.4134431873383817,-0.5632018002508413,4.2062434973063345,-1.413716694115407,-2.9670597283903604,-3.1590459461097367,-0.17795696888561569,0.09013426480338849,1.2267106311290636,1.779180363924126
8,2,0.20220446586608887,-0.49583726757290797,-0.5135958804853665,4.171336912266447,-1.4486232791552935,-3.0543261909900767,-3.6302848441482056,-0.17464211707749852,0.09502088599829622,1.5144487528168875,1.8644993409429793
8,2,0.2132551670074463,-0.35392741774588216,-0.48968603065834265,4.136430327226561,-1.5009831567151235,-3.822271061867582,-3.822271061867582,-0.16947425464681015,0.10050254310714994,1.3528065268516043,1.8717127443861847
8,2,0.22398757934570312,-0.20129064201921498,-0.5130492549316775,4.084070449666731,-1.53588974175501,-4.39822971502571,-4.118977034706618,-0.1658790986656378,0.10659700026114152,0.8853224830855142,2.113238098736921
8,2,0.23468947410583496,-0.08832931165342545,-0.5020879245658901,4.031710572106901,-1.5882496193148399,-4.886921905584122,-4.310963252425994,-0.16032379560218168,0.1131072545500346,0.4316584480242917,2.164482592290387
8,2,0.2456374168395996,-0.13022897358318375,-0.5879875864956445,3.9793506945470716,-1.6231562043547265,-4.974188368183839,-4.50294947014537,-0.1563659608426507,0.11881991836582978,0.6477834455979931,2.6476783910626174
8,2,0.25708603858947754,-0.16041525052659011,-0.588173863439054,3.9269908169872414,-1.6755160819145565,-5.1661745859032155,-4.782202150464463,-0.15043681264265107,0.1247808917927547,0.8287331904617673,2.8127663145852355
8,2,0.2678031921386719,-0.2435578877492895,-0.4593165006617501,3.8746309394274117,-1.7453292519943295,-5.1661745859032155,-5.1661745859032155,-0.142520353687467,0.13071575722640044,1.2582625698866474,2.372909232604731
8,2,0.2790412902832031,-0.16824661582762263,-0.4340052287400834,3.8048177693476384,-1.7976891295541595,-5.462880558742252,-5.550147021341968,-0.1359582563057489,0.13746549645193384,0.919111166678896,2.4087928275386132
8,2,0.28990888595581055,-0.20422684686250261,-0.5359854597749643,3.7524578917878086,-1.8500490071139892,-5.654866776461628,-5.550147021341968,-0.12951248922224468,0.1423873059225232,1.1548756111842826,2.974798103052623
8,2,0.3005993366241455,-0.06418500473163039,-0.45594361764409097,3.6826447217080354,-1.9198621771937625,-6.126105674500097,-5.846852994181004,-0.12072590764311449,0.14848068144775553,0.39320412170425645,2.6658353060000723
8,2,0.31214308738708496,0.04940713618440429,-0.4443514767280584,3.612831551628262,-1.9896753472735358,-6.614797865058509,-6.03883921190038,-0.11174596087591687,0.15404853247190503,0.0,2.6833671215312385
8,2,0.32297706604003906,-0.021862146681421335,-0.383620759593884,3.543018381548489,-2.059488517353309,-6.510078109938849,-6.318091892219473,-0.10260061539962449,0.15910292262093312,0.14232428254699328,2.423751210877194
8,2,0.3332235813140869,0.025553036564737036,-0.4022055763477238,3.473205211468716,-2.129301687433082,-6.702064327658226,-6.318091892219473,-0.09330965659902073,0.16365496513931543,0.0,2.541171790928014
8,2,0.3448972702026367,-0.006192060007852357,-0.40395067292031317,3.4033920413889427,-2.199114857512855,-6.806784082777885,-6.510078109938849,-0.08389733257880831,0.1677167735321618,0.04214801550105493,2.629750433273599
8,2,0.3557760715484619,0.061565408175159264,-0.4101932047372987,3.3161255787892263,-2.2689280275926285,-6.894050545377602,-6.614797865058509,-0.07363890976544914,0.17267069681240987,0.0,2.713345134957791
8,2,0.3666849136352539,0.08445927661197945,-0.38729933630048224,3.246312408709453,-2.3387411976724017,-7.086036763096978,-6.806784082777885,-0.06397482339370804,0.1757575354214242,0.0,2.636262957600562
8,2,0.37816834449768066,0.13345825507211675,-0.4843003578403463,3.1590459461097367,-2.4085543677521746,-7.173303225696695,-6.702064327658226,-0.05335105100076298,0.17969763792571208,0.0,3.2458121521538987
8,2,0.38910961151123047,0.15864860591490787,-0.37911000699755404,3.0892327760299634,-2.4958208303518914,-7.365289443416071,-6.894050545377602,-0.04199522566402928,0.18103176606936155,0.0,2.613603550499594
8,2,0.4006361961364746,0.11595828974899919,-0.3398003231634638,3.001966313430247,-2.5656340004316642,-7.173303225696695,-7.173303225696695,-0.03111480632680294,0.18388292483873186,0.0,2.4374907542412543
8,2,0.41111135482788086,0.14760687242333934,-0.24215174048912347,2.91469985083053,-2.652900463031381,-7.086036763096978,-7.278022980816354,-0.01868716653216694,0.18524022739001758,0.0,1.7623859321245188
8,2,0.42218923568725586,0.14486274611348174,-0.24489586679897937,2.8448866807507573,-2.722713633111154,-7.173303225696695,-7.365289443416071,-0.008724381013978412,0.18583577720965266,0.0,1.803728942470751
8,2,0.43297529220581055,0.09732558404175731,-0.18243302887070448,2.775073510670984,-2.8099800957108707,-7.086036763096978,-7.365289443416071,0.0024771114680685186,0.18490636487645576,0.0,1.343672061671819
8,2,0.44377708435058594,0.15160848532703813,-0.20815012758542473,2.6878070480712677,-2.8797932657906435,-6.998770300497261,-7.278022980816354,0.013707366359007586,0.18559226644425203,0.0,1.5149214120265773
8,2,0.4544563293457031,0.23192162394107263,-0.17983698897138914,2.6179938779914944,-2.9670597283903604,-7.278022980816354,-7.173303225696695,0.02474815678520087,0.18357945184215896,0.0,1.2900252530880467
8,2,0.46600842475891113,0.29490666397415227,-0.19685194893831065,2.530727415391778,-3.036872898470133,-7.278022980816354,-7.173303225696695,0.036073807676512915,0.18314781461991125,0.0,1.412078720303865
8,2,0.4771757125854492,0.13713015041326349,-0.20862846249919842,2.4609142453120048,-3.12413936106985,-6.806784082777885,-6.894050545377602,0.04690237021341194,0.18005628611057842,0.0,1.4382951656738894
8,2,0.48802781105041504,0.20448543148783768,-0.2812731814246256,2.3736477827122884,-3.193952531149623,-6.702064327658226,-6.614797865058509,0.058258523239054644,0.17845769188286364,0.0,1.860565239985828
8,2,0.49878478050231934,0.2542950957923181,-0.13546351712014507,2.303834612632515,-3.263765701229396,-6.702064327658226,-6.894050545377602,0.06802433396411267,0.17563252257942397,0.0,0.9338923340809042
8,2,0.5092856884002686,0.2292931265053176,-0.08046548640714413,2.234021442552742,-3.351032163829113,-6.510078109938849,-6.702064327658226,0.07843966604428841,0.17095142776906141,0.0,0.5392848660569886
8,2,0.5206375122070312,0.20867251871824308,-0.035086094194220846,2.1642082724729685,-3.420845333908886,-6.318091892219473,-6.702064327658226,0.08796901052547089,0.1671550953297288,0.0,0.2351492602959439
8,2,0.5311088562011719,0.2576143460208935,-0.11814426689156639,2.0943951023931953,-3.490658503988659,-6.230825429619756,-6.230825429619756,0.09738620971393025,0.16287244763782727,0.0,0.7361363025117552
8,2,0.5421328544616699,0.23507245850920008,-0.07468615440325789,2.0245819323134224,-3.5604716740684323,-5.934119456780721,-6.126105674500097,0.10667094733664846,0.15809223550475493,0.0,0.4575352742963885
8,2,0.5533385276794434,0.29496829833503135,-0.050790314577426526,1.9547687622336491,-3.6302848441482056,-5.846852994181004,-5.934119456780721,0.11580068801784599,0.15280295429902296,0.0,0.3013957939499202
8,2,0.5636911392211914,0.23366017137103598,-0.07609844154142298,1.9024088846738192,-3.6826447217080354,-5.550147021341968,-5.742133239061344,0.12253140346137815,0.14849496429446793,0.0,0.43696739061577144
8,2,0.5749402046203613,0.32189405871199583,0.012135445799537833,1.8325957145940461,-3.7524578917878086,-5.462880558742252,-5.654866776461628,0.13132857085794178,0.14228710594384542,0.0,0.0
8,2,0.5859880447387695,0.31301395045578706,-0.03274466245667185,1.7802358370342162,-3.8048177693476384,-5.270894341022875,-5.358160803622591,0.13777762054332043,0.1372772097279236,0.0,0.17545116690319132
8,2,0.596778392791748,0.3306747687876426,-0.015083844124817308,1.7278759594743862,-3.857177646907468,-5.078908123303499,-5.1661745859032155,0.14408440318763588,0.13195883652572168,0.0,0.0779257721753567
8,2,0.607480525970459,0.24728914438493527,-0.026469468527522813,1.6755160819145565,-3.9095375244672983,-4.590215932745087,-4.886921905584122,0.15023308266889523,0.12632852761933203,0.0,0.12935422557632073
8,2,0.6185226440429688,0.2839107456270064,0.09015213271454872,1.6231562043547265,-3.9793506945470716,-4.39822971502571,-4.694935687864747,0.1563659612553624,0.11881991663488019,0.0,0.0
8,2,0.6292474269866943,0.3392415987815732,0.06548298586911307,1.5707963267948966,-4.014257279586958,-4.2062434973063345,-4.50294947014537,0.1620014203932059,0.11411323013223242,0.0,0.0
8,2,0.6404495239257812,0.3246784020934271,0.09491978918096854,1.53588974175501,-4.066617157146788,-4.014257279586958,-4.2062434973063345,0.16582045679642127,0.10817124097052645,0.0,0.0
8,2,0.6517279148101807,0.27300908417960557,0.1752504712671488,1.4835298641951802,-4.118977034706618,-3.4382986264288293,-4.014257279586958,0.1712081001533231,0.10134851898861182,0.0,0.0
8,2,0.6625089645385742,0.32780192679544606,0.1280433138829873,1.4486232791552935,-4.153883619746504,-3.351032163829113,-3.6302848441482056,0.17466955039552678,0.09661770276042078,0.0,0.0
8,2,0.6738972663879395,0.35710861557222545,0.2373500026597597,1.413716694115407,-4.2062434973063345,-3.1590459461097367,-3.4382986264288293,0.17795696928363233,0.09013424211476194,0.0,0.0
8,2,0.6849617958068848,0.3362036778762,0.2524450649637322,1.3788101090755203,-4.241150082346221,-2.775073510670984,-3.1590459461097367,0.18115388030905283,0.08510035059372134,0.0,0.0
8,2,0.6958973407745361,0.3147172361713925,0.24495862325892692,1.361356816555577,-4.276056667386108,-2.5830872929516078,-2.775073510670984,0.18257619535129682,0.08091865203722344,0.0,0.0
8,2,0.7067084312438965,0.2834465680187649,0.1336879551062992,1.3264502315156905,-4.293509959906051,-2.0943951023931953,-2.2863813201125716,0.18571394569468958,0.07727252820309083,0.0,0.0
8,2,0.71783447265625,0.254869253977769,0.13511064106530213,1.3089969389957472,-4.310963252425994,-1.8151424220741028,-2.0943951023931953,0.1871678552167021,0.07458926286805276,0.0,0.0
8,2,0.7290358543395996,0.2668125220944561,0.1310539091819874,1.2915436464758039,-4.34586983746588,-1.6231562043547265,-1.6231562043547265,0.18838157919879245,0.07024116767528193,0.0,0.0
8,2,0.73978590965271,0.25173893308718825,0.1159803201747145,1.2740903539558606,-4.363323129985824,-1.3264502315156905,-1.3264502315156905,0.18974602862744122,0.06747923008412585,0.0,0.0
8,2,0.7510480880737305,0.2810446664115792,0.03528605349912155,1.2566370614359172,-4.363323129985824,-1.1344640137963142,-1.0471975511965976,0.19131893959436766,0.06631734475130885,0.0,0.0
8,2,0.7620499134063721,0.2865379571062485,0.07077934419378991,1.239183768915974,-4.380776422505767,-0.8552113334772214,-0.8552113334772214,0.19262937227562535,0.06348603231406606,0.0,0.0
8,2,0.7728269100189209,0.21037496063608713,-0.0053836522763877764,1.239183768915974,-4.380776422505767,-0.5585053606381855,-0.5585053606381855,0.19262937227562535,0.06348603231406606,0.0,0.0030067986561745433
8,2,0.7848138809204102,0.17674416647186936,0.07698555355940986,1.239183768915974,-4.39822971502571,-0.3665191429188092,-0.47123889803846897,0.19236423673761247,0.06184433021377786,0.0,0.0
8,2,0.7957742214202881,0.19175749100944062,0.07199887809698095,1.2217304763960306,-4.39822971502571,-0.08726646259971647,-0.3665191429188092,0.19390160446151802,0.06061776217546061,0.0,0.0
8,2,0.8070073127746582,0.16284652964283516,0.13908791673035922,1.2217304763960306,-4.39822971502571,0.08726646259971647,-0.47123889803846897,0.19390160446151802,0.06061776217546061,0.014211040588570095,0.0
8,2,0.8179082870483398,0.11022024666025255,0.10046163374779303,1.239183768915974,-4.39822971502571,0.08726646259971647,-0.2792526803190927,0.19236423673761247,0.06184433021377786,0.009618531032908453,0.0
8,2,0.8284604549407959,0.03598572969676134,0.10622711678430094,1.239183768915974,-4.4156830075456535,0.3665191429188092,0.0,0.19208700699078834,0.060213764772170233,0.013189458805764906,0.0
8,2,0.839832067489624,0.015734821398798615,-0.05402379151366092,1.239183768915974,-4.39822971502571,0.47123889803846897,0.2792526803190927,0.19236423673761247,0.06184433021377786,0.00741485989680198,0.0
8,2,0.8506317138671875,0.020764633946634053,-0.0789939789658255,1.239183768915974,-4.39822971502571,0.47123889803846897,0.3665191429188092,0.19236423673761247,0.06184433021377786,0.009785103219184016,0.0
8,2,0.8616969585418701,0.020764633946634053,-0.012993978965825485,1.239183768915974,-4.39822971502571,0.47123889803846897,0.17453292519943295,0.19236423673761247,0.06184433021377786,0.009785103219184016,0.0
8,2,0.8727784156799316,-0.02323536605336607,0.017006021034174517,1.2566370614359172,-4.39822971502571,0.3665191429188092,0.08726646259971647,0.19081676776234086,0.06305426175862924,0.0,0.0014840552985487822
8,2,0.8839371204376221,-0.02323536605336607,0.04700602103417451,1.2566370614359172,-4.39822971502571,0.3665191429188092,0.0,0.19081676776234086,0.06305426175862924,0.0,0.0
8,2,0.8956494331359863,0.00676463394663393,0.04700602103417451,1.2566370614359172,-4.39822971502571,0.2792526803190927,0.0,0.19081676776234086,0.06305426175862924,0.0018890421609750474,0.0
8,2,0.906313419342041,-0.02323536605336607,0.04700602103417451,1.2566370614359172,-4.39822971502571,0.3665191429188092,0.0,0.19081676776234086,0.06305426175862924,0.0,0.0
8,2,0.917346715927124,0.042764633946633934,0.04700602103417451,1.2566370614359172,-4.39822971502571,0.17453292519943295,0.0,0.19081676776234086,0.06305426175862924,0.007463836657788991,0.0
8,2,0.9281530380249023,0.042764633946633934,0.04700602103417451,1.2566370614359172,-4.39822971502571,0.17453292519943295,0.0,0.19081676776234086,0.06305426175862924,0.007463836657788991,0.0
8,2,0.9389138221740723,0.07276463394663393,0.04700602103417451,1.2566370614359172,-4.39822971502571,0.08726646259971647,0.0,0.19081676776234086,0.06305426175862924,0.00634991220688599,0.0
8,2,0.950014591217041,0.10276463394663393,0.04700602103417451,1.2566370614359172,-4.39822971502571,0.0,0.0,0.19081676776234086,0.06305426175862924,0.0,0.0
8,2,0.9612677097320557,0.022764633946633816,0.04700602103417451,1.2740903539558606,-4.39822971502571,0.0,0.0,0.1892595754829074,0.06424735483635019,0.0,0.0
8,2,0.9718794822692871,-0.0072353660533661796,0.04700602103417451,1.2740903539558606,-4.39822971502571,0.08726646259971647,0.0,0.1892595754829074,0.06424735483635019,0.0,0.0
8,2,0.9832785129547119,-0.0072353660533661796,0.04700602103417451,1.2740903539558606,-4.39822971502571,0.08726646259971647,0.0,0.1892595754829074,0.06424735483635019,0.0,0.0
8,2,0.9949052333831787,-0.0072353660533661796,0.04700602103417451,1.2740903539558606,-4.39822971502571,0.08726646259971647,0.0,0.1892595754829074,0.06424735483635019,0.0,0.0
9,1,0.0,0.08212270508906272,0.0008431703719797769,1.1344640137963142,-4.572762640225143,0.0,0.0,0.19757417051273557,0.037495048384322986,0.0,0.0
9,1,0.011138439178466797,0.09828507956557281,0.017005544848498002,1.1344640137963142,-4.572762640225143,0.0,0.0,0.19757417051273557,0.037495048384322986,0.0,0.0
9,1,0.022235870361328125,0.14731645500120674,0.06603692028413194,1.1344640137963142,-4.572762640225143,0.0,0.0,0.19757417051273557,0.037495048384322986,0.0,0.0
9,1,0.03338789939880371,0.23061524360550364,0.14933570888843087,1.1344640137963142,-4.572762640225143,0.0,0.0,0.19757417051273557,0.037495048384322986,0.0,0.0
9,1,0.04437565803527832,0.3466089672764764,0.2653294325594036,1.1344640137963142,-4.572762640225143,0.0,0.0,0.19757417051273557,0.037495048384322986,0.0,0.0
9,1,0.05555367469787598,0.49941299262359806,0.4181334579065273,1.1344640137963142,-4.572762640225143,0.0,0.0,0.19757417051273557,0.037495048384322986,0.0,0.0
9,1,0.06650543212890625,0.47711495978476415,0.5418354250676926,1.1519173063162575,-4.572762640225143,0.3665191429188092,0.17453292519943295,0.19618943769895542,0.03896259149739838,0.1748717661340539,0.09456812171374254
9,1,0.07794690132141113,0.7046079921846315,0.7333284574675549,1.1519173063162575,-4.572762640225143,0.3665191429188092,0.2792526803190927,0.19618943769895542,0.03896259149739838,0.2582523173892542,0.2047839373020805
9,1,0.08940625190734863,0.8362309435302208,0.9009514088131421,1.1519173063162575,-4.572762640225143,0.7504915783575618,0.5585053606381855,0.19618943769895542,0.03896259149739838,0.6275842806814285,0.5031861914966652
9,1,0.10038471221923828,0.9094849213563458,0.9382053866392742,1.1693705988362009,-4.5553093477052,1.1344640137963142,1.0471975511965976,0.19521032623394963,0.042004165117869675,1.0317779143691452,0.982486383408105
9,1,0.11164712905883789,0.9562173127058017,0.852937777988732,1.1868238913561442,-4.537856055185257,1.710422666954443,2.007128639793479,0.19418691947011504,0.04500922935095662,1.6355357661862677,1.7119558421629961
9,1,0.12241840362548828,1.0179290676842943,0.7826495329672224,1.2042771838760873,-4.520402762665314,2.2863813201125716,2.9670597283903604,0.19312032522531075,0.04797765788199268,2.3273740055529757,2.322167910710569
9,1,0.13367080688476562,1.0436971938977608,0.698417659180685,1.239183768915974,-4.468042885105484,2.8623399732707004,3.6302848441482056,0.19118513099510515,0.05538956087329937,2.9874161980840217,2.5354550430091076
9,1,0.14448904991149902,1.110836594027644,0.735557059310574,1.2740903539558606,-4.4331363000655974,3.351032163829113,4.2062434973063345,0.18872671353345727,0.061059953803718314,3.7224491553450174,3.0939320976228717
9,1,0.15558695793151855,1.0869947676598835,0.7577152329428084,1.3089969389957472,-4.380776422505767,4.2062434973063345,4.694935687864747,0.18635080943083113,0.06816173235080535,4.572164673075394,3.5574242883819407
9,1,0.1664752960205078,1.0274815484564197,0.6682020137393427,1.361356816555577,-4.328416544945937,4.974188368183839,5.550147021341968,0.18211477578907814,0.0761543423709342,5.110886766855442,3.708619416210118
9,1,0.17748665809631348,0.9574850921470064,0.5842055574299347,1.413716694115407,-4.258603374866164,5.846852994181004,6.230825429619756,0.1776946696054817,0.08537818541517968,5.598274577903399,3.640082843359622
9,1,0.1889781951904297,0.9195299377594021,0.510250403042328,1.4835298641951802,-4.1887902047863905,6.510078109938849,6.998770300497261,0.17116354132986983,0.09505761585868225,5.986211719240916,3.5711253666294027
9,1,0.1999967098236084,0.8268774585688691,0.2915979238517909,1.5707963267948966,-4.101523742186674,7.086036763096978,7.941248096574199,0.16239964949374397,0.10633483568120745,5.859284069995204,2.315651457753023
9,1,0.21049094200134277,0.838737031542784,0.1514574968257098,1.6406094968746698,-4.014257279586958,7.557275661135447,8.621926504851988,0.15484499567804264,0.11622702298539019,6.338566954571275,1.305855406240123
9,1,0.22220921516418457,0.8039565572926632,0.10267702257559042,1.7278759594743862,-3.9095375244672983,8.133234314293576,9.00589894029074,0.144799101343793,0.1273826026334002,6.538767058974018,0.924698888805718
9,1,0.23315954208374023,0.756829722984,-0.0044498117330735165,1.8325957145940461,-3.8048177693476384,8.429940287132611,9.47713783832921,0.1323295858477449,0.13779035977441947,6.380029372282236,0.0
9,1,0.24377822875976562,0.7189150310284899,-0.12836450368858432,1.9198621771937625,-3.7000980142279785,8.901179185171081,9.965830028887622,0.12113819294303202,0.1470046100812338,6.399191510097416,0.0
9,1,0.25508737564086914,0.6322486455572511,-0.1430308891598212,2.0245819323134224,-3.595378259108319,9.389871375729493,10.245082709206715,0.10769801695033172,0.15519211868179025,5.936733459261775,0.0
9,1,0.2658112049102783,0.588998822855294,-0.15628071186178033,2.129301687433082,-3.490658503988659,9.669124056048586,10.437068926926091,0.09390948573165192,0.16223948168392305,5.6951026870544235,0.0
9,1,0.2769279479980469,0.593095288143771,-0.2021842465733025,2.234021442552742,-3.368485456349056,9.861110273767961,10.54178868204575,0.07915140189692185,0.16956729593747732,5.84857803923791,0.0
9,1,0.28847622871398926,0.5773451246773855,-0.19593441003968676,2.3387411976724017,-3.246312408709453,10.157816246606998,10.54178868204575,0.06397473229548316,0.1757574936156024,5.86456568734729,0.0
9,1,0.2995913028717041,0.524607365872365,-0.16867216884470812,2.4609142453120048,-3.141592653589793,10.245082709206715,10.629055144645466,0.04782469099677673,0.1787689541102745,5.374645853221447,0.0
9,1,0.3105618953704834,0.49886709789515915,-0.2744124368219152,2.5656340004316642,-3.01941960595019,10.437068926926091,10.821041362364843,0.03215145191145674,0.1826515296061601,5.206710286107362,0.0
9,1,0.3218252658843994,0.4600991842506075,-0.3131803504664647,2.6878070480712677,-2.897246558310587,10.437068926926091,10.821041362364843,0.014857830534066828,0.184437857682341,4.802086899246058,0.0
9,1,0.33299851417541504,0.4677629255089205,-0.3055166092081517,2.8099800957108707,-2.775073510670984,10.245082709206715,10.629055144645466,-0.002477111668466092,0.1849063649291115,4.79226986013939,0.0
9,1,0.344010591506958,0.4648779453404029,-0.35840158937667066,2.91469985083053,-2.652900463031381,10.245082709206715,10.54178868204575,-0.01868716653216694,0.18524022739001758,4.762712999698506,0.0
9,1,0.3550691604614258,0.40854272252945883,-0.42273681218761383,3.01941960595019,-2.530727415391778,10.349802464326375,10.437068926926091,-0.035053495786153965,0.18439867146531558,4.228336476418,0.0
9,1,0.3662550449371338,0.24758390729513055,-0.5096956274219434,3.1590459461097367,-2.4085543677521746,10.245082709206715,10.349802464326375,-0.05335105100076298,0.17969763792571208,2.53651760770718,0.0
9,1,0.3771376609802246,0.30761823370396923,-0.581661301013105,3.263765701229396,-2.303834612632515,9.861110273767961,10.349802464326375,-0.06802444461949707,0.17563257121926545,3.0334573247765646,0.0
9,1,0.3879084587097168,0.27351364353497754,-0.645765891182096,3.368485456349056,-2.199114857512855,9.669124056048586,10.245082709206715,-0.08252218350198698,0.17051446840310708,2.644637350361549,0.0
9,1,0.398761510848999,0.18077642726835427,-0.606503107448715,3.473205211468716,-2.0943951023931953,9.58185759344887,9.773843811168245,-0.09678769587592292,0.16430979575234922,1.7321739823378377,0.0
9,1,0.4093818664550781,0.1263583816077685,-0.5949211531093012,3.5779249665883754,-1.9896753472735358,9.285151620609833,9.285151620609833,-0.110752440611687,0.15698172671468558,1.1732567317630074,0.0
9,1,0.4209263324737549,0.17973527054910113,-0.6575442641679753,3.6651914291880923,-1.8849555921538759,8.901179185171081,9.00589894029074,-0.12391735818380499,0.1499999142942431,1.5998558490527517,0.0
9,1,0.43131375312805176,-0.008943225453153736,-0.6782227601702312,3.7699111843077517,-1.7802358370342162,8.813912722571365,8.429940287132611,-0.13713507632796562,0.1403421935230092,0.0,0.0
9,1,0.44258880615234375,-0.13378956057668256,-0.6930690952937525,3.8746309394274117,-1.6929693744344996,8.517206749732328,8.04596785169386,-0.14796796987850278,0.12979211351654085,0.0,0.0
9,1,0.4538908004760742,-0.15028624080505756,-0.703565775522125,3.961897402027128,-1.6057029118347832,8.04596785169386,7.557275661135447,-0.1580112372064456,0.11990223721549795,0.0,0.0
9,1,0.4647400379180908,-0.266136086254207,-0.7094156209712776,4.049163864626845,-1.53588974175501,7.749261878854823,7.173303225696695,-0.1657489213491873,0.10975504156924863,0.0,0.0
9,1,0.4755253791809082,-0.30246808664512426,-0.751747621362204,4.118977034706618,-1.4660765716752369,7.365289443416071,6.806784082777885,-0.17294953125556267,0.10060358394126034,0.0,0.0
9,1,0.4861018657684326,-0.3237635936762845,-0.7530431283933651,4.2062434973063345,-1.3962634015954636,6.614797865058509,6.230825429619756,-0.17965151708421387,0.08924636551419544,0.0,0.0
9,1,0.49782824516296387,-0.37349581262719095,-0.7067753473442706,4.276056667386108,-1.3264502315156905,6.126105674500097,5.462880558742252,-0.18586895461693245,0.0789018033035271,0.0,0.0
9,1,0.5087831020355225,-0.38474845241644656,-0.7480279871335294,4.328416544945937,-1.2740903539558606,5.654866776461628,5.078908123303499,-0.1901841790776501,0.07075507909374448,0.0,0.0
9,1,0.5197150707244873,-0.532349309271959,-0.7496288439890414,4.39822971502571,-1.2217304763960306,5.270894341022875,4.50294947014537,-0.1939016378032014,0.060617921421039625,0.0,0.0
9,1,0.530707836151123,-0.5582607699005986,-0.7395403046176791,4.4505895925855405,-1.1693705988362009,4.694935687864747,3.822271061867582,-0.19747937286803036,0.05179198694728882,0.0,0.0
9,1,0.5419070720672607,-0.6068366759760151,-0.6781162106930984,4.50294947014537,-1.1344640137963142,4.118977034706618,3.1590459461097367,-0.1992630858562431,0.04405524952479148,0.0,0.0
9,1,0.552973747253418,-0.5953692289944708,-0.6666487637115522,4.537856055185257,-1.0995574287564276,3.543018381548489,2.5830872929516078,-0.2012165464257008,0.037832930022202324,0.0,0.0
9,1,0.5636048316955566,-0.5326850853546291,-0.7359646200717125,4.572762640225143,-1.064650843716541,2.775073510670984,2.199114857512855,-0.2029823188162599,0.03146612656596899,0.0,0.0
9,1,0.5750737190246582,-0.5169477951587398,-0.7422273298758211,4.60766922526503,-1.0471975511965976,2.0943951023931953,1.8151424220741028,-0.20327155957874016,0.026550108458582945,0.0,0.0
9,1,0.5860068798065186,-0.3977031688648003,-0.6889827035818814,4.625122517784973,-1.0297442586766545,1.3264502315156905,1.239183768915974,-0.2040055476400192,0.02327204456672642,0.0,0.0
9,1,0.5968761444091797,-0.4006261211414921,-0.5899056558585732,4.625122517784973,-1.0297442586766545,1.1344640137963142,0.7504915783575618,-0.2040055476400192,0.02327204456672642,0.0,0.0
9,1,0.6080822944641113,-0.4194114413403914,-0.5426909760574736,4.642575810304916,-1.0122909661567112,0.7504915783575618,0.17453292519943295,-0.20468797823689916,0.019959964113312474,0.0,0.0
9,1,0.6191506385803223,-0.46752379255957255,-0.4208033272766556,4.6600291028248595,-1.0122909661567112,0.47123889803846897,-0.3665191429188092,-0.20410573307448968,0.018285399264298487,0.0,0.15423247485082298
9,1,0.6304562091827393,-0.41876090740785366,-0.2920404421249368,4.6600291028248595,-1.0297442586766545,0.17453292519943295,-0.6632251157578453,-0.2028789435496517,0.019943004382247193,0.0,0.1936885560342835
9,1,0.6413445472717285,-0.3918380839044516,-0.2951176186215346,4.6600291028248595,-1.0297442586766545,0.0,-0.7504915783575618,-0.2028789435496517,0.019943004382247193,0.0,0.2214832874004005
9,1,0.6522815227508545,-0.20884317037193695,-0.158122705089021,4.6600291028248595,-1.0471975511965976,-0.5585053606381855,-0.9424777960769379,-0.20163694466254944,0.021585495113801624,0.11664003018540066,0.14902713860202413
9,1,0.6635763645172119,-0.06284317037193782,-0.09212270508902093,4.642575810304916,-1.0471975511965976,-0.7504915783575618,-1.1344640137963142,-0.2021934998899417,0.02322765490918205,0.04716327012142878,0.10450989377706482
9,1,0.6744585037231445,-0.06284317037193782,-0.012122705089020747,4.642575810304916,-1.064650843716541,-0.7504915783575618,-1.1344640137963142,-0.2009239154969468,0.024838696810679885,0.04716327012142878,0.013752772673359481
9,1,0.6860091686248779,0.11915682962806118,0.0378772949109793,4.625122517784973,-1.0821041362364843,-1.0471975511965976,-1.0471975511965976,-0.20016050703779537,0.028057725885935657,0.0,0.0
9,1,0.6969163417816162,0.19915682962806028,0.14787729491097945,4.60766922526503,-1.0995574287564276,-1.0471975511965976,-1.1344640137963142,-0.19934661366323064,0.031239654686891195,0.0,0.0
9,1,0.7076137065887451,0.1631568296280603,0.11787729491097937,4.60766922526503,-1.0995574287564276,-0.9424777960769379,-1.0471975511965976,-0.19934661366323064,0.031239654686891195,0.0,0.0
9,1,0.7185478210449219,0.17715682962805945,0.16187729491097952,4.590215932745087,-1.117010721276371,-0.7504915783575618,-0.9424777960769379,-0.19848419773575626,0.034385720369424506,0.0,0.0
9,1,0.7292799949645996,0.14715682962805943,0.09587729491097957,4.590215932745087,-1.117010721276371,-0.6632251157578453,-0.7504915783575618,-0.19848419773575626,0.034385720369424506,0.0,0.0
9,1,0.7400751113891602,0.16115682962806258,0.14587729491097964,4.572762640225143,-1.1344640137963142,-0.47123889803846897,-0.6632251157578453,-0.19757444268721047,0.03749572359845338,0.0,0.0
9,1,0.7513456344604492,0.1251568296280626,0.07987729491097961,4.572762640225143,-1.1344640137963142,-0.3665191429188092,-0.47123889803846897,-0.19757444268721047,0.03749572359845338,0.0,0.0
9,1,0.7619969844818115,0.09515682962806254,0.02787729491097973,4.572762640225143,-1.1519173063162575,-0.2792526803190927,-0.08726646259971647,-0.19618969345490822,0.038963246887280985,0.0,0.0
9,1,0.7733309268951416,-0.0008431703719374373,0.09387729491097972,4.572762640225143,-1.1519173063162575,0.0,-0.2792526803190927,-0.19618969345490822,0.038963246887280985,0.0,0.0
9,1,0.7840967178344727,-0.0008431703719374373,-0.0021227050890202694,4.572762640225143,-1.1519173063162575,0.0,0.0,-0.19618969345490822,0.038963246887280985,0.0,0.0
9,1,0.7954986095428467,-0.030843170371937432,-0.06212270508902027,4.572762640225143,-1.1519173063162575,0.08726646259971647,0.17453292519943295,-0.19618969345490822,0.038963246887280985,0.0,0.0
9,1,0.806119441986084,-0.0008431703719374373,-0.1781227050890204,4.572762640225143,-1.1344640137963142,0.0,0.2792526803190927,-0.19757444268721047,0.03749572359845338,0.0,0.0
9,1,0.8179986476898193,-0.09684317037193745,-0.1421227050890204,4.572762640225143,-1.1344640137963142,0.2792526803190927,0.17453292519943295,-0.19757444268721047,0.03749572359845338,0.0,0.0
9,1,0.829113245010376,-0.0008431703719374373,-0.1421227050890204,4.572762640225143,-1.1344640137963142,0.0,0.17453292519943295,-0.19757444268721047,0.03749572359845338,0.0,0.0
9,1,0.8411214351654053,-0.0008431703719374373,-0.08212270508902039,4.572762640225143,-1.1344640137963142,0.0,0.0,-0.19757444268721047,0.03749572359845338,0.0,0.0
9,1,0.8523049354553223,-0.0008431703719374373,-0.052122705089020394,4.572762640225143,-1.1344640137963142,0.0,-0.08726646259971647,-0.19757444268721047,0.03749572359845338,0.0,0.00454856409424705
9,1,0.8635246753692627,0.05915682962806257,-0.022122705089020388,4.572762640225143,-1.1344640137963142,-0.17453292519943295,-0.17453292519943295,-0.19757444268721047,0.03749572359845338,0.0,0.00386114043251111
9,1,0.8742647171020508,0.09515682962806254,0.09387729491097972,4.572762640225143,-1.1519173063162575,-0.2792526803190927,-0.2792526803190927,-0.19618969345490822,0.038963246887280985,0.0,0.0
9,1,0.8860232830047607,-0.0008431703719374373,-0.0021227050890202694,4.572762640225143,-1.1519173063162575,0.0,0.0,-0.19618969345490822,0.038963246887280985,0.0,0.0
9,1,0.8968284130096436,0.05915682962806257,-0.0021227050890202694,4.572762640225143,-1.1519173063162575,-0.17453292519943295,0.0,-0.19618969345490822,0.038963246887280985,0.0,0.0
9,1,0.9077832698822021,-0.0008431703719374373,-0.0021227050890202694,4.572762640225143,-1.1519173063162575,0.0,0.0,-0.19618969345490822,0.038963246887280985,0.0,0.0
9,1,0.9187028408050537,-0.060843170371937434,-0.0021227050890202694,4.572762640225143,-1.1519173063162575,0.17453292519943295,0.0,-0.19618969345490822,0.038963246887280985,0.0,0.0
9,1,0.9295649528503418,-0.060843170371937434,-0.1781227050890204,4.572762640225143,-1.1344640137963142,0.17453292519943295,0.2792526803190927,-0.19757444268721047,0.03749572359845338,0.0,0.0
9,1,0.9405453205108643,-0.0008431703719374373,-0.11212270508902039,4.572762640225143,-1.1344640137963142,0.0,0.08726646259971647,-0.19757444268721047,0.03749572359845338,0.0,0.0
9,1,0.951453685760498,-0.030843170371937432,-0.08212270508902039,4.572762640225143,-1.1344640137963142,0.08726646259971647,0.0,-0.19757444268721047,0.03749572359845338,0.0,0.0
9,1,0.961977481842041,-0.0008431703719374373,-0.022122705089020388,4.572762640225143,-1.1344640137963142,0.0,-0.17453292519943295,-0.19757444268721047,0.03749572359845338,0.0,0.00386114043251111
9,1,0.9734184741973877,-0.0008431703719374373,-0.052122705089020394,4.572762640225143,-1.1344640137963142,0.0,-0.08726646259971647,-0.19757444268721047,0.03749572359845338,0.0,0.00454856409424705
9,1,0.9842989444732666,-0.0008431703719374373,-0.08212270508902039,4.572762640225143,-1.1344640137963142,0.0,0.0,-0.19757444268721047,0.03749572359845338,0.0,0.0
9,1,0.9949147701263428,-0.0008431703719374373,-0.0021227050890202694,4.572762640225143,-1.1519173063162575,0.0,0.0,-0.19618969345490822,0.038963246887280985,0.0,0.0
9,2,0.0,0.029156829628062562,-0.0021227050890202694,4.572762640225143,-1.1519173063162575,-0.08726646259971647,0.0,-0.19618969345490822,0.038963246887280985,0.0,0.0
9,2,0.012126922607421875,-0.0133915042911984,-0.014671039008272073,4.572762640225143,-1.1519173063162575,0.0,0.0,-0.19618969345490822,0.038963246887280985,0.0,0.0
9,2,0.022924423217773438,-0.04641216452373736,-0.047691699240812055,4.572762640225143,-1.1519173063162575,0.0,0.0,-0.19618969345490822,0.038963246887280985,0.0,0.0
9,2,0.03449535369873047,-0.1656129682153188,-0.21689250293239054,4.572762640225143,-1.1344640137963142,0.17453292519943295,0.08726646259971647,-0.19757444268721047,0.03749572359845338,0.0,0.0
9,2,0.04517698287963867,-0.18279286937252315,-0.32407240408960203,4.572762640225143,-1.1344640137963142,0.0,0.17453292519943295,-0.19757444268721047,0.03749572359845338,0.0,0.0
9,2,0.05641579627990723,-0.28784820869117544,-0.3691277434082513,4.572762640225143,-1.1344640137963142,0.0,0.0,-0.19757444268721047,0.03749572359845338,0.0,0.0
9,2,0.06788015365600586,-0.3245371085216494,-0.44181664323872116,4.572762640225143,-1.1344640137963142,-0.2792526803190927,-0.17453292519943295,-0.19757444268721047,0.03749572359845338,0.09062785741767887,0.07711155114624828
9,2,0.07885122299194336,-0.44579149722380784,-0.4770710319408856,4.572762640225143,-1.1519173063162575,-0.3665191429188092,-0.2792526803190927,-0.19618969345490822,0.038963246887280985,0.16339111748296276,0.13322336437208782
9,2,0.08962011337280273,-0.4053157131719688,-0.5825952478890426,4.5553093477052,-1.1519173063162575,-0.7504915783575618,-0.47123889803846897,-0.1966185088012669,0.04056948639211834,0.30418602931155164,0.2745415426176811
9,2,0.10028481483459473,-0.4655200255232421,-0.7447995602403119,4.5553093477052,-1.1519173063162575,-1.1344640137963142,-0.5585053606381855,-0.1966185088012669,0.04056948639211834,0.5281157166576599,0.41597454699517733
9,2,0.11182832717895508,-0.45026502038700766,-0.7955445551040814,4.537856055185257,-1.1693705988362009,-1.6231562043547265,-0.8552113334772214,-0.19561753360208164,0.043606851010699464,0.7308504614450789,0.6803587198111043
9,2,0.12261843681335449,-0.47857147130099675,-0.9038510060180717,4.520402762665314,-1.1693705988362009,-2.007128639793479,-1.239183768915974,-0.19601330432973693,0.04522067455427732,0.9605545062363335,1.1200374961759687
9,2,0.13338804244995117,-0.5137644021632208,-0.923043936880291,4.485496177625427,-1.1868238913561442,-2.199114857512855,-1.710422666954443,-0.19530988696998167,0.049838421906989686,1.1298269300583486,1.5787952722349157
9,2,0.14443039894104004,-0.6569989429649934,-0.8542784776820653,4.468042885105484,-1.2217304763960306,-2.3911010752322315,-2.2863813201125716,-0.1926879138469062,0.054100290776435855,1.5709508789500353,1.9532063535464785
9,2,0.1554582118988037,-0.7406634348525516,-0.8499429695696236,4.4331363000655974,-1.239183768915974,-2.5830872929516078,-2.9670597283903604,-0.19179796671031174,0.05859460807396544,1.913198306921517,2.5218315564385434
9,2,0.16628551483154297,-0.7860072014120927,-0.9172867361291686,4.4156830075456535,-1.2740903539558606,-3.1590459461097367,-3.246312408709453,-0.1889988588860978,0.06264822812056442,2.4830328632339307,2.9777993138407135
9,2,0.17755532264709473,-0.6078039348100379,-0.7990834695271087,4.363323129985824,-1.3264502315156905,-4.014257279586958,-3.9269908169872414,-0.18497308947822347,0.07086308867267498,2.4398813698727913,3.13799344683926
9,2,0.18822622299194336,-0.5016830715125045,-0.8969626062295832,4.328416544945937,-1.361356816555577,-4.886921905584122,-4.2062434973063345,-0.1821147817219541,0.07615441349644342,2.451685991835184,3.7728431297801266
9,2,0.1995251178741455,-0.243134960420631,-0.8144144951377082,4.258603374866164,-1.413716694115407,-5.846852994181004,-4.886921905584122,-0.17769467010825954,0.08537822141954589,1.4215743713254465,3.9799800365137004
9,2,0.2102823257446289,-0.1485579259954397,-0.7638374607125139,4.1887902047863905,-1.4660765716752369,-6.318091892219473,-5.462880558742252,-0.17288530004581382,0.09425474400547522,0.9386026277567282,4.172752814165441
9,2,0.2215116024017334,-0.07890419234687951,-0.7301837270639535,4.118977034706618,-1.53588974175501,-6.806784082777885,-5.846852994181004,-0.1659586419602237,0.10347769457061327,0.5370838005311841,4.269276910886122
9,2,0.23215365409851074,-0.1371315142207366,-0.7224110489378108,4.049163864626845,-1.6057029118347832,-6.894050545377602,-6.126105674500097,-0.1586387281029873,0.11212066002228487,0.9453915904019256,4.42556642621949
9,2,0.2442607879638672,-0.22772394745194974,-0.7470034821690208,3.9793506945470716,-1.6755160819145565,-7.086036763096978,-6.510078109938849,-0.15096895717551087,0.12019142766127039,1.6136602634820802,4.8630510173166375
9,2,0.2550215721130371,-0.12859607953042027,-0.7278756142474944,3.8920842319473548,-1.7453292519943295,-7.47000919853573,-6.894050545377602,-0.1427614438491997,0.1292030910236847,0.9606138969878717,5.018011275369996
9,2,0.26621031761169434,-0.15628889889963796,-0.6535684336167099,3.8048177693476384,-1.8325957145940461,-7.557275661135447,-7.278022980816354,-0.13232891339008368,0.13779058918621345,1.1811182917598924,4.756686079398563
9,2,0.27788519859313965,-0.10832181881750941,-0.6556013535345826,3.717551306747922,-1.9024088846738192,-7.941248096574199,-7.749261878854823,-0.12333811128062429,0.14552638367400597,0.8602104375020019,5.080426576671165
9,2,0.28877878189086914,0.0037931932879226027,-0.6754863414291516,3.6302848441482056,-1.9896753472735358,-8.429940287132611,-7.853981633974483,-0.11222070031870365,0.15259167435029594,0.0,5.3052573195851735
9,2,0.29966235160827637,0.12187568968188364,-0.5714038450351895,3.5255650890285457,-2.076941809873252,-8.709192967451704,-8.325220532012953,-0.10029038215927767,0.16028753053978959,0.0,4.757063022758107
9,2,0.3108816146850586,0.3186012200441899,-0.5283096594330063,3.420845333908886,-2.181661564992912,-9.197885158010116,-8.429940287132611,-0.08626070703114094,0.1667466506718993,0.0,4.4536188821356095
9,2,0.32169675827026367,0.3078982597797811,-0.5533812749372927,3.3335788713091694,-2.2689280275926285,-9.389871375729493,-8.517206749732328,-0.07438282699932755,0.17129972060993065,0.0,4.71326273007139
9,2,0.3323652744293213,0.3053169751338742,-0.5639625595832003,3.2288591161895095,-2.356194490192345,-9.285151620609833,-8.621926504851988,-0.061547291210021865,0.17645690646980386,0.0,4.862443740214563
9,2,0.3438682556152344,0.278112501830036,-0.4651670328870363,3.12413936106985,-2.4609142453120048,-9.197885158010116,-8.901179185171081,-0.0469023907283474,0.18005629770891182,0.0,4.1405351107618795
9,2,0.35436320304870605,0.32815083784961296,-0.41512869686746134,3.01941960595019,-2.5656340004316642,-9.197885158010116,-8.901179185171081,-0.03215145663384735,0.18265153270286022,0.0,3.6951349157238425
9,2,0.3661496639251709,0.1512082802266834,-0.49007125449038913,2.9321531433504737,-2.652900463031381,-8.901179185171081,-8.901179185171081,-0.019805247736317186,0.1840625767773304,0.0,4.362212049720531
9,2,0.3766636848449707,0.12010832426058402,-0.29317121045649064,2.827433388230814,-2.7576202181510405,-8.621926504851988,-9.285151620609833,-0.004954085457044816,0.18486623319332707,0.0,2.7221391398862305
9,2,0.3875875473022461,0.208847980071854,-0.2644315546452206,2.722713633111154,-2.8623399732707004,-8.709192967451704,-9.197885158010116,0.009907066446054928,0.1847056572014804,0.0,2.4322110717808156
9,2,0.3987405300140381,0.2267411010793134,-0.1725384336377604,2.6354471705114375,-2.9670597283903604,-8.813912722571365,-9.285151620609833,0.023362914656762136,0.1826440284051722,0.0,1.602045516709133
9,2,0.410275936126709,0.3545673900203819,-0.11071214469669138,2.530727415391778,-3.07177948351002,-9.00589894029074,-9.285151620609833,0.03806543436633638,0.18064530892011987,0.0,1.0279790497516743
9,2,0.42154812812805176,0.40539037756063584,-0.19988915715643713,2.426007660272118,-3.1590459461097367,-8.901179185171081,-9.00589894029074,0.05179779505499453,0.1789692922627591,0.0,1.8001815486107662
9,2,0.4324815273284912,0.5558937428238446,-0.25338579189322996,2.321287905152458,-3.263765701229396,-9.00589894029074,-8.517206749732328,0.06639787363382094,0.17502932797161283,0.0,2.1581391769992893
9,2,0.44381284713745117,0.49279768048635464,-0.20048185423072262,2.234021442552742,-3.368485456349056,-8.709192967451704,-8.325220532012953,0.07915140189692185,0.16956729593747732,0.0,1.6690556491376398
9,2,0.45440006256103516,0.4547067232435644,-0.12057281147350987,2.129301687433082,-3.4557519189487724,-8.133234314293576,-8.325220532012953,0.09269284755793863,0.16507525550252672,0.0,1.0037952456817913
9,2,0.4656522274017334,0.3878014196628955,-0.13747811505417362,2.059488517353309,-3.543018381548489,-7.941248096574199,-8.04596785169386,0.10259900636831111,0.15910260188113612,0.0,1.1061444940373506
9,2,0.47649693489074707,0.41616009627958694,-0.06311943843748152,1.9547687622336491,-3.6302848441482056,-7.47000919853573,-7.941248096574199,0.11580068801784599,0.15280295429902296,0.0,0.5012471203484825
9,2,0.48828744888305664,0.3779652134654706,-0.02131432125159874,1.8849555921538759,-3.717551306747922,-7.278022980816354,-7.749261878854823,0.12514542429144523,0.145500326828462,0.0,0.16517025714867933
9,2,0.4996829032897949,0.4227235586440191,0.023444023926949775,1.7976891295541595,-3.8048177693476384,-6.998770300497261,-7.47000919853573,0.13595894997851535,0.13746524014369316,0.0,0.0
9,2,0.5107920169830322,0.4464196613237644,0.09114012660669432,1.7278759594743862,-3.8920842319473548,-6.806784082777885,-7.173303225696695,0.1445738729643423,0.12889957554760292,0.0,0.0
9,2,0.5214722156524658,0.4341993087347982,0.11491977401772077,1.6580627893946132,-3.961897402027128,-6.422811647339133,-6.894050545377602,0.152607361552602,0.1212860383031008,0.0,0.0
9,2,0.5329046249389648,0.4610886102995233,0.19180907558244906,1.5882496193148399,-4.049163864626845,-6.126105674500097,-6.510078109938849,0.16041975775961148,0.11155578580317965,0.0,0.0
9,2,0.5437071323394775,0.526587745662886,0.2573082109458217,1.5184364492350666,-4.118977034706618,-5.846852994181004,-6.230825429619756,0.16771223905743832,0.10278565543955785,0.0,0.0
9,2,0.5551877021789551,0.5695068194431776,0.15422728472609495,1.4486232791552935,-4.171336912266447,-5.462880558742252,-5.654866776461628,0.1746421179285621,0.09502087044715236,0.0,0.0
9,2,0.5661787986755371,0.5248547608806673,0.18957522616358505,1.3962634015954636,-4.241150082346221,-4.974188368183839,-5.1661745859032155,0.17947722755883988,0.08603545666544303,0.0,0.0
9,2,0.5771808624267578,0.5733825293231977,0.23810299460611717,1.3439035240356338,-4.293509959906051,-4.694935687864747,-4.886921905584122,0.1840778998668307,0.07830480411044476,0.0,0.0
9,2,0.5879828929901123,0.475722827579646,0.2724432928625625,1.2915436464758039,-4.34586983746588,-3.9269908169872414,-4.50294947014537,0.18838157919879245,0.07024116767528193,0.0,0.0
9,2,0.598949670791626,0.5144406399903582,0.25916110527327585,1.2566370614359172,-4.39822971502571,-3.735004599267865,-3.9269908169872414,0.19081676776234086,0.06305426175862924,0.0,0.0
9,2,0.609839677810669,0.5859508306793745,0.2806712959622942,1.2042771838760873,-4.4331363000655974,-3.351032163829113,-3.6302848441482056,0.19482847044993767,0.056061624820507035,0.0,0.0
9,2,0.6210513114929199,0.558238116122903,0.28895858140582165,1.1693705988362009,-4.468042885105484,-2.8623399732707004,-3.246312408709453,0.19713079337626405,0.0501315678283505,0.0,0.0
9,2,0.6321218013763428,0.4370210237062504,0.34974148898916724,1.1519173063162575,-4.50294947014537,-2.2863813201125716,-2.9670597283903604,0.1978362983531885,0.045458337710971866,0.0,0.0
9,2,0.6436722278594971,0.47697332053040226,0.353693785813321,1.117010721276371,-4.537856055185257,-1.9024088846738192,-2.478367537831948,0.19983570495548297,0.03929976268539896,0.0,0.0
9,2,0.6545991897583008,0.48465655807648284,0.25937702335940055,1.0995574287564276,-4.5553093477052,-1.6231562043547265,-1.9024088846738192,0.20076670172022493,0.03616602652498446,0.0,0.0
9,2,0.6655163764953613,0.4301471957359561,0.2768676610188728,1.0821041362364843,-4.572762640225143,-1.1344640137963142,-1.6231562043547265,0.20165037545725684,0.032996209735438556,0.0,0.0
9,2,0.6765248775482178,0.3094396940797226,0.2961601593626425,1.0821041362364843,-4.590215932745087,-0.6632251157578453,-1.3264502315156905,0.20116541571537633,0.03133760689621968,0.0,0.0
9,2,0.687387228012085,0.3329574492888569,0.25967791457177575,1.064650843716541,-4.60766922526503,-0.3665191429188092,-0.8552113334772214,0.2019769412576139,0.02812778142796754,0.0,0.0
9,2,0.6983327865600586,0.31471980441298986,0.10944026969590873,1.064650843716541,-4.60766922526503,-0.17453292519943295,-0.2792526803190927,0.2019769412576139,0.02812778142796754,0.0,0.0
9,2,0.7092018127441406,0.3009029597132106,0.08962342499612955,1.064650843716541,-4.60766922526503,0.0,-0.08726646259971647,0.2019769412576139,0.02812778142796754,0.0,0.0
9,2,0.7202374935150146,0.18104414960997484,0.1817646148928928,1.064650843716541,-4.625122517784973,0.47123889803846897,0.0,0.20145635446028864,0.026477246223595576,0.08531504555851625,0.0
9,2,0.731147050857544,0.10427703764819832,0.13499750293113358,1.0821041362364843,-4.60766922526503,0.5585053606381855,0.0,0.2006685420342807,0.029691080318867087,0.05823928451798864,0.0
9,2,0.7421488761901855,0.05925328039368383,0.029973745676602825,1.0821041362364843,-4.60766922526503,0.7504915783575618,0.3665191429188092,0.2006685420342807,0.029691080318867087,0.044469087925518944,0.01098595157545483
9,2,0.7527351379394531,0.028122705089063116,0.034843170371982035,1.0821041362364843,-4.60766922526503,0.8552113334772214,0.3665191429188092,0.2006685420342807,0.029691080318867087,0.02405085612020431,0.012770688941312903
9,2,0.7638003826141357,-0.08187729491093707,0.06484317037198203,1.0995574287564276,-4.60766922526503,0.9424777960769379,0.2792526803190927,0.19934619266301176,0.03123874261839804,0.0,0.018107629126763565
9,2,0.7747879028320312,-0.13187729491093717,0.06484317037198203,1.117010721276371,-4.60766922526503,0.8552113334772214,0.2792526803190927,0.1980102306562339,0.0327705158017466,0.0,0.018107629126763565
9,2,0.7859401702880859,-0.13187729491093717,0.06484317037198203,1.117010721276371,-4.60766922526503,0.8552113334772214,0.2792526803190927,0.1980102306562339,0.0327705158017466,0.0,0.018107629126763565
9,2,0.7973108291625977,-0.1758772949109373,-0.04515682962801705,1.1344640137963142,-4.590215932745087,0.7504915783575618,0.3665191429188092,0.1971231235783793,0.0358846534944654,0.0,0.0
9,2,0.8079190254211426,-0.1758772949109373,-0.015156829628017052,1.1344640137963142,-4.590215932745087,0.7504915783575618,0.2792526803190927,0.1971231235783793,0.0358846534944654,0.0,0.0
9,2,0.8195388317108154,-0.15987729491093738,-0.08115682962801705,1.1519173063162575,-4.590215932745087,0.47123889803846897,0.47123889803846897,0.19574954369224742,0.03736809117859634,0.0,0.0
9,2,0.8304965496063232,0.002122705089062609,-0.04515682962801705,1.1519173063162575,-4.590215932745087,0.0,0.3665191429188092,0.19574954369224742,0.03736809117859634,0.0,0.0
9,2,0.8414080142974854,0.002122705089062609,-0.04515682962801705,1.1519173063162575,-4.590215932745087,0.0,0.3665191429188092,0.19574954369224742,0.03736809117859634,0.0,0.0
9,2,0.8521485328674316,0.062122705089062605,-0.05915682962802022,1.1519173063162575,-4.572762640225143,-0.17453292519943295,0.17453292519943295,0.19618943769895542,0.03896259149739838,0.0,0.0
9,2,0.8628370761871338,0.09812270508906261,0.0008431703719797769,1.1519173063162575,-4.572762640225143,-0.2792526803190927,0.0,0.19618943769895542,0.03896259149739838,0.0,0.0
9,2,0.8734705448150635,0.11212270508906272,0.0008431703719797769,1.1344640137963142,-4.572762640225143,-0.08726646259971647,0.0,0.19757417051273557,0.037495048384322986,0.0,0.0
9,2,0.8844153881072998,0.11212270508906272,0.060843170371979775,1.1344640137963142,-4.572762640225143,-0.08726646259971647,-0.17453292519943295,0.19757417051273557,0.037495048384322986,0.0,0.0
9,2,0.8955075740814209,0.14212270508906272,0.17684317037198294,1.1344640137963142,-4.590215932745087,-0.17453292519943295,-0.2792526803190927,0.1971231235783793,0.0358846534944654,0.0,0.0
9,2,0.9066181182861328,0.08212270508906272,0.08084317037198295,1.1344640137963142,-4.590215932745087,0.0,0.0,0.1971231235783793,0.0358846534944654,0.0,0.0
9,2,0.9177606105804443,-0.013877294910937282,0.05084317037198295,1.1344640137963142,-4.590215932745087,0.2792526803190927,0.08726646259971647,0.1971231235783793,0.0358846534944654,0.0,0.004436903625717663
9,2,0.9287705421447754,0.08212270508906272,-0.09515682962802023,1.1344640137963142,-4.572762640225143,0.0,0.2792526803190927,0.19757417051273557,0.037495048384322986,0.0,0.0
9,2,0.9394776821136475,0.05212270508906272,-0.09515682962802023,1.1344640137963142,-4.572762640225143,0.08726646259971647,0.2792526803190927,0.19757417051273557,0.037495048384322986,0.004548564094250743,0.0
9,2,0.9501161575317383,0.05212270508906272,-0.02915682962802022,1.1344640137963142,-4.572762640225143,0.08726646259971647,0.08726646259971647,0.19757417051273557,0.037495048384322986,0.004548564094250743,0.0
9,2,0.9616749286651611,-0.05787729491093739,0.0008431703719797769,1.1519173063162575,-4.572762640225143,0.17453292519943295,0.0,0.19618943769895542,0.03896259149739838,0.0,0.0
9,2,0.9724407196044922,0.002122705089062609,0.0008431703719797769,1.1519173063162575,-4.572762640225143,0.0,0.0,0.19618943769895542,0.03896259149739838,0.0,0.0
9,2,0.9835553169250488,0.002122705089062609,0.0008431703719797769,1.1519173063162575,-4.572762640225143,0.0,0.0,0.19618943769895542,0.03896259149739838,0.0,0.0
9,2,0.9948916435241699,0.032122705089062606,0.0008431703719797769,1.1519173063162575,-4.572762640225143,-0.08726646259971647,0.0,0.19618943769895542,0.03896259149739838,0.0,0.0
