trajectory_num,pick_place_mode,time,target,torque1,torque2,theta1,theta2,omega1,omega2,eff_x,eff_y
0,1,0.0,"(np.float64(-0.0274024683363936), np.float64(0.19811386808871545))",0.056165315,-0.13001719,2.5132741228718345,-2.7401669256310974,0.0,0.0,0.01798303902946402,0.20506319143087018
0,1,0.014015674591064453,"(np.float64(-0.0274024683363936), np.float64(0.19811386808871545))",0.5668707,0.37325,2.5132741228718345,-2.7401669256310974,0.0,0.0,0.01798303902946402,0.20506319143087018
0,1,0.028774023056030273,"(np.float64(-0.0274024683363936), np.float64(0.19811386808871545))",0.5668707,0.37325,2.5132741228718345,-2.7401669256310974,0.0,0.0,0.01798303902946402,0.20506319143087018
0,1,0.04445004463195801,"(np.float64(-0.0274024683363936), np.float64(0.19811386808871545))",0.44474944,0.31610376,2.5132741228718345,-2.7401669256310974,0.47123889803846897,0.2792526803190927,0.01798303902946402,0.20506319143087018
0,1,0.05771827697753906,"(np.float64(-0.0274024683363936), np.float64(0.19811386808871545))",0.19491234,0.19721107,2.530727415391778,-2.722713633111154,1.4311699866353502,0.9424777960769379,0.015219108393047423,0.20525491419097086
0,1,0.07030057907104492,"(np.float64(-0.0274024683363936), np.float64(0.19811386808871545))",0.163233,0.19133377,2.548180707911721,-2.722713633111154,1.710422666954443,1.1344640137963142,0.01376354425863515,0.2042403555566239
0,1,0.08368515968322754,"(np.float64(-0.0274024683363936), np.float64(0.19811386808871545))",0.1590271,0.17666225,2.5656340004316642,-2.705260340591211,1.710422666954443,1.3264502315156905,0.011012274724290054,0.20438294316217764
0,1,0.09675002098083496,"(np.float64(-0.0274024683363936), np.float64(0.19811386808871545))",0.15322018,0.16921711,2.5830872929516078,-2.6878070480712677,1.710422666954443,1.3264502315156905,0.008260053491496562,0.204493831652168
0,1,0.11111068725585938,"(np.float64(-0.0274024683363936), np.float64(0.19811386808871545))",0.12765674,0.15647526,2.600540585471551,-2.670353755551324,1.9024088846738192,1.5184364492350666,0.005507121419618996,0.2045730372343813
0,1,0.1268470287322998,"(np.float64(-0.0274024683363936), np.float64(0.19811386808871545))",0.08322754,0.107727624,2.652900463031381,-2.6354471705114375,1.9024088846738192,1.5184364492350666,-0.0013693340144530566,0.20353068194227475
0,1,0.139570951461792,"(np.float64(-0.0274024683363936), np.float64(0.19811386808871545))",0.040582467,0.09747066,2.670353755551324,-2.6179938779914944,2.0943951023931953,1.4311699866353502,-0.004108124809880265,0.2034993598547859
0,1,0.15277647972106934,"(np.float64(-0.0274024683363936), np.float64(0.19811386808871545))",0.016290475,0.09125119,2.6878070480712677,-2.6179938779914944,2.0943951023931953,1.4311699866353502,-0.005447667661757562,0.20237053297935065
0,1,0.1666257381439209,"(np.float64(-0.0274024683363936), np.float64(0.19811386808871545))",-0.069867805,0.015519333,2.7401669256310974,-2.5830872929516078,2.0943951023931953,1.5184364492350666,-0.012187432081808489,0.2010188056381686
0,1,0.17938780784606934,"(np.float64(-0.0274024683363936), np.float64(0.19811386808871545))",-0.070343874,-0.022963142,2.7576202181510405,-2.5656340004316642,1.9024088846738192,1.5184364492350666,-0.014894550389055218,0.20086326967968987
0,1,0.19467806816101074,"(np.float64(-0.0274024683363936), np.float64(0.19811386808871545))",-0.11607742,-0.043343354,2.775073510670984,-2.548180707911721,1.9024088846738192,1.4311699866353502,-0.01759975831786493,0.20067781239326338
0,1,0.21167469024658203,"(np.float64(-0.0274024683363936), np.float64(0.19811386808871545))",-0.06434717,-0.06301107,2.792526803190927,-2.530727415391778,1.5184364492350666,1.239183768915974,-0.020303515213391292,0.2004613801559436
0,1,0.22729158401489258,"(np.float64(-0.0274024683363936), np.float64(0.19811386808871545))",-0.09429131,-0.124734305,2.827433388230814,-2.4958208303518914,1.239183768915974,1.0471975511965976,-0.025705766101521185,0.19993546669879744
0,1,0.23978781700134277,"(np.float64(-0.0274024683363936), np.float64(0.19811386808871545))",-0.093484305,-0.12700415,2.8448866807507573,-2.4958208303518914,1.0471975511965976,0.9424777960769379,-0.026905949859904396,0.1986961629528619
0,1,0.2533254623413086,"(np.float64(-0.0274024683363936), np.float64(0.19811386808871545))",-0.11773882,-0.16103421,2.8623399732707004,-2.478367537831948,0.9424777960769379,0.8552113334772214,-0.029588129000234893,0.19837382342883997
0,1,0.2665424346923828,"(np.float64(-0.0274024683363936), np.float64(0.19811386808871545))",-0.08435144,-0.1525508,2.8797932657906435,-2.4609142453120048,0.6632251157578453,0.3665191429188092,-0.032267881247562094,0.1980205991441496
0,1,0.2809591293334961,"(np.float64(-0.0274024683363936), np.float64(0.19811386808871545))",-0.06710654,-0.13708448,2.8797932657906435,-2.4609142453120048,0.5585053606381855,0.2792526803190927,-0.032267881247562094,0.1980205991441496
0,1,0.2941713333129883,"(np.float64(-0.0274024683363936), np.float64(0.19811386808871545))",-0.019964695,-0.08680592,2.8797932657906435,-2.4609142453120048,0.2792526803190927,0.0,-0.032267881247562094,0.1980205991441496
0,1,0.31097912788391113,"(np.float64(-0.0274024683363936), np.float64(0.19811386808871545))",0.08740254,-0.034459498,2.8797932657906435,-2.4609142453120048,0.0,-0.2792526803190927,-0.032267881247562094,0.1980205991441496
0,1,0.32358407974243164,"(np.float64(-0.0274024683363936), np.float64(0.19811386808871545))",0.0344471,-0.012293912,2.897246558310587,-2.4609142453120048,0.0,-0.47123889803846897,-0.03342000315173367,0.19675190375241994
0,1,0.3377041816711426,"(np.float64(-0.0274024683363936), np.float64(0.19811386808871545))",0.03660469,0.008305931,2.897246558310587,-2.478367537831948,0.0,-0.3665191429188092,-0.031908071708840025,0.19585705943806808
0,1,0.35070371627807617,"(np.float64(-0.0274024683363936), np.float64(0.19811386808871545))",0.03660469,0.008305931,2.897246558310587,-2.478367537831948,0.0,-0.3665191429188092,-0.031908071708840025,0.19585705943806808
0,1,0.3644578456878662,"(np.float64(-0.0274024683363936), np.float64(0.19811386808871545))",0.027804185,-0.019462872,2.897246558310587,-2.478367537831948,0.0,-0.17453292519943295,-0.031908071708840025,0.19585705943806808
0,1,0.37939453125,"(np.float64(-0.0274024683363936), np.float64(0.19811386808871545))",0.022222137,-0.032686807,2.897246558310587,-2.478367537831948,0.0,-0.08726646259971647,-0.031908071708840025,0.19585705943806808
0,1,0.39345598220825195,"(np.float64(-0.0274024683363936), np.float64(0.19811386808871545))",0.0805996,-0.03939371,2.897246558310587,-2.478367537831948,-0.17453292519943295,0.0,-0.031908071708840025,0.19585705943806808
0,1,0.4067714214324951,"(np.float64(-0.0274024683363936), np.float64(0.19811386808871545))",0.005471802,-0.07232475,2.897246558310587,-2.478367537831948,0.0,0.17453292519943295,-0.031908071708840025,0.19585705943806808
0,1,0.4205927848815918,"(np.float64(-0.0274024683363936), np.float64(0.19811386808871545))",0.016638566,-0.045906164,2.897246558310587,-2.478367537831948,0.0,0.0,-0.031908071708840025,0.19585705943806808
0,1,0.4343113899230957,"(np.float64(-0.0274024683363936), np.float64(0.19811386808871545))",0.016638566,-0.045906164,2.897246558310587,-2.478367537831948,0.0,0.0,-0.031908071708840025,0.19585705943806808
0,1,0.4476325511932373,"(np.float64(-0.0274024683363936), np.float64(0.19811386808871545))",0.016638566,-0.045906164,2.897246558310587,-2.478367537831948,0.0,0.0,-0.031908071708840025,0.19585705943806808
0,1,0.4618659019470215,"(np.float64(-0.0274024683363936), np.float64(0.19811386808871545))",0.016638566,-0.045906164,2.897246558310587,-2.478367537831948,0.0,0.0,-0.031908071708840025,0.19585705943806808
0,1,0.4744701385498047,"(np.float64(-0.0274024683363936), np.float64(0.19811386808871545))",0.016638566,-0.045906164,2.897246558310587,-2.478367537831948,0.0,0.0,-0.031908071708840025,0.19585705943806808
0,1,0.48845553398132324,"(np.float64(-0.0274024683363936), np.float64(0.19811386808871545))",0.016638566,-0.045906164,2.897246558310587,-2.478367537831948,0.0,0.0,-0.031908071708840025,0.19585705943806808
0,1,0.5015864372253418,"(np.float64(-0.0274024683363936), np.float64(0.19811386808871545))",0.016638566,-0.045906164,2.897246558310587,-2.478367537831948,0.0,0.0,-0.031908071708840025,0.19585705943806808
0,1,0.5143051147460938,"(np.float64(-0.0274024683363936), np.float64(0.19811386808871545))",0.04863472,-0.042736053,2.897246558310587,-2.478367537831948,-0.08726646259971647,0.0,-0.031908071708840025,0.19585705943806808
0,1,0.5299675464630127,"(np.float64(-0.0274024683363936), np.float64(0.19811386808871545))",0.016638566,-0.045906164,2.897246558310587,-2.478367537831948,0.0,0.0,-0.031908071708840025,0.19585705943806808
0,1,0.5444638729095459,"(np.float64(-0.0274024683363936), np.float64(0.19811386808871545))",0.016638566,-0.045906164,2.897246558310587,-2.478367537831948,0.0,0.0,-0.031908071708840025,0.19585705943806808
0,1,0.5612781047821045,"(np.float64(-0.0274024683363936), np.float64(0.19811386808871545))",0.016638566,-0.045906164,2.897246558310587,-2.478367537831948,0.0,0.0,-0.031908071708840025,0.19585705943806808
0,1,0.5736255645751953,"(np.float64(-0.0274024683363936), np.float64(0.19811386808871545))",0.016638566,-0.045906164,2.897246558310587,-2.478367537831948,0.0,0.0,-0.031908071708840025,0.19585705943806808
0,1,0.5868299007415771,"(np.float64(-0.0274024683363936), np.float64(0.19811386808871545))",0.016638566,-0.045906164,2.897246558310587,-2.478367537831948,0.0,0.0,-0.031908071708840025,0.19585705943806808
0,1,0.5994477272033691,"(np.float64(-0.0274024683363936), np.float64(0.19811386808871545))",0.016638566,-0.045906164,2.897246558310587,-2.478367537831948,0.0,0.0,-0.031908071708840025,0.19585705943806808
0,1,0.6126275062561035,"(np.float64(-0.0274024683363936), np.float64(0.19811386808871545))",0.016638566,-0.045906164,2.897246558310587,-2.478367537831948,0.0,0.0,-0.031908071708840025,0.19585705943806808
0,1,0.6269159317016602,"(np.float64(-0.0274024683363936), np.float64(0.19811386808871545))",0.016638566,-0.045906164,2.897246558310587,-2.478367537831948,0.0,0.0,-0.031908071708840025,0.19585705943806808
0,1,0.6410529613494873,"(np.float64(-0.0274024683363936), np.float64(0.19811386808871545))",0.016638566,-0.045906164,2.897246558310587,-2.478367537831948,0.0,0.0,-0.031908071708840025,0.19585705943806808
0,1,0.6547777652740479,"(np.float64(-0.0274024683363936), np.float64(0.19811386808871545))",0.016638566,-0.045906164,2.897246558310587,-2.478367537831948,0.0,0.0,-0.031908071708840025,0.19585705943806808
0,1,0.6681842803955078,"(np.float64(-0.0274024683363936), np.float64(0.19811386808871545))",0.016638566,-0.045906164,2.897246558310587,-2.478367537831948,0.0,0.0,-0.031908071708840025,0.19585705943806808
0,1,0.6818182468414307,"(np.float64(-0.0274024683363936), np.float64(0.19811386808871545))",0.016638566,-0.045906164,2.897246558310587,-2.478367537831948,0.0,0.0,-0.031908071708840025,0.19585705943806808
0,1,0.6953513622283936,"(np.float64(-0.0274024683363936), np.float64(0.19811386808871545))",0.016638566,-0.045906164,2.897246558310587,-2.478367537831948,0.0,0.0,-0.031908071708840025,0.19585705943806808
0,1,0.7106869220733643,"(np.float64(-0.0274024683363936), np.float64(0.19811386808871545))",0.016638566,-0.045906164,2.897246558310587,-2.478367537831948,0.0,0.0,-0.031908071708840025,0.19585705943806808
0,1,0.7236976623535156,"(np.float64(-0.0274024683363936), np.float64(0.19811386808871545))",0.016638566,-0.045906164,2.897246558310587,-2.478367537831948,0.0,0.0,-0.031908071708840025,0.19585705943806808
0,1,0.7373578548431396,"(np.float64(-0.0274024683363936), np.float64(0.19811386808871545))",0.016638566,-0.045906164,2.897246558310587,-2.478367537831948,0.0,0.0,-0.031908071708840025,0.19585705943806808
0,1,0.750633716583252,"(np.float64(-0.0274024683363936), np.float64(0.19811386808871545))",0.016638566,-0.045906164,2.897246558310587,-2.478367537831948,0.0,0.0,-0.031908071708840025,0.19585705943806808
0,1,0.7636547088623047,"(np.float64(-0.0274024683363936), np.float64(0.19811386808871545))",0.016638566,-0.045906164,2.897246558310587,-2.478367537831948,0.0,0.0,-0.031908071708840025,0.19585705943806808
0,1,0.777573823928833,"(np.float64(-0.0274024683363936), np.float64(0.19811386808871545))",0.016638566,-0.045906164,2.897246558310587,-2.478367537831948,0.0,0.0,-0.031908071708840025,0.19585705943806808
0,1,0.7935652732849121,"(np.float64(-0.0274024683363936), np.float64(0.19811386808871545))",0.016638566,-0.045906164,2.897246558310587,-2.478367537831948,0.0,0.0,-0.031908071708840025,0.19585705943806808
0,1,0.8066356182098389,"(np.float64(-0.0274024683363936), np.float64(0.19811386808871545))",0.016638566,-0.045906164,2.897246558310587,-2.478367537831948,0.0,0.0,-0.031908071708840025,0.19585705943806808
0,1,0.8198485374450684,"(np.float64(-0.0274024683363936), np.float64(0.19811386808871545))",0.016638566,-0.045906164,2.897246558310587,-2.478367537831948,0.0,0.0,-0.031908071708840025,0.19585705943806808
0,1,0.8338348865509033,"(np.float64(-0.0274024683363936), np.float64(0.19811386808871545))",0.016638566,-0.045906164,2.897246558310587,-2.478367537831948,0.0,0.0,-0.031908071708840025,0.19585705943806808
0,1,0.8468399047851562,"(np.float64(-0.0274024683363936), np.float64(0.19811386808871545))",0.016638566,-0.045906164,2.897246558310587,-2.478367537831948,0.0,0.0,-0.031908071708840025,0.19585705943806808
0,1,0.8631289005279541,"(np.float64(-0.0274024683363936), np.float64(0.19811386808871545))",0.016638566,-0.045906164,2.897246558310587,-2.478367537831948,0.0,0.0,-0.031908071708840025,0.19585705943806808
0,1,0.8776557445526123,"(np.float64(-0.0274024683363936), np.float64(0.19811386808871545))",0.016638566,-0.045906164,2.897246558310587,-2.478367537831948,0.0,0.0,-0.031908071708840025,0.19585705943806808
0,1,0.8928797245025635,"(np.float64(-0.0274024683363936), np.float64(0.19811386808871545))",0.016638566,-0.045906164,2.897246558310587,-2.478367537831948,0.0,0.0,-0.031908071708840025,0.19585705943806808
0,1,0.9070818424224854,"(np.float64(-0.0274024683363936), np.float64(0.19811386808871545))",0.016638566,-0.045906164,2.897246558310587,-2.478367537831948,0.0,0.0,-0.031908071708840025,0.19585705943806808
0,1,0.9196114540100098,"(np.float64(-0.0274024683363936), np.float64(0.19811386808871545))",0.016638566,-0.045906164,2.897246558310587,-2.478367537831948,0.0,0.0,-0.031908071708840025,0.19585705943806808
0,1,0.9325268268585205,"(np.float64(-0.0274024683363936), np.float64(0.19811386808871545))",0.016638566,-0.045906164,2.897246558310587,-2.478367537831948,0.0,0.0,-0.031908071708840025,0.19585705943806808
0,1,0.9475498199462891,"(np.float64(-0.0274024683363936), np.float64(0.19811386808871545))",0.016638566,-0.045906164,2.897246558310587,-2.478367537831948,0.0,0.0,-0.031908071708840025,0.19585705943806808
0,1,0.9625062942504883,"(np.float64(-0.0274024683363936), np.float64(0.19811386808871545))",0.016638566,-0.045906164,2.897246558310587,-2.478367537831948,0.0,0.0,-0.031908071708840025,0.19585705943806808
0,1,0.9792191982269287,"(np.float64(-0.0274024683363936), np.float64(0.19811386808871545))",0.016638566,-0.045906164,2.897246558310587,-2.478367537831948,0.0,0.0,-0.031908071708840025,0.19585705943806808
0,1,0.9940712451934814,"(np.float64(-0.0274024683363936), np.float64(0.19811386808871545))",0.016638566,-0.045906164,2.897246558310587,-2.478367537831948,0.0,0.0,-0.031908071708840025,0.19585705943806808
0,2,0.0,"(np.float64(0.0274024683363936), np.float64(0.19811386808871545))",0.016638566,-0.045906164,2.897246558310587,-2.478367537831948,0.0,0.0,-0.031908071708840025,0.19585705943806808
0,2,0.013042449951171875,"(np.float64(0.0274024683363936), np.float64(0.19811386808871545))",-0.24747057,-0.7509155,2.897246558310587,-2.478367537831948,0.0,0.0,-0.031908071708840025,0.19585705943806808
0,2,0.02625107765197754,"(np.float64(0.0274024683363936), np.float64(0.19811386808871545))",-0.24747057,-0.7509155,2.897246558310587,-2.478367537831948,0.0,0.0,-0.031908071708840025,0.19585705943806808
0,2,0.04091668128967285,"(np.float64(0.0274024683363936), np.float64(0.19811386808871545))",-0.19241162,-0.5987059,2.897246558310587,-2.478367537831948,-0.17453292519943295,-0.5585053606381855,-0.031908071708840025,0.19585705943806808
0,2,0.05380511283874512,"(np.float64(0.0274024683363936), np.float64(0.19811386808871545))",-0.17494135,-0.3475151,2.8797932657906435,-2.5132741228718345,-0.5585053606381855,-1.710422666954443,-0.02777290742291267,0.19528121579698737
0,2,0.0686032772064209,"(np.float64(0.0274024683363936), np.float64(0.19811386808871545))",-0.17970534,-0.26571056,2.8797932657906435,-2.530727415391778,-0.5585053606381855,-2.0943951023931953,-0.026301661600671877,0.19434886668411758
0,2,0.08270931243896484,"(np.float64(0.0274024683363936), np.float64(0.19811386808871545))",-0.14297657,-0.1597271,2.8623399732707004,-2.5656340004316642,-0.7504915783575618,-2.3911010752322315,-0.022233970060296274,0.19367146533303847
0,2,0.09543395042419434,"(np.float64(0.0274024683363936), np.float64(0.19811386808871545))",-0.13575192,-0.10856257,2.8623399732707004,-2.5830872929516078,-0.8552113334772214,-2.5830872929516078,-0.02080511349610365,0.19270430994504856
0,2,0.10831618309020996,"(np.float64(0.0274024683363936), np.float64(0.19811386808871545))",-0.09923001,0.01984539,2.8448866807507573,-2.652900463031381,-1.0471975511965976,-2.775073510670984,-0.014052922238483145,0.18992486846610976
0,2,0.12163782119750977,"(np.float64(0.0274024683363936), np.float64(0.19811386808871545))",-0.07971268,0.032632828,2.827433388230814,-2.670353755551324,-1.0471975511965976,-2.775073510670984,-0.01149909400650824,0.19006577107720043
0,2,0.13660526275634766,"(np.float64(0.0274024683363936), np.float64(0.19811386808871545))",-0.045071315,0.053922843,2.8099800957108707,-2.705260340591211,-1.239183768915974,-2.670353755551324,-0.007620022084460262,0.1891349694797771
0,2,0.15196895599365234,"(np.float64(0.0274024683363936), np.float64(0.19811386808871545))",-0.02925129,0.067577936,2.8099800957108707,-2.7401669256310974,-1.4311699866353502,-2.478367537831948,-0.0050173493011847065,0.1870308705924864
0,2,0.16592121124267578,"(np.float64(0.0274024683363936), np.float64(0.19811386808871545))",-0.022542287,0.06909561,2.775073510670984,-2.775073510670984,-1.239183768915974,-2.007128639793479,-2.2870316751522068e-10,0.18708550647401595
0,2,0.17867469787597656,"(np.float64(0.0274024683363936), np.float64(0.19811386808871545))",0.012443162,0.1384491,2.7576202181510405,-2.8099800957108707,-1.4311699866353502,-2.007128639793479,0.0037393789802128985,0.18597098676880558
0,2,0.19189119338989258,"(np.float64(0.0274024683363936), np.float64(0.19811386808871545))",0.032273293,0.15308896,2.7401669256310974,-2.827433388230814,-1.5184364492350666,-1.8151424220741028,0.006232059391643022,0.1859169092833795
0,2,0.20648860931396484,"(np.float64(0.0274024683363936), np.float64(0.19811386808871545))",0.050198175,0.16266976,2.705260340591211,-2.8623399732707004,-1.5184364492350666,-1.4311699866353502,0.011216198153431702,0.18572757139048435
0,2,0.22112774848937988,"(np.float64(0.0274024683363936), np.float64(0.19811386808871545))",0.050188255,0.16245022,2.6878070480712677,-2.8797932657906435,-1.4311699866353502,-1.239183768915974,0.013707366295898075,0.18559226654950356
0,2,0.23567843437194824,"(np.float64(0.0274024683363936), np.float64(0.19811386808871545))",0.031113816,0.121536255,2.670353755551324,-2.8797932657906435,-1.1344640137963142,-1.0471975511965976,0.015047262505729977,0.18659348402305714
0,2,0.24883389472961426,"(np.float64(0.0274024683363936), np.float64(0.19811386808871545))",0.016567994,0.114748,2.670353755551324,-2.897246558310587,-1.0471975511965976,-0.8552113334772214,0.016197738254807456,0.18542983100563987
0,2,0.2615315914154053,"(np.float64(0.0274024683363936), np.float64(0.19811386808871545))",-0.017484188,0.10501003,2.652900463031381,-2.91469985083053,-0.6632251157578453,-0.47123889803846897,0.018687165687283132,0.18524022687725594
0,2,0.2758915424346924,"(np.float64(0.0274024683363936), np.float64(0.19811386808871545))",-0.027489567,0.092580795,2.6354471705114375,-2.91469985083053,-0.47123889803846897,-0.2792526803190927,0.020057404656887455,0.18621033718527086
0,2,0.28848862648010254,"(np.float64(0.0274024683363936), np.float64(0.19811386808871545))",-0.06028538,0.058849335,2.6354471705114375,-2.91469985083053,-0.2792526803190927,0.0,0.020057404656887455,0.18621033718527086
0,2,0.3051631450653076,"(np.float64(0.0274024683363936), np.float64(0.19811386808871545))",-0.101302914,0.027004624,2.6354471705114375,-2.91469985083053,-0.08726646259971647,0.17453292519943295,0.020057404656887455,0.18621033718527086
0,2,0.32023143768310547,"(np.float64(0.0274024683363936), np.float64(0.19811386808871545))",-0.110495664,0.040617943,2.6354471705114375,-2.91469985083053,0.0,0.08726646259971647,0.020057404656887455,0.18621033718527086
0,2,0.3353097438812256,"(np.float64(0.0274024683363936), np.float64(0.19811386808871545))",-0.118616395,0.032510567,2.6354471705114375,-2.897246558310587,0.08726646259971647,0.0,0.018923075777692727,0.18739494046034905
0,2,0.3485102653503418,"(np.float64(0.0274024683363936), np.float64(0.19811386808871545))",-0.12933436,0.0035915375,2.6354471705114375,-2.897246558310587,0.08726646259971647,0.17453292519943295,0.018923075777692727,0.18739494046034905
0,2,0.362201452255249,"(np.float64(0.0274024683363936), np.float64(0.19811386808871545))",-0.10406246,0.033352282,2.6354471705114375,-2.897246558310587,0.0,0.0,0.018923075777692727,0.18739494046034905
0,2,0.37510204315185547,"(np.float64(0.0274024683363936), np.float64(0.19811386808871545))",-0.10406246,0.033352282,2.6354471705114375,-2.897246558310587,0.0,0.0,0.018923075777692727,0.18739494046034905
0,2,0.38913393020629883,"(np.float64(0.0274024683363936), np.float64(0.19811386808871545))",-0.10406246,0.033352282,2.6354471705114375,-2.897246558310587,0.0,0.0,0.018923075777692727,0.18739494046034905
0,2,0.40471673011779785,"(np.float64(0.0274024683363936), np.float64(0.19811386808871545))",-0.10406246,0.033352282,2.6354471705114375,-2.897246558310587,0.0,0.0,0.018923075777692727,0.18739494046034905
0,2,0.42109060287475586,"(np.float64(0.0274024683363936), np.float64(0.19811386808871545))",-0.10406246,0.033352282,2.6354471705114375,-2.897246558310587,0.0,0.0,0.018923075777692727,0.18739494046034905
0,2,0.44030332565307617,"(np.float64(0.0274024683363936), np.float64(0.19811386808871545))",-0.10406246,0.033352282,2.6354471705114375,-2.897246558310587,0.0,0.0,0.018923075777692727,0.18739494046034905
0,2,0.453981876373291,"(np.float64(0.0274024683363936), np.float64(0.19811386808871545))",-0.10406246,0.033352282,2.6354471705114375,-2.897246558310587,0.0,0.0,0.018923075777692727,0.18739494046034905
0,2,0.4707350730895996,"(np.float64(0.0274024683363936), np.float64(0.19811386808871545))",-0.10406246,0.033352282,2.6354471705114375,-2.897246558310587,0.0,0.0,0.018923075777692727,0.18739494046034905
0,2,0.48390817642211914,"(np.float64(0.0274024683363936), np.float64(0.19811386808871545))",-0.11325321,0.04696331,2.6354471705114375,-2.897246558310587,0.08726646259971647,-0.08726646259971647,0.018923075777692727,0.18739494046034905
0,2,0.49729132652282715,"(np.float64(0.0274024683363936), np.float64(0.19811386808871545))",-0.10406246,0.033352282,2.6354471705114375,-2.897246558310587,0.0,0.0,0.018923075777692727,0.18739494046034905
0,2,0.5098221302032471,"(np.float64(0.0274024683363936), np.float64(0.19811386808871545))",-0.10406246,0.033352282,2.6354471705114375,-2.897246558310587,0.0,0.0,0.018923075777692727,0.18739494046034905
0,2,0.5221099853515625,"(np.float64(0.0274024683363936), np.float64(0.19811386808871545))",-0.10406246,0.033352282,2.6354471705114375,-2.897246558310587,0.0,0.0,0.018923075777692727,0.18739494046034905
0,2,0.5364537239074707,"(np.float64(0.0274024683363936), np.float64(0.19811386808871545))",-0.10406246,0.033352282,2.6354471705114375,-2.897246558310587,0.0,0.0,0.018923075777692727,0.18739494046034905
0,2,0.5526878833770752,"(np.float64(0.0274024683363936), np.float64(0.19811386808871545))",-0.10406246,0.033352282,2.6354471705114375,-2.897246558310587,0.0,0.0,0.018923075777692727,0.18739494046034905
0,2,0.5669734477996826,"(np.float64(0.0274024683363936), np.float64(0.19811386808871545))",-0.10406246,0.033352282,2.6354471705114375,-2.897246558310587,0.0,0.0,0.018923075777692727,0.18739494046034905
0,2,0.5793852806091309,"(np.float64(0.0274024683363936), np.float64(0.19811386808871545))",-0.10406246,0.033352282,2.6354471705114375,-2.897246558310587,0.0,0.0,0.018923075777692727,0.18739494046034905
0,2,0.5940847396850586,"(np.float64(0.0274024683363936), np.float64(0.19811386808871545))",-0.10406246,0.033352282,2.6354471705114375,-2.897246558310587,0.0,0.0,0.018923075777692727,0.18739494046034905
0,2,0.6070482730865479,"(np.float64(0.0274024683363936), np.float64(0.19811386808871545))",-0.10406246,0.033352282,2.6354471705114375,-2.897246558310587,0.0,0.0,0.018923075777692727,0.18739494046034905
0,2,0.6199736595153809,"(np.float64(0.0274024683363936), np.float64(0.19811386808871545))",-0.10406246,0.033352282,2.6354471705114375,-2.897246558310587,0.0,0.0,0.018923075777692727,0.18739494046034905
0,2,0.6376142501831055,"(np.float64(0.0274024683363936), np.float64(0.19811386808871545))",-0.10406246,0.033352282,2.6354471705114375,-2.897246558310587,0.0,0.0,0.018923075777692727,0.18739494046034905
0,2,0.6547009944915771,"(np.float64(0.0274024683363936), np.float64(0.19811386808871545))",-0.10406246,0.033352282,2.6354471705114375,-2.897246558310587,0.0,0.0,0.018923075777692727,0.18739494046034905
0,2,0.6703572273254395,"(np.float64(0.0274024683363936), np.float64(0.19811386808871545))",-0.10406246,0.033352282,2.6354471705114375,-2.897246558310587,0.0,0.0,0.018923075777692727,0.18739494046034905
0,2,0.6879777908325195,"(np.float64(0.0274024683363936), np.float64(0.19811386808871545))",-0.10406246,0.033352282,2.6354471705114375,-2.897246558310587,0.0,0.0,0.018923075777692727,0.18739494046034905
0,2,0.703747034072876,"(np.float64(0.0274024683363936), np.float64(0.19811386808871545))",-0.10406246,0.033352282,2.6354471705114375,-2.897246558310587,0.0,0.0,0.018923075777692727,0.18739494046034905
0,2,0.7214381694793701,"(np.float64(0.0274024683363936), np.float64(0.19811386808871545))",-0.10406246,0.033352282,2.6354471705114375,-2.897246558310587,0.0,0.0,0.018923075777692727,0.18739494046034905
0,2,0.740452766418457,"(np.float64(0.0274024683363936), np.float64(0.19811386808871545))",-0.10406246,0.033352282,2.6354471705114375,-2.897246558310587,0.0,0.0,0.018923075777692727,0.18739494046034905
0,2,0.7571709156036377,"(np.float64(0.0274024683363936), np.float64(0.19811386808871545))",-0.10406246,0.033352282,2.6354471705114375,-2.897246558310587,0.0,0.0,0.018923075777692727,0.18739494046034905
0,2,0.7711963653564453,"(np.float64(0.0274024683363936), np.float64(0.19811386808871545))",-0.10406246,0.033352282,2.6354471705114375,-2.897246558310587,0.0,0.0,0.018923075777692727,0.18739494046034905
0,2,0.7885837554931641,"(np.float64(0.0274024683363936), np.float64(0.19811386808871545))",-0.10406246,0.033352282,2.6354471705114375,-2.897246558310587,0.0,0.0,0.018923075777692727,0.18739494046034905
0,2,0.8058583736419678,"(np.float64(0.0274024683363936), np.float64(0.19811386808871545))",-0.10406246,0.033352282,2.6354471705114375,-2.897246558310587,0.0,0.0,0.018923075777692727,0.18739494046034905
0,2,0.8218472003936768,"(np.float64(0.0274024683363936), np.float64(0.19811386808871545))",-0.10406246,0.033352282,2.6354471705114375,-2.897246558310587,0.0,0.0,0.018923075777692727,0.18739494046034905
0,2,0.8391613960266113,"(np.float64(0.0274024683363936), np.float64(0.19811386808871545))",-0.10406246,0.033352282,2.6354471705114375,-2.897246558310587,0.0,0.0,0.018923075777692727,0.18739494046034905
0,2,0.8546934127807617,"(np.float64(0.0274024683363936), np.float64(0.19811386808871545))",-0.10406246,0.033352282,2.6354471705114375,-2.897246558310587,0.0,0.0,0.018923075777692727,0.18739494046034905
0,2,0.8719544410705566,"(np.float64(0.0274024683363936), np.float64(0.19811386808871545))",-0.10406246,0.033352282,2.6354471705114375,-2.897246558310587,0.0,0.0,0.018923075777692727,0.18739494046034905
0,2,0.888526439666748,"(np.float64(0.0274024683363936), np.float64(0.19811386808871545))",-0.10406246,0.033352282,2.6354471705114375,-2.897246558310587,0.0,0.0,0.018923075777692727,0.18739494046034905
0,2,0.9046216011047363,"(np.float64(0.0274024683363936), np.float64(0.19811386808871545))",-0.10406246,0.033352282,2.6354471705114375,-2.897246558310587,0.0,0.0,0.018923075777692727,0.18739494046034905
0,2,0.919924259185791,"(np.float64(0.0274024683363936), np.float64(0.19811386808871545))",-0.10406246,0.033352282,2.6354471705114375,-2.897246558310587,0.0,0.0,0.018923075777692727,0.18739494046034905
0,2,0.9360365867614746,"(np.float64(0.0274024683363936), np.float64(0.19811386808871545))",-0.10406246,0.033352282,2.6354471705114375,-2.897246558310587,0.0,0.0,0.018923075777692727,0.18739494046034905
0,2,0.9540565013885498,"(np.float64(0.0274024683363936), np.float64(0.19811386808871545))",-0.10406246,0.033352282,2.6354471705114375,-2.897246558310587,0.0,0.0,0.018923075777692727,0.18739494046034905
0,2,0.9714658260345459,"(np.float64(0.0274024683363936), np.float64(0.19811386808871545))",-0.10406246,0.033352282,2.6354471705114375,-2.897246558310587,0.0,0.0,0.018923075777692727,0.18739494046034905
0,2,0.987436056137085,"(np.float64(0.0274024683363936), np.float64(0.19811386808871545))",-0.10406246,0.033352282,2.6354471705114375,-2.897246558310587,0.0,0.0,0.018923075777692727,0.18739494046034905
1,1,0.0,"(np.float64(-0.05428808997301487), np.float64(0.19249104729072947))",0.033833314,0.07462788,2.321287905152458,-3.0892327760299634,0.0,0.0,0.05758095823640548,0.18863161416736204
1,1,0.01437830924987793,"(np.float64(-0.05428808997301487), np.float64(0.19249104729072947))",0.89360523,1.239096,2.321287905152458,-3.0892327760299634,0.0,0.0,0.05758095823640548,0.18863161416736204
1,1,0.02884650230407715,"(np.float64(-0.05428808997301487), np.float64(0.19249104729072947))",0.89360523,1.239096,2.321287905152458,-3.0892327760299634,0.0,0.0,0.05758095823640548,0.18863161416736204
1,1,0.04134821891784668,"(np.float64(-0.05428808997301487), np.float64(0.19249104729072947))",0.66228485,1.1155337,2.321287905152458,-3.0892327760299634,0.9424777960769379,1.239183768915974,0.05758095823640548,0.18863161416736204
1,1,0.05500054359436035,"(np.float64(-0.05428808997301487), np.float64(0.19249104729072947))",0.65475065,0.9964048,2.3387411976724017,-3.07177948351002,1.3264502315156905,1.9024088846738192,0.054994459614594204,0.1892747760506481
1,1,0.07169413566589355,"(np.float64(-0.05428808997301487), np.float64(0.19249104729072947))",0.62365705,0.89533883,2.356194490192345,-3.0543261909900767,1.8151424220741028,2.478367537831948,0.052403527546971904,0.18988734114849584
1,1,0.08518719673156738,"(np.float64(-0.05428808997301487), np.float64(0.19249104729072947))",0.44721147,0.6615076,2.4085543677521746,-3.01941960595019,2.8623399732707004,3.4382986264288293,0.04564420279064512,0.19022876299378666
1,1,0.1012887954711914,"(np.float64(-0.05428808997301487), np.float64(0.19249104729072947))",0.17600994,0.098587036,2.443460952792061,-2.91469985083053,3.351032163829113,5.270894341022875,0.036080041065729866,0.19635709299752124
1,1,0.11490750312805176,"(np.float64(-0.05428808997301487), np.float64(0.19249104729072947))",0.09867173,-0.042283442,2.478367537831948,-2.8623399732707004,3.246312408709453,5.742133239061344,0.029587753899429824,0.19837432353809664
1,1,0.13711166381835938,"(np.float64(-0.05428808997301487), np.float64(0.19249104729072947))",0.008618737,-0.23779126,2.5132741228718345,-2.792526803190927,3.543018381548489,6.318091892219473,0.021773603696352693,0.20143507497362717
1,1,0.159714937210083,"(np.float64(-0.05428808997301487), np.float64(0.19249104729072947))",-0.007116032,-0.49964258,2.6354471705114375,-2.652900463031381,3.246312408709453,6.230825429619756,0.0013695809639937412,0.20353062114680542
1,1,0.17310476303100586,"(np.float64(-0.05428808997301487), np.float64(0.19249104729072947))",-0.051436614,-0.67125267,2.705260340591211,-2.5132741228718345,3.0543261909900767,5.846852994181004,-0.015378431203429653,0.2074500660000576
1,1,0.18526315689086914,"(np.float64(-0.05428808997301487), np.float64(0.19249104729072947))",-0.10079155,-0.81727374,2.7401669256310974,-2.3911010752322315,2.775073510670984,5.078908123303499,-0.028630849092011426,0.21174397615747104
1,1,0.19910693168640137,"(np.float64(-0.05428808997301487), np.float64(0.19249104729072947))",-0.15415393,-0.73923314,2.7576202181510405,-2.3387411976724017,2.8623399732707004,4.39822971502571,-0.034656956694881585,0.2131536113772809
1,1,0.21575331687927246,"(np.float64(-0.05428808997301487), np.float64(0.19249104729072947))",-0.13511696,-0.6127596,2.792526803190927,-2.303834612632515,2.5830872929516078,3.543018381548489,-0.040397355730451064,0.21226354301085212
1,1,0.23285531997680664,"(np.float64(-0.05428808997301487), np.float64(0.19249104729072947))",-0.08909321,-0.5155558,2.8448866807507573,-2.234021442552742,2.2863813201125716,2.007128639793479,-0.050632469127293106,0.21142959442019965
1,1,0.24853825569152832,"(np.float64(-0.05428808997301487), np.float64(0.19249104729072947))",-0.091253854,-0.48847666,2.8623399732707004,-2.2165681500327987,2.0943951023931953,1.5184364492350666,-0.05349220167893679,0.21080823816392114
1,1,0.2658650875091553,"(np.float64(-0.05428808997301487), np.float64(0.19249104729072947))",-0.19066258,-0.38529053,2.91469985083053,-2.199114857512855,2.007128639793479,0.47123889803846897,-0.05865446453731591,0.20737607908135028
1,1,0.28361010551452637,"(np.float64(-0.05428808997301487), np.float64(0.19249104729072947))",-0.22053862,-0.3190218,2.9321531433504737,-2.199114857512855,2.007128639793479,0.0,-0.05978344665429269,0.20598031909517714
1,1,0.2992212772369385,"(np.float64(-0.05428808997301487), np.float64(0.19249104729072947))",-0.14460278,-0.18839645,2.9670597283903604,-2.199114857512855,1.3264502315156905,-0.7504915783575618,-0.06199085219557433,0.20317518295935996
1,1,0.31594419479370117,"(np.float64(-0.05428808997301487), np.float64(0.19249104729072947))",-0.097333334,-0.1716548,3.001966313430247,-2.2165681500327987,0.8552113334772214,-0.7504915783575618,-0.062447098790568166,0.19969189720459288
1,1,0.3329005241394043,"(np.float64(-0.05428808997301487), np.float64(0.19249104729072947))",-0.034446716,-0.13170166,3.001966313430247,-2.234021442552742,0.5585053606381855,-0.9424777960769379,-0.060772824969025266,0.19901548538622776
1,1,0.34969353675842285,"(np.float64(-0.05428808997301487), np.float64(0.19249104729072947))",-0.011685944,-0.1284254,3.01941960595019,-2.234021442552742,0.3665191429188092,-1.0471975511965976,-0.06181547349088843,0.19761650401117675
1,1,0.3653981685638428,"(np.float64(-0.05428808997301487), np.float64(0.19249104729072947))",0.093023114,-0.07336769,3.01941960595019,-2.2689280275926285,0.0,-1.0471975511965976,-0.058494340160040015,0.19623945266020104
1,1,0.3835489749908447,"(np.float64(-0.05428808997301487), np.float64(0.19249104729072947))",0.14046727,-0.03979559,3.01941960595019,-2.2863813201125716,-0.08726646259971647,-1.0471975511965976,-0.05684896987779104,0.1955311132958359
1,1,0.4004793167114258,"(np.float64(-0.05428808997301487), np.float64(0.19249104729072947))",0.22686635,-0.01786766,3.01941960595019,-2.303834612632515,-0.2792526803190927,-0.9424777960769379,-0.055214166227176564,0.19480992102189013
1,1,0.41480088233947754,"(np.float64(-0.05428808997301487), np.float64(0.19249104729072947))",0.118345454,-0.009944439,3.01941960595019,-2.321287905152458,0.0,-0.8552113334772214,-0.05359024409196547,0.1940761518350812
1,1,0.4330284595489502,"(np.float64(-0.05428808997301487), np.float64(0.19249104729072947))",0.089245416,0.035970878,3.01941960595019,-2.3387411976724017,0.08726646259971647,-0.8552113334772214,-0.0519775088163082,0.19333008845041305
1,1,0.4491758346557617,"(np.float64(-0.05428808997301487), np.float64(0.19249104729072947))",0.089120865,0.041246604,3.01941960595019,-2.356194490192345,0.08726646259971647,-0.6632251157578453,-0.05037625618933801,0.1925720200088748
1,1,0.4666025638580322,"(np.float64(-0.05428808997301487), np.float64(0.19249104729072947))",7.801056e-05,0.006752205,3.01941960595019,-2.356194490192345,0.2792526803190927,-0.47123889803846897,-0.05037625618933801,0.1925720200088748
1,1,0.4848179817199707,"(np.float64(-0.05428808997301487), np.float64(0.19249104729072947))",0.122207835,0.031195069,3.01941960595019,-2.3736477827122884,0.0,-0.3665191429188092,-0.048786772431890724,0.19180224178412025
1,1,0.4994847774505615,"(np.float64(-0.05428808997301487), np.float64(0.19249104729072947))",0.112224005,0.0069322586,3.01941960595019,-2.3736477827122884,0.0,-0.08726646259971647,-0.048786772431890724,0.19180224178412025
1,1,0.5179095268249512,"(np.float64(-0.05428808997301487), np.float64(0.19249104729072947))",0.17815648,0.005060959,3.01941960595019,-2.3736477827122884,-0.17453292519943295,0.0,-0.048786772431890724,0.19180224178412025
1,1,0.5331499576568604,"(np.float64(-0.05428808997301487), np.float64(0.19249104729072947))",0.14280625,0.0020471574,3.01941960595019,-2.3736477827122884,-0.08726646259971647,0.0,-0.048786772431890724,0.19180224178412025
1,1,0.5502908229827881,"(np.float64(-0.05428808997301487), np.float64(0.19249104729072947))",0.10050755,-0.025927354,3.01941960595019,-2.3736477827122884,0.0,0.2792526803190927,-0.048786772431890724,0.19180224178412025
1,1,0.5687463283538818,"(np.float64(-0.05428808997301487), np.float64(0.19249104729072947))",-0.024323558,-0.033424284,3.01941960595019,-2.356194490192345,0.3665191429188092,0.0,-0.05037625618933801,0.1925720200088748
1,1,0.5825729370117188,"(np.float64(-0.05428808997301487), np.float64(0.19249104729072947))",0.06845684,-0.024670219,3.01941960595019,-2.356194490192345,0.08726646259971647,-0.08726646259971647,-0.05037625618933801,0.1925720200088748
1,1,0.6004102230072021,"(np.float64(-0.05428808997301487), np.float64(0.19249104729072947))",0.10901051,-0.0012643815,3.01941960595019,-2.3736477827122884,0.0,0.0,-0.048786772431890724,0.19180224178412025
1,1,0.6159589290618896,"(np.float64(-0.05428808997301487), np.float64(0.19249104729072947))",0.14280625,0.0020471574,3.01941960595019,-2.3736477827122884,-0.08726646259971647,0.0,-0.048786772431890724,0.19180224178412025
1,1,0.6336026191711426,"(np.float64(-0.05428808997301487), np.float64(0.19249104729072947))",0.22263642,0.008268929,3.01941960595019,-2.3736477827122884,-0.2792526803190927,0.0,-0.048786772431890724,0.19180224178412025
1,1,0.6478128433227539,"(np.float64(-0.05428808997301487), np.float64(0.19249104729072947))",0.14280625,0.0020471574,3.01941960595019,-2.3736477827122884,-0.08726646259971647,0.0,-0.048786772431890724,0.19180224178412025
1,1,0.6660521030426025,"(np.float64(-0.05428808997301487), np.float64(0.19249104729072947))",0.10901051,-0.0012643815,3.01941960595019,-2.3736477827122884,0.0,0.0,-0.048786772431890724,0.19180224178412025
1,1,0.6816098690032959,"(np.float64(-0.05428808997301487), np.float64(0.19249104729072947))",0.042408373,-0.0068875314,3.01941960595019,-2.3736477827122884,0.17453292519943295,0.0,-0.048786772431890724,0.19180224178412025
1,1,0.6983687877655029,"(np.float64(-0.05428808997301487), np.float64(0.19249104729072947))",0.042408373,-0.0068875314,3.01941960595019,-2.3736477827122884,0.17453292519943295,0.0,-0.048786772431890724,0.19180224178412025
1,1,0.7158811092376709,"(np.float64(-0.05428808997301487), np.float64(0.19249104729072947))",0.07559071,-0.0042006494,3.01941960595019,-2.3736477827122884,0.08726646259971647,0.0,-0.048786772431890724,0.19180224178412025
1,1,0.7324268817901611,"(np.float64(-0.05428808997301487), np.float64(0.19249104729072947))",0.14280625,0.0020471574,3.01941960595019,-2.3736477827122884,-0.08726646259971647,0.0,-0.048786772431890724,0.19180224178412025
1,1,0.7476727962493896,"(np.float64(-0.05428808997301487), np.float64(0.19249104729072947))",0.14280625,0.0020471574,3.01941960595019,-2.3736477827122884,-0.08726646259971647,0.0,-0.048786772431890724,0.19180224178412025
1,1,0.7660832405090332,"(np.float64(-0.05428808997301487), np.float64(0.19249104729072947))",0.14280625,0.0020471574,3.01941960595019,-2.3736477827122884,-0.08726646259971647,0.0,-0.048786772431890724,0.19180224178412025
1,1,0.782477617263794,"(np.float64(-0.05428808997301487), np.float64(0.19249104729072947))",0.10901051,-0.0012643815,3.01941960595019,-2.3736477827122884,0.0,0.0,-0.048786772431890724,0.19180224178412025
1,1,0.7978601455688477,"(np.float64(-0.05428808997301487), np.float64(0.19249104729072947))",-0.0035362244,-0.0066677094,3.01941960595019,-2.3736477827122884,0.2792526803190927,0.0,-0.048786772431890724,0.19180224178412025
1,1,0.8154480457305908,"(np.float64(-0.05428808997301487), np.float64(0.19249104729072947))",0.10901051,-0.0012643815,3.01941960595019,-2.3736477827122884,0.0,0.0,-0.048786772431890724,0.19180224178412025
1,1,0.8319754600524902,"(np.float64(-0.05428808997301487), np.float64(0.19249104729072947))",0.10901051,-0.0012643815,3.01941960595019,-2.3736477827122884,0.0,0.0,-0.048786772431890724,0.19180224178412025
1,1,0.8483555316925049,"(np.float64(-0.05428808997301487), np.float64(0.19249104729072947))",0.10901051,-0.0012643815,3.01941960595019,-2.3736477827122884,0.0,0.0,-0.048786772431890724,0.19180224178412025
1,1,0.8645167350769043,"(np.float64(-0.05428808997301487), np.float64(0.19249104729072947))",0.14280625,0.0020471574,3.01941960595019,-2.3736477827122884,-0.08726646259971647,0.0,-0.048786772431890724,0.19180224178412025
1,1,0.8819723129272461,"(np.float64(-0.05428808997301487), np.float64(0.19249104729072947))",0.10901051,-0.0012643815,3.01941960595019,-2.3736477827122884,0.0,0.0,-0.048786772431890724,0.19180224178412025
1,1,0.8986396789550781,"(np.float64(-0.05428808997301487), np.float64(0.19249104729072947))",0.10901051,-0.0012643815,3.01941960595019,-2.3736477827122884,0.0,0.0,-0.048786772431890724,0.19180224178412025
1,1,0.9174044132232666,"(np.float64(-0.05428808997301487), np.float64(0.19249104729072947))",0.10901051,-0.0012643815,3.01941960595019,-2.3736477827122884,0.0,0.0,-0.048786772431890724,0.19180224178412025
1,1,0.9347867965698242,"(np.float64(-0.05428808997301487), np.float64(0.19249104729072947))",0.10901051,-0.0012643815,3.01941960595019,-2.3736477827122884,0.0,0.0,-0.048786772431890724,0.19180224178412025
1,1,0.9487807750701904,"(np.float64(-0.05428808997301487), np.float64(0.19249104729072947))",0.10901051,-0.0012643815,3.01941960595019,-2.3736477827122884,0.0,0.0,-0.048786772431890724,0.19180224178412025
1,1,0.9691786766052246,"(np.float64(-0.05428808997301487), np.float64(0.19249104729072947))",0.10901051,-0.0012643815,3.01941960595019,-2.3736477827122884,0.0,0.0,-0.048786772431890724,0.19180224178412025
1,1,0.9833285808563232,"(np.float64(-0.05428808997301487), np.float64(0.19249104729072947))",0.14280625,0.0020471574,3.01941960595019,-2.3736477827122884,-0.08726646259971647,0.0,-0.048786772431890724,0.19180224178412025
1,1,0.9998011589050293,"(np.float64(-0.05428808997301487), np.float64(0.19249104729072947))",0.10901051,-0.0012643815,3.01941960595019,-2.3736477827122884,0.0,0.0,-0.048786772431890724,0.19180224178412025
1,2,0.0,"(np.float64(0.05428808997301487), np.float64(0.19249104729072947))",0.10901051,-0.0012643815,3.01941960595019,-2.3736477827122884,0.0,0.0,-0.048786772431890724,0.19180224178412025
1,2,0.016208410263061523,"(np.float64(0.05428808997301487), np.float64(0.19249104729072947))",-0.8317155,-1.1760743,3.01941960595019,-2.3736477827122884,0.0,0.0,-0.048786772431890724,0.19180224178412025
1,2,0.03165030479431152,"(np.float64(0.05428808997301487), np.float64(0.19249104729072947))",-0.8317155,-1.1760743,3.01941960595019,-2.3736477827122884,0.0,0.0,-0.048786772431890724,0.19180224178412025
1,2,0.04857683181762695,"(np.float64(0.05428808997301487), np.float64(0.19249104729072947))",-0.6643076,-0.95668566,3.01941960595019,-2.3736477827122884,-0.5585053606381855,-0.9424777960769379,-0.048786772431890724,0.19180224178412025
1,2,0.06683206558227539,"(np.float64(0.05428808997301487), np.float64(0.19249104729072947))",-0.21341649,-0.4855793,2.9845130209103035,-2.4085543677521746,-2.2863813201125716,-2.478367537831948,-0.04355229675504904,0.19285417902415197
1,2,0.08157634735107422,"(np.float64(0.05428808997301487), np.float64(0.19249104729072947))",-0.14827882,-0.37465402,2.9670597283903604,-2.443460952792061,-2.9670597283903604,-3.351032163829113,-0.03939070302514128,0.1924943639384516
1,2,0.0985713005065918,"(np.float64(0.05428808997301487), np.float64(0.19249104729072947))",-0.030576324,-0.18869172,2.8797932657906435,-2.5132741228718345,-3.6302848441482056,-4.014257279586958,-0.02777290742291267,0.19528121579698737
1,2,0.11490797996520996,"(np.float64(0.05428808997301487), np.float64(0.19249104729072947))",0.027803803,-0.05716267,2.8448866807507573,-2.5656340004316642,-4.014257279586958,-4.310963252425994,-0.021050728323194046,0.19488176063816437
1,2,0.1319577693939209,"(np.float64(0.05428808997301487), np.float64(0.19249104729072947))",0.09830246,-0.0007843971,2.7576202181510405,-2.670353755551324,-4.014257279586958,-4.310963252425994,-0.006544606304589196,0.19463825427878623
1,2,0.1487290859222412,"(np.float64(0.05428808997301487), np.float64(0.19249104729072947))",0.16462632,0.022173692,2.705260340591211,-2.705260340591211,-4.118977034706618,-4.310963252425994,7.271002311626251e-07,0.1958287263088898
1,2,0.16543912887573242,"(np.float64(0.05428808997301487), np.float64(0.19249104729072947))",0.31725463,0.15565911,2.6179938779914944,-2.792526803190927,-4.014257279586958,-4.118977034706618,0.013163091714678672,0.19545903398011266
1,2,0.18245482444763184,"(np.float64(0.05428808997301487), np.float64(0.19249104729072947))",0.3572712,0.23114033,2.5830872929516078,-2.8448866807507573,-3.822271061867582,-3.822271061867582,0.019621665450382797,0.1939070228808355
1,2,0.19940614700317383,"(np.float64(0.05428808997301487), np.float64(0.19249104729072947))",0.42056236,0.56000215,2.4958208303518914,-2.9321531433504737,-3.351032163829113,-3.543018381548489,0.032663582670306404,0.19243829482832603
1,2,0.21635198593139648,"(np.float64(0.05428808997301487), np.float64(0.19249104729072947))",0.394965,0.6026117,2.4609142453120048,-2.9670597283903604,-2.9670597283903604,-3.246312408709453,0.0378646078848864,0.1916439550424172
1,2,0.23426032066345215,"(np.float64(0.05428808997301487), np.float64(0.19249104729072947))",0.2875971,0.48683855,2.4085543677521746,-3.01941960595019,-2.2863813201125716,-2.007128639793479,0.04564420279064512,0.19022876299378666
1,2,0.2486584186553955,"(np.float64(0.05428808997301487), np.float64(0.19249104729072947))",0.110201456,0.13535348,2.3736477827122884,-3.036872898470133,-1.3264502315156905,-0.6632251157578453,0.04980840453490498,0.19046940313666036
1,2,0.2663087844848633,"(np.float64(0.05428808997301487), np.float64(0.19249104729072947))",0.088298224,0.080367856,2.356194490192345,-3.0543261909900767,-1.1344640137963142,-0.08726646259971647,0.052403527546971904,0.18988734114849584
1,2,0.2818295955657959,"(np.float64(0.05428808997301487), np.float64(0.19249104729072947))",0.07988186,0.051467516,2.3387411976724017,-3.0543261909900767,-0.8552113334772214,0.08726646259971647,0.054005498151373135,0.19062782702620212
1,2,0.2989473342895508,"(np.float64(0.05428808997301487), np.float64(0.19249104729072947))",0.085203744,0.0054361345,2.321287905152458,-3.036872898470133,-0.7504915783575618,0.2792526803190927,0.0546130110734641,0.192717104152453
1,2,0.3171803951263428,"(np.float64(0.05428808997301487), np.float64(0.19249104729072947))",0.07384415,-0.026935482,2.321287905152458,-3.036872898470133,-0.6632251157578453,0.47123889803846897,0.0546130110734641,0.192717104152453
1,2,0.33231067657470703,"(np.float64(0.05428808997301487), np.float64(0.19249104729072947))",0.08461457,0.01937027,2.303834612632515,-3.036872898470133,-0.47123889803846897,0.17453292519943295,0.056237409346590043,0.19344225653854785
1,2,0.34899044036865234,"(np.float64(0.05428808997301487), np.float64(0.19249104729072947))",0.0790144,0.03781128,2.303834612632515,-3.036872898470133,-0.2792526803190927,0.0,0.056237409346590043,0.19344225653854785
1,2,0.36689305305480957,"(np.float64(0.05428808997301487), np.float64(0.19249104729072947))",0.07324791,0.032331657,2.303834612632515,-3.036872898470133,-0.17453292519943295,0.0,0.056237409346590043,0.19344225653854785
1,2,0.38091564178466797,"(np.float64(0.05428808997301487), np.float64(0.19249104729072947))",0.0646637,0.029558754,2.2863813201125716,-3.036872898470133,0.08726646259971647,0.0,0.05787274233202506,0.19415489046511353
1,2,0.39731860160827637,"(np.float64(0.05428808997301487), np.float64(0.19249104729072947))",0.057614136,0.019904708,2.303834612632515,-3.036872898470133,0.08726646259971647,0.0,0.056237409346590043,0.19344225653854785
1,2,0.4118516445159912,"(np.float64(0.05428808997301487), np.float64(0.19249104729072947))",0.057614136,0.019904708,2.303834612632515,-3.036872898470133,0.08726646259971647,0.0,0.056237409346590043,0.19344225653854785
1,2,0.4253270626068115,"(np.float64(0.05428808997301487), np.float64(0.19249104729072947))",0.057614136,0.019904708,2.303834612632515,-3.036872898470133,0.08726646259971647,0.0,0.056237409346590043,0.19344225653854785
1,2,0.4386708736419678,"(np.float64(0.05428808997301487), np.float64(0.19249104729072947))",0.057614136,0.019904708,2.303834612632515,-3.036872898470133,0.08726646259971647,0.0,0.056237409346590043,0.19344225653854785
1,2,0.453662633895874,"(np.float64(0.05428808997301487), np.float64(0.19249104729072947))",0.06311341,0.024002839,2.303834612632515,-3.036872898470133,0.0,0.0,0.056237409346590043,0.19344225653854785
1,2,0.4668567180633545,"(np.float64(0.05428808997301487), np.float64(0.19249104729072947))",0.064319424,0.05192051,2.303834612632515,-3.036872898470133,0.0,-0.17453292519943295,0.056237409346590043,0.19344225653854785
1,2,0.481212854385376,"(np.float64(0.05428808997301487), np.float64(0.19249104729072947))",0.06311341,0.024002839,2.303834612632515,-3.036872898470133,0.0,0.0,0.056237409346590043,0.19344225653854785
1,2,0.49677467346191406,"(np.float64(0.05428808997301487), np.float64(0.19249104729072947))",0.06311341,0.024002839,2.303834612632515,-3.036872898470133,0.0,0.0,0.056237409346590043,0.19344225653854785
1,2,0.5101006031036377,"(np.float64(0.05428808997301487), np.float64(0.19249104729072947))",0.060597993,0.01103077,2.303834612632515,-3.036872898470133,0.0,0.08726646259971647,0.056237409346590043,0.19344225653854785
1,2,0.5233492851257324,"(np.float64(0.05428808997301487), np.float64(0.19249104729072947))",0.0790144,0.03781128,2.303834612632515,-3.036872898470133,-0.2792526803190927,0.0,0.056237409346590043,0.19344225653854785
1,2,0.5366451740264893,"(np.float64(0.05428808997301487), np.float64(0.19249104729072947))",0.06311341,0.024002839,2.303834612632515,-3.036872898470133,0.0,0.0,0.056237409346590043,0.19344225653854785
1,2,0.5503695011138916,"(np.float64(0.05428808997301487), np.float64(0.19249104729072947))",0.06311341,0.024002839,2.303834612632515,-3.036872898470133,0.0,0.0,0.056237409346590043,0.19344225653854785
1,2,0.5631623268127441,"(np.float64(0.05428808997301487), np.float64(0.19249104729072947))",0.06311341,0.024002839,2.303834612632515,-3.036872898470133,0.0,0.0,0.056237409346590043,0.19344225653854785
1,2,0.5786557197570801,"(np.float64(0.05428808997301487), np.float64(0.19249104729072947))",0.06311341,0.024002839,2.303834612632515,-3.036872898470133,0.0,0.0,0.056237409346590043,0.19344225653854785
1,2,0.5924644470214844,"(np.float64(0.05428808997301487), np.float64(0.19249104729072947))",0.06311341,0.024002839,2.303834612632515,-3.036872898470133,0.0,0.0,0.056237409346590043,0.19344225653854785
1,2,0.6056759357452393,"(np.float64(0.05428808997301487), np.float64(0.19249104729072947))",0.06311341,0.024002839,2.303834612632515,-3.036872898470133,0.0,0.0,0.056237409346590043,0.19344225653854785
1,2,0.6182653903961182,"(np.float64(0.05428808997301487), np.float64(0.19249104729072947))",0.06311341,0.024002839,2.303834612632515,-3.036872898470133,0.0,0.0,0.056237409346590043,0.19344225653854785
1,2,0.6320326328277588,"(np.float64(0.05428808997301487), np.float64(0.19249104729072947))",0.06311341,0.024002839,2.303834612632515,-3.036872898470133,0.0,0.0,0.056237409346590043,0.19344225653854785
1,2,0.6463108062744141,"(np.float64(0.05428808997301487), np.float64(0.19249104729072947))",0.08066864,0.052511215,2.303834612632515,-3.036872898470133,-0.2792526803190927,-0.08726646259971647,0.056237409346590043,0.19344225653854785
1,2,0.6633033752441406,"(np.float64(0.05428808997301487), np.float64(0.19249104729072947))",0.068369105,0.028037263,2.303834612632515,-3.036872898470133,-0.08726646259971647,0.0,0.056237409346590043,0.19344225653854785
1,2,0.6751368045806885,"(np.float64(0.05428808997301487), np.float64(0.19249104729072947))",0.06311341,0.024002839,2.303834612632515,-3.036872898470133,0.0,0.0,0.056237409346590043,0.19344225653854785
1,2,0.6899099349975586,"(np.float64(0.05428808997301487), np.float64(0.19249104729072947))",0.06311341,0.024002839,2.303834612632515,-3.036872898470133,0.0,0.0,0.056237409346590043,0.19344225653854785
1,2,0.7024304866790771,"(np.float64(0.05428808997301487), np.float64(0.19249104729072947))",0.06311341,0.024002839,2.303834612632515,-3.036872898470133,0.0,0.0,0.056237409346590043,0.19344225653854785
1,2,0.7154295444488525,"(np.float64(0.05428808997301487), np.float64(0.19249104729072947))",0.06311341,0.024002839,2.303834612632515,-3.036872898470133,0.0,0.0,0.056237409346590043,0.19344225653854785
1,2,0.7298223972320557,"(np.float64(0.05428808997301487), np.float64(0.19249104729072947))",0.063902095,0.037542727,2.303834612632515,-3.036872898470133,0.0,-0.08726646259971647,0.056237409346590043,0.19344225653854785
1,2,0.7437796592712402,"(np.float64(0.05428808997301487), np.float64(0.19249104729072947))",0.06311341,0.024002839,2.303834612632515,-3.036872898470133,0.0,0.0,0.056237409346590043,0.19344225653854785
1,2,0.7562007904052734,"(np.float64(0.05428808997301487), np.float64(0.19249104729072947))",0.06311341,0.024002839,2.303834612632515,-3.036872898470133,0.0,0.0,0.056237409346590043,0.19344225653854785
1,2,0.7704312801361084,"(np.float64(0.05428808997301487), np.float64(0.19249104729072947))",0.06311341,0.024002839,2.303834612632515,-3.036872898470133,0.0,0.0,0.056237409346590043,0.19344225653854785
1,2,0.7855269908905029,"(np.float64(0.05428808997301487), np.float64(0.19249104729072947))",0.06311341,0.024002839,2.303834612632515,-3.036872898470133,0.0,0.0,0.056237409346590043,0.19344225653854785
1,2,0.7985043525695801,"(np.float64(0.05428808997301487), np.float64(0.19249104729072947))",0.06311341,0.024002839,2.303834612632515,-3.036872898470133,0.0,0.0,0.056237409346590043,0.19344225653854785
1,2,0.8137049674987793,"(np.float64(0.05428808997301487), np.float64(0.19249104729072947))",0.063902095,0.037542727,2.303834612632515,-3.036872898470133,0.0,-0.08726646259971647,0.056237409346590043,0.19344225653854785
1,2,0.82733154296875,"(np.float64(0.05428808997301487), np.float64(0.19249104729072947))",0.06311341,0.024002839,2.303834612632515,-3.036872898470133,0.0,0.0,0.056237409346590043,0.19344225653854785
1,2,0.8394842147827148,"(np.float64(0.05428808997301487), np.float64(0.19249104729072947))",0.06311341,0.024002839,2.303834612632515,-3.036872898470133,0.0,0.0,0.056237409346590043,0.19344225653854785
1,2,0.853621244430542,"(np.float64(0.05428808997301487), np.float64(0.19249104729072947))",0.06311341,0.024002839,2.303834612632515,-3.036872898470133,0.0,0.0,0.056237409346590043,0.19344225653854785
1,2,0.8673088550567627,"(np.float64(0.05428808997301487), np.float64(0.19249104729072947))",0.06311341,0.024002839,2.303834612632515,-3.036872898470133,0.0,0.0,0.056237409346590043,0.19344225653854785
1,2,0.8834104537963867,"(np.float64(0.05428808997301487), np.float64(0.19249104729072947))",0.06311341,0.024002839,2.303834612632515,-3.036872898470133,0.0,0.0,0.056237409346590043,0.19344225653854785
1,2,0.8977978229522705,"(np.float64(0.05428808997301487), np.float64(0.19249104729072947))",0.06311341,0.024002839,2.303834612632515,-3.036872898470133,0.0,0.0,0.056237409346590043,0.19344225653854785
1,2,0.9142074584960938,"(np.float64(0.05428808997301487), np.float64(0.19249104729072947))",0.06311341,0.024002839,2.303834612632515,-3.036872898470133,0.0,0.0,0.056237409346590043,0.19344225653854785
1,2,0.9290590286254883,"(np.float64(0.05428808997301487), np.float64(0.19249104729072947))",0.06311341,0.024002839,2.303834612632515,-3.036872898470133,0.0,0.0,0.056237409346590043,0.19344225653854785
1,2,0.942889928817749,"(np.float64(0.05428808997301487), np.float64(0.19249104729072947))",0.06311341,0.024002839,2.303834612632515,-3.036872898470133,0.0,0.0,0.056237409346590043,0.19344225653854785
1,2,0.9571831226348877,"(np.float64(0.05428808997301487), np.float64(0.19249104729072947))",0.06311341,0.024002839,2.303834612632515,-3.036872898470133,0.0,0.0,0.056237409346590043,0.19344225653854785
1,2,0.9701900482177734,"(np.float64(0.05428808997301487), np.float64(0.19249104729072947))",0.057614136,0.019904708,2.303834612632515,-3.036872898470133,0.08726646259971647,0.0,0.056237409346590043,0.19344225653854785
1,2,0.9845407009124756,"(np.float64(0.05428808997301487), np.float64(0.19249104729072947))",0.06311341,0.024002839,2.303834612632515,-3.036872898470133,0.0,0.0,0.056237409346590043,0.19344225653854785
1,2,0.9989593029022217,"(np.float64(0.05428808997301487), np.float64(0.19249104729072947))",0.06311341,0.024002839,2.303834612632515,-3.036872898470133,0.0,0.0,0.056237409346590043,0.19344225653854785
2,1,0.0,"(np.float64(-0.08014976662062823), np.float64(0.1832375914234272))",0.0063720704,-0.020235633,2.1642082724729685,-3.193952531149623,0.0,0.0,0.07809187095748914,0.18578194970391418
2,1,0.016211509704589844,"(np.float64(-0.08014976662062823), np.float64(0.1832375914234272))",1.1277962,1.2893661,2.1642082724729685,-3.193952531149623,0.0,0.0,0.07809187095748914,0.18578194970391418
2,1,0.03259587287902832,"(np.float64(-0.08014976662062823), np.float64(0.1832375914234272))",1.1277962,1.2893661,2.1642082724729685,-3.193952531149623,0.0,0.0,0.07809187095748914,0.18578194970391418
2,1,0.047751426696777344,"(np.float64(-0.08014976662062823), np.float64(0.1832375914234272))",1.0086405,1.239608,2.1642082724729685,-3.193952531149623,0.9424777960769379,1.1344640137963142,0.07809187095748914,0.18578194970391418
2,1,0.060720205307006836,"(np.float64(-0.08014976662062823), np.float64(0.1832375914234272))",0.918375,1.0789617,2.199114857512855,-3.141592653589793,2.3911010752322315,3.351032163829113,0.07200857841460331,0.18897320871573503
2,1,0.07352018356323242,"(np.float64(-0.08014976662062823), np.float64(0.1832375914234272))",0.8330622,0.874498,2.234021442552742,-3.0892327760299634,3.0543261909900767,4.50294947014537,0.06581666951793377,0.19199849923740325
2,1,0.08703327178955078,"(np.float64(-0.08014976662062823), np.float64(0.1832375914234272))",0.68392754,0.6090725,2.2689280275926285,-3.036872898470133,3.543018381548489,4.974188368183839,0.05951869779084225,0.1948547290364941
2,1,0.10072898864746094,"(np.float64(-0.08014976662062823), np.float64(0.1832375914234272))",0.39951688,0.22533666,2.303834612632515,-2.9845130209103035,4.2062434973063345,5.846852994181004,0.0531173443102783,0.19753855295339456
2,1,0.11513972282409668,"(np.float64(-0.08014976662062823), np.float64(0.1832375914234272))",0.041539576,-0.023261834,2.4085543677521746,-2.8448866807507573,5.078908123303499,6.894050545377602,0.03452425709311773,0.20323982516954964
2,1,0.13142013549804688,"(np.float64(-0.08014976662062823), np.float64(0.1832375914234272))",-0.0019648552,-0.20989704,2.4609142453120048,-2.7576202181510405,5.270894341022875,7.173303225696695,0.023751034028730467,0.2067672014481693
2,1,0.14608526229858398,"(np.float64(-0.08014976662062823), np.float64(0.1832375914234272))",0.015345955,-0.44235572,2.5656340004316642,-2.6179938779914944,4.694935687864747,7.278022980816354,0.0042386098093843624,0.21010200970145965
2,1,0.16171789169311523,"(np.float64(-0.08014976662062823), np.float64(0.1832375914234272))",0.017943,-0.5502891,2.6179938779914944,-2.530727415391778,4.39822971502571,7.086036763096978,-0.007134548862797012,0.2122298686286121
2,1,0.17484688758850098,"(np.float64(-0.08014976662062823), np.float64(0.1832375914234272))",0.0032339096,-0.60838777,2.670353755551324,-2.4609142453120048,4.2062434973063345,6.702064327658226,-0.01719659567621959,0.21282292034749462
2,1,0.1872570514678955,"(np.float64(-0.08014976662062823), np.float64(0.1832375914234272))",0.0014703751,-0.64412034,2.705260340591211,-2.3911010752322315,3.9269908169872414,6.230825429619756,-0.026020482646068085,0.2142312637463064
2,1,0.20146799087524414,"(np.float64(-0.08014976662062823), np.float64(0.1832375914234272))",-0.10653906,-0.7624121,2.792526803190927,-2.251474735072685,3.735004599267865,5.1661745859032155,-0.04530168514699902,0.2146878837105658
2,1,0.21586394309997559,"(np.float64(-0.08014976662062823), np.float64(0.1832375914234272))",-0.14202309,-0.81359625,2.827433388230814,-2.199114857512855,3.543018381548489,4.590215932745087,-0.05275970202511375,0.21427188558859306
2,1,0.23115873336791992,"(np.float64(-0.08014976662062823), np.float64(0.1832375914234272))",-0.19099389,-0.8492622,2.8623399732707004,-2.1642082724729685,3.4382986264288293,4.2062434973063345,-0.05854135913276943,0.21293437128707945
2,1,0.2454066276550293,"(np.float64(-0.08014976662062823), np.float64(0.1832375914234272))",-0.18301164,-0.60620546,2.9321531433504737,-2.0943951023931953,3.0543261909900767,2.5830872929516078,-0.07002460682636574,0.2098340188440429
2,1,0.2583281993865967,"(np.float64(-0.08014976662062823), np.float64(0.1832375914234272))",-0.20115376,-0.5456709,2.9670597283903604,-2.059488517353309,3.0543261909900767,1.710422666954443,-0.07572065954315332,0.2080706726813559
2,1,0.2731809616088867,"(np.float64(-0.08014976662062823), np.float64(0.1832375914234272))",-0.23049393,-0.46466485,3.001966313430247,-2.059488517353309,3.0543261909900767,1.0471975511965976,-0.07788121457668679,0.2051258314842782
2,1,0.28716039657592773,"(np.float64(-0.08014976662062823), np.float64(0.1832375914234272))",-0.26390144,-0.4015397,3.07177948351002,-2.0420352248333655,2.5830872929516078,0.47123889803846897,-0.08374771587784685,0.1996848179690397
2,1,0.30130887031555176,"(np.float64(-0.08014976662062823), np.float64(0.1832375914234272))",-0.18923159,-0.22830705,3.0892327760299634,-2.0420352248333655,2.3911010752322315,-0.5585053606381855,-0.08473348332254216,0.1981847368653354
2,1,0.31738924980163574,"(np.float64(-0.08014976662062823), np.float64(0.1832375914234272))",-0.22377129,-0.21337748,3.12413936106985,-2.0420352248333655,2.2863813201125716,-0.6632251157578453,-0.0866523919569237,0.19517758813739622
2,1,0.33339858055114746,"(np.float64(-0.08014976662062823), np.float64(0.1832375914234272))",-0.13201295,-0.14746152,3.1590459461097367,-2.059488517353309,1.710422666954443,-0.8552113334772214,-0.08674059999466983,0.19171026315435785
2,1,0.3487129211425781,"(np.float64(-0.08014976662062823), np.float64(0.1832375914234272))",-0.09479809,-0.13609333,3.1764992386296798,-2.076941809873252,1.4311699866353502,-0.7504915783575618,-0.0858824994205867,0.18975062786457741
2,1,0.3662090301513672,"(np.float64(-0.08014976662062823), np.float64(0.1832375914234272))",-0.022428894,-0.07562037,3.2114058236695664,-2.0943951023931953,0.9424777960769379,-0.8552113334772214,-0.08587311443949656,0.18631108024093918
2,1,0.381730318069458,"(np.float64(-0.08014976662062823), np.float64(0.1832375914234272))",0.022497369,-0.06097288,3.2114058236695664,-2.0943951023931953,0.7504915783575618,-0.9424777960769379,-0.08587311443949656,0.18631108024093918
2,1,0.39722752571105957,"(np.float64(-0.08014976662062823), np.float64(0.1832375914234272))",0.030573463,-0.022789765,3.2288591161895095,-2.129301687433082,0.6632251157578453,-0.9424777960769379,-0.08323833765032179,0.18388978571520043
2,1,0.41160082817077637,"(np.float64(-0.08014976662062823), np.float64(0.1832375914234272))",0.06314945,-0.048304748,3.2288591161895095,-2.129301687433082,0.47123889803846897,-0.7504915783575618,-0.08323833765032179,0.18388978571520043
2,1,0.42470693588256836,"(np.float64(-0.08014976662062823), np.float64(0.1832375914234272))",0.059708025,-0.055786133,3.246312408709453,-2.1467549799530254,0.3665191429188092,-0.5585053606381855,-0.0823365793608766,0.18194553224606827
2,1,0.4388296604156494,"(np.float64(-0.08014976662062823), np.float64(0.1832375914234272))",0.07608185,-0.06796761,3.246312408709453,-2.1467549799530254,0.2792526803190927,-0.47123889803846897,-0.0823365793608766,0.18194553224606827
2,1,0.45136022567749023,"(np.float64(-0.08014976662062823), np.float64(0.1832375914234272))",0.12651634,-0.03490038,3.246312408709453,-2.1642082724729685,0.08726646259971647,-0.5585053606381855,-0.08061758140285166,0.18144924521194922
2,1,0.4656093120574951,"(np.float64(-0.08014976662062823), np.float64(0.1832375914234272))",0.14031677,-0.04756775,3.246312408709453,-2.1642082724729685,0.0,-0.47123889803846897,-0.08061758140285166,0.18144924521194922
2,1,0.4825582504272461,"(np.float64(-0.08014976662062823), np.float64(0.1832375914234272))",0.12961368,-0.09112129,3.246312408709453,-2.1642082724729685,0.0,-0.17453292519943295,-0.08061758140285166,0.18144924521194922
2,1,0.49913573265075684,"(np.float64(-0.08014976662062823), np.float64(0.1832375914234272))",0.1389389,-0.11653309,3.246312408709453,-2.1642082724729685,-0.08726646259971647,0.0,-0.08061758140285166,0.18144924521194922
2,1,0.515160322189331,"(np.float64(-0.08014976662062823), np.float64(0.1832375914234272))",0.1263258,-0.103909396,3.246312408709453,-2.1642082724729685,0.0,-0.08726646259971647,-0.08061758140285166,0.18144924521194922
2,1,0.5317986011505127,"(np.float64(-0.08014976662062823), np.float64(0.1832375914234272))",0.101807214,-0.11687088,3.246312408709453,-2.1642082724729685,0.08726646259971647,0.0,-0.08061758140285166,0.18144924521194922
2,1,0.5470893383026123,"(np.float64(-0.08014976662062823), np.float64(0.1832375914234272))",0.068309404,-0.09248886,3.246312408709453,-2.1642082724729685,0.2792526803190927,-0.17453292519943295,-0.08061758140285166,0.18144924521194922
2,1,0.5611035823822021,"(np.float64(-0.08014976662062823), np.float64(0.1832375914234272))",0.13369007,-0.08395024,3.246312408709453,-2.181661564992912,0.0,-0.08726646259971647,-0.07890755265362324,0.18093895294078305
2,1,0.5750625133514404,"(np.float64(-0.08014976662062823), np.float64(0.1832375914234272))",0.13006592,-0.09665928,3.246312408709453,-2.181661564992912,0.0,0.0,-0.07890755265362324,0.18093895294078305
2,1,0.589163064956665,"(np.float64(-0.08014976662062823), np.float64(0.1832375914234272))",0.14746533,-0.096113496,3.246312408709453,-2.181661564992912,-0.08726646259971647,0.0,-0.07890755265362324,0.18093895294078305
2,1,0.6022043228149414,"(np.float64(-0.08014976662062823), np.float64(0.1832375914234272))",0.17302628,-0.09303808,3.246312408709453,-2.181661564992912,-0.2792526803190927,0.0,-0.07890755265362324,0.18093895294078305
2,1,0.6149551868438721,"(np.float64(-0.08014976662062823), np.float64(0.1832375914234272))",0.13369007,-0.08395024,3.246312408709453,-2.181661564992912,0.0,-0.08726646259971647,-0.07890755265362324,0.18093895294078305
2,1,0.6315696239471436,"(np.float64(-0.08014976662062823), np.float64(0.1832375914234272))",0.075732045,-0.07326498,3.246312408709453,-2.181661564992912,0.2792526803190927,-0.17453292519943295,-0.07890755265362324,0.18093895294078305
2,1,0.6502354145050049,"(np.float64(-0.08014976662062823), np.float64(0.1832375914234272))",0.1154192,-0.084499456,3.246312408709453,-2.181661564992912,0.08726646259971647,-0.08726646259971647,-0.07890755265362324,0.18093895294078305
2,1,0.6663813591003418,"(np.float64(-0.08014976662062823), np.float64(0.1832375914234272))",0.13006592,-0.09665928,3.246312408709453,-2.181661564992912,0.0,0.0,-0.07890755265362324,0.18093895294078305
2,1,0.6821897029876709,"(np.float64(-0.08014976662062823), np.float64(0.1832375914234272))",0.13369007,-0.08395024,3.246312408709453,-2.181661564992912,0.0,-0.08726646259971647,-0.07890755265362324,0.18093895294078305
2,1,0.6974153518676758,"(np.float64(-0.08014976662062823), np.float64(0.1832375914234272))",0.13006592,-0.09665928,3.246312408709453,-2.181661564992912,0.0,0.0,-0.07890755265362324,0.18093895294078305
2,1,0.7128028869628906,"(np.float64(-0.08014976662062823), np.float64(0.1832375914234272))",0.14746533,-0.096113496,3.246312408709453,-2.181661564992912,-0.08726646259971647,0.0,-0.07890755265362324,0.18093895294078305
2,1,0.728264331817627,"(np.float64(-0.08014976662062823), np.float64(0.1832375914234272))",0.11023331,-0.097165585,3.246312408709453,-2.181661564992912,0.08726646259971647,0.0,-0.07890755265362324,0.18093895294078305
2,1,0.744086742401123,"(np.float64(-0.08014976662062823), np.float64(0.1832375914234272))",0.08918228,-0.09780474,3.246312408709453,-2.181661564992912,0.17453292519943295,0.0,-0.07890755265362324,0.18093895294078305
2,1,0.7575888633728027,"(np.float64(-0.08014976662062823), np.float64(0.1832375914234272))",0.13006592,-0.09665928,3.246312408709453,-2.181661564992912,0.0,0.0,-0.07890755265362324,0.18093895294078305
2,1,0.7709412574768066,"(np.float64(-0.08014976662062823), np.float64(0.1832375914234272))",0.13006592,-0.09665928,3.246312408709453,-2.181661564992912,0.0,0.0,-0.07890755265362324,0.18093895294078305
2,1,0.7838656902313232,"(np.float64(-0.08014976662062823), np.float64(0.1832375914234272))",0.13006592,-0.09665928,3.246312408709453,-2.181661564992912,0.0,0.0,-0.07890755265362324,0.18093895294078305
2,1,0.7993156909942627,"(np.float64(-0.08014976662062823), np.float64(0.1832375914234272))",0.13006592,-0.09665928,3.246312408709453,-2.181661564992912,0.0,0.0,-0.07890755265362324,0.18093895294078305
2,1,0.816171407699585,"(np.float64(-0.08014976662062823), np.float64(0.1832375914234272))",0.13006592,-0.09665928,3.246312408709453,-2.181661564992912,0.0,0.0,-0.07890755265362324,0.18093895294078305
2,1,0.8329226970672607,"(np.float64(-0.08014976662062823), np.float64(0.1832375914234272))",0.13006592,-0.09665928,3.246312408709453,-2.181661564992912,0.0,0.0,-0.07890755265362324,0.18093895294078305
2,1,0.8489725589752197,"(np.float64(-0.08014976662062823), np.float64(0.1832375914234272))",0.13006592,-0.09665928,3.246312408709453,-2.181661564992912,0.0,0.0,-0.07890755265362324,0.18093895294078305
2,1,0.8651058673858643,"(np.float64(-0.08014976662062823), np.float64(0.1832375914234272))",0.13006592,-0.09665928,3.246312408709453,-2.181661564992912,0.0,0.0,-0.07890755265362324,0.18093895294078305
2,1,0.882256031036377,"(np.float64(-0.08014976662062823), np.float64(0.1832375914234272))",0.13006592,-0.09665928,3.246312408709453,-2.181661564992912,0.0,0.0,-0.07890755265362324,0.18093895294078305
2,1,0.8960263729095459,"(np.float64(-0.08014976662062823), np.float64(0.1832375914234272))",0.13006592,-0.09665928,3.246312408709453,-2.181661564992912,0.0,0.0,-0.07890755265362324,0.18093895294078305
2,1,0.910480260848999,"(np.float64(-0.08014976662062823), np.float64(0.1832375914234272))",0.13006592,-0.09665928,3.246312408709453,-2.181661564992912,0.0,0.0,-0.07890755265362324,0.18093895294078305
2,1,0.9234392642974854,"(np.float64(-0.08014976662062823), np.float64(0.1832375914234272))",0.13006592,-0.09665928,3.246312408709453,-2.181661564992912,0.0,0.0,-0.07890755265362324,0.18093895294078305
2,1,0.9372930526733398,"(np.float64(-0.08014976662062823), np.float64(0.1832375914234272))",0.13006592,-0.09665928,3.246312408709453,-2.181661564992912,0.0,0.0,-0.07890755265362324,0.18093895294078305
2,1,0.9502029418945312,"(np.float64(-0.08014976662062823), np.float64(0.1832375914234272))",0.13006592,-0.09665928,3.246312408709453,-2.181661564992912,0.0,0.0,-0.07890755265362324,0.18093895294078305
2,1,0.9657998085021973,"(np.float64(-0.08014976662062823), np.float64(0.1832375914234272))",0.13006592,-0.09665928,3.246312408709453,-2.181661564992912,0.0,0.0,-0.07890755265362324,0.18093895294078305
2,1,0.9826886653900146,"(np.float64(-0.08014976662062823), np.float64(0.1832375914234272))",0.13006592,-0.09665928,3.246312408709453,-2.181661564992912,0.0,0.0,-0.07890755265362324,0.18093895294078305
2,1,0.997286319732666,"(np.float64(-0.08014976662062823), np.float64(0.1832375914234272))",0.13006592,-0.09665928,3.246312408709453,-2.181661564992912,0.0,0.0,-0.07890755265362324,0.18093895294078305
2,2,0.0,"(np.float64(0.08014976662062823), np.float64(0.1832375914234272))",0.13006592,-0.09665928,3.246312408709453,-2.181661564992912,0.0,0.0,-0.07890755265362324,0.18093895294078305
2,2,0.013942480087280273,"(np.float64(0.08014976662062823), np.float64(0.1832375914234272))",-1.1057763,-1.3854725,3.246312408709453,-2.181661564992912,0.0,0.0,-0.07890755265362324,0.18093895294078305
2,2,0.02803635597229004,"(np.float64(0.08014976662062823), np.float64(0.1832375914234272))",-1.1057763,-1.3854725,3.246312408709453,-2.181661564992912,0.0,0.0,-0.07890755265362324,0.18093895294078305
2,2,0.04105257987976074,"(np.float64(0.08014976662062823), np.float64(0.1832375914234272))",-1.1057763,-1.3854725,3.246312408709453,-2.181661564992912,0.0,0.0,-0.07890755265362324,0.18093895294078305
2,2,0.05682086944580078,"(np.float64(0.08014976662062823), np.float64(0.1832375914234272))",-0.45983258,-1.0366496,3.2288591161895095,-2.199114857512855,-2.0943951023931953,-1.8151424220741028,-0.07638221415240107,0.18183884401847442
2,2,0.07231259346008301,"(np.float64(0.08014976662062823), np.float64(0.1832375914234272))",-0.31920233,-0.8206642,3.193952531149623,-2.234021442552742,-3.246312408709453,-2.670353755551324,-0.07131217027996117,0.18354483106127578
2,2,0.08789753913879395,"(np.float64(0.08014976662062823), np.float64(0.1832375914234272))",-0.23673859,-0.38921243,3.1066860685499065,-2.303834612632515,-4.014257279586958,-4.39822971502571,-0.0601627956563698,0.18795776681580129
2,2,0.10050392150878906,"(np.float64(0.08014976662062823), np.float64(0.1832375914234272))",-0.1980774,-0.32188836,3.07177948351002,-2.356194490192345,-4.2062434973063345,-4.974188368183839,-0.05339219925187795,0.1885432519545175
2,2,0.11461114883422852,"(np.float64(0.08014976662062823), np.float64(0.1832375914234272))",-0.15940838,-0.2783292,3.01941960595019,-2.4085543677521746,-4.590215932745087,-5.078908123303499,-0.04564420850505993,0.19022876597625377
2,2,0.1283731460571289,"(np.float64(0.08014976662062823), np.float64(0.1832375914234272))",-0.06298723,-0.19219695,2.91469985083053,-2.530727415391778,-5.078908123303499,-5.462880558742252,-0.028587704673185756,0.19187581863998449
2,2,0.14253473281860352,"(np.float64(0.08014976662062823), np.float64(0.1832375914234272))",-0.017173862,-0.16032267,2.8623399732707004,-2.5830872929516078,-4.974188368183839,-5.358160803622591,-0.02080511349610365,0.19270430994504856
2,2,0.15679049491882324,"(np.float64(0.08014976662062823), np.float64(0.1832375914234272))",0.074617766,-0.10311117,2.8099800957108707,-2.6354471705114375,-5.270894341022875,-5.462880558742252,-0.013009168005943948,0.19327034338832882
2,2,0.1728508472442627,"(np.float64(0.08014976662062823), np.float64(0.1832375914234272))",0.16830082,-0.07070809,2.705260340591211,-2.705260340591211,-5.358160803622591,-5.358160803622591,7.271002311626251e-07,0.1958287263088898
2,2,0.18753767013549805,"(np.float64(0.08014976662062823), np.float64(0.1832375914234272))",0.31286317,-0.0004908562,2.6354471705114375,-2.8099800957108707,-5.550147021341968,-5.1661745859032155,0.013009216235071688,0.19327146250122973
2,2,0.20201992988586426,"(np.float64(0.08014976662062823), np.float64(0.1832375914234272))",0.3438715,0.05477028,2.5830872929516078,-2.8623399732707004,-5.270894341022875,-5.078908123303499,0.020804573072100756,0.19270575559884556
2,2,0.21508502960205078,"(np.float64(0.08014976662062823), np.float64(0.1832375914234272))",0.4999363,0.47433376,2.4609142453120048,-2.9670597283903604,-4.886921905584122,-4.694935687864747,0.0378646078848864,0.1916439550424172
2,2,0.22808098793029785,"(np.float64(0.08014976662062823), np.float64(0.1832375914234272))",0.5762028,0.65188944,2.4085543677521746,-3.01941960595019,-4.782202150464463,-4.590215932745087,0.04564420279064512,0.19022876299378666
2,2,0.24109339714050293,"(np.float64(0.08014976662062823), np.float64(0.1832375914234272))",0.49707794,0.638406,2.3736477827122884,-3.07177948351002,-4.118977034706618,-4.014257279586958,0.05180181698624825,0.18780018487116254
2,2,0.2560744285583496,"(np.float64(0.08014976662062823), np.float64(0.1832375914234272))",0.46435317,0.5815441,2.321287905152458,-3.1066860685499065,-3.6302848441482056,-3.351032163829113,0.05853688070925008,0.18726819233676098
2,2,0.2723257541656494,"(np.float64(0.08014976662062823), np.float64(0.1832375914234272))",0.29164353,0.32056046,2.251474735072685,-3.1590459461097367,-2.5830872929516078,-1.9024088846738192,0.06787760108180224,0.18575100462040395
2,2,0.28914856910705566,"(np.float64(0.08014976662062823), np.float64(0.1832375914234272))",0.20376034,0.12706947,2.234021442552742,-3.1764992386296798,-2.2863813201125716,-1.0471975511965976,0.07043812524698477,0.18495333501834443
2,2,0.3015873432159424,"(np.float64(0.08014976662062823), np.float64(0.1832375914234272))",0.08560105,0.0104105,2.199114857512855,-3.193952531149623,-1.5184364492350666,0.0,0.07468302270161951,0.18469066839910578
2,2,0.3160431385040283,"(np.float64(0.08014976662062823), np.float64(0.1832375914234272))",0.06440621,-0.028803064,2.181661564992912,-3.193952531149623,-1.1344640137963142,0.17453292519943295,0.07638287530066695,0.18524325296657018
2,2,0.32976841926574707,"(np.float64(0.08014976662062823), np.float64(0.1832375914234272))",0.06681843,-0.04642544,2.1642082724729685,-3.1764992386296798,-1.0471975511965976,0.2792526803190927,0.07721633448425158,0.18722769616465895
2,2,0.34299468994140625,"(np.float64(0.08014976662062823), np.float64(0.1832375914234272))",0.04611702,-0.04964886,2.1467549799530254,-3.1764992386296798,-0.5585053606381855,0.2792526803190927,0.07893358363754946,0.18776147232091087
2,2,0.35537266731262207,"(np.float64(0.08014976662062823), np.float64(0.1832375914234272))",0.042717554,-0.03599472,2.1467549799530254,-3.1764992386296798,-0.47123889803846897,0.08726646259971647,0.07893358363754946,0.18776147232091087
2,2,0.3718540668487549,"(np.float64(0.08014976662062823), np.float64(0.1832375914234272))",0.0304245,-0.030079175,2.1467549799530254,-3.1764992386296798,-0.2792526803190927,0.0,0.07893358363754946,0.18776147232091087
2,2,0.388965368270874,"(np.float64(0.08014976662062823), np.float64(0.1832375914234272))",0.013210297,-0.027744388,2.1467549799530254,-3.1764992386296798,0.0,-0.08726646259971647,0.07893358363754946,0.18776147232091087
2,2,0.4040541648864746,"(np.float64(0.08014976662062823), np.float64(0.1832375914234272))",0.011042786,0.0026926042,2.1467549799530254,-3.1764992386296798,0.08726646259971647,-0.3665191429188092,0.07893358363754946,0.18776147232091087
2,2,0.4168117046356201,"(np.float64(0.08014976662062823), np.float64(0.1832375914234272))",0.0027095794,-0.042963028,2.1467549799530254,-3.1764992386296798,0.17453292519943295,0.0,0.07893358363754946,0.18776147232091087
2,2,0.43001770973205566,"(np.float64(0.08014976662062823), np.float64(0.1832375914234272))",-0.009775353,-0.05468836,2.1467549799530254,-3.1764992386296798,0.3665191429188092,0.0,0.07893358363754946,0.18776147232091087
2,2,0.4445466995239258,"(np.float64(0.08014976662062823), np.float64(0.1832375914234272))",0.0027095794,-0.042963028,2.1467549799530254,-3.1764992386296798,0.17453292519943295,0.0,0.07893358363754946,0.18776147232091087
2,2,0.4592928886413574,"(np.float64(0.08014976662062823), np.float64(0.1832375914234272))",0.0027095794,-0.042963028,2.1467549799530254,-3.1764992386296798,0.17453292519943295,0.0,0.07893358363754946,0.18776147232091087
2,2,0.4731900691986084,"(np.float64(0.08014976662062823), np.float64(0.1832375914234272))",-0.0076421737,-0.044638254,2.1642082724729685,-3.1764992386296798,0.17453292519943295,0.0,0.07721633448425158,0.18722769616465895
2,2,0.48846983909606934,"(np.float64(0.08014976662062823), np.float64(0.1832375914234272))",-0.0060944557,-0.026655579,2.1642082724729685,-3.1764992386296798,0.17453292519943295,-0.17453292519943295,0.07721633448425158,0.18722769616465895
2,2,0.5051884651184082,"(np.float64(0.08014976662062823), np.float64(0.1832375914234272))",-0.014928723,-0.047201443,2.1642082724729685,-3.1764992386296798,0.2792526803190927,0.0,0.07721633448425158,0.18722769616465895
2,2,0.5212891101837158,"(np.float64(0.08014976662062823), np.float64(0.1832375914234272))",-0.0019506455,-0.04250374,2.1642082724729685,-3.1764992386296798,0.08726646259971647,0.0,0.07721633448425158,0.18722769616465895
2,2,0.5362026691436768,"(np.float64(0.08014976662062823), np.float64(0.1832375914234272))",-0.0076421737,-0.044638254,2.1642082724729685,-3.1764992386296798,0.17453292519943295,0.0,0.07721633448425158,0.18722769616465895
2,2,0.5509567260742188,"(np.float64(0.08014976662062823), np.float64(0.1832375914234272))",0.0034000396,-0.04116249,2.1642082724729685,-3.1764992386296798,0.0,0.0,0.07721633448425158,0.18722769616465895
2,2,0.5641484260559082,"(np.float64(0.08014976662062823), np.float64(0.1832375914234272))",0.0034000396,-0.04116249,2.1642082724729685,-3.1764992386296798,0.0,0.0,0.07721633448425158,0.18722769616465895
2,2,0.5795667171478271,"(np.float64(0.08014976662062823), np.float64(0.1832375914234272))",0.008748627,-0.039874937,2.1642082724729685,-3.1764992386296798,-0.08726646259971647,0.0,0.07721633448425158,0.18722769616465895
2,2,0.591815710067749,"(np.float64(0.08014976662062823), np.float64(0.1832375914234272))",0.014748955,-0.03761673,2.1642082724729685,-3.1764992386296798,-0.17453292519943295,0.0,0.07721633448425158,0.18722769616465895
2,2,0.6075382232666016,"(np.float64(0.08014976662062823), np.float64(0.1832375914234272))",0.0034000396,-0.04116249,2.1642082724729685,-3.1764992386296798,0.0,0.0,0.07721633448425158,0.18722769616465895
2,2,0.6234390735626221,"(np.float64(0.08014976662062823), np.float64(0.1832375914234272))",0.0034000396,-0.04116249,2.1642082724729685,-3.1764992386296798,0.0,0.0,0.07721633448425158,0.18722769616465895
2,2,0.6375341415405273,"(np.float64(0.08014976662062823), np.float64(0.1832375914234272))",0.0034000396,-0.04116249,2.1642082724729685,-3.1764992386296798,0.0,0.0,0.07721633448425158,0.18722769616465895
2,2,0.6515793800354004,"(np.float64(0.08014976662062823), np.float64(0.1832375914234272))",-0.0076421737,-0.044638254,2.1642082724729685,-3.1764992386296798,0.17453292519943295,0.0,0.07721633448425158,0.18722769616465895
2,2,0.6659548282623291,"(np.float64(0.08014976662062823), np.float64(0.1832375914234272))",0.0034000396,-0.04116249,2.1642082724729685,-3.1764992386296798,0.0,0.0,0.07721633448425158,0.18722769616465895
2,2,0.6782951354980469,"(np.float64(0.08014976662062823), np.float64(0.1832375914234272))",0.0034000396,-0.04116249,2.1642082724729685,-3.1764992386296798,0.0,0.0,0.07721633448425158,0.18722769616465895
2,2,0.6933960914611816,"(np.float64(0.08014976662062823), np.float64(0.1832375914234272))",0.0034000396,-0.04116249,2.1642082724729685,-3.1764992386296798,0.0,0.0,0.07721633448425158,0.18722769616465895
2,2,0.7064661979675293,"(np.float64(0.08014976662062823), np.float64(0.1832375914234272))",0.0034000396,-0.04116249,2.1642082724729685,-3.1764992386296798,0.0,0.0,0.07721633448425158,0.18722769616465895
2,2,0.7203803062438965,"(np.float64(0.08014976662062823), np.float64(0.1832375914234272))",0.0034000396,-0.04116249,2.1642082724729685,-3.1764992386296798,0.0,0.0,0.07721633448425158,0.18722769616465895
2,2,0.7361862659454346,"(np.float64(0.08014976662062823), np.float64(0.1832375914234272))",0.0034000396,-0.04116249,2.1642082724729685,-3.1764992386296798,0.0,0.0,0.07721633448425158,0.18722769616465895
2,2,0.7539067268371582,"(np.float64(0.08014976662062823), np.float64(0.1832375914234272))",0.0034000396,-0.04116249,2.1642082724729685,-3.1764992386296798,0.0,0.0,0.07721633448425158,0.18722769616465895
2,2,0.7680904865264893,"(np.float64(0.08014976662062823), np.float64(0.1832375914234272))",0.0034000396,-0.04116249,2.1642082724729685,-3.1764992386296798,0.0,0.0,0.07721633448425158,0.18722769616465895
2,2,0.7808468341827393,"(np.float64(0.08014976662062823), np.float64(0.1832375914234272))",0.0034000396,-0.04116249,2.1642082724729685,-3.1764992386296798,0.0,0.0,0.07721633448425158,0.18722769616465895
2,2,0.795924186706543,"(np.float64(0.08014976662062823), np.float64(0.1832375914234272))",0.0034000396,-0.04116249,2.1642082724729685,-3.1764992386296798,0.0,0.0,0.07721633448425158,0.18722769616465895
2,2,0.8102452754974365,"(np.float64(0.08014976662062823), np.float64(0.1832375914234272))",0.0034000396,-0.04116249,2.1642082724729685,-3.1764992386296798,0.0,0.0,0.07721633448425158,0.18722769616465895
2,2,0.8232097625732422,"(np.float64(0.08014976662062823), np.float64(0.1832375914234272))",0.0034000396,-0.04116249,2.1642082724729685,-3.1764992386296798,0.0,0.0,0.07721633448425158,0.18722769616465895
2,2,0.8376436233520508,"(np.float64(0.08014976662062823), np.float64(0.1832375914234272))",0.0034000396,-0.04116249,2.1642082724729685,-3.1764992386296798,0.0,0.0,0.07721633448425158,0.18722769616465895
2,2,0.8532924652099609,"(np.float64(0.08014976662062823), np.float64(0.1832375914234272))",0.0034000396,-0.04116249,2.1642082724729685,-3.1764992386296798,0.0,0.0,0.07721633448425158,0.18722769616465895
2,2,0.8710319995880127,"(np.float64(0.08014976662062823), np.float64(0.1832375914234272))",0.0034000396,-0.04116249,2.1642082724729685,-3.1764992386296798,0.0,0.0,0.07721633448425158,0.18722769616465895
2,2,0.8851521015167236,"(np.float64(0.08014976662062823), np.float64(0.1832375914234272))",0.0034000396,-0.04116249,2.1642082724729685,-3.1764992386296798,0.0,0.0,0.07721633448425158,0.18722769616465895
2,2,0.8991982936859131,"(np.float64(0.08014976662062823), np.float64(0.1832375914234272))",0.0034000396,-0.04116249,2.1642082724729685,-3.1764992386296798,0.0,0.0,0.07721633448425158,0.18722769616465895
2,2,0.9159584045410156,"(np.float64(0.08014976662062823), np.float64(0.1832375914234272))",0.0034000396,-0.04116249,2.1642082724729685,-3.1764992386296798,0.0,0.0,0.07721633448425158,0.18722769616465895
2,2,0.9305539131164551,"(np.float64(0.08014976662062823), np.float64(0.1832375914234272))",0.0034000396,-0.04116249,2.1642082724729685,-3.1764992386296798,0.0,0.0,0.07721633448425158,0.18722769616465895
2,2,0.9446995258331299,"(np.float64(0.08014976662062823), np.float64(0.1832375914234272))",0.0034000396,-0.04116249,2.1642082724729685,-3.1764992386296798,0.0,0.0,0.07721633448425158,0.18722769616465895
2,2,0.9585216045379639,"(np.float64(0.08014976662062823), np.float64(0.1832375914234272))",0.0034000396,-0.04116249,2.1642082724729685,-3.1764992386296798,0.0,0.0,0.07721633448425158,0.18722769616465895
2,2,0.9740762710571289,"(np.float64(0.08014976662062823), np.float64(0.1832375914234272))",0.0034000396,-0.04116249,2.1642082724729685,-3.1764992386296798,0.0,0.0,0.07721633448425158,0.18722769616465895
2,2,0.9919097423553467,"(np.float64(0.08014976662062823), np.float64(0.1832375914234272))",0.0034000396,-0.04116249,2.1642082724729685,-3.1764992386296798,0.0,0.0,0.07721633448425158,0.18722769616465895
3,1,0.0,"(np.float64(-0.10449971294318978), np.float64(0.17052803287081844))",-0.021307468,-0.013583851,1.9896753472735358,-3.368485456349056,0.0,0.0,0.10348717066844726,0.1750166784307414
3,1,0.012227058410644531,"(np.float64(-0.10449971294318978), np.float64(0.17052803287081844))",1.2411655,1.3900044,1.9896753472735358,-3.368485456349056,0.0,0.0,0.10348717066844726,0.1750166784307414
3,1,0.025333166122436523,"(np.float64(-0.10449971294318978), np.float64(0.17052803287081844))",1.2411655,1.3900044,1.9896753472735358,-3.368485456349056,0.0,0.0,0.10348717066844726,0.1750166784307414
3,1,0.03905963897705078,"(np.float64(-0.10449971294318978), np.float64(0.17052803287081844))",1.2197837,1.3673693,2.007128639793479,-3.368485456349056,0.7504915783575618,1.239183768915974,0.10169994898327553,0.17472379583500705
3,1,0.0546877384185791,"(np.float64(-0.10449971294318978), np.float64(0.17052803287081844))",1.0933697,1.2827348,2.0245819323134224,-3.351032163829113,1.8151424220741028,2.2863813201125716,0.09920810816874688,0.17592260095571188
3,1,0.06769490242004395,"(np.float64(-0.10449971294318978), np.float64(0.17052803287081844))",0.78545344,1.0397002,2.076941809873252,-3.2812189937493397,3.9269908169872414,4.39822971502571,0.09089881548880416,0.1808083572135559
3,1,0.0822446346282959,"(np.float64(-0.10449971294318978), np.float64(0.17052803287081844))",0.55834657,0.84569645,2.129301687433082,-3.2288591161895095,4.694935687864747,5.462880558742252,0.08323825142604074,0.18388975771520377
3,1,0.09763598442077637,"(np.float64(-0.10449971294318978), np.float64(0.17052803287081844))",0.3659361,0.581057,2.181661564992912,-3.1590459461097367,5.1661745859032155,6.614797865058509,0.07461587457600216,0.18811655627519544
3,1,0.11221814155578613,"(np.float64(-0.10449971294318978), np.float64(0.17052803287081844))",0.12102165,0.054579165,2.2863813201125716,-3.001966313430247,5.550147021341968,7.941248096574199,0.05580837296802253,0.19690510866214236
3,1,0.12812280654907227,"(np.float64(-0.10449971294318978), np.float64(0.17052803287081844))",0.09813156,0.001587677,2.356194490192345,-2.91469985083053,5.358160803622591,8.429940287132611,0.04389405500187132,0.2005730096235015
3,1,0.1412675380706787,"(np.float64(-0.10449971294318978), np.float64(0.17052803287081844))",0.06695118,-0.043053437,2.4085543677521746,-2.8099800957108707,5.270894341022875,8.709192967451704,0.0321042104523575,0.20579220840298956
3,1,0.15657877922058105,"(np.float64(-0.10449971294318978), np.float64(0.17052803287081844))",0.07616367,-0.35016805,2.5132741228718345,-2.6179938779914944,4.694935687864747,8.709192967451704,0.008602062202013941,0.21327786537199178
3,1,0.1709136962890625,"(np.float64(-0.10449971294318978), np.float64(0.17052803287081844))",0.10603523,-0.4732569,2.5656340004316642,-2.530727415391778,4.118977034706618,8.621926504851988,-0.002895637906112039,0.21559907464022038
3,1,0.1854863166809082,"(np.float64(-0.10449971294318978), np.float64(0.17052803287081844))",0.07955723,-0.59379214,2.6179938779914944,-2.443460952792061,4.118977034706618,8.429940287132611,-0.014603192282642279,0.217361563009447
3,1,0.19922828674316406,"(np.float64(-0.10449971294318978), np.float64(0.17052803287081844))",0.08421936,-0.7361626,2.6878070480712677,-2.2689280275926285,3.543018381548489,7.557275661135447,-0.0358878620770314,0.22168339109764656
3,1,0.21318721771240234,"(np.float64(-0.10449971294318978), np.float64(0.17052803287081844))",0.04431477,-0.90290564,2.7401669256310974,-2.199114857512855,3.543018381548489,7.173303225696695,-0.04645824081847245,0.22099529423538838
3,1,0.22588825225830078,"(np.float64(-0.10449971294318978), np.float64(0.17052803287081844))",0.048667144,-0.98215085,2.775073510670984,-2.111848394913139,3.4382986264288293,6.510078109938849,-0.05747856936752902,0.2218890919263135
3,1,0.23998284339904785,"(np.float64(-0.10449971294318978), np.float64(0.17052803287081844))",0.05983105,-0.9125884,2.8448866807507573,-1.9896753472735358,3.351032163829113,4.974188368183839,-0.07456505646897013,0.22047030057933217
3,1,0.2527303695678711,"(np.float64(-0.10449971294318978), np.float64(0.17052803287081844))",0.070154764,-0.75556535,2.8797932657906435,-1.9547687622336491,3.4382986264288293,4.014257279586958,-0.0804839784810545,0.21856335859407572
3,1,0.26704835891723633,"(np.float64(-0.10449971294318978), np.float64(0.17052803287081844))",0.026935577,-0.6929663,2.91469985083053,-1.9024088846738192,3.543018381548489,3.246312408709453,-0.08812428315848186,0.2169394694932745
3,1,0.2808868885040283,"(np.float64(-0.10449971294318978), np.float64(0.17052803287081844))",0.062399294,-0.61270887,2.949606435870417,-1.8849555921538759,3.4382986264288293,2.5830872929516078,-0.09219854904837971,0.21430106052249398
3,1,0.29556989669799805,"(np.float64(-0.10449971294318978), np.float64(0.17052803287081844))",-0.011309243,-0.44423506,3.036872898470133,-1.8325957145940461,3.6302848441482056,0.9424777960769379,-0.10301476756451551,0.20755259644112337
3,1,0.3090479373931885,"(np.float64(-0.10449971294318978), np.float64(0.17052803287081844))",-0.13538428,-0.39580098,3.07177948351002,-1.8325957145940461,3.9269908169872414,0.3665191429188092,-0.10509205103535643,0.204372475196696
3,1,0.3252243995666504,"(np.float64(-0.10449971294318978), np.float64(0.17052803287081844))",-0.19452934,-0.36637527,3.1066860685499065,-1.8325957145940461,3.822271061867582,0.0,-0.10709547019724425,0.20117483139163156
3,1,0.33760571479797363,"(np.float64(-0.10449971294318978), np.float64(0.17052803287081844))",-0.3252124,-0.29520464,3.193952531149623,-1.8325957145940461,3.822271061867582,-0.7504915783575618,-0.11178022427059785,0.19312355470684522
3,1,0.3515331745147705,"(np.float64(-0.10449971294318978), np.float64(0.17052803287081844))",-0.37930852,-0.26885578,3.246312408709453,-1.8500490071139892,3.735004599267865,-0.7504915783575618,-0.11255754712097861,0.1880538939140512
3,1,0.3647572994232178,"(np.float64(-0.10449971294318978), np.float64(0.17052803287081844))",-0.3281828,-0.19449607,3.2812189937493397,-1.8675022996339325,3.351032163829113,-1.0471975511965976,-0.1123747547885618,0.18461907607082595
3,1,0.37726449966430664,"(np.float64(-0.10449971294318978), np.float64(0.17052803287081844))",-0.3174184,-0.22247791,3.3161255787892263,-1.8675022996339325,2.9670597283903604,-0.8552113334772214,-0.11393083126026726,0.18141600742982733
3,1,0.39045000076293945,"(np.float64(-0.10449971294318978), np.float64(0.17052803287081844))",-0.18426771,-0.058509257,3.368485456349056,-1.9024088846738192,2.199114857512855,-1.239183768915974,-0.11249954027222192,0.1762423354747054
3,1,0.40351176261901855,"(np.float64(-0.10449971294318978), np.float64(0.17052803287081844))",-0.14186601,-0.05502453,3.385938748868999,-1.9024088846738192,1.9024088846738192,-1.239183768915974,-0.11319650238098486,0.1746668311846689
3,1,0.41808414459228516,"(np.float64(-0.10449971294318978), np.float64(0.17052803287081844))",-0.06492539,-0.054979324,3.4033920413889427,-1.9198621771937625,1.4311699866353502,-1.0471975511965976,-0.11206403487355798,0.17290127256697269
3,1,0.433011531829834,"(np.float64(-0.10449971294318978), np.float64(0.17052803287081844))",-0.054728415,-0.060346793,3.420845333908886,-1.9373154697137058,1.239183768915974,-0.8552113334772214,-0.11091785037859116,0.17114293133064387
3,1,0.44666385650634766,"(np.float64(-0.10449971294318978), np.float64(0.17052803287081844))",-0.018255139,-0.055566218,3.4382986264288293,-1.9547687622336491,0.9424777960769379,-0.7504915783575618,-0.10975905898183988,0.1693925939623953
3,1,0.4603269100189209,"(np.float64(-0.10449971294318978), np.float64(0.17052803287081844))",0.002043724,-0.055496693,3.4557519189487724,-1.9547687622336491,0.7504915783575618,-0.7504915783575618,-0.1103877637874803,0.1678603996989403
3,1,0.47279906272888184,"(np.float64(-0.10449971294318978), np.float64(0.17052803287081844))",0.04704819,-0.065026574,3.4557519189487724,-1.9722220547535925,0.5585053606381855,-0.5585053606381855,-0.10858874791706313,0.16765104991942575
3,1,0.48692941665649414,"(np.float64(-0.10449971294318978), np.float64(0.17052803287081844))",0.043613054,-0.049398135,3.473205211468716,-1.9722220547535925,0.47123889803846897,-0.6632251157578453,-0.10920126671413154,0.16613353841176903
3,1,0.5011367797851562,"(np.float64(-0.10449971294318978), np.float64(0.17052803287081844))",0.06749096,-0.05384159,3.473205211468716,-1.9896753472735358,0.2792526803190927,-0.47123889803846897,-0.10740798166797987,0.16591909016305706
3,1,0.5162539482116699,"(np.float64(-0.10449971294318978), np.float64(0.17052803287081844))",0.080030255,-0.053725053,3.473205211468716,-1.9896753472735358,0.17453292519943295,-0.47123889803846897,-0.10740798166797987,0.16591909016305706
3,1,0.529325008392334,"(np.float64(-0.10449971294318978), np.float64(0.17052803287081844))",0.05917683,-0.07211971,3.490658503988659,-1.9896753472735358,0.17453292519943295,-0.2792526803190927,-0.10800473575508487,0.16441677162074397
3,1,0.5433447360992432,"(np.float64(-0.10449971294318978), np.float64(0.17052803287081844))",0.06813069,-0.05452509,3.490658503988659,-2.007128639793479,0.08726646259971647,-0.2792526803190927,-0.10621780197749081,0.16419750568033767
3,1,0.5556485652923584,"(np.float64(-0.10449971294318978), np.float64(0.17052803287081844))",0.07964478,-0.030377388,3.490658503988659,-2.007128639793479,0.0,-0.47123889803846897,-0.10621780197749081,0.16419750568033767
3,1,0.5691945552825928,"(np.float64(-0.10449971294318978), np.float64(0.17052803287081844))",0.07897168,-0.06518507,3.490658503988659,-2.007128639793479,0.0,-0.17453292519943295,-0.10621780197749081,0.16419750568033767
3,1,0.5843653678894043,"(np.float64(-0.10449971294318978), np.float64(0.17052803287081844))",0.079109386,-0.07459974,3.490658503988659,-2.007128639793479,0.0,-0.08726646259971647,-0.10621780197749081,0.16419750568033767
3,1,0.5985472202301025,"(np.float64(-0.10449971294318978), np.float64(0.17052803287081844))",0.12063923,-0.08742418,3.473205211468716,-2.007128639793479,-0.17453292519943295,0.0,-0.10562070633266554,0.16568899049568675
3,1,0.6119840145111084,"(np.float64(-0.10449971294318978), np.float64(0.17052803287081844))",0.10957833,-0.057893373,3.473205211468716,-2.007128639793479,-0.08726646259971647,-0.2792526803190927,-0.10562070633266554,0.16568899049568675
3,1,0.6258430480957031,"(np.float64(-0.10449971294318978), np.float64(0.17052803287081844))",0.09793587,-0.051162433,3.473205211468716,-2.0245819323134224,0.0,-0.17453292519943295,-0.10383982986823256,0.16544340300609758
3,1,0.6402153968811035,"(np.float64(-0.10449971294318978), np.float64(0.17052803287081844))",0.07781315,-0.034920026,3.490658503988659,-2.0245819323134224,0.0,-0.2792526803190927,-0.10443732201577248,0.1639627648932676
3,1,0.6532390117645264,"(np.float64(-0.10449971294318978), np.float64(0.17052803287081844))",0.066586874,-0.05836449,3.490658503988659,-2.0245819323134224,0.08726646259971647,-0.08726646259971647,-0.10443732201577248,0.1639627648932676
3,1,0.6675155162811279,"(np.float64(-0.10449971294318978), np.float64(0.17052803287081844))",0.07712536,-0.048298933,3.490658503988659,-2.0245819323134224,0.0,-0.17453292519943295,-0.10443732201577248,0.1639627648932676
3,1,0.6808822154998779,"(np.float64(-0.10449971294318978), np.float64(0.17052803287081844))",0.066586874,-0.05836449,3.490658503988659,-2.0245819323134224,0.08726646259971647,-0.08726646259971647,-0.10443732201577248,0.1639627648932676
3,1,0.6947319507598877,"(np.float64(-0.10449971294318978), np.float64(0.17052803287081844))",0.07740116,-0.067139246,3.490658503988659,-2.0245819323134224,0.0,0.0,-0.10443732201577248,0.1639627648932676
3,1,0.708991527557373,"(np.float64(-0.10449971294318978), np.float64(0.17052803287081844))",0.08779488,-0.047655296,3.490658503988659,-2.0245819323134224,-0.08726646259971647,-0.17453292519943295,-0.10443732201577248,0.1639627648932676
3,1,0.7229149341583252,"(np.float64(-0.10449971294318978), np.float64(0.17052803287081844))",0.07731743,-0.014529037,3.490658503988659,-2.0420352248333655,0.0,-0.2792526803190927,-0.10266367517909175,0.16371272356290378
3,1,0.7353329658508301,"(np.float64(-0.10449971294318978), np.float64(0.17052803287081844))",0.0765234,-0.028172111,3.490658503988659,-2.0420352248333655,0.0,-0.17453292519943295,-0.10266367517909175,0.16371272356290378
3,1,0.7497479915618896,"(np.float64(-0.10449971294318978), np.float64(0.17052803287081844))",0.07543583,-0.05032921,3.490658503988659,-2.0420352248333655,0.0,0.0,-0.10266367517909175,0.16371272356290378
3,1,0.7635366916656494,"(np.float64(-0.10449971294318978), np.float64(0.17052803287081844))",0.07543583,-0.05032921,3.490658503988659,-2.0420352248333655,0.0,0.0,-0.10266367517909175,0.16371272356290378
3,1,0.7777643203735352,"(np.float64(-0.10449971294318978), np.float64(0.17052803287081844))",0.07548695,-0.059909344,3.490658503988659,-2.0420352248333655,0.0,0.08726646259971647,-0.10266367517909175,0.16371272356290378
3,1,0.7899510860443115,"(np.float64(-0.10449971294318978), np.float64(0.17052803287081844))",0.064758494,-0.05097265,3.490658503988659,-2.0420352248333655,0.08726646259971647,0.0,-0.10266367517909175,0.16371272356290378
3,1,0.8035907745361328,"(np.float64(-0.10449971294318978), np.float64(0.17052803287081844))",0.07543583,-0.05032921,3.490658503988659,-2.0420352248333655,0.0,0.0,-0.10266367517909175,0.16371272356290378
3,1,0.8179233074188232,"(np.float64(-0.10449971294318978), np.float64(0.17052803287081844))",0.07543583,-0.05032921,3.490658503988659,-2.0420352248333655,0.0,0.0,-0.10266367517909175,0.16371272356290378
3,1,0.8345844745635986,"(np.float64(-0.10449971294318978), np.float64(0.17052803287081844))",0.07543583,-0.05032921,3.490658503988659,-2.0420352248333655,0.0,0.0,-0.10266367517909175,0.16371272356290378
3,1,0.8484480381011963,"(np.float64(-0.10449971294318978), np.float64(0.17052803287081844))",0.07543583,-0.05032921,3.490658503988659,-2.0420352248333655,0.0,0.0,-0.10266367517909175,0.16371272356290378
3,1,0.8615808486938477,"(np.float64(-0.10449971294318978), np.float64(0.17052803287081844))",0.07543583,-0.05032921,3.490658503988659,-2.0420352248333655,0.0,0.0,-0.10266367517909175,0.16371272356290378
3,1,0.8756673336029053,"(np.float64(-0.10449971294318978), np.float64(0.17052803287081844))",0.07543583,-0.05032921,3.490658503988659,-2.0420352248333655,0.0,0.0,-0.10266367517909175,0.16371272356290378
3,1,0.8879821300506592,"(np.float64(-0.10449971294318978), np.float64(0.17052803287081844))",0.07543583,-0.05032921,3.490658503988659,-2.0420352248333655,0.0,0.0,-0.10266367517909175,0.16371272356290378
3,1,0.9039413928985596,"(np.float64(-0.10449971294318978), np.float64(0.17052803287081844))",0.07543583,-0.05032921,3.490658503988659,-2.0420352248333655,0.0,0.0,-0.10266367517909175,0.16371272356290378
3,1,0.9195582866668701,"(np.float64(-0.10449971294318978), np.float64(0.17052803287081844))",0.07543583,-0.05032921,3.490658503988659,-2.0420352248333655,0.0,0.0,-0.10266367517909175,0.16371272356290378
3,1,0.9399023056030273,"(np.float64(-0.10449971294318978), np.float64(0.17052803287081844))",0.07543583,-0.05032921,3.490658503988659,-2.0420352248333655,0.0,0.0,-0.10266367517909175,0.16371272356290378
3,1,0.958204984664917,"(np.float64(-0.10449971294318978), np.float64(0.17052803287081844))",0.07543583,-0.05032921,3.490658503988659,-2.0420352248333655,0.0,0.0,-0.10266367517909175,0.16371272356290378
3,1,0.9751579761505127,"(np.float64(-0.10449971294318978), np.float64(0.17052803287081844))",0.07543583,-0.05032921,3.490658503988659,-2.0420352248333655,0.0,0.0,-0.10266367517909175,0.16371272356290378
3,1,0.9891982078552246,"(np.float64(-0.10449971294318978), np.float64(0.17052803287081844))",0.07543583,-0.05032921,3.490658503988659,-2.0420352248333655,0.0,0.0,-0.10266367517909175,0.16371272356290378
3,2,0.0,"(np.float64(0.10449971294318978), np.float64(0.17052803287081844))",0.07543583,-0.05032921,3.490658503988659,-2.0420352248333655,0.0,0.0,-0.10266367517909175,0.16371272356290378
3,2,0.016935348510742188,"(np.float64(0.10449971294318978), np.float64(0.17052803287081844))",-0.9058426,-1.4882284,3.490658503988659,-2.0420352248333655,0.0,0.0,-0.10266367517909175,0.16371272356290378
3,2,0.03166055679321289,"(np.float64(0.10449971294318978), np.float64(0.17052803287081844))",-0.9058426,-1.4882284,3.490658503988659,-2.0420352248333655,0.0,0.0,-0.10266367517909175,0.16371272356290378
3,2,0.04708099365234375,"(np.float64(0.10449971294318978), np.float64(0.17052803287081844))",-0.7638249,-1.3798895,3.473205211468716,-2.0420352248333655,-0.6632251157578453,-1.1344640137963142,-0.10206573420457545,0.16518250077032304
3,2,0.059638261795043945,"(np.float64(0.10449971294318978), np.float64(0.17052803287081844))",-0.32797432,-0.8415314,3.4382986264288293,-2.0943951023931953,-2.3911010752322315,-3.6302848441482056,-0.09554243332383727,0.16719893226873805
3,2,0.07323193550109863,"(np.float64(0.10449971294318978), np.float64(0.17052803287081844))",-0.28122854,-0.53588676,3.420845333908886,-2.1467549799530254,-3.246312408709453,-4.886921905584122,-0.08968797560632717,0.1675501743997322
3,2,0.0864419937133789,"(np.float64(0.10449971294318978), np.float64(0.17052803287081844))",-0.26284847,-0.3900219,3.368485456349056,-2.199114857512855,-3.735004599267865,-5.462880558742252,-0.08252225719602818,0.17051446867648923
3,2,0.10077404975891113,"(np.float64(0.10449971294318978), np.float64(0.17052803287081844))",-0.24786834,-0.37796575,3.3335788713091694,-2.251474735072685,-4.014257279586958,-5.654866776461628,-0.07604228234730845,0.17182589642926427
3,2,0.11504364013671875,"(np.float64(0.10449971294318978), np.float64(0.17052803287081844))",-0.21710368,-0.31875116,3.2288591161895095,-2.3911010752322315,-4.782202150464463,-6.126105674500097,-0.05837829343924651,0.17513171973452912
3,2,0.12914061546325684,"(np.float64(0.10449971294318978), np.float64(0.17052803287081844))",-0.19910394,-0.289429,3.1764992386296798,-2.443460952792061,-5.078908123303499,-6.230825429619756,-0.051147542827412504,0.1769366845667535
3,2,0.14120864868164062,"(np.float64(0.10449971294318978), np.float64(0.17052803287081844))",-0.15193462,-0.23343544,3.12413936106985,-2.530727415391778,-5.358160803622591,-6.510078109938849,-0.040930953792740705,0.17689477908383133
3,2,0.15459871292114258,"(np.float64(0.10449971294318978), np.float64(0.17052803287081844))",-0.108854674,-0.20294666,3.0543261909900767,-2.600540585471551,-5.654866776461628,-6.422811647339133,-0.0313318584521944,0.17844766127583273
3,2,0.16892600059509277,"(np.float64(0.10449971294318978), np.float64(0.17052803287081844))",0.052282333,-0.13832207,2.9321531433504737,-2.7401669256310974,-6.422811647339133,-6.702064327658226,-0.01318307043935587,0.17916998850135446
3,2,0.18241310119628906,"(np.float64(0.10449971294318978), np.float64(0.17052803287081844))",0.14429569,-0.08669014,2.8623399732707004,-2.8099800957108707,-6.510078109938849,-6.702064327658226,-0.0035961553772416027,0.17952489989251288
3,2,0.19573712348937988,"(np.float64(0.10449971294318978), np.float64(0.17052803287081844))",0.1985405,-0.0453475,2.792526803190927,-2.8797932657906435,-6.614797865058509,-6.422811647339133,0.005993404264000496,0.17947422584904404
3,2,0.20951128005981445,"(np.float64(0.10449971294318978), np.float64(0.17052803287081844))",0.20804787,0.04013901,2.722713633111154,-2.949606435870417,-6.510078109938849,-6.422811647339133,0.015578545425825222,0.17901773646719582
3,2,0.22316718101501465,"(np.float64(0.10449971294318978), np.float64(0.17052803287081844))",0.22539559,0.37662563,2.5830872929516078,-3.07177948351002,-6.126105674500097,-5.846852994181004,0.03373438036503607,0.1780989669984569
3,2,0.23511719703674316,"(np.float64(0.10449971294318978), np.float64(0.17052803287081844))",0.24449673,0.6064812,2.530727415391778,-3.141592653589793,-5.934119456780721,-5.654866776461628,0.041853757083492225,0.17564679414293213
3,2,0.24945735931396484,"(np.float64(0.10449971294318978), np.float64(0.17052803287081844))",0.34418947,0.7126209,2.4609142453120048,-3.193952531149623,-5.934119456780721,-4.974188368183839,0.05049471157472408,0.1749160878169635
3,2,0.26483750343322754,"(np.float64(0.10449971294318978), np.float64(0.17052803287081844))",0.43563327,0.6796574,2.3911010752322315,-3.246312408709453,-5.550147021341968,-4.2062434973063345,0.05920329241092608,0.17381627375394246
3,2,0.27727532386779785,"(np.float64(0.10449971294318978), np.float64(0.17052803287081844))",0.49116668,0.35490322,2.2863813201125716,-3.3161255787892263,-4.886921905584122,-2.3911010752322315,0.07199011012975959,0.17212184041239048
3,2,0.2924232482910156,"(np.float64(0.10449971294318978), np.float64(0.17052803287081844))",0.46335718,0.16658401,2.234021442552742,-3.351032163829113,-4.50294947014537,-1.5184364492350666,0.07843968928739947,0.17095143045114375
3,2,0.30599141120910645,"(np.float64(0.10449971294318978), np.float64(0.17052803287081844))",0.44006062,0.090173535,2.181661564992912,-3.351032163829113,-4.014257279586958,-1.0471975511965976,0.08351140330611471,0.17238339001036582
3,2,0.3195939064025879,"(np.float64(0.10449971294318978), np.float64(0.17052803287081844))",0.36442566,0.005275154,2.111848394913139,-3.368485456349056,-2.9670597283903604,-0.3665191429188092,0.09111679463732003,0.172645322062381
3,2,0.33206605911254883,"(np.float64(0.10449971294318978), np.float64(0.17052803287081844))",0.340403,-0.007985878,2.076941809873252,-3.385938748868999,-2.3911010752322315,-0.17453292519943295,0.09530912679171802,0.17192449333056062
3,2,0.3455543518066406,"(np.float64(0.10449971294318978), np.float64(0.17052803287081844))",0.28825703,-0.026934052,2.059488517353309,-3.385938748868999,-2.007128639793479,0.0,0.09706989309559529,0.17226841465432896
3,2,0.35913681983947754,"(np.float64(0.10449971294318978), np.float64(0.17052803287081844))",0.2641325,-0.028988456,2.0245819323134224,-3.385938748868999,-1.710422666954443,0.3665191429188092,0.10061281142967621,0.17291095534986645
3,2,0.371903657913208,"(np.float64(0.10449971294318978), np.float64(0.17052803287081844))",0.18622914,-0.016123487,2.007128639793479,-3.368485456349056,-1.0471975511965976,0.0,0.10169994898327553,0.17472379583500705
3,2,0.38645482063293457,"(np.float64(0.10449971294318978), np.float64(0.17052803287081844))",0.1549244,-0.009305382,1.9896753472735358,-3.368485456349056,-0.7504915783575618,0.0,0.10348717066844726,0.1750166784307414
3,2,0.3987891674041748,"(np.float64(0.10449971294318978), np.float64(0.17052803287081844))",0.006930161,-0.010060787,1.9896753472735358,-3.368485456349056,-0.2792526803190927,0.0,0.10348717066844726,0.1750166784307414
3,2,0.4157752990722656,"(np.float64(0.10449971294318978), np.float64(0.17052803287081844))",-0.018278694,-0.0031385422,1.9896753472735358,-3.368485456349056,0.0,-0.08726646259971647,0.10348717066844726,0.1750166784307414
3,2,0.4279320240020752,"(np.float64(0.10449971294318978), np.float64(0.17052803287081844))",-0.0294096,-0.014583779,1.9896753472735358,-3.368485456349056,0.08726646259971647,0.0,0.10348717066844726,0.1750166784307414
3,2,0.44207262992858887,"(np.float64(0.10449971294318978), np.float64(0.17052803287081844))",-0.0294096,-0.014583779,1.9896753472735358,-3.368485456349056,0.08726646259971647,0.0,0.10348717066844726,0.1750166784307414
3,2,0.4558892250061035,"(np.float64(0.10449971294318978), np.float64(0.17052803287081844))",-0.04824991,-0.014614773,1.9896753472735358,-3.368485456349056,0.2792526803190927,0.0,0.10348717066844726,0.1750166784307414
3,2,0.46948790550231934,"(np.float64(0.10449971294318978), np.float64(0.17052803287081844))",-0.04824991,-0.014614773,1.9896753472735358,-3.368485456349056,0.2792526803190927,0.0,0.10348717066844726,0.1750166784307414
3,2,0.48250484466552734,"(np.float64(0.10449971294318978), np.float64(0.17052803287081844))",-0.04824991,-0.014614773,1.9896753472735358,-3.368485456349056,0.2792526803190927,0.0,0.10348717066844726,0.1750166784307414
3,2,0.5002410411834717,"(np.float64(0.10449971294318978), np.float64(0.17052803287081844))",-0.04824991,-0.014614773,1.9896753472735358,-3.368485456349056,0.2792526803190927,0.0,0.10348717066844726,0.1750166784307414
3,2,0.5138964653015137,"(np.float64(0.10449971294318978), np.float64(0.17052803287081844))",-0.0356308,-0.026546573,2.007128639793479,-3.368485456349056,0.0,0.0,0.10169994898327553,0.17472379583500705
3,2,0.5283260345458984,"(np.float64(0.10449971294318978), np.float64(0.17052803287081844))",-0.021307468,-0.013583851,1.9896753472735358,-3.368485456349056,0.0,0.0,0.10348717066844726,0.1750166784307414
3,2,0.541956901550293,"(np.float64(0.10449971294318978), np.float64(0.17052803287081844))",0.006930161,-0.010060787,1.9896753472735358,-3.368485456349056,-0.2792526803190927,0.0,0.10348717066844726,0.1750166784307414
3,2,0.5543971061706543,"(np.float64(0.10449971294318978), np.float64(0.17052803287081844))",-0.021307468,-0.013583851,1.9896753472735358,-3.368485456349056,0.0,0.0,0.10348717066844726,0.1750166784307414
3,2,0.56748366355896,"(np.float64(0.10449971294318978), np.float64(0.17052803287081844))",-0.021307468,-0.013583851,1.9896753472735358,-3.368485456349056,0.0,0.0,0.10348717066844726,0.1750166784307414
3,2,0.5826091766357422,"(np.float64(0.10449971294318978), np.float64(0.17052803287081844))",-0.021307468,-0.013583851,1.9896753472735358,-3.368485456349056,0.0,0.0,0.10348717066844726,0.1750166784307414
3,2,0.5991432666778564,"(np.float64(0.10449971294318978), np.float64(0.17052803287081844))",-0.021307468,-0.013583851,1.9896753472735358,-3.368485456349056,0.0,0.0,0.10348717066844726,0.1750166784307414
3,2,0.6134934425354004,"(np.float64(0.10449971294318978), np.float64(0.17052803287081844))",-0.0294096,-0.014583779,1.9896753472735358,-3.368485456349056,0.08726646259971647,0.0,0.10348717066844726,0.1750166784307414
3,2,0.6278316974639893,"(np.float64(0.10449971294318978), np.float64(0.17052803287081844))",-0.0294096,-0.014583779,1.9896753472735358,-3.368485456349056,0.08726646259971647,0.0,0.10348717066844726,0.1750166784307414
3,2,0.6408565044403076,"(np.float64(0.10449971294318978), np.float64(0.17052803287081844))",-0.021307468,-0.013583851,1.9896753472735358,-3.368485456349056,0.0,0.0,0.10348717066844726,0.1750166784307414
3,2,0.6545343399047852,"(np.float64(0.10449971294318978), np.float64(0.17052803287081844))",-0.021307468,-0.013583851,1.9896753472735358,-3.368485456349056,0.0,0.0,0.10348717066844726,0.1750166784307414
3,2,0.6683685779571533,"(np.float64(0.10449971294318978), np.float64(0.17052803287081844))",-0.021307468,-0.013583851,1.9896753472735358,-3.368485456349056,0.0,0.0,0.10348717066844726,0.1750166784307414
3,2,0.68349289894104,"(np.float64(0.10449971294318978), np.float64(0.17052803287081844))",-0.021307468,-0.013583851,1.9896753472735358,-3.368485456349056,0.0,0.0,0.10348717066844726,0.1750166784307414
3,2,0.698798418045044,"(np.float64(0.10449971294318978), np.float64(0.17052803287081844))",-0.021307468,-0.013583851,1.9896753472735358,-3.368485456349056,0.0,0.0,0.10348717066844726,0.1750166784307414
3,2,0.7123403549194336,"(np.float64(0.10449971294318978), np.float64(0.17052803287081844))",-0.021307468,-0.013583851,1.9896753472735358,-3.368485456349056,0.0,0.0,0.10348717066844726,0.1750166784307414
3,2,0.7274858951568604,"(np.float64(0.10449971294318978), np.float64(0.17052803287081844))",-0.021307468,-0.013583851,1.9896753472735358,-3.368485456349056,0.0,0.0,0.10348717066844726,0.1750166784307414
3,2,0.7397055625915527,"(np.float64(0.10449971294318978), np.float64(0.17052803287081844))",-0.021307468,-0.013583851,1.9896753472735358,-3.368485456349056,0.0,0.0,0.10348717066844726,0.1750166784307414
3,2,0.7536211013793945,"(np.float64(0.10449971294318978), np.float64(0.17052803287081844))",-0.021307468,-0.013583851,1.9896753472735358,-3.368485456349056,0.0,0.0,0.10348717066844726,0.1750166784307414
3,2,0.7659780979156494,"(np.float64(0.10449971294318978), np.float64(0.17052803287081844))",-0.021307468,-0.013583851,1.9896753472735358,-3.368485456349056,0.0,0.0,0.10348717066844726,0.1750166784307414
3,2,0.7801017761230469,"(np.float64(0.10449971294318978), np.float64(0.17052803287081844))",-0.021307468,-0.013583851,1.9896753472735358,-3.368485456349056,0.0,0.0,0.10348717066844726,0.1750166784307414
3,2,0.7926008701324463,"(np.float64(0.10449971294318978), np.float64(0.17052803287081844))",-0.021307468,-0.013583851,1.9896753472735358,-3.368485456349056,0.0,0.0,0.10348717066844726,0.1750166784307414
3,2,0.8059358596801758,"(np.float64(0.10449971294318978), np.float64(0.17052803287081844))",-0.013025284,-0.012558937,1.9896753472735358,-3.368485456349056,-0.08726646259971647,0.0,0.10348717066844726,0.1750166784307414
3,2,0.8205857276916504,"(np.float64(0.10449971294318978), np.float64(0.17052803287081844))",-0.021307468,-0.013583851,1.9896753472735358,-3.368485456349056,0.0,0.0,0.10348717066844726,0.1750166784307414
3,2,0.8348395824432373,"(np.float64(0.10449971294318978), np.float64(0.17052803287081844))",-0.021307468,-0.013583851,1.9896753472735358,-3.368485456349056,0.0,0.0,0.10348717066844726,0.1750166784307414
3,2,0.850029706954956,"(np.float64(0.10449971294318978), np.float64(0.17052803287081844))",-0.021307468,-0.013583851,1.9896753472735358,-3.368485456349056,0.0,0.0,0.10348717066844726,0.1750166784307414
3,2,0.864692211151123,"(np.float64(0.10449971294318978), np.float64(0.17052803287081844))",-0.021307468,-0.013583851,1.9896753472735358,-3.368485456349056,0.0,0.0,0.10348717066844726,0.1750166784307414
3,2,0.8783354759216309,"(np.float64(0.10449971294318978), np.float64(0.17052803287081844))",-0.021307468,-0.013583851,1.9896753472735358,-3.368485456349056,0.0,0.0,0.10348717066844726,0.1750166784307414
3,2,0.8906347751617432,"(np.float64(0.10449971294318978), np.float64(0.17052803287081844))",-0.021307468,-0.013583851,1.9896753472735358,-3.368485456349056,0.0,0.0,0.10348717066844726,0.1750166784307414
3,2,0.9046738147735596,"(np.float64(0.10449971294318978), np.float64(0.17052803287081844))",-0.021307468,-0.013583851,1.9896753472735358,-3.368485456349056,0.0,0.0,0.10348717066844726,0.1750166784307414
3,2,0.9172651767730713,"(np.float64(0.10449971294318978), np.float64(0.17052803287081844))",-0.021307468,-0.013583851,1.9896753472735358,-3.368485456349056,0.0,0.0,0.10348717066844726,0.1750166784307414
3,2,0.9321339130401611,"(np.float64(0.10449971294318978), np.float64(0.17052803287081844))",-0.021307468,-0.013583851,1.9896753472735358,-3.368485456349056,0.0,0.0,0.10348717066844726,0.1750166784307414
3,2,0.9461832046508789,"(np.float64(0.10449971294318978), np.float64(0.17052803287081844))",-0.021307468,-0.013583851,1.9896753472735358,-3.368485456349056,0.0,0.0,0.10348717066844726,0.1750166784307414
3,2,0.9596152305603027,"(np.float64(0.10449971294318978), np.float64(0.17052803287081844))",-0.021307468,-0.013583851,1.9896753472735358,-3.368485456349056,0.0,0.0,0.10348717066844726,0.1750166784307414
3,2,0.9742960929870605,"(np.float64(0.10449971294318978), np.float64(0.17052803287081844))",-0.021307468,-0.013583851,1.9896753472735358,-3.368485456349056,0.0,0.0,0.10348717066844726,0.1750166784307414
3,2,0.9876792430877686,"(np.float64(0.10449971294318978), np.float64(0.17052803287081844))",-0.021307468,-0.013583851,1.9896753472735358,-3.368485456349056,0.0,0.0,0.10348717066844726,0.1750166784307414
4,1,0.0,"(np.float64(-0.12687865683272911), np.float64(0.15460209067254738))",0.038020324,-0.121798515,1.8151424220741028,-3.473205211468716,-0.2792526803190927,0.0,0.12554262750479225,0.16733720052923579
4,1,0.015312910079956055,"(np.float64(-0.12687865683272911), np.float64(0.15460209067254738))",1.3873938,1.2668527,1.7976891295541595,-3.473205211468716,-0.08726646259971647,0.0,0.1273730862820452,0.16738841876169402
4,1,0.02849435806274414,"(np.float64(-0.12687865683272911), np.float64(0.15460209067254738))",1.382622,1.2675622,1.7976891295541595,-3.473205211468716,0.0,0.0,0.1273730862820452,0.16738841876169402
4,1,0.04279732704162598,"(np.float64(-0.12687865683272911), np.float64(0.15460209067254738))",1.382622,1.2675622,1.7976891295541595,-3.473205211468716,0.0,0.0,0.1273730862820452,0.16738841876169402
4,1,0.0552983283996582,"(np.float64(-0.12687865683272911), np.float64(0.15460209067254738))",1.2540215,1.2080475,1.8325957145940461,-3.4557519189487724,2.0943951023931953,2.0943951023931953,0.12310047578820504,0.16887227701541227
4,1,0.06930971145629883,"(np.float64(-0.12687865683272911), np.float64(0.15460209067254738))",1.0865186,1.141055,1.8675022996339325,-3.4382986264288293,3.1590459461097367,2.9670597283903604,0.11882121250344574,0.1702502653501781
4,1,0.08160233497619629,"(np.float64(-0.12687865683272911), np.float64(0.15460209067254738))",0.89493334,1.0047787,1.9024088846738192,-3.385938748868999,4.50294947014537,4.310963252425994,0.11319606587312604,0.1746667488735206
4,1,0.0969996452331543,"(np.float64(-0.12687865683272911), np.float64(0.15460209067254738))",0.71443003,0.9161478,1.9547687622336491,-3.3335788713091694,5.078908123303499,5.078908123303499,0.10563658548970671,0.17865232820649335
4,1,0.1102151870727539,"(np.float64(-0.12687865683272911), np.float64(0.15460209067254738))",0.23641662,0.4176552,2.076941809873252,-3.2114058236695664,6.230825429619756,7.173303225696695,0.08762304307779778,0.18676781466575984
4,1,0.12396240234375,"(np.float64(-0.12687865683272911), np.float64(0.15460209067254738))",0.19376908,0.13878956,2.1467549799530254,-3.12413936106985,6.510078109938849,8.237954069413236,0.0762031435939628,0.19212528756938071
4,1,0.1393754482269287,"(np.float64(-0.12687865683272911), np.float64(0.15460209067254738))",0.1757946,0.08298302,2.2165681500327987,-3.036872898470133,6.318091892219473,8.517206749732328,0.06451703475841228,0.1968748094773408
4,1,0.15331697463989258,"(np.float64(-0.12687865683272911), np.float64(0.15460209067254738))",0.10299454,0.0011320114,2.3387411976724017,-2.8448866807507573,6.126105674500097,9.00589894029074,0.04083903305002315,0.2066699724683037
4,1,0.16614413261413574,"(np.float64(-0.12687865683272911), np.float64(0.15460209067254738))",0.0800869,-0.0014243126,2.4085543677521746,-2.7401669256310974,5.846852994181004,9.285151620609833,0.02707281957882115,0.21082388634386814
4,1,0.18033123016357422,"(np.float64(-0.12687865683272911), np.float64(0.15460209067254738))",0.074951746,-0.131501,2.478367537831948,-2.6354471705114375,5.550147021341968,9.285151620609833,0.012962452608980123,0.21417985291397593
4,1,0.19417285919189453,"(np.float64(-0.12687865683272911), np.float64(0.15460209067254738))",0.10985985,-0.44948062,2.5830872929516078,-2.443460952792061,4.590215932745087,9.47713783832921,-0.011789097172646701,0.2196840897402751
4,1,0.207489013671875,"(np.float64(-0.12687865683272911), np.float64(0.15460209067254738))",0.12506428,-0.5775304,2.6354471705114375,-2.3387411976724017,4.2062434973063345,9.285151620609833,-0.025349690358890467,0.22190931527828478
4,1,0.22013020515441895,"(np.float64(-0.12687865683272911), np.float64(0.15460209067254738))",0.0956501,-0.6558132,2.670353755551324,-2.234021442552742,4.118977034706618,8.901179185171081,-0.0378218525650753,0.2246149129537403
4,1,0.2352280616760254,"(np.float64(-0.12687865683272911), np.float64(0.15460209067254738))",0.07397556,-0.7410652,2.722713633111154,-2.1467549799530254,4.014257279586958,8.517206749732328,-0.05018880509823926,0.22455325621240793
4,1,0.24848699569702148,"(np.float64(-0.12687865683272911), np.float64(0.15460209067254738))",0.07554398,-0.86713964,2.792526803190927,-2.059488517353309,3.543018381548489,7.941248096574199,-0.06389378485224273,0.22244006460231924
4,1,0.2622084617614746,"(np.float64(-0.12687865683272911), np.float64(0.15460209067254738))",0.060150336,-0.90284485,2.8448866807507573,-1.9024088846738192,3.543018381548489,6.806784082777885,-0.08330183499508978,0.2229306395979176
4,1,0.27785706520080566,"(np.float64(-0.12687865683272911), np.float64(0.15460209067254738))",0.07648754,-0.8386509,2.8797932657906435,-1.8325957145940461,3.6302848441482056,6.03883921190038,-0.09276458525405888,0.22156557776406954
4,1,0.2918853759765625,"(np.float64(-0.12687865683272911), np.float64(0.15460209067254738))",0.14508496,-0.6537377,2.949606435870417,-1.7278759594743862,3.6302848441482056,4.2062434973063345,-0.10804629479321898,0.2171656617630212
4,1,0.30744457244873047,"(np.float64(-0.12687865683272911), np.float64(0.15460209067254738))",0.13775559,-0.60221463,2.9845130209103035,-1.6929693744344996,3.9269908169872414,3.351032163829113,-0.11385250292712919,0.21438399962873522
4,1,0.3235313892364502,"(np.float64(-0.12687865683272911), np.float64(0.15460209067254738))",0.0940382,-0.597382,3.036872898470133,-1.6580627893946132,4.014257279586958,2.9670597283903604,-0.12070295013875842,0.20979253449250693
4,1,0.34049558639526367,"(np.float64(-0.12687865683272911), np.float64(0.15460209067254738))",-0.07104235,-0.5039452,3.12413936106985,-1.6057029118347832,4.39822971502571,1.5184364492350666,-0.1312177559989598,0.20164702788459019
4,1,0.35671234130859375,"(np.float64(-0.12687865683272911), np.float64(0.15460209067254738))",-0.17655392,-0.44368535,3.1764992386296798,-1.5882496193148399,4.590215932745087,0.7504915783575618,-0.1359231902820605,0.19650430542400044
4,1,0.3715779781341553,"(np.float64(-0.12687865683272911), np.float64(0.15460209067254738))",-0.33723584,-0.321762,3.2812189937493397,-1.5882496193148399,4.694935687864747,-0.3665191429188092,-0.14130035050997264,0.1860264157441422
4,1,0.38846397399902344,"(np.float64(-0.12687865683272911), np.float64(0.15460209067254738))",-0.52124274,-0.3320391,3.3335788713091694,-1.5882496193148399,4.782202150464463,-0.47123889803846897,-0.14371845879394,0.18075737358829835
4,1,0.4047422409057617,"(np.float64(-0.12687865683272911), np.float64(0.15460209067254738))",-0.45436335,-0.25770473,3.420845333908886,-1.6057029118347832,4.014257279586958,-0.9424777960769379,-0.1455459910086383,0.1720810951200314
4,1,0.4206814765930176,"(np.float64(-0.12687865683272911), np.float64(0.15460209067254738))",-0.46324492,-0.22400264,3.473205211468716,-1.6231562043547265,3.6302848441482056,-0.9424777960769379,-0.14566949730633616,0.16697929103801085
4,1,0.4338231086730957,"(np.float64(-0.12687865683272911), np.float64(0.15460209067254738))",-0.40352765,-0.1716011,3.543018381548489,-1.6406094968746698,2.775073510670984,-1.0471975511965976,-0.14616260265721798,0.16023594809662248
4,1,0.44821858406066895,"(np.float64(-0.12687865683272911), np.float64(0.15460209067254738))",-0.31363422,-0.16870575,3.5604716740684323,-1.6580627893946132,2.2863813201125716,-0.9424777960769379,-0.14486376565452172,0.1586845682312691
4,1,0.4631526470184326,"(np.float64(-0.12687865683272911), np.float64(0.15460209067254738))",-0.21880417,-0.16531716,3.5779249665883754,-1.6580627893946132,1.8151424220741028,-0.9424777960769379,-0.14537844640052222,0.1569930808230516
4,1,0.47754359245300293,"(np.float64(-0.12687865683272911), np.float64(0.15460209067254738))",-0.07726937,-0.14107275,3.612831551628262,-1.6755160819145565,1.0471975511965976,-0.9424777960769379,-0.14452237545690858,0.15379636124191276
4,1,0.49167370796203613,"(np.float64(-0.12687865683272911), np.float64(0.15460209067254738))",-0.048116684,-0.144689,3.6302848441482056,-1.6929693744344996,0.6632251157578453,-0.7504915783575618,-0.14315072415602545,0.1522983467858944
4,1,0.5040647983551025,"(np.float64(-0.12687865683272911), np.float64(0.15460209067254738))",-0.005430031,-0.15475379,3.6302848441482056,-1.6929693744344996,0.47123889803846897,-0.6632251157578453,-0.14315072415602545,0.1522983467858944
4,1,0.5187609195709229,"(np.float64(-0.12687865683272911), np.float64(0.15460209067254738))",0.047890663,-0.12962942,3.6302848441482056,-1.710422666954443,0.2792526803190927,-0.6632251157578453,-0.14131565462098203,0.15244968877153592
4,1,0.5317854881286621,"(np.float64(-0.12687865683272911), np.float64(0.15460209067254738))",0.08692723,-0.08928299,3.6302848441482056,-1.7278759594743862,0.0,-0.7504915783575618,-0.1394803365627938,0.1525840567746231
4,1,0.5447425842285156,"(np.float64(-0.12687865683272911), np.float64(0.15460209067254738))",0.094307326,-0.11403809,3.6302848441482056,-1.7278759594743862,-0.08726646259971647,-0.5585053606381855,-0.1394803365627938,0.1525840567746231
4,1,0.5575580596923828,"(np.float64(-0.12687865683272911), np.float64(0.15460209067254738))",0.10545426,-0.09850388,3.6302848441482056,-1.7278759594743862,-0.17453292519943295,-0.6632251157578453,-0.1394803365627938,0.1525840567746231
4,1,0.5720620155334473,"(np.float64(-0.12687865683272911), np.float64(0.15460209067254738))",0.10717583,-0.07442122,3.6302848441482056,-1.7453292519943295,-0.17453292519943295,-0.6632251157578453,-0.13764522958912087,0.15270145093271503
4,1,0.5883257389068604,"(np.float64(-0.12687865683272911), np.float64(0.15460209067254738))",0.088699915,-0.04178829,3.6302848441482056,-1.7627825445142729,0.0,-0.7504915783575618,-0.13581078831305138,0.15280188419538837
4,1,0.6022155284881592,"(np.float64(-0.12687865683272911), np.float64(0.15460209067254738))",0.08726368,-0.053756904,3.6302848441482056,-1.7627825445142729,0.0,-0.6632251157578453,-0.13581078831305138,0.15280188419538837
4,1,0.6152048110961914,"(np.float64(-0.12687865683272911), np.float64(0.15460209067254738))",0.07981358,-0.02455597,3.6302848441482056,-1.7802358370342162,0.08726646259971647,-0.7504915783575618,-0.13397746224590595,0.15288538206273738
4,1,0.6309835910797119,"(np.float64(-0.12687865683272911), np.float64(0.15460209067254738))",0.08972168,-0.013244534,3.6302848441482056,-1.7976891295541595,0.0,-0.6632251157578453,-0.13214569568736734,0.1529519823248917
4,1,0.6436021327972412,"(np.float64(-0.12687865683272911), np.float64(0.15460209067254738))",0.08972168,-0.013244534,3.6302848441482056,-1.7976891295541595,0.0,-0.6632251157578453,-0.13214569568736734,0.1529519823248917
4,1,0.6582648754119873,"(np.float64(-0.12687865683272911), np.float64(0.15460209067254738))",0.08972168,-0.013244534,3.6302848441482056,-1.7976891295541595,0.0,-0.6632251157578453,-0.13214569568736734,0.1529519823248917
4,1,0.6710295677185059,"(np.float64(-0.12687865683272911), np.float64(0.15460209067254738))",0.08666344,-0.018065834,3.6302848441482056,-1.8151424220741028,0.0,-0.47123889803846897,-0.13031592761334687,0.15300173480226512
4,1,0.684112548828125,"(np.float64(-0.12687865683272911), np.float64(0.15460209067254738))",0.08298283,-0.042599488,3.6302848441482056,-1.8151424220741028,0.0,-0.2792526803190927,-0.13031592761334687,0.15300173480226512
4,1,0.6977992057800293,"(np.float64(-0.12687865683272911), np.float64(0.15460209067254738))",0.089533046,-0.06309948,3.6302848441482056,-1.8151424220741028,-0.08726646259971647,-0.08726646259971647,-0.13031592761334687,0.15300173480226512
4,1,0.7110042572021484,"(np.float64(-0.12687865683272911), np.float64(0.15460209067254738))",0.07756424,-0.07783814,3.6302848441482056,-1.8151424220741028,0.0,0.0,-0.13031592761334687,0.15300173480226512
4,1,0.7255690097808838,"(np.float64(-0.12687865683272911), np.float64(0.15460209067254738))",0.07739716,-0.05856018,3.6302848441482056,-1.8325957145940461,0.0,0.0,-0.12848859156198855,0.15303470108626605
4,1,0.7379434108734131,"(np.float64(-0.12687865683272911), np.float64(0.15460209067254738))",0.07739716,-0.05856018,3.6302848441482056,-1.8325957145940461,0.0,0.0,-0.12848859156198855,0.15303470108626605
4,1,0.7523772716522217,"(np.float64(-0.12687865683272911), np.float64(0.15460209067254738))",0.07580376,-0.08912573,3.6302848441482056,-1.8151424220741028,0.0,0.08726646259971647,-0.13031592761334687,0.15300173480226512
4,1,0.7661709785461426,"(np.float64(-0.12687865683272911), np.float64(0.15460209067254738))",0.053497314,-0.1072629,3.6302848441482056,-1.8151424220741028,0.17453292519943295,0.17453292519943295,-0.13031592761334687,0.15300173480226512
4,1,0.7794055938720703,"(np.float64(-0.12687865683272911), np.float64(0.15460209067254738))",0.07756424,-0.07783814,3.6302848441482056,-1.8151424220741028,0.0,0.0,-0.13031592761334687,0.15300173480226512
4,1,0.7924456596374512,"(np.float64(-0.12687865683272911), np.float64(0.15460209067254738))",0.08099537,-0.055627443,3.6302848441482056,-1.8151424220741028,0.0,-0.17453292519943295,-0.13031592761334687,0.15300173480226512
4,1,0.8060529232025146,"(np.float64(-0.12687865683272911), np.float64(0.15460209067254738))",0.07756424,-0.07783814,3.6302848441482056,-1.8151424220741028,0.0,0.0,-0.13031592761334687,0.15300173480226512
4,1,0.8185808658599854,"(np.float64(-0.12687865683272911), np.float64(0.15460209067254738))",0.07756424,-0.07783814,3.6302848441482056,-1.8151424220741028,0.0,0.0,-0.13031592761334687,0.15300173480226512
4,1,0.8326365947723389,"(np.float64(-0.12687865683272911), np.float64(0.15460209067254738))",0.07580376,-0.08912573,3.6302848441482056,-1.8151424220741028,0.0,0.08726646259971647,-0.13031592761334687,0.15300173480226512
4,1,0.8455374240875244,"(np.float64(-0.12687865683272911), np.float64(0.15460209067254738))",0.07756424,-0.07783814,3.6302848441482056,-1.8151424220741028,0.0,0.0,-0.13031592761334687,0.15300173480226512
4,1,0.8583354949951172,"(np.float64(-0.12687865683272911), np.float64(0.15460209067254738))",0.07756424,-0.07783814,3.6302848441482056,-1.8151424220741028,0.0,0.0,-0.13031592761334687,0.15300173480226512
4,1,0.8723757266998291,"(np.float64(-0.12687865683272911), np.float64(0.15460209067254738))",0.07756424,-0.07783814,3.6302848441482056,-1.8151424220741028,0.0,0.0,-0.13031592761334687,0.15300173480226512
4,1,0.8869907855987549,"(np.float64(-0.12687865683272911), np.float64(0.15460209067254738))",0.06734772,-0.08127823,3.6302848441482056,-1.8151424220741028,0.08726646259971647,0.0,-0.13031592761334687,0.15300173480226512
4,1,0.9013102054595947,"(np.float64(-0.12687865683272911), np.float64(0.15460209067254738))",0.06734772,-0.08127823,3.6302848441482056,-1.8151424220741028,0.08726646259971647,0.0,-0.13031592761334687,0.15300173480226512
4,1,0.916633129119873,"(np.float64(-0.12687865683272911), np.float64(0.15460209067254738))",0.07756424,-0.07783814,3.6302848441482056,-1.8151424220741028,0.0,0.0,-0.13031592761334687,0.15300173480226512
4,1,0.9317524433135986,"(np.float64(-0.12687865683272911), np.float64(0.15460209067254738))",0.07756424,-0.07783814,3.6302848441482056,-1.8151424220741028,0.0,0.0,-0.13031592761334687,0.15300173480226512
4,1,0.9461431503295898,"(np.float64(-0.12687865683272911), np.float64(0.15460209067254738))",0.07756424,-0.07783814,3.6302848441482056,-1.8151424220741028,0.0,0.0,-0.13031592761334687,0.15300173480226512
4,1,0.9587037563323975,"(np.float64(-0.12687865683272911), np.float64(0.15460209067254738))",0.07756424,-0.07783814,3.6302848441482056,-1.8151424220741028,0.0,0.0,-0.13031592761334687,0.15300173480226512
4,1,0.9723327159881592,"(np.float64(-0.12687865683272911), np.float64(0.15460209067254738))",0.07756424,-0.07783814,3.6302848441482056,-1.8151424220741028,0.0,0.0,-0.13031592761334687,0.15300173480226512
4,1,0.9852879047393799,"(np.float64(-0.12687865683272911), np.float64(0.15460209067254738))",0.07756424,-0.07783814,3.6302848441482056,-1.8151424220741028,0.0,0.0,-0.13031592761334687,0.15300173480226512
4,2,0.0,"(np.float64(0.12687865683272911), np.float64(0.15460209067254738))",0.06734772,-0.08127823,3.6302848441482056,-1.8151424220741028,0.08726646259971647,0.0,-0.13031592761334687,0.15300173480226512
4,2,0.014191150665283203,"(np.float64(0.12687865683272911), np.float64(0.15460209067254738))",-0.639287,-1.492946,3.6302848441482056,-1.8151424220741028,0.0,0.0,-0.13031592761334687,0.15300173480226512
4,2,0.02707958221435547,"(np.float64(0.12687865683272911), np.float64(0.15460209067254738))",-0.639287,-1.492946,3.6302848441482056,-1.8151424220741028,0.0,0.0,-0.13031592761334687,0.15300173480226512
4,2,0.039679527282714844,"(np.float64(0.12687865683272911), np.float64(0.15460209067254738))",-0.6015941,-1.3945001,3.6302848441482056,-1.8325957145940461,-0.47123889803846897,-1.0471975511965976,-0.12848859156198855,0.15303470108626605
4,2,0.0536494255065918,"(np.float64(0.12687865683272911), np.float64(0.15460209067254738))",-0.6272463,-1.1851271,3.612831551628262,-1.8500490071139892,-1.1344640137963142,-2.478367537831948,-0.12619720564863887,0.15460054311660795
4,2,0.06620121002197266,"(np.float64(0.12687865683272911), np.float64(0.15460209067254738))",-0.6067543,-0.9347746,3.612831551628262,-1.8849555921538759,-1.6231562043547265,-3.6302848441482056,-0.12255686333468335,0.15456006528569874
4,2,0.0805823802947998,"(np.float64(0.12687865683272911), np.float64(0.15460209067254738))",-0.45509052,-0.551217,3.5604716740684323,-1.9896753472735358,-2.775073510670984,-5.462880558742252,-0.11023329920869572,0.15845757176336023
4,2,0.09714508056640625,"(np.float64(0.12687865683272911), np.float64(0.15460209067254738))",-0.36964598,-0.38097563,3.5255650890285457,-2.0420352248333655,-3.1590459461097367,-6.318091892219473,-0.10381325502591221,0.16078861769139519
4,2,0.10994219779968262,"(np.float64(0.12687865683272911), np.float64(0.15460209067254738))",-0.2464882,-0.34634343,3.490658503988659,-2.111848394913139,-3.735004599267865,-6.510078109938849,-0.09564474882504939,0.16256335205265232
4,2,0.12290143966674805,"(np.float64(0.12687865683272911), np.float64(0.15460209067254738))",-0.19330911,-0.27658644,3.4033920413889427,-2.2689280275926285,-4.886921905584122,-6.998770300497261,-0.077202673086324,0.16585630510574434
4,2,0.1354978084564209,"(np.float64(0.12687865683272911), np.float64(0.15460209067254738))",-0.14704771,-0.24785852,3.3335788713091694,-2.3387411976724017,-5.462880558742252,-7.173303225696695,-0.06785906274337514,0.1690750617347629
4,2,0.15130066871643066,"(np.float64(0.12687865683272911), np.float64(0.15460209067254738))",-0.11360645,-0.22057132,3.2812189937493397,-2.426007660272118,-5.846852994181004,-7.278022980816354,-0.057689915123703916,0.16988896185224894
4,2,0.16553616523742676,"(np.float64(0.12687865683272911), np.float64(0.15460209067254738))",-0.084748745,-0.1873333,3.2114058236695664,-2.4958208303518914,-6.03883921190038,-7.365289443416071,-0.04834115910806323,0.1721725583836285
4,2,0.17995071411132812,"(np.float64(0.12687865683272911), np.float64(0.15460209067254738))",-0.00087766646,-0.13383456,3.07177948351002,-2.652900463031381,-6.702064327658226,-7.278022980816354,-0.028165607579418536,0.1746038017978754
4,2,0.19234490394592285,"(np.float64(0.12687865683272911), np.float64(0.15460209067254738))",0.013279724,-0.13992691,3.001966313430247,-2.7401669256310974,-6.510078109938849,-7.47000919853573,-0.01749409245830156,0.17463822702426093
4,2,0.20808672904968262,"(np.float64(0.12687865683272911), np.float64(0.15460209067254738))",0.07296944,-0.1188119,2.9321531433504737,-2.8099800957108707,-6.894050545377602,-7.173303225696695,-0.008166184358820577,0.17517134888112718
4,2,0.22093677520751953,"(np.float64(0.12687865683272911), np.float64(0.15460209067254738))",0.13173142,0.038704682,2.775073510670984,-2.9670597283903604,-7.173303225696695,-6.998770300497261,0.012831105827228712,0.1749533971369702
4,2,0.2334287166595459,"(np.float64(0.12687865683272911), np.float64(0.15460209067254738))",0.13255902,0.13396321,2.705260340591211,-3.036872898470133,-7.173303225696695,-6.894050545377602,0.022154328846361003,0.1742254086961598
4,2,0.2473747730255127,"(np.float64(0.12687865683272911), np.float64(0.15460209067254738))",0.11625309,0.20061874,2.6354471705114375,-3.12413936106985,-6.998770300497261,-6.230825429619756,0.032403537315827464,0.17191555427298882
4,2,0.2621021270751953,"(np.float64(0.12687865683272911), np.float64(0.15460209067254738))",0.17399064,0.45230904,2.548180707911721,-3.1764992386296798,-7.086036763096978,-6.03883921190038,0.04219424235029348,0.1723748300021918
4,2,0.2755434513092041,"(np.float64(0.12687865683272911), np.float64(0.15460209067254738))",0.38129732,0.6715633,2.4085543677521746,-3.2986722862692828,-6.806784082777885,-5.1661745859032155,0.06001947781146276,0.16925121311635488
4,2,0.2885615825653076,"(np.float64(0.12687865683272911), np.float64(0.15460209067254738))",0.51319695,0.640687,2.3387411976724017,-3.351032163829113,-6.614797865058509,-4.50294947014537,0.06858864916752147,0.1677496081368322
4,2,0.301882266998291,"(np.float64(0.12687865683272911), np.float64(0.15460209067254738))",0.48551273,0.43865702,2.2689280275926285,-3.4033920413889427,-6.126105674500097,-3.4382986264288293,0.07720212487404043,0.16585612699837674
4,2,0.31479382514953613,"(np.float64(0.12687865683272911), np.float64(0.15460209067254738))",0.47084352,0.20728627,2.199114857512855,-3.4382986264288293,-5.654866776461628,-2.3911010752322315,0.0852100124028413,0.16493704037408208
4,2,0.3288259506225586,"(np.float64(0.12687865683272911), np.float64(0.15460209067254738))",0.35008278,-0.0353838,2.0943951023931953,-3.4557519189487724,-4.50294947014537,-0.7504915783575618,0.0961720738743646,0.16575177103409888
4,2,0.34098172187805176,"(np.float64(0.12687865683272911), np.float64(0.15460209067254738))",0.31369647,-0.10013228,2.0420352248333655,-3.473205211468716,-4.014257279586958,-0.17453292519943295,0.10206477692497279,0.16518232093691218
4,2,0.35474562644958496,"(np.float64(0.12687865683272911), np.float64(0.15460209067254738))",0.3163235,-0.121346,2.007128639793479,-3.473205211468716,-3.735004599267865,0.0,0.10561974567568318,0.16568882527715903
4,2,0.3674650192260742,"(np.float64(0.12687865683272911), np.float64(0.15460209067254738))",0.30584317,-0.12148275,1.9722220547535925,-3.473205211468716,-3.246312408709453,0.0,0.10920030133477857,0.1661333868102744
4,2,0.3812267780303955,"(np.float64(0.12687865683272911), np.float64(0.15460209067254738))",0.3250702,-0.11140499,1.9024088846738192,-3.473205211468716,-2.670353755551324,0.08726646259971647,0.11642549852938977,0.1668317646058034
4,2,0.3949902057647705,"(np.float64(0.12687865683272911), np.float64(0.15460209067254738))",0.31596622,-0.089837365,1.8675022996339325,-3.473205211468716,-2.199114857512855,0.0,0.12006352424852423,0.16708353178108695
4,2,0.40769219398498535,"(np.float64(0.12687865683272911), np.float64(0.15460209067254738))",0.30077705,-0.07810011,1.8500490071139892,-3.473205211468716,-1.9024088846738192,0.0,0.12188739348072339,0.16718469697258714
4,2,0.42238807678222656,"(np.float64(0.12687865683272911), np.float64(0.15460209067254738))",0.2594204,-0.071155265,1.8325957145940461,-3.473205211468716,-1.5184364492350666,0.0,0.12371391118315386,0.16726927527347946
4,2,0.43637776374816895,"(np.float64(0.12687865683272911), np.float64(0.15460209067254738))",0.15144292,-0.103840254,1.8151424220741028,-3.473205211468716,-0.8552113334772214,0.0,0.12554262750479225,0.16733720052923579
4,2,0.44903039932250977,"(np.float64(0.12687865683272911), np.float64(0.15460209067254738))",0.13108598,-0.096148305,1.7976891295541595,-3.473205211468716,-0.5585053606381855,0.0,0.1273730862820452,0.16738841876169402
4,2,0.463076114654541,"(np.float64(0.12687865683272911), np.float64(0.15460209067254738))",0.0714941,-0.10496016,1.7976891295541595,-3.473205211468716,-0.2792526803190927,0.0,0.1273730862820452,0.16738841876169402
4,2,0.47834277153015137,"(np.float64(0.12687865683272911), np.float64(0.15460209067254738))",0.04155598,-0.11088333,1.7976891295541595,-3.473205211468716,-0.08726646259971647,0.0,0.1273730862820452,0.16738841876169402
4,2,0.49132871627807617,"(np.float64(0.12687865683272911), np.float64(0.15460209067254738))",0.017267609,-0.11282778,1.7976891295541595,-3.473205211468716,0.17453292519943295,0.0,0.1273730862820452,0.16738841876169402
4,2,0.5039162635803223,"(np.float64(0.12687865683272911), np.float64(0.15460209067254738))",0.0068983077,-0.113366604,1.7976891295541595,-3.473205211468716,0.2792526803190927,0.0,0.1273730862820452,0.16738841876169402
4,2,0.5191061496734619,"(np.float64(0.12687865683272911), np.float64(0.15460209067254738))",-0.0014452934,-0.113127135,1.7976891295541595,-3.473205211468716,0.3665191429188092,0.0,0.1273730862820452,0.16738841876169402
4,2,0.5313315391540527,"(np.float64(0.12687865683272911), np.float64(0.15460209067254738))",0.017267609,-0.11282778,1.7976891295541595,-3.473205211468716,0.17453292519943295,0.0,0.1273730862820452,0.16738841876169402
4,2,0.5461523532867432,"(np.float64(0.12687865683272911), np.float64(0.15460209067254738))",-0.014089203,-0.17136526,1.8151424220741028,-3.473205211468716,0.2792526803190927,0.17453292519943295,0.12554262750479225,0.16733720052923579
4,2,0.5598435401916504,"(np.float64(0.12687865683272911), np.float64(0.15460209067254738))",-0.014203072,-0.12952252,1.8151424220741028,-3.473205211468716,0.2792526803190927,0.0,0.12554262750479225,0.16733720052923579
4,2,0.5730311870574951,"(np.float64(0.12687865683272911), np.float64(0.15460209067254738))",0.012498475,-0.12860346,1.8151424220741028,-3.473205211468716,0.0,0.0,0.12554262750479225,0.16733720052923579
4,2,0.5862512588500977,"(np.float64(0.12687865683272911), np.float64(0.15460209067254738))",0.012498475,-0.12860346,1.8151424220741028,-3.473205211468716,0.0,0.0,0.12554262750479225,0.16733720052923579
4,2,0.5989160537719727,"(np.float64(0.12687865683272911), np.float64(0.15460209067254738))",0.028691102,-0.12489929,1.8151424220741028,-3.473205211468716,-0.17453292519943295,0.0,0.12554262750479225,0.16733720052923579
4,2,0.614405632019043,"(np.float64(0.12687865683272911), np.float64(0.15460209067254738))",0.028691102,-0.12489929,1.8151424220741028,-3.473205211468716,-0.17453292519943295,0.0,0.12554262750479225,0.16733720052923579
4,2,0.6292648315429688,"(np.float64(0.12687865683272911), np.float64(0.15460209067254738))",0.049319267,-0.10829153,1.7976891295541595,-3.473205211468716,-0.17453292519943295,0.0,0.1273730862820452,0.16738841876169402
4,2,0.641836404800415,"(np.float64(0.12687865683272911), np.float64(0.15460209067254738))",0.04155598,-0.11088333,1.7976891295541595,-3.473205211468716,-0.08726646259971647,0.0,0.1273730862820452,0.16738841876169402
4,2,0.6559336185455322,"(np.float64(0.12687865683272911), np.float64(0.15460209067254738))",0.017267609,-0.11282778,1.7976891295541595,-3.473205211468716,0.17453292519943295,0.0,0.1273730862820452,0.16738841876169402
4,2,0.6684131622314453,"(np.float64(0.12687865683272911), np.float64(0.15460209067254738))",0.025419999,-0.11232882,1.7976891295541595,-3.473205211468716,0.08726646259971647,0.0,0.1273730862820452,0.16738841876169402
4,2,0.6825246810913086,"(np.float64(0.12687865683272911), np.float64(0.15460209067254738))",0.0041887285,-0.12998028,1.8151424220741028,-3.473205211468716,0.08726646259971647,0.0,0.12554262750479225,0.16733720052923579
4,2,0.6972165107727051,"(np.float64(0.12687865683272911), np.float64(0.15460209067254738))",0.00468998,-0.15119219,1.8151424220741028,-3.473205211468716,0.08726646259971647,0.08726646259971647,0.12554262750479225,0.16733720052923579
4,2,0.7093968391418457,"(np.float64(0.12687865683272911), np.float64(0.15460209067254738))",0.012498475,-0.12860346,1.8151424220741028,-3.473205211468716,0.0,0.0,0.12554262750479225,0.16733720052923579
4,2,0.7238457202911377,"(np.float64(0.12687865683272911), np.float64(0.15460209067254738))",0.012498475,-0.12860346,1.8151424220741028,-3.473205211468716,0.0,0.0,0.12554262750479225,0.16733720052923579
4,2,0.7378859519958496,"(np.float64(0.12687865683272911), np.float64(0.15460209067254738))",0.012498475,-0.12860346,1.8151424220741028,-3.473205211468716,0.0,0.0,0.12554262750479225,0.16733720052923579
4,2,0.7504703998565674,"(np.float64(0.12687865683272911), np.float64(0.15460209067254738))",0.038020324,-0.121798515,1.8151424220741028,-3.473205211468716,-0.2792526803190927,0.0,0.12554262750479225,0.16733720052923579
4,2,0.7645139694213867,"(np.float64(0.12687865683272911), np.float64(0.15460209067254738))",0.049319267,-0.10829153,1.7976891295541595,-3.473205211468716,-0.17453292519943295,0.0,0.1273730862820452,0.16738841876169402
4,2,0.7790191173553467,"(np.float64(0.12687865683272911), np.float64(0.15460209067254738))",0.033571243,-0.11183033,1.7976891295541595,-3.473205211468716,0.0,0.0,0.1273730862820452,0.16738841876169402
4,2,0.7931694984436035,"(np.float64(0.12687865683272911), np.float64(0.15460209067254738))",0.033571243,-0.11183033,1.7976891295541595,-3.473205211468716,0.0,0.0,0.1273730862820452,0.16738841876169402
4,2,0.8061296939849854,"(np.float64(0.12687865683272911), np.float64(0.15460209067254738))",0.012498475,-0.12860346,1.8151424220741028,-3.473205211468716,0.0,0.0,0.12554262750479225,0.16733720052923579
4,2,0.8200788497924805,"(np.float64(0.12687865683272911), np.float64(0.15460209067254738))",0.012498475,-0.12860346,1.8151424220741028,-3.473205211468716,0.0,0.0,0.12554262750479225,0.16733720052923579
4,2,0.8338172435760498,"(np.float64(0.12687865683272911), np.float64(0.15460209067254738))",0.0041887285,-0.12998028,1.8151424220741028,-3.473205211468716,0.08726646259971647,0.0,0.12554262750479225,0.16733720052923579
4,2,0.8481166362762451,"(np.float64(0.12687865683272911), np.float64(0.15460209067254738))",0.012498475,-0.12860346,1.8151424220741028,-3.473205211468716,0.0,0.0,0.12554262750479225,0.16733720052923579
4,2,0.8618259429931641,"(np.float64(0.12687865683272911), np.float64(0.15460209067254738))",0.012498475,-0.12860346,1.8151424220741028,-3.473205211468716,0.0,0.0,0.12554262750479225,0.16733720052923579
4,2,0.8749105930328369,"(np.float64(0.12687865683272911), np.float64(0.15460209067254738))",0.038020324,-0.121798515,1.8151424220741028,-3.473205211468716,-0.2792526803190927,0.0,0.12554262750479225,0.16733720052923579
4,2,0.8886494636535645,"(np.float64(0.12687865683272911), np.float64(0.15460209067254738))",0.028691102,-0.12489929,1.8151424220741028,-3.473205211468716,-0.17453292519943295,0.0,0.12554262750479225,0.16733720052923579
4,2,0.9023089408874512,"(np.float64(0.12687865683272911), np.float64(0.15460209067254738))",0.033571243,-0.11183033,1.7976891295541595,-3.473205211468716,0.0,0.0,0.1273730862820452,0.16738841876169402
4,2,0.9154281616210938,"(np.float64(0.12687865683272911), np.float64(0.15460209067254738))",0.033571243,-0.11183033,1.7976891295541595,-3.473205211468716,0.0,0.0,0.1273730862820452,0.16738841876169402
4,2,0.9325129985809326,"(np.float64(0.12687865683272911), np.float64(0.15460209067254738))",0.0068983077,-0.113366604,1.7976891295541595,-3.473205211468716,0.2792526803190927,0.0,0.1273730862820452,0.16738841876169402
4,2,0.9472105503082275,"(np.float64(0.12687865683272911), np.float64(0.15460209067254738))",0.012498475,-0.12860346,1.8151424220741028,-3.473205211468716,0.0,0.0,0.12554262750479225,0.16733720052923579
4,2,0.9604282379150391,"(np.float64(0.12687865683272911), np.float64(0.15460209067254738))",0.0041887285,-0.12998028,1.8151424220741028,-3.473205211468716,0.08726646259971647,0.0,0.12554262750479225,0.16733720052923579
4,2,0.9738824367523193,"(np.float64(0.12687865683272911), np.float64(0.15460209067254738))",0.012498475,-0.12860346,1.8151424220741028,-3.473205211468716,0.0,0.0,0.12554262750479225,0.16733720052923579
4,2,0.9884505271911621,"(np.float64(0.12687865683272911), np.float64(0.15460209067254738))",0.01189785,-0.103831485,1.8151424220741028,-3.473205211468716,0.0,-0.08726646259971647,0.12554262750479225,0.16733720052923579
5,1,0.0,"(np.float64(-0.14686450188713712), np.float64(0.13576014910658835))",0.06231022,-0.07767677,1.6580627893946132,-3.7524578917878086,0.0,0.0,0.14959253199450692,0.14035257084140557
5,1,0.012451887130737305,"(np.float64(-0.14686450188713712), np.float64(0.13576014910658835))",1.4832252,1.0986315,1.6580627893946132,-3.7524578917878086,0.0,0.0,0.14959253199450692,0.14035257084140557
5,1,0.02665090560913086,"(np.float64(-0.14686450188713712), np.float64(0.13576014910658835))",1.4832252,1.0986315,1.6580627893946132,-3.7524578917878086,0.0,0.0,0.14959253199450692,0.14035257084140557
5,1,0.04062628746032715,"(np.float64(-0.14686450188713712), np.float64(0.13576014910658835))",1.3314308,1.0444485,1.6929693744344996,-3.735004599267865,2.3911010752322315,1.3264502315156905,0.14558407149372793,0.14248925730210762
5,1,0.05328965187072754,"(np.float64(-0.14686450188713712), np.float64(0.13576014910658835))",1.1619953,1.0467799,1.7278759594743862,-3.717551306747922,3.543018381548489,2.0943951023931953,0.14155564922393482,0.14451422896784705
5,1,0.06734752655029297,"(np.float64(-0.14686450188713712), np.float64(0.13576014910658835))",1.108632,0.9857659,1.7627825445142729,-3.6826447217080354,4.590215932745087,3.1590459461097367,0.13710759200727932,0.14801299553934016
5,1,0.08112025260925293,"(np.float64(-0.14686450188713712), np.float64(0.13576014910658835))",0.964999,0.7747536,1.8151424220741028,-3.6477381366681487,5.358160803622591,4.2062434973063345,0.13076636441506057,0.15143463758030964
5,1,0.09412956237792969,"(np.float64(-0.14686450188713712), np.float64(0.13576014910658835))",0.38717252,0.39755517,1.9547687622336491,-3.543018381548489,6.806784082777885,6.230825429619756,0.11328808221776926,0.16026457609700703
5,1,0.10684895515441895,"(np.float64(-0.14686450188713712), np.float64(0.13576014910658835))",0.2403038,0.29423887,2.0245819323134224,-3.473205211468716,7.557275661135447,7.278022980816354,0.10383887112921203,0.16544323060552427
5,1,0.12083792686462402,"(np.float64(-0.14686450188713712), np.float64(0.13576014910658835))",0.23542996,0.24921437,2.111848394913139,-3.385938748868999,7.47000919853573,7.749261878854823,0.09181084216470535,0.1711923208105276
5,1,0.13397669792175293,"(np.float64(-0.14686450188713712), np.float64(0.13576014910658835))",0.20829086,0.1947981,2.181661564992912,-3.2986722862692828,7.557275661135447,8.133234314293576,0.0812827578448102,0.176649378165183
5,1,0.1482229232788086,"(np.float64(-0.14686450188713712), np.float64(0.13576014910658835))",0.18701898,0.15734234,2.2689280275926285,-3.2114058236695664,7.47000919853573,8.429940287132611,0.06883879622557358,0.18095793274038288
5,1,0.16077542304992676,"(np.float64(-0.14686450188713712), np.float64(0.13576014910658835))",0.12173615,0.033996392,2.426007660272118,-3.01941960595019,7.365289443416071,9.093165402890458,0.04409164698085074,0.1894256838288617
5,1,0.17473816871643066,"(np.float64(-0.14686450188713712), np.float64(0.13576014910658835))",0.07690525,0.0035751343,2.5132741228718345,-2.91469985083053,6.998770300497261,9.47713783832921,0.03005931719947154,0.19279093712480003
5,1,0.18701171875,"(np.float64(-0.14686450188713712), np.float64(0.13576014910658835))",0.044193078,0.006633377,2.5830872929516078,-2.827433388230814,6.702064327658226,9.47713783832921,0.01842260871013216,0.19510432805535366
5,1,0.20002222061157227,"(np.float64(-0.14686450188713712), np.float64(0.13576014910658835))",0.027298737,0.008211327,2.652900463031381,-2.722713633111154,6.318091892219473,9.47713783832921,0.005327932008479676,0.19796708645651595
5,1,0.21375513076782227,"(np.float64(-0.14686450188713712), np.float64(0.13576014910658835))",0.045261003,-0.15405598,2.775073510670984,-2.5132741228718345,5.462880558742252,9.47713783832921,-0.0205258396291247,0.2026504783766212
5,1,0.2288963794708252,"(np.float64(-0.14686450188713712), np.float64(0.13576014910658835))",0.050677873,-0.26408044,2.827433388230814,-2.4085543677521746,5.1661745859032155,9.389871375729493,-0.033322388226157365,0.20451861571028612
5,1,0.24227690696716309,"(np.float64(-0.14686450188713712), np.float64(0.13576014910658835))",0.065531924,-0.4074137,2.8797932657906435,-2.303834612632515,4.782202150464463,9.389871375729493,-0.046426044880931085,0.20564446527056626
5,1,0.2554898262023926,"(np.float64(-0.14686450188713712), np.float64(0.13576014910658835))",0.09365845,-0.46169806,2.9845130209103035,-2.2165681500327987,3.9269908169872414,9.093165402890458,-0.06138667684477492,0.20109603588988725
5,1,0.27012109756469727,"(np.float64(-0.14686450188713712), np.float64(0.13576014910658835))",0.07600327,-0.74273556,3.01941960595019,-2.0245819323134224,3.735004599267865,8.621926504851988,-0.08244014377635288,0.2046705557621909
5,1,0.28305864334106445,"(np.float64(-0.14686450188713712), np.float64(0.13576014910658835))",0.07442246,-1.0213355,3.0543261909900767,-1.9198621771937625,3.4382986264288293,8.237954069413236,-0.0951389999003936,0.2042600990034153
5,1,0.29559326171875,"(np.float64(-0.14686450188713712), np.float64(0.13576014910658835))",0.062710956,-0.84283537,3.0892327760299634,-1.8500490071139892,3.351032163829113,7.365289443416071,-0.10431168265350035,0.20248382999463987
5,1,0.30983543395996094,"(np.float64(-0.14686450188713712), np.float64(0.13576014910658835))",0.06289387,-0.67106944,3.141592653589793,-1.7627825445142729,3.1590459461097367,6.510078109938849,-0.11621695968619174,0.19886457590275763
5,1,0.3235456943511963,"(np.float64(-0.14686450188713712), np.float64(0.13576014910658835))",0.074171446,-0.6674612,3.2114058236695664,-1.6406094968746698,3.246312408709453,5.078908123303499,-0.13247503850615544,0.19296775090643314
5,1,0.33698105812072754,"(np.float64(-0.14686450188713712), np.float64(0.13576014910658835))",0.104885675,-0.605062,3.246312408709453,-1.5882496193148399,3.246312408709453,4.118977034706618,-0.13958820672950056,0.18953057754462957
5,1,0.35094285011291504,"(np.float64(-0.14686450188713712), np.float64(0.13576014910658835))",0.03233223,-0.5930374,3.2812189937493397,-1.53588974175501,3.351032163829113,3.6302848441482056,-0.14660838606132315,0.1858284326917038
5,1,0.3635268211364746,"(np.float64(-0.14686450188713712), np.float64(0.13576014910658835))",-0.05435009,-0.5817751,3.3161255787892263,-1.5009831567151235,3.4382986264288293,3.1590459461097367,-0.15177841194311376,0.18201029270999863
5,1,0.37740325927734375,"(np.float64(-0.14686450188713712), np.float64(0.13576014910658835))",-0.15415211,-0.49120694,3.385938748868999,-1.4486232791552935,3.543018381548489,1.8151424220741028,-0.16012904675904802,0.1741627118811438
5,1,0.39426231384277344,"(np.float64(-0.14686450188713712), np.float64(0.13576014910658835))",-0.17350426,-0.41816598,3.420845333908886,-1.4311699866353502,3.6302848441482056,1.1344640137963142,-0.1633170502503381,0.1702201151424115
5,1,0.410280704498291,"(np.float64(-0.14686450188713712), np.float64(0.13576014910658835))",-0.2636528,-0.3662815,3.5081117965086026,-1.413716694115407,3.4382986264288293,0.3665191429188092,-0.16833932075785413,0.16061969842653723
5,1,0.4247617721557617,"(np.float64(-0.14686450188713712), np.float64(0.13576014910658835))",-0.31522456,-0.32760286,3.543018381548489,-1.413716694115407,3.351032163829113,0.0,-0.1695107502554641,0.15689417326871363
5,1,0.4383659362792969,"(np.float64(-0.14686450188713712), np.float64(0.13576014910658835))",-0.39056778,-0.31490192,3.5779249665883754,-1.413716694115407,3.351032163829113,-0.2792526803190927,-0.17060183959929232,0.1531776062207164
5,1,0.452378511428833,"(np.float64(-0.14686450188713712), np.float64(0.13576014910658835))",-0.3572959,-0.2804679,3.6477381366681487,-1.4311699866353502,2.670353755551324,-0.5585053606381855,-0.17077407135385733,0.14620147540142558
5,1,0.4652886390686035,"(np.float64(-0.14686450188713712), np.float64(0.13576014910658835))",-0.295578,-0.28555423,3.6651914291880923,-1.4311699866353502,2.2863813201125716,-0.5585053606381855,-0.17120870811237618,0.14437337516213145
5,1,0.48136472702026367,"(np.float64(-0.14686450188713712), np.float64(0.13576014910658835))",-0.25921384,-0.30916578,3.7000980142279785,-1.4311699866353502,1.8151424220741028,-0.5585053606381855,-0.1720210413099579,0.1407302879111586
5,1,0.49663281440734863,"(np.float64(-0.14686450188713712), np.float64(0.13576014910658835))",-0.15696307,-0.24630623,3.717551306747922,-1.4486232791552935,1.239183768915974,-0.7504915783575618,-0.170621234792607,0.13937630382996374
5,1,0.5122928619384766,"(np.float64(-0.14686450188713712), np.float64(0.13576014910658835))",-0.10160656,-0.22022915,3.735004599267865,-1.4660765716752369,0.8552113334772214,-0.7504915783575618,-0.1691954167891932,0.13803785439950358
5,1,0.5280778408050537,"(np.float64(-0.14686450188713712), np.float64(0.13576014910658835))",-0.10161982,-0.18274279,3.7524578917878086,-1.4660765716752369,0.7504915783575618,-0.9424777960769379,-0.1695366070600098,0.13626013718084207
5,1,0.5436949729919434,"(np.float64(-0.14686450188713712), np.float64(0.13576014910658835))",-0.012289143,-0.115736485,3.7524578917878086,-1.5009831567151235,0.47123889803846897,-1.0471975511965976,-0.1659481333675578,0.13715376110598687
5,1,0.5583064556121826,"(np.float64(-0.14686450188713712), np.float64(0.13576014910658835))",-0.050046064,-0.11445675,3.7699111843077517,-1.5009831567151235,0.47123889803846897,-1.0471975511965976,-0.16627241024063338,0.13540797046772624
5,1,0.5752048492431641,"(np.float64(-0.14686450188713712), np.float64(0.13576014910658835))",0.021401215,-0.11053,3.7699111843077517,-1.5184364492350666,0.17453292519943295,-0.9424777960769379,-0.16447050826947163,0.1358433258468729
5,1,0.5921649932861328,"(np.float64(-0.14686450188713712), np.float64(0.13576014910658835))",0.061965942,-0.050624467,3.7699111843077517,-1.5533430342749532,0.0,-1.0471975511965976,-0.16085300801179495,0.1366642706541708
5,1,0.6056489944458008,"(np.float64(-0.14686450188713712), np.float64(0.13576014910658835))",0.089803696,-0.015217209,3.7699111843077517,-1.5707963267948966,-0.17453292519943295,-1.1344640137963142,-0.15903835684957696,0.13704961916294933
5,1,0.6205794811248779,"(np.float64(-0.14686450188713712), np.float64(0.13576014910658835))",0.07465058,-0.0077132224,3.7699111843077517,-1.5882496193148399,0.0,-1.0471975511965976,-0.1572203978393057,0.13741808206905012
5,1,0.6353170871734619,"(np.float64(-0.14686450188713712), np.float64(0.13576014910658835))",0.080736354,0.013748551,3.7699111843077517,-1.6057029118347832,0.0,-1.0471975511965976,-0.1553995965176874,0.13776957491883965
5,1,0.6493992805480957,"(np.float64(-0.14686450188713712), np.float64(0.13576014910658835))",0.08356743,0.021619225,3.7699111843077517,-1.6231562043547265,0.0,-0.9424777960769379,-0.15357641500964633,0.13810402718149303
5,1,0.6623167991638184,"(np.float64(-0.14686450188713712), np.float64(0.13576014910658835))",0.062149238,0.0076595307,3.7699111843077517,-1.6231562043547265,0.17453292519943295,-0.8552113334772214,-0.15357641500964633,0.13810402718149303
5,1,0.6768290996551514,"(np.float64(-0.14686450188713712), np.float64(0.13576014910658835))",0.058254242,-0.0092956545,3.7699111843077517,-1.6406094968746698,0.17453292519943295,-0.5585053606381855,-0.15175131190954755,0.13842138198792656
5,1,0.6898660659790039,"(np.float64(-0.14686450188713712), np.float64(0.13576014910658835))",0.05871849,0.0010702134,3.7699111843077517,-1.6580627893946132,0.17453292519943295,-0.47123889803846897,-0.14992474215871893,0.13872159587256744
5,1,0.7039585113525391,"(np.float64(-0.14686450188713712), np.float64(0.13576014910658835))",0.07342453,-0.019762993,3.7699111843077517,-1.6580627893946132,0.0,-0.2792526803190927,-0.14992474215871893,0.13872159587256744
5,1,0.7173457145690918,"(np.float64(-0.14686450188713712), np.float64(0.13576014910658835))",0.066617586,-0.04359169,3.7699111843077517,-1.6580627893946132,0.0,-0.08726646259971647,-0.14992474215871893,0.13872159587256744
5,1,0.731182336807251,"(np.float64(-0.14686450188713712), np.float64(0.13576014910658835))",0.07257309,-0.05275097,3.7699111843077517,-1.6580627893946132,-0.08726646259971647,0.0,-0.14992474215871893,0.13872159587256744
5,1,0.7439315319061279,"(np.float64(-0.14686450188713712), np.float64(0.13576014910658835))",0.060427286,-0.06523762,3.7699111843077517,-1.6580627893946132,0.0,0.08726646259971647,-0.14992474215871893,0.13872159587256744
5,1,0.758690357208252,"(np.float64(-0.14686450188713712), np.float64(0.13576014910658835))",0.06352253,-0.054417133,3.7699111843077517,-1.6580627893946132,0.0,0.0,-0.14992474215871893,0.13872159587256744
5,1,0.7727932929992676,"(np.float64(-0.14686450188713712), np.float64(0.13576014910658835))",0.06352253,-0.054417133,3.7699111843077517,-1.6580627893946132,0.0,0.0,-0.14992474215871893,0.13872159587256744
5,1,0.7858567237854004,"(np.float64(-0.14686450188713712), np.float64(0.13576014910658835))",0.06352253,-0.054417133,3.7699111843077517,-1.6580627893946132,0.0,0.0,-0.14992474215871893,0.13872159587256744
5,1,0.7987611293792725,"(np.float64(-0.14686450188713712), np.float64(0.13576014910658835))",0.06352253,-0.054417133,3.7699111843077517,-1.6580627893946132,0.0,0.0,-0.14992474215871893,0.13872159587256744
5,1,0.813274621963501,"(np.float64(-0.14686450188713712), np.float64(0.13576014910658835))",0.06352253,-0.054417133,3.7699111843077517,-1.6580627893946132,0.0,0.0,-0.14992474215871893,0.13872159587256744
5,1,0.8273472785949707,"(np.float64(-0.14686450188713712), np.float64(0.13576014910658835))",0.06352253,-0.054417133,3.7699111843077517,-1.6580627893946132,0.0,0.0,-0.14992474215871893,0.13872159587256744
5,1,0.8415703773498535,"(np.float64(-0.14686450188713712), np.float64(0.13576014910658835))",0.06352253,-0.054417133,3.7699111843077517,-1.6580627893946132,0.0,0.0,-0.14992474215871893,0.13872159587256744
5,1,0.8555145263671875,"(np.float64(-0.14686450188713712), np.float64(0.13576014910658835))",0.06352253,-0.054417133,3.7699111843077517,-1.6580627893946132,0.0,0.0,-0.14992474215871893,0.13872159587256744
5,1,0.870697021484375,"(np.float64(-0.14686450188713712), np.float64(0.13576014910658835))",0.06352253,-0.054417133,3.7699111843077517,-1.6580627893946132,0.0,0.0,-0.14992474215871893,0.13872159587256744
5,1,0.884514570236206,"(np.float64(-0.14686450188713712), np.float64(0.13576014910658835))",0.06352253,-0.054417133,3.7699111843077517,-1.6580627893946132,0.0,0.0,-0.14992474215871893,0.13872159587256744
5,1,0.8980364799499512,"(np.float64(-0.14686450188713712), np.float64(0.13576014910658835))",0.06352253,-0.054417133,3.7699111843077517,-1.6580627893946132,0.0,0.0,-0.14992474215871893,0.13872159587256744
5,1,0.9128265380859375,"(np.float64(-0.14686450188713712), np.float64(0.13576014910658835))",0.06352253,-0.054417133,3.7699111843077517,-1.6580627893946132,0.0,0.0,-0.14992474215871893,0.13872159587256744
5,1,0.9270668029785156,"(np.float64(-0.14686450188713712), np.float64(0.13576014910658835))",0.06352253,-0.054417133,3.7699111843077517,-1.6580627893946132,0.0,0.0,-0.14992474215871893,0.13872159587256744
5,1,0.9410595893859863,"(np.float64(-0.14686450188713712), np.float64(0.13576014910658835))",0.06352253,-0.054417133,3.7699111843077517,-1.6580627893946132,0.0,0.0,-0.14992474215871893,0.13872159587256744
5,1,0.9546074867248535,"(np.float64(-0.14686450188713712), np.float64(0.13576014910658835))",0.06352253,-0.054417133,3.7699111843077517,-1.6580627893946132,0.0,0.0,-0.14992474215871893,0.13872159587256744
5,1,0.9677541255950928,"(np.float64(-0.14686450188713712), np.float64(0.13576014910658835))",0.06352253,-0.054417133,3.7699111843077517,-1.6580627893946132,0.0,0.0,-0.14992474215871893,0.13872159587256744
5,1,0.9803214073181152,"(np.float64(-0.14686450188713712), np.float64(0.13576014910658835))",0.06352253,-0.054417133,3.7699111843077517,-1.6580627893946132,0.0,0.0,-0.14992474215871893,0.13872159587256744
5,1,0.9945774078369141,"(np.float64(-0.14686450188713712), np.float64(0.13576014910658835))",0.06352253,-0.054417133,3.7699111843077517,-1.6580627893946132,0.0,0.0,-0.14992474215871893,0.13872159587256744
5,2,0.0,"(np.float64(0.14686450188713712), np.float64(0.13576014910658835))",0.06352253,-0.054417133,3.7699111843077517,-1.6580627893946132,0.0,0.0,-0.14992474215871893,0.13872159587256744
5,2,0.014320850372314453,"(np.float64(0.14686450188713712), np.float64(0.13576014910658835))",-0.7144238,-1.4830235,3.7699111843077517,-1.6580627893946132,0.0,0.0,-0.14992474215871893,0.13872159587256744
5,2,0.028121232986450195,"(np.float64(0.14686450188713712), np.float64(0.13576014910658835))",-0.7144238,-1.4830235,3.7699111843077517,-1.6580627893946132,0.0,0.0,-0.14992474215871893,0.13872159587256744
5,2,0.041337013244628906,"(np.float64(0.14686450188713712), np.float64(0.13576014910658835))",-0.6250898,-1.3940254,3.7699111843077517,-1.6580627893946132,-0.3665191429188092,-1.1344640137963142,-0.14992474215871893,0.13872159587256744
5,2,0.054605722427368164,"(np.float64(0.14686450188713712), np.float64(0.13576014910658835))",-0.55282706,-1.2540652,3.7524578917878086,-1.6755160819145565,-0.7504915783575618,-2.199114857512855,-0.1477636792354217,0.1406230726515102
5,2,0.06901097297668457,"(np.float64(0.14686450188713712), np.float64(0.13576014910658835))",-0.58273333,-1.0250419,3.7524578917878086,-1.710422666954443,-1.1344640137963142,-3.0543261909900767,-0.1441045198410516,0.14111260035223566
5,2,0.0841224193572998,"(np.float64(0.14686450188713712), np.float64(0.13576014910658835))",-0.5331127,-0.62923586,3.717551306747922,-1.7976891295541595,-2.0943951023931953,-5.078908123303499,-0.1342371852279716,0.14512156646042265
5,2,0.10094261169433594,"(np.float64(0.14686450188713712), np.float64(0.13576014910658835))",-0.48131877,-0.4696974,3.6826447217080354,-1.8500490071139892,-2.670353755551324,-5.846852994181004,-0.12797331452878938,0.1484396218078135
5,2,0.11301279067993164,"(np.float64(0.14686450188713712), np.float64(0.13576014910658835))",-0.2520752,-0.40332967,3.612831551628262,-1.9198621771937625,-4.2062434973063345,-6.126105674500097,-0.11893273626315438,0.15445390363774578
5,2,0.12666726112365723,"(np.float64(0.14686450188713712), np.float64(0.13576014910658835))",-0.18763219,-0.3218709,3.5604716740684323,-2.059488517353309,-4.694935687864747,-6.702064327658226,-0.10313654313414765,0.15766590396649224
5,2,0.14012765884399414,"(np.float64(0.14686450188713712), np.float64(0.13576014910658835))",-0.16764107,-0.27638045,3.5081117965086026,-2.1467549799530254,-5.1661745859032155,-7.086036763096978,-0.09277225147527618,0.1605034174670515
5,2,0.1536717414855957,"(np.float64(0.14686450188713712), np.float64(0.13576014910658835))",-0.16537161,-0.25776377,3.4557519189487724,-2.2165681500327987,-5.462880558742252,-7.086036763096978,-0.08415685049350634,0.16314138376261927
5,2,0.16773366928100586,"(np.float64(0.14686450188713712), np.float64(0.13576014910658835))",-0.16767207,-0.2547557,3.385938748868999,-2.2863813201125716,-5.934119456780721,-7.086036763096978,-0.0748739205752886,0.16670360818607627
5,2,0.18195462226867676,"(np.float64(0.14686450188713712), np.float64(0.13576014910658835))",-0.120713614,-0.22142744,3.263765701229396,-2.443460952792061,-6.510078109938849,-7.278022980816354,-0.05535698768243044,0.17049975697490083
5,2,0.19567656517028809,"(np.float64(0.14686450188713712), np.float64(0.13576014910658835))",-0.08387871,-0.17690592,3.193952531149623,-2.5132741228718345,-6.806784082777885,-7.365289443416071,-0.04599743152579451,0.17267745489472575
5,2,0.21072149276733398,"(np.float64(0.14686450188713712), np.float64(0.13576014910658835))",-0.06077404,-0.14984131,3.12413936106985,-2.600540585471551,-6.998770300497261,-7.086036763096978,-0.035187028094228856,0.17360324145533634
5,2,0.22417593002319336,"(np.float64(0.14686450188713712), np.float64(0.13576014910658835))",-0.018159008,-0.09361801,2.9670597283903604,-2.7576202181510405,-7.47000919853573,-7.365289443416071,-0.014093149587057374,0.1759315446041157
5,2,0.23873448371887207,"(np.float64(0.14686450188713712), np.float64(0.13576014910658835))",0.0035778047,-0.083934784,2.8797932657906435,-2.827433388230814,-7.365289443416071,-6.998770300497261,-0.0035481274967549548,0.17740135986494715
5,2,0.2531559467315674,"(np.float64(0.14686450188713712), np.float64(0.13576014910658835))",0.022799874,-0.05013895,2.8099800957108707,-2.897246558310587,-7.365289443416071,-6.806784082777885,0.005913373190858565,0.17735182660745896
5,2,0.2669563293457031,"(np.float64(0.14686450188713712), np.float64(0.13576014910658835))",0.07109089,0.047620583,2.6354471705114375,-3.036872898470133,-7.853981633974483,-6.422811647339133,0.02754266411320827,0.1778731436967253
5,2,0.2826993465423584,"(np.float64(0.14686450188713712), np.float64(0.13576014910658835))",0.08971081,0.048301507,2.548180707911721,-3.1066860685499065,-7.853981633974483,-6.230825429619756,0.038534066419587246,0.17732262158137818
5,2,0.2955472469329834,"(np.float64(0.14686450188713712), np.float64(0.13576014910658835))",0.112220764,0.08916302,2.478367537831948,-3.1764992386296798,-7.853981633974483,-5.742133239061344,0.04810763365894065,0.17545108016010277
5,2,0.30855512619018555,"(np.float64(0.14686450188713712), np.float64(0.13576014910658835))",0.32709083,0.19639492,2.303834612632515,-3.2812189937493397,-7.749261878854823,-4.782202150464463,0.06881642047286822,0.17427222959763267
5,2,0.3231382369995117,"(np.float64(0.14686450188713712), np.float64(0.13576014910658835))",0.46807215,0.23723717,2.2165681500327987,-3.3335788713091694,-7.47000919853573,-4.50294947014537,0.07939291905081444,0.1728401992640533
5,2,0.3358938694000244,"(np.float64(0.14686450188713712), np.float64(0.13576014910658835))",0.51771224,0.15395851,2.1467549799530254,-3.385938748868999,-7.173303225696695,-3.9269908169872414,0.08834594629183198,0.17040243937471142
5,2,0.35047340393066406,"(np.float64(0.14686450188713712), np.float64(0.13576014910658835))",0.60608387,0.11588269,2.059488517353309,-3.420845333908886,-6.894050545377602,-3.4382986264288293,0.09840895238225293,0.169311205906825
5,2,0.3652536869049072,"(np.float64(0.14686450188713712), np.float64(0.13576014910658835))",0.6206051,-0.0066670417,1.9373154697137058,-3.473205211468716,-6.03883921190038,-2.3911010752322315,0.1128033033281575,0.16651473625686447
5,2,0.37760376930236816,"(np.float64(0.14686450188713712), np.float64(0.13576014910658835))",0.62326664,-0.05033293,1.8675022996339325,-3.5081117965086026,-5.462880558742252,-2.0943951023931953,0.12123888415446224,0.16393170927260614
5,2,0.391528844833374,"(np.float64(0.14686450188713712), np.float64(0.13576014910658835))",0.60864943,-0.07280598,1.8151424220741028,-3.5255650890285457,-4.782202150464463,-2.007128639793479,0.12728232700316366,0.1625177355090891
5,2,0.4060680866241455,"(np.float64(0.14686450188713712), np.float64(0.13576014910658835))",0.58598864,-0.08824759,1.7278759594743862,-3.5604716740684323,-3.543018381548489,-1.710422666954443,0.13752813086660204,0.15913808655247236
5,2,0.42028355598449707,"(np.float64(0.14686450188713712), np.float64(0.13576014910658835))",0.58033717,-0.042144965,1.6929693744344996,-3.5779249665883754,-2.9670597283903604,-1.6231562043547265,0.14171209106059202,0.15727640896573664
5,2,0.43489909172058105,"(np.float64(0.14686450188713712), np.float64(0.13576014910658835))",0.6070677,0.06471234,1.6580627893946132,-3.595378259108319,-2.3911010752322315,-1.9024088846738192,0.145876046257451,0.15530560948169178
5,2,0.450268030166626,"(np.float64(0.14686450188713712), np.float64(0.13576014910658835))",0.42795524,0.12014466,1.6231562043547265,-3.6477381366681487,-1.0471975511965976,-1.9024088846738192,0.1509255797926237,0.14982639503919185
5,2,0.4649934768676758,"(np.float64(0.14686450188713712), np.float64(0.13576014910658835))",0.2866543,0.11739578,1.6231562043547265,-3.6651914291880923,-0.47123889803846897,-1.710422666954443,0.15135433514655103,0.14813440706988285
5,2,0.478635311126709,"(np.float64(0.14686450188713712), np.float64(0.13576014910658835))",0.15613137,0.12945366,1.6231562043547265,-3.6826447217080354,0.0,-1.710422666954443,0.15176616301531548,0.14644774898416474
5,2,0.4914250373840332,"(np.float64(0.14686450188713712), np.float64(0.13576014910658835))",0.04641361,0.09336414,1.6231562043547265,-3.717551306747922,0.7504915783575618,-1.3264502315156905,0.15253979190877093,0.14309144252089065
5,2,0.5045197010040283,"(np.float64(0.14686450188713712), np.float64(0.13576014910658835))",0.032250594,0.076434515,1.6406094968746698,-3.735004599267865,0.7504915783575618,-1.1344640137963142,0.1510734888115156,0.14171513876897904
5,2,0.5173630714416504,"(np.float64(0.14686450188713712), np.float64(0.13576014910658835))",0.03458748,0.04337425,1.6406094968746698,-3.735004599267865,0.6632251157578453,-0.8552113334772214,0.1510734888115156,0.14171513876897904
5,2,0.5317466259002686,"(np.float64(0.14686450188713712), np.float64(0.13576014910658835))",0.021630669,0.030397225,1.6580627893946132,-3.7524578917878086,0.6632251157578453,-0.7504915783575618,0.14959253199450692,0.14035257084140557
5,2,0.5454928874969482,"(np.float64(0.14686450188713712), np.float64(0.13576014910658835))",0.023882866,-0.031918433,1.6580627893946132,-3.7524578917878086,0.5585053606381855,-0.2792526803190927,0.14959253199450692,0.14035257084140557
5,2,0.5599069595336914,"(np.float64(0.14686450188713712), np.float64(0.13576014910658835))",0.031143188,-0.07987719,1.6755160819145565,-3.7699111843077517,0.2792526803190927,0.0,0.14809715696370396,0.13900463839104799
5,2,0.5726222991943359,"(np.float64(0.14686450188713712), np.float64(0.13576014910658835))",0.025206184,-0.08286238,1.6755160819145565,-3.7699111843077517,0.3665191429188092,0.0,0.14809715696370396,0.13900463839104799
5,2,0.5872023105621338,"(np.float64(0.14686450188713712), np.float64(0.13576014910658835))",0.045503616,-0.09790688,1.6755160819145565,-3.7524578917878086,0.08726646259971647,0.0,0.14776367927167697,0.14062307255028758
5,2,0.6001737117767334,"(np.float64(0.14686450188713712), np.float64(0.13576014910658835))",0.06307011,-0.10652714,1.6755160819145565,-3.7524578917878086,-0.17453292519943295,0.08726646259971647,0.14776367927167697,0.14062307255028758
5,2,0.6132752895355225,"(np.float64(0.14686450188713712), np.float64(0.13576014910658835))",0.069758415,-0.08129845,1.6755160819145565,-3.7524578917878086,-0.2792526803190927,0.0,0.14776367927167697,0.14062307255028758
5,2,0.6263833045959473,"(np.float64(0.14686450188713712), np.float64(0.13576014910658835))",0.0695797,-0.06018057,1.6755160819145565,-3.7524578917878086,-0.2792526803190927,-0.08726646259971647,0.14776367927167697,0.14062307255028758
5,2,0.6426849365234375,"(np.float64(0.14686450188713712), np.float64(0.13576014910658835))",0.06288471,-0.085487746,1.6755160819145565,-3.7524578917878086,-0.17453292519943295,0.0,0.14776367927167697,0.14062307255028758
5,2,0.6581783294677734,"(np.float64(0.14686450188713712), np.float64(0.13576014910658835))",0.06794319,-0.07419205,1.6580627893946132,-3.7524578917878086,-0.08726646259971647,0.0,0.14959253199450692,0.14035257084140557
5,2,0.6719272136688232,"(np.float64(0.14686450188713712), np.float64(0.13576014910658835))",0.07400169,-0.07142019,1.6580627893946132,-3.7524578917878086,-0.17453292519943295,0.0,0.14959253199450692,0.14035257084140557
5,2,0.6863207817077637,"(np.float64(0.14686450188713712), np.float64(0.13576014910658835))",0.08146935,-0.0684578,1.6580627893946132,-3.7524578917878086,-0.2792526803190927,0.0,0.14959253199450692,0.14035257084140557
5,2,0.7062900066375732,"(np.float64(0.14686450188713712), np.float64(0.13576014910658835))",0.06231022,-0.07767677,1.6580627893946132,-3.7524578917878086,0.0,0.0,0.14959253199450692,0.14035257084140557
5,2,0.7222416400909424,"(np.float64(0.14686450188713712), np.float64(0.13576014910658835))",0.056589127,-0.08174,1.6580627893946132,-3.7524578917878086,0.08726646259971647,0.0,0.14959253199450692,0.14035257084140557
5,2,0.7387213706970215,"(np.float64(0.14686450188713712), np.float64(0.13576014910658835))",0.06231022,-0.07767677,1.6580627893946132,-3.7524578917878086,0.0,0.0,0.14959253199450692,0.14035257084140557
5,2,0.7543859481811523,"(np.float64(0.14686450188713712), np.float64(0.13576014910658835))",0.056589127,-0.08174,1.6580627893946132,-3.7524578917878086,0.08726646259971647,0.0,0.14959253199450692,0.14035257084140557
5,2,0.771014928817749,"(np.float64(0.14686450188713712), np.float64(0.13576014910658835))",0.06231022,-0.07767677,1.6580627893946132,-3.7524578917878086,0.0,0.0,0.14959253199450692,0.14035257084140557
5,2,0.7873895168304443,"(np.float64(0.14686450188713712), np.float64(0.13576014910658835))",0.06231022,-0.07767677,1.6580627893946132,-3.7524578917878086,0.0,0.0,0.14959253199450692,0.14035257084140557
5,2,0.8029890060424805,"(np.float64(0.14686450188713712), np.float64(0.13576014910658835))",0.06231022,-0.07767677,1.6580627893946132,-3.7524578917878086,0.0,0.0,0.14959253199450692,0.14035257084140557
5,2,0.8184764385223389,"(np.float64(0.14686450188713712), np.float64(0.13576014910658835))",0.06794319,-0.07419205,1.6580627893946132,-3.7524578917878086,-0.08726646259971647,0.0,0.14959253199450692,0.14035257084140557
5,2,0.8342635631561279,"(np.float64(0.14686450188713712), np.float64(0.13576014910658835))",0.06231022,-0.07767677,1.6580627893946132,-3.7524578917878086,0.0,0.0,0.14959253199450692,0.14035257084140557
5,2,0.8492851257324219,"(np.float64(0.14686450188713712), np.float64(0.13576014910658835))",0.06231022,-0.07767677,1.6580627893946132,-3.7524578917878086,0.0,0.0,0.14959253199450692,0.14035257084140557
5,2,0.863602876663208,"(np.float64(0.14686450188713712), np.float64(0.13576014910658835))",0.050851632,-0.08589983,1.6580627893946132,-3.7524578917878086,0.17453292519943295,0.0,0.14959253199450692,0.14035257084140557
5,2,0.8786964416503906,"(np.float64(0.14686450188713712), np.float64(0.13576014910658835))",0.06231022,-0.07767677,1.6580627893946132,-3.7524578917878086,0.0,0.0,0.14959253199450692,0.14035257084140557
5,2,0.8905987739562988,"(np.float64(0.14686450188713712), np.float64(0.13576014910658835))",0.06231022,-0.07767677,1.6580627893946132,-3.7524578917878086,0.0,0.0,0.14959253199450692,0.14035257084140557
5,2,0.9056253433227539,"(np.float64(0.14686450188713712), np.float64(0.13576014910658835))",0.06231022,-0.07767677,1.6580627893946132,-3.7524578917878086,0.0,0.0,0.14959253199450692,0.14035257084140557
5,2,0.9182243347167969,"(np.float64(0.14686450188713712), np.float64(0.13576014910658835))",0.07400169,-0.07142019,1.6580627893946132,-3.7524578917878086,-0.17453292519943295,0.0,0.14959253199450692,0.14035257084140557
5,2,0.9341700077056885,"(np.float64(0.14686450188713712), np.float64(0.13576014910658835))",0.06794319,-0.07419205,1.6580627893946132,-3.7524578917878086,-0.08726646259971647,0.0,0.14959253199450692,0.14035257084140557
5,2,0.9466779232025146,"(np.float64(0.14686450188713712), np.float64(0.13576014910658835))",0.06231022,-0.07767677,1.6580627893946132,-3.7524578917878086,0.0,0.0,0.14959253199450692,0.14035257084140557
5,2,0.9611539840698242,"(np.float64(0.14686450188713712), np.float64(0.13576014910658835))",0.06231022,-0.07767677,1.6580627893946132,-3.7524578917878086,0.0,0.0,0.14959253199450692,0.14035257084140557
5,2,0.9762752056121826,"(np.float64(0.14686450188713712), np.float64(0.13576014910658835))",0.056589127,-0.08174,1.6580627893946132,-3.7524578917878086,0.08726646259971647,0.0,0.14959253199450692,0.14035257084140557
5,2,0.9890356063842773,"(np.float64(0.14686450188713712), np.float64(0.13576014910658835))",0.06231022,-0.07767677,1.6580627893946132,-3.7524578917878086,0.0,0.0,0.14959253199450692,0.14035257084140557
6,1,0.0,"(np.float64(-0.16408028870510272), np.float64(0.11435759204552245))",0.08390217,-0.024619294,1.4486232791552935,-3.944444109507185,0.0,0.0,0.17394042130052348,0.11651868034316336
6,1,0.014643192291259766,"(np.float64(-0.16408028870510272), np.float64(0.11435759204552245))",1.5560452,1.2390217,1.4486232791552935,-3.944444109507185,0.0,0.0,0.17394042130052348,0.11651868034316336
6,1,0.026104450225830078,"(np.float64(-0.16408028870510272), np.float64(0.11435759204552245))",1.5560452,1.2390217,1.4486232791552935,-3.944444109507185,0.0,0.0,0.17394042130052348,0.11651868034316336
6,1,0.039202213287353516,"(np.float64(-0.16408028870510272), np.float64(0.11435759204552245))",1.5494684,1.1132504,1.4486232791552935,-3.9269908169872414,0.8552113334772214,0.7504915783575618,0.1737843547010255,0.11823400439662668
6,1,0.05358743667602539,"(np.float64(-0.16408028870510272), np.float64(0.11435759204552245))",1.5127457,0.9243633,1.4660765716752369,-3.9095375244672983,2.478367537831948,1.8151424220741028,0.17183698188233715,0.12054959771362342
6,1,0.06798791885375977,"(np.float64(-0.16408028870510272), np.float64(0.11435759204552245))",1.458785,0.8444311,1.5009831567151235,-3.8920842319473548,3.4382986264288293,2.5830872929516078,0.16807627225582578,0.12337402137550647
6,1,0.08110380172729492,"(np.float64(-0.16408028870510272), np.float64(0.11435759204552245))",1.2452615,0.72264826,1.6057029118347832,-3.822271061867582,5.654866776461628,4.50294947014537,0.15629126771015978,0.13280428117055978
6,1,0.09386563301086426,"(np.float64(-0.16408028870510272), np.float64(0.11435759204552245))",1.086598,0.60666925,1.6580627893946132,-3.7699111843077517,6.702064327658226,5.1661745859032155,0.1499247422029754,0.1387215957437692
6,1,0.10780501365661621,"(np.float64(-0.16408028870510272), np.float64(0.11435759204552245))",0.7330727,0.49892578,1.7453292519943295,-3.7000980142279785,7.749261878854823,6.03883921190038,0.13933988174020726,0.1462810049294665
6,1,0.12142586708068848,"(np.float64(-0.16408028870510272), np.float64(0.11435759204552245))",0.38783932,0.39275113,1.8325957145940461,-3.6302848441482056,8.429940287132611,6.806784082777885,0.1284890911860211,0.15303456373157737
6,1,0.13415026664733887,"(np.float64(-0.16408028870510272), np.float64(0.11435759204552245))",0.19375229,0.19999428,2.0245819323134224,-3.473205211468716,9.58185759344887,8.429940287132611,0.10383887112921203,0.16544323060552427
6,1,0.14751458168029785,"(np.float64(-0.16408028870510272), np.float64(0.11435759204552245))",0.1722393,0.11479874,2.129301687433082,-3.368485456349056,9.58185759344887,9.00589894029074,0.08937983510906657,0.17224713856939716
6,1,0.16168212890625,"(np.float64(-0.16408028870510272), np.float64(0.11435759204552245))",0.14866562,0.07532578,2.234021442552742,-3.2812189937493397,9.47713783832921,9.389871375729493,0.07543411542141867,0.17652344785548588
6,1,0.17492294311523438,"(np.float64(-0.16408028870510272), np.float64(0.11435759204552245))",0.137488,0.06225529,2.3387411976724017,-3.1764992386296798,9.093165402890458,9.861110273767961,0.06057952756558917,0.18115188911348173
6,1,0.18816542625427246,"(np.float64(-0.16408028870510272), np.float64(0.11435759204552245))",0.0842762,0.031160546,2.530727415391778,-2.949606435870417,8.621926504851988,10.349802464326375,0.030808463143963044,0.18939116101889236
6,1,0.20142292976379395,"(np.float64(-0.16408028870510272), np.float64(0.11435759204552245))",0.04236679,0.011816598,2.6179938779914944,-2.827433388230814,8.133234314293576,10.629055144645466,0.015608850597722872,0.1931119355826798
6,1,0.2159109115600586,"(np.float64(-0.16408028870510272), np.float64(0.11435759204552245))",0.026918411,0.008246804,2.705260340591211,-2.722713633111154,7.749261878854823,10.821041362364843,0.0013090154069479026,0.19472605050428246
6,1,0.23073649406433105,"(np.float64(-0.16408028870510272), np.float64(0.11435759204552245))",0.02392826,-0.030925084,2.775073510670984,-2.600540585471551,7.086036763096978,10.733774899765127,-0.013315554034040951,0.19765077262652553
6,1,0.24279141426086426,"(np.float64(-0.16408028870510272), np.float64(0.11435759204552245))",0.016213799,-0.2043333,2.9321531433504737,-2.356194490192345,5.934119456780721,10.925761117484504,-0.04501657586634407,0.19924631177979607
6,1,0.2566404342651367,"(np.float64(-0.16408028870510272), np.float64(0.11435759204552245))",0.020367622,-0.3464117,2.9845130209103035,-2.251474735072685,5.550147021341968,10.925761117484504,-0.05804926836657347,0.1997132695254089
6,1,0.2695629596710205,"(np.float64(-0.16408028870510272), np.float64(0.11435759204552245))",0.039956477,-0.7336273,3.036872898470133,-2.129301687433082,4.974188368183839,10.925761117484504,-0.07302817139408747,0.19996200510911227
6,1,0.28269362449645996,"(np.float64(-0.16408028870510272), np.float64(0.11435759204552245))",0.051815987,-1.0350901,3.0892327760299634,-2.0245819323134224,4.590215932745087,10.629055144645466,-0.08649476417362162,0.19865653221109977
6,1,0.2971231937408447,"(np.float64(-0.16408028870510272), np.float64(0.11435759204552245))",0.063538365,-1.3008406,3.1764992386296798,-1.7976891295541595,3.543018381548489,9.58185759344887,-0.11448851110458233,0.195189000449766
6,1,0.3097646236419678,"(np.float64(-0.16408028870510272), np.float64(0.11435759204552245))",0.02417984,-1.2893103,3.2114058236695664,-1.6929693744344996,3.4382986264288293,8.813912722571365,-0.12710502329765508,0.19276690183519807
6,1,0.32407450675964355,"(np.float64(-0.16408028870510272), np.float64(0.11435759204552245))",0.014559555,-1.1608558,3.263765701229396,-1.6057029118347832,3.351032163829113,7.749261878854823,-0.13867517777682156,0.18780448233828084
6,1,0.3366386890411377,"(np.float64(-0.16408028870510272), np.float64(0.11435759204552245))",0.04082718,-0.9011882,3.2986722862692828,-1.53588974175501,3.543018381548489,6.422811647339133,-0.14744618935051668,0.18404397605764716
6,1,0.3505520820617676,"(np.float64(-0.16408028870510272), np.float64(0.11435759204552245))",0.040609933,-0.5881252,3.368485456349056,-1.413716694115407,3.4382986264288293,4.310963252425994,-0.16281701354388886,0.17555212431026707
6,1,0.36408495903015137,"(np.float64(-0.16408028870510272), np.float64(0.11435759204552245))",0.008496094,-0.4629116,3.4033920413889427,-1.3788101090755203,3.822271061867582,2.9670597283903604,-0.16774142138828202,0.17126716511740608
6,1,0.37670254707336426,"(np.float64(-0.16408028870510272), np.float64(0.11435759204552245))",-0.07865744,-0.5069975,3.4557519189487724,-1.3439035240356338,3.9269908169872414,2.670353755551324,-0.1732657410910909,0.16492158092164988
6,1,0.3920872211456299,"(np.float64(-0.16408028870510272), np.float64(0.11435759204552245))",-0.083739,-0.4761324,3.490658503988659,-1.3264502315156905,3.735004599267865,2.0943951023931953,-0.17628239829467962,0.16071279482179127
6,1,0.4059607982635498,"(np.float64(-0.16408028870510272), np.float64(0.11435759204552245))",-0.24275437,-0.46679917,3.5779249665883754,-1.2915436464758039,3.9269908169872414,1.1344640137963142,-0.18262308005089434,0.15017151058373635
6,1,0.41948437690734863,"(np.float64(-0.16408028870510272), np.float64(0.11435759204552245))",-0.30414182,-0.39221707,3.612831551628262,-1.2740903539558606,4.014257279586958,0.5585053606381855,-0.18534814108906084,0.14577817820871775
6,1,0.4338955879211426,"(np.float64(-0.16408028870510272), np.float64(0.11435759204552245))",-0.3367551,-0.36344978,3.6651914291880923,-1.2740903539558606,3.822271061867582,0.17453292519943295,-0.186769698147667,0.13992847953454396
6,1,0.4469447135925293,"(np.float64(-0.16408028870510272), np.float64(0.11435759204552245))",-0.30215627,-0.3598549,3.735004599267865,-1.2740903539558606,3.246312408709453,-0.3665191429188092,-0.1883694792257404,0.13217818613191287
6,1,0.45986413955688477,"(np.float64(-0.16408028870510272), np.float64(0.11435759204552245))",-0.2950208,-0.33450004,3.7699111843077517,-1.2915436464758039,3.0543261909900767,-0.5585053606381855,-0.1873500089712744,0.12896100353914597
6,1,0.4743764400482178,"(np.float64(-0.16408028870510272), np.float64(0.11435759204552245))",-0.30583087,-0.35245466,3.8048177693476384,-1.2915436464758039,2.8623399732707004,-0.6632251157578453,-0.18794490644848513,0.12516135863820282
6,1,0.48760294914245605,"(np.float64(-0.16408028870510272), np.float64(0.11435759204552245))",-0.26645166,-0.319619,3.822271061867582,-1.2915436464758039,2.5830872929516078,-0.8552113334772214,-0.18821320410120523,0.12327001072642037
6,1,0.5001864433288574,"(np.float64(-0.16408028870510272), np.float64(0.11435759204552245))",-0.1624053,-0.2335022,3.8746309394274117,-1.3089969389957472,1.710422666954443,-0.9424777960769379,-0.18719634424042764,0.11833697364524054
6,1,0.5136387348175049,"(np.float64(-0.16408028870510272), np.float64(0.11435759204552245))",-0.12944622,-0.15424061,3.8920842319473548,-1.3264502315156905,1.4311699866353502,-1.1344640137963142,-0.18567351942947574,0.11718969039432421
6,1,0.5267817974090576,"(np.float64(-0.16408028870510272), np.float64(0.11435759204552245))",-0.12622558,-0.13746348,3.9095375244672983,-1.3439035240356338,1.239183768915974,-1.1344640137963142,-0.18412585335607007,0.11606347192357074
6,1,0.5425331592559814,"(np.float64(-0.16408028870510272), np.float64(0.11435759204552245))",-0.119330786,-0.1263095,3.9269908169872414,-1.3439035240356338,1.0471975511965976,-1.239183768915974,-0.18428670759611687,0.11425536813929785
6,1,0.5571367740631104,"(np.float64(-0.16408028870510272), np.float64(0.11435759204552245))",-0.0773469,-0.09795733,3.944444109507185,-1.3788101090755203,0.6632251157578453,-1.1344640137963142,-0.1809628686218487,0.11387355466492773
6,1,0.5696141719818115,"(np.float64(-0.16408028870510272), np.float64(0.11435759204552245))",-0.030046081,-0.1020175,3.944444109507185,-1.3788101090755203,0.3665191429188092,-1.0471975511965976,-0.1809628686218487,0.11387355466492773
6,1,0.583019495010376,"(np.float64(-0.16408028870510272), np.float64(0.11435759204552245))",-0.027289009,-0.08153696,3.944444109507185,-1.3962634015954636,0.3665191429188092,-1.0471975511965976,-0.17921748197803053,0.11455918452420236
6,1,0.5967254638671875,"(np.float64(-0.16408028870510272), np.float64(0.11435759204552245))",0.016035844,-0.08647461,3.944444109507185,-1.413716694115407,0.0,-0.7504915783575618,-0.17746497697957198,0.1152287082348333
6,1,0.6093974113464355,"(np.float64(-0.16408028870510272), np.float64(0.11435759204552245))",0.020745087,-0.048335742,3.944444109507185,-1.4311699866353502,0.0,-0.8552113334772214,-0.17570580621562207,0.11588193313315466
6,1,0.624281644821167,"(np.float64(-0.16408028870510272), np.float64(0.11435759204552245))",0.03999844,-0.06856518,3.944444109507185,-1.4311699866353502,-0.17453292519943295,-0.6632251157578453,-0.17570580621562207,0.11588193313315466
6,1,0.6360960006713867,"(np.float64(-0.16408028870510272), np.float64(0.11435759204552245))",0.01604252,-0.09256401,3.944444109507185,-1.4311699866353502,0.0,-0.5585053606381855,-0.17570580621562207,0.11588193313315466
6,1,0.649655818939209,"(np.float64(-0.16408028870510272), np.float64(0.11435759204552245))",0.018958664,-0.069996454,3.944444109507185,-1.4486232791552935,0.0,-0.5585053606381855,-0.17394042107114188,0.1165186816178281
6,1,0.6634519100189209,"(np.float64(-0.16408028870510272), np.float64(0.11435759204552245))",0.015897369,-0.10910044,3.944444109507185,-1.4486232791552935,0.0,-0.2792526803190927,-0.17394042107114188,0.1165186816178281
6,1,0.6777181625366211,"(np.float64(-0.16408028870510272), np.float64(0.11435759204552245))",0.017429352,-0.111825086,3.944444109507185,-1.4660765716752369,0.0,-0.08726646259971647,-0.17216927159320167,0.1171387908796396
6,1,0.6938872337341309,"(np.float64(-0.16408028870510272), np.float64(0.11435759204552245))",0.018977737,-0.08596601,3.944444109507185,-1.4660765716752369,0.0,-0.2792526803190927,-0.17216927159320167,0.1171387908796396
6,1,0.7089657783508301,"(np.float64(-0.16408028870510272), np.float64(0.11435759204552245))",-0.018086433,-0.09385862,3.944444109507185,-1.4660765716752369,0.2792526803190927,-0.2792526803190927,-0.17216927159320167,0.1171387908796396
6,1,0.7260103225708008,"(np.float64(-0.16408028870510272), np.float64(0.11435759204552245))",0.007503319,-0.10292759,3.944444109507185,-1.4660765716752369,0.08726646259971647,-0.17453292519943295,-0.17216927159320167,0.1171387908796396
6,1,0.7401275634765625,"(np.float64(-0.16408028870510272), np.float64(0.11435759204552245))",0.018977737,-0.08596601,3.944444109507185,-1.4660765716752369,0.0,-0.2792526803190927,-0.17216927159320167,0.1171387908796396
6,1,0.7535927295684814,"(np.float64(-0.16408028870510272), np.float64(0.11435759204552245))",0.01672554,-0.123560525,3.944444109507185,-1.4660765716752369,0.0,0.0,-0.17216927159320167,0.1171387908796396
6,1,0.767894983291626,"(np.float64(-0.16408028870510272), np.float64(0.11435759204552245))",0.01672554,-0.123560525,3.944444109507185,-1.4660765716752369,0.0,0.0,-0.17216927159320167,0.1171387908796396
6,1,0.782224178314209,"(np.float64(-0.16408028870510272), np.float64(0.11435759204552245))",0.01672554,-0.123560525,3.944444109507185,-1.4660765716752369,0.0,0.0,-0.17216927159320167,0.1171387908796396
6,1,0.7960190773010254,"(np.float64(-0.16408028870510272), np.float64(0.11435759204552245))",0.019676019,-0.10039864,3.944444109507185,-1.4835298641951802,0.0,0.0,-0.17039280635275628,0.117742112637239
6,1,0.8094151020050049,"(np.float64(-0.16408028870510272), np.float64(0.11435759204552245))",0.019676019,-0.10039864,3.944444109507185,-1.4835298641951802,0.0,0.0,-0.17039280635275628,0.117742112637239
6,1,0.8265666961669922,"(np.float64(-0.16408028870510272), np.float64(0.11435759204552245))",0.019676019,-0.10039864,3.944444109507185,-1.4835298641951802,0.0,0.0,-0.17039280635275628,0.117742112637239
6,1,0.8402526378631592,"(np.float64(-0.16408028870510272), np.float64(0.11435759204552245))",0.019676019,-0.10039864,3.944444109507185,-1.4835298641951802,0.0,0.0,-0.17039280635275628,0.117742112637239
6,1,0.8538017272949219,"(np.float64(-0.16408028870510272), np.float64(0.11435759204552245))",0.019676019,-0.10039864,3.944444109507185,-1.4835298641951802,0.0,0.0,-0.17039280635275628,0.117742112637239
6,1,0.8664207458496094,"(np.float64(-0.16408028870510272), np.float64(0.11435759204552245))",0.019676019,-0.10039864,3.944444109507185,-1.4835298641951802,0.0,0.0,-0.17039280635275628,0.117742112637239
6,1,0.8801226615905762,"(np.float64(-0.16408028870510272), np.float64(0.11435759204552245))",0.019676019,-0.10039864,3.944444109507185,-1.4835298641951802,0.0,0.0,-0.17039280635275628,0.117742112637239
6,1,0.8930532932281494,"(np.float64(-0.16408028870510272), np.float64(0.11435759204552245))",0.019676019,-0.10039864,3.944444109507185,-1.4835298641951802,0.0,0.0,-0.17039280635275628,0.117742112637239
6,1,0.9102702140808105,"(np.float64(-0.16408028870510272), np.float64(0.11435759204552245))",0.030304147,-0.09754791,3.944444109507185,-1.4835298641951802,-0.08726646259971647,0.0,-0.17039280635275628,0.117742112637239
6,1,0.9240708351135254,"(np.float64(-0.16408028870510272), np.float64(0.11435759204552245))",0.019676019,-0.10039864,3.944444109507185,-1.4835298641951802,0.0,0.0,-0.17039280635275628,0.117742112637239
6,1,0.9366259574890137,"(np.float64(-0.16408028870510272), np.float64(0.11435759204552245))",0.019676019,-0.10039864,3.944444109507185,-1.4835298641951802,0.0,0.0,-0.17039280635275628,0.117742112637239
6,1,0.9510557651519775,"(np.float64(-0.16408028870510272), np.float64(0.11435759204552245))",0.019676019,-0.10039864,3.944444109507185,-1.4835298641951802,0.0,0.0,-0.17039280635275628,0.117742112637239
6,1,0.9636991024017334,"(np.float64(-0.16408028870510272), np.float64(0.11435759204552245))",0.019676019,-0.10039864,3.944444109507185,-1.4835298641951802,0.0,0.0,-0.17039280635275628,0.117742112637239
6,1,0.9779679775238037,"(np.float64(-0.16408028870510272), np.float64(0.11435759204552245))",0.019676019,-0.10039864,3.944444109507185,-1.4835298641951802,0.0,0.0,-0.17039280635275628,0.117742112637239
6,1,0.9920718669891357,"(np.float64(-0.16408028870510272), np.float64(0.11435759204552245))",0.019676019,-0.10039864,3.944444109507185,-1.4835298641951802,0.0,0.0,-0.17039280635275628,0.117742112637239
6,2,0.0,"(np.float64(0.16408028870510272), np.float64(0.11435759204552245))",0.019676019,-0.10039864,3.944444109507185,-1.4835298641951802,0.0,0.0,-0.17039280635275628,0.117742112637239
6,2,0.013328790664672852,"(np.float64(0.16408028870510272), np.float64(0.11435759204552245))",-1.0343122,-1.5077524,3.944444109507185,-1.4835298641951802,0.0,0.0,-0.17039280635275628,0.117742112637239
6,2,0.026131868362426758,"(np.float64(0.16408028870510272), np.float64(0.11435759204552245))",-1.0343122,-1.5077524,3.944444109507185,-1.4835298641951802,0.0,0.0,-0.17039280635275628,0.117742112637239
6,2,0.04296231269836426,"(np.float64(0.16408028870510272), np.float64(0.11435759204552245))",-0.9809799,-1.4445493,3.944444109507185,-1.4835298641951802,-0.6632251157578453,-1.0471975511965976,-0.17039280635275628,0.117742112637239
6,2,0.05570793151855469,"(np.float64(0.16408028870510272), np.float64(0.11435759204552245))",-0.65119594,-1.220048,3.9095375244672983,-1.5184364492350666,-2.5830872929516078,-2.670353755551324,-0.16647938011432287,0.12222616251358888
6,2,0.07015824317932129,"(np.float64(0.16408028870510272), np.float64(0.11435759204552245))",-0.40215817,-0.8549887,3.8746309394274117,-1.5533430342749532,-3.4382986264288293,-3.822271061867582,-0.16247104708843685,0.12656539476067616
6,2,0.08420825004577637,"(np.float64(0.16408028870510272), np.float64(0.11435759204552245))",-0.3366309,-0.56245816,3.839724354387525,-1.6057029118347832,-4.2062434973063345,-4.590215932745087,-0.15655758166863076,0.13116363789638505
6,2,0.09699440002441406,"(np.float64(0.16408028870510272), np.float64(0.11435759204552245))",-0.24281625,-0.35029507,3.735004599267865,-1.710422666954443,-4.886921905584122,-5.846852994181004,-0.14375316006530292,0.1427130469580684
6,2,0.10972762107849121,"(np.float64(0.16408028870510272), np.float64(0.11435759204552245))",-0.19824485,-0.3217972,3.6826447217080354,-1.7802358370342162,-5.462880558742252,-6.126105674500097,-0.1352757285888171,0.1481323129154648
6,2,0.12380719184875488,"(np.float64(0.16408028870510272), np.float64(0.11435759204552245))",-0.16549063,-0.29090968,3.6302848441482056,-1.8500490071139892,-5.934119456780721,-6.318091892219473,-0.1266641155181951,0.15305095428022
6,2,0.13680338859558105,"(np.float64(0.16408028870510272), np.float64(0.11435759204552245))",-0.13470984,-0.2924311,3.5604716740684323,-1.9198621771937625,-6.126105674500097,-6.318091892219473,-0.11743029658051336,0.15899978543740634
6,2,0.1524028778076172,"(np.float64(0.16408028870510272), np.float64(0.11435759204552245))",-0.17090034,-0.27804527,3.420845333908886,-2.0420352248333655,-6.702064327658226,-6.422811647339133,-0.1001774275603808,0.16961939077447102
6,2,0.16533637046813965,"(np.float64(0.16408028870510272), np.float64(0.11435759204552245))",-0.18324395,-0.29166165,3.351032163829113,-2.111848394913139,-6.998770300497261,-6.230825429619756,-0.09040691814369436,0.17410184666752299
6,2,0.17768049240112305,"(np.float64(0.16408028870510272), np.float64(0.11435759204552245))",-0.15963916,-0.2879164,3.263765701229396,-2.181661564992912,-7.365289443416071,-6.03883921190038,-0.07971581325627705,0.17950702966887067
6,2,0.1908421516418457,"(np.float64(0.16408028870510272), np.float64(0.11435759204552245))",-0.13544264,-0.2339756,3.193952531149623,-2.251474735072685,-7.557275661135447,-6.230825429619756,-0.06964177269478006,0.1829520626195168
6,2,0.20353412628173828,"(np.float64(0.16408028870510272), np.float64(0.11435759204552245))",-0.08057232,-0.20982857,3.01941960595019,-2.3736477827122884,-8.237954069413236,-6.03883921190038,-0.048786772431890724,0.19180224178412025
6,2,0.21658110618591309,"(np.float64(0.16408028870510272), np.float64(0.11435759204552245))",-0.07772531,-0.19442473,2.9321531433504737,-2.443460952792061,-8.325220532012953,-5.846852994181004,-0.037200733741697516,0.19507151174953277
6,2,0.23051118850708008,"(np.float64(0.16408028870510272), np.float64(0.11435759204552245))",-0.09465857,-0.16072665,2.8448866807507573,-2.4958208303518914,-8.429940287132611,-5.654866776461628,-0.026905949859904396,0.1986961629528619
6,2,0.24473977088928223,"(np.float64(0.16408028870510272), np.float64(0.11435759204552245))",-0.09306774,-0.1330574,2.7576202181510405,-2.5656340004316642,-8.517206749732328,-5.550147021341968,-0.014894550389055218,0.20086326967968987
6,2,0.2571892738342285,"(np.float64(0.16408028870510272), np.float64(0.11435759204552245))",0.087037854,-0.15149422,2.5656340004316642,-2.6878070480712677,-8.813912722571365,-5.078908123303499,0.009687458120192047,0.20554242036727896
6,2,0.2701265811920166,"(np.float64(0.16408028870510272), np.float64(0.11435759204552245))",0.13932018,-0.15539074,2.478367537831948,-2.7401669256310974,-9.00589894029074,-4.782202150464463,0.020961913376894035,0.20702704249664988
6,2,0.28444933891296387,"(np.float64(0.16408028870510272), np.float64(0.11435759204552245))",0.1594059,-0.17402497,2.3736477827122884,-2.775073510670984,-8.901179185171081,-4.39822971502571,0.03275000447124856,0.21012052838592216
6,2,0.29903388023376465,"(np.float64(0.16408028870510272), np.float64(0.11435759204552245))",0.17545585,-0.17218581,2.2863813201125716,-2.827433388230814,-8.813912722571365,-4.2062434973063345,0.044484783265139514,0.21044214643524467
6,2,0.3125929832458496,"(np.float64(0.16408028870510272), np.float64(0.11435759204552245))",0.19978257,-0.13054124,2.0943951023931953,-2.91469985083053,-8.429940287132611,-3.735004599267865,0.06888745586079231,0.21127396313378627
6,2,0.3250770568847656,"(np.float64(0.16408028870510272), np.float64(0.11435759204552245))",0.27232572,-0.09590588,1.9896753472735358,-2.949606435870417,-8.429940287132611,-3.4382986264288293,0.08161265702210398,0.21163892362285122
6,2,0.3401334285736084,"(np.float64(0.16408028870510272), np.float64(0.11435759204552245))",0.45958635,-0.08290415,1.9024088846738192,-2.9845130209103035,-8.237954069413236,-3.246312408709453,0.09266620725288202,0.21083263025996668
6,2,0.3526740074157715,"(np.float64(0.16408028870510272), np.float64(0.11435759204552245))",0.6368374,-0.09130316,1.8151424220741028,-3.01941960595019,-8.04596785169386,-2.9670597283903604,0.10372739710630494,0.20944114336649508
6,2,0.3658456802368164,"(np.float64(0.16408028870510272), np.float64(0.11435759204552245))",0.7858324,-0.10401249,1.6580627893946132,-3.0892327760299634,-7.278022980816354,-2.775073510670984,0.12390540099600209,0.20478058752021677
6,2,0.3797609806060791,"(np.float64(0.16408028870510272), np.float64(0.11435759204552245))",0.8528172,-0.12692137,1.5707963267948966,-3.12413936106985,-6.806784082777885,-2.670353755551324,0.13469684767489842,0.20172642169057992
6,2,0.3922085762023926,"(np.float64(0.16408028870510272), np.float64(0.11435759204552245))",0.7866436,-0.1556983,1.5009831567151235,-3.141592653589793,-5.934119456780721,-2.670353755551324,0.142576615676906,0.1999367394042987
6,2,0.40682411193847656,"(np.float64(0.16408028870510272), np.float64(0.11435759204552245))",0.73511904,-0.16217566,1.4486232791552935,-3.1764992386296798,-5.1661745859032155,-2.775073510670984,0.149654371565767,0.19613837673626167
6,2,0.41936206817626953,"(np.float64(0.16408028870510272), np.float64(0.11435759204552245))",0.5079716,-0.15174618,1.361356816555577,-3.2114058236695664,-3.1590459461097367,-3.0543261909900767,0.15986284751478957,0.19174261740324
6,2,0.43404626846313477,"(np.float64(0.16408028870510272), np.float64(0.11435759204552245))",0.5059727,-0.066427045,1.3264502315156905,-3.2812189937493397,-2.2863813201125716,-3.4382986264288293,0.16690741048233126,0.18376177054448695
6,2,0.44736409187316895,"(np.float64(0.16408028870510272), np.float64(0.11435759204552245))",0.4899725,-0.05885115,1.3089969389957472,-3.3161255787892263,-1.710422666954443,-3.4382986264288293,0.17031245774564113,0.17966648832242021
6,2,0.46002936363220215,"(np.float64(0.16408028870510272), np.float64(0.11435759204552245))",0.45303574,-0.028440094,1.2915436464758039,-3.351032163829113,-1.1344640137963142,-3.543018381548489,0.17363751561768975,0.1755029123530999
6,2,0.4742462635040283,"(np.float64(0.16408028870510272), np.float64(0.11435759204552245))",0.16415444,0.052819252,1.2740903539558606,-3.4382986264288293,-0.08726646259971647,-3.9269908169872414,0.17917678202476414,0.16539000559557537
6,2,0.48714256286621094,"(np.float64(0.16408028870510272), np.float64(0.11435759204552245))",0.14624634,0.10748749,1.2740903539558606,-3.490658503988659,0.17453292519943295,-4.118977034706618,0.1812640316209157,0.15950201436029937
6,2,0.5003836154937744,"(np.float64(0.16408028870510272), np.float64(0.11435759204552245))",0.1385149,0.13129102,1.2740903539558606,-3.5255650890285457,0.47123889803846897,-4.118977034706618,0.18254241244033442,0.1555751157398569
6,2,0.5149013996124268,"(np.float64(0.16408028870510272), np.float64(0.11435759204552245))",0.13867263,0.13788605,1.2915436464758039,-3.5604716740684323,0.47123889803846897,-4.014257279586958,0.18206592525808224,0.15211880821026025
6,2,0.5273983478546143,"(np.float64(0.16408028870510272), np.float64(0.11435759204552245))",0.16644669,0.15378343,1.2915436464758039,-3.6477381366681487,0.2792526803190927,-3.543018381548489,0.1846349754573727,0.14240969561638192
6,2,0.5401675701141357,"(np.float64(0.16408028870510272), np.float64(0.11435759204552245))",0.1774044,0.16053048,1.2915436464758039,-3.6826447217080354,0.2792526803190927,-3.246312408709453,0.1855138452517798,0.1385463825087719
6,2,0.5529699325561523,"(np.float64(0.16408028870510272), np.float64(0.11435759204552245))",0.19130783,0.18207398,1.2915436464758039,-3.717551306747922,0.17453292519943295,-3.1590459461097367,0.18630983057700073,0.1346982884466087
6,2,0.5686252117156982,"(np.float64(0.16408028870510272), np.float64(0.11435759204552245))",0.19556084,0.18873845,1.3089969389957472,-3.7524578917878086,0.17453292519943295,-2.8623399732707004,0.18531682539383565,0.1314729056993295
6,2,0.5831437110900879,"(np.float64(0.16408028870510272), np.float64(0.11435759204552245))",0.19308758,0.19144574,1.3089969389957472,-3.8048177693476384,0.47123889803846897,-2.478367537831948,0.1862365637981203,0.12580788342579025
6,2,0.5972368717193604,"(np.float64(0.16408028870510272), np.float64(0.11435759204552245))",0.19079284,0.1801321,1.3089969389957472,-3.839724354387525,0.47123889803846897,-2.199114857512855,0.18675382733992912,0.12205982114000401
6,2,0.6111910343170166,"(np.float64(0.16408028870510272), np.float64(0.11435759204552245))",0.17321567,0.16019154,1.3264502315156905,-3.857177646907468,0.47123889803846897,-1.9024088846738192,0.18526614470150993,0.12087038522062524
6,2,0.6252870559692383,"(np.float64(0.16408028870510272), np.float64(0.11435759204552245))",0.13861732,0.12020512,1.3439035240356338,-3.8920842319473548,0.5585053606381855,-1.239183768915974,0.18394768274703038,0.1178789239373549
6,2,0.6375901699066162,"(np.float64(0.16408028870510272), np.float64(0.11435759204552245))",0.12157078,0.11107903,1.3439035240356338,-3.9095375244672983,0.7504915783575618,-1.1344640137963142,0.18412585351514743,0.11606347097890002
6,2,0.6536300182342529,"(np.float64(0.16408028870510272), np.float64(0.11435759204552245))",0.09168377,0.05175648,1.361356816555577,-3.9095375244672983,0.9424777960769379,-0.7504915783575618,0.18239261442430582,0.11675187899218448
6,2,0.6661651134490967,"(np.float64(0.16408028870510272), np.float64(0.11435759204552245))",0.08650684,0.027832031,1.361356816555577,-3.9269908169872414,0.9424777960769379,-0.47123889803846897,0.18255507569175775,0.11495814175719313
6,2,0.6787927150726318,"(np.float64(0.16408028870510272), np.float64(0.11435759204552245))",0.081117444,0.0026672364,1.3788101090755203,-3.9269908169872414,0.8552113334772214,-0.2792526803190927,0.18081532934964892,0.11564533799478248
6,2,0.6926822662353516,"(np.float64(0.16408028870510272), np.float64(0.11435759204552245))",0.072092056,-0.01572218,1.3962634015954636,-3.9269908169872414,0.7504915783575618,-0.17453292519943295,0.17906792725353549,0.11631672726477112
6,2,0.7071709632873535,"(np.float64(0.16408028870510272), np.float64(0.11435759204552245))",0.050285723,-0.056589317,1.3962634015954636,-3.9269908169872414,0.8552113334772214,0.08726646259971647,0.17906792725353549,0.11631672726477112
6,2,0.7197113037109375,"(np.float64(0.16408028870510272), np.float64(0.11435759204552245))",0.052775767,-0.048338603,1.413716694115407,-3.9269908169872414,0.7504915783575618,0.0,0.1773133268353989,0.11697209694893732
6,2,0.7328729629516602,"(np.float64(0.16408028870510272), np.float64(0.11435759204552245))",0.049160194,-0.05303898,1.4311699866353502,-3.9269908169872414,0.6632251157578453,0.0,0.1755519843395611,0.1176112499473593
6,2,0.7457675933837891,"(np.float64(0.16408028870510272), np.float64(0.11435759204552245))",0.05682087,-0.048849013,1.4311699866353502,-3.9269908169872414,0.5585053606381855,0.0,0.1755519843395611,0.1176112499473593
6,2,0.7603664398193359,"(np.float64(0.16408028870510272), np.float64(0.11435759204552245))",0.06148987,-0.036682226,1.4311699866353502,-3.9269908169872414,0.5585053606381855,-0.08726646259971647,0.1755519843395611,0.1176112499473593
6,2,0.7743062973022461,"(np.float64(0.16408028870510272), np.float64(0.11435759204552245))",0.065223314,-0.037465002,1.4486232791552935,-3.9269908169872414,0.3665191429188092,-0.08726646259971647,0.1737843547010255,0.11823400439662668
6,2,0.7871947288513184,"(np.float64(0.16408028870510272), np.float64(0.11435759204552245))",0.06693554,-0.046139147,1.4486232791552935,-3.9269908169872414,0.2792526803190927,0.0,0.1737843547010255,0.11823400439662668
6,2,0.8031094074249268,"(np.float64(0.16408028870510272), np.float64(0.11435759204552245))",0.08096504,-0.038454916,1.4486232791552935,-3.9269908169872414,0.08726646259971647,0.0,0.1737843547010255,0.11823400439662668
6,2,0.8183376789093018,"(np.float64(0.16408028870510272), np.float64(0.11435759204552245))",0.08096504,-0.038454916,1.4486232791552935,-3.9269908169872414,0.08726646259971647,0.0,0.1737843547010255,0.11823400439662668
6,2,0.8310489654541016,"(np.float64(0.16408028870510272), np.float64(0.11435759204552245))",0.08772125,-0.035125542,1.4486232791552935,-3.9269908169872414,0.0,0.0,0.1737843547010255,0.11823400439662668
6,2,0.8458170890808105,"(np.float64(0.16408028870510272), np.float64(0.11435759204552245))",0.08772125,-0.035125542,1.4486232791552935,-3.9269908169872414,0.0,0.0,0.1737843547010255,0.11823400439662668
6,2,0.8587191104888916,"(np.float64(0.16408028870510272), np.float64(0.11435759204552245))",0.09277039,-0.023120498,1.4486232791552935,-3.9269908169872414,0.0,-0.08726646259971647,0.1737843547010255,0.11823400439662668
6,2,0.8717176914215088,"(np.float64(0.16408028870510272), np.float64(0.11435759204552245))",0.08772125,-0.035125542,1.4486232791552935,-3.9269908169872414,0.0,0.0,0.1737843547010255,0.11823400439662668
6,2,0.8863694667816162,"(np.float64(0.16408028870510272), np.float64(0.11435759204552245))",0.08772125,-0.035125542,1.4486232791552935,-3.9269908169872414,0.0,0.0,0.1737843547010255,0.11823400439662668
6,2,0.9000098705291748,"(np.float64(0.16408028870510272), np.float64(0.11435759204552245))",0.08772125,-0.035125542,1.4486232791552935,-3.9269908169872414,0.0,0.0,0.1737843547010255,0.11823400439662668
6,2,0.9121191501617432,"(np.float64(0.16408028870510272), np.float64(0.11435759204552245))",0.08772125,-0.035125542,1.4486232791552935,-3.9269908169872414,0.0,0.0,0.1737843547010255,0.11823400439662668
6,2,0.926837682723999,"(np.float64(0.16408028870510272), np.float64(0.11435759204552245))",0.08772125,-0.035125542,1.4486232791552935,-3.9269908169872414,0.0,0.0,0.1737843547010255,0.11823400439662668
6,2,0.9392588138580322,"(np.float64(0.16408028870510272), np.float64(0.11435759204552245))",0.08772125,-0.035125542,1.4486232791552935,-3.9269908169872414,0.0,0.0,0.1737843547010255,0.11823400439662668
6,2,0.9537301063537598,"(np.float64(0.16408028870510272), np.float64(0.11435759204552245))",0.08772125,-0.035125542,1.4486232791552935,-3.9269908169872414,0.0,0.0,0.1737843547010255,0.11823400439662668
6,2,0.9663269519805908,"(np.float64(0.16408028870510272), np.float64(0.11435759204552245))",0.08772125,-0.035125542,1.4486232791552935,-3.9269908169872414,0.0,0.0,0.1737843547010255,0.11823400439662668
6,2,0.979975700378418,"(np.float64(0.16408028870510272), np.float64(0.11435759204552245))",0.08772125,-0.035125542,1.4486232791552935,-3.9269908169872414,0.0,0.0,0.1737843547010255,0.11823400439662668
6,2,0.9927456378936768,"(np.float64(0.16408028870510272), np.float64(0.11435759204552245))",0.08772125,-0.035125542,1.4486232791552935,-3.9269908169872414,0.0,0.0,0.1737843547010255,0.11823400439662668
7,1,0.0,"(np.float64(-0.1782013048376736), np.float64(0.09079809994790936))",0.029712295,-0.061803725,1.3788101090755203,-4.084070449666731,0.0,0.0,0.18157247276842428,0.09999866909327748
7,1,0.014461040496826172,"(np.float64(-0.1782013048376736), np.float64(0.09079809994790936))",1.5681254,1.4018701,1.3788101090755203,-4.084070449666731,0.0,0.0,0.18157247276842428,0.09999866909327748
7,1,0.02713942527770996,"(np.float64(-0.1782013048376736), np.float64(0.09079809994790936))",1.5681254,1.4018701,1.3788101090755203,-4.084070449666731,0.0,0.0,0.18157247276842428,0.09999866909327748
7,1,0.041790008544921875,"(np.float64(-0.1782013048376736), np.float64(0.09079809994790936))",1.5678902,1.2832149,1.3962634015954636,-4.084070449666731,0.7504915783575618,1.0471975511965976,0.17985136815801178,0.10080020127787763
7,1,0.05750846862792969,"(np.float64(-0.1782013048376736), np.float64(0.09079809994790936))",1.5491577,0.9566156,1.413716694115407,-4.049163864626845,2.478367537831948,2.478367537831948,0.17804812625953267,0.10494289748835124
7,1,0.07559990882873535,"(np.float64(-0.1782013048376736), np.float64(0.09079809994790936))",1.5171303,0.83229715,1.4486232791552935,-4.031710572106901,3.543018381548489,3.246312408709453,0.17449266842155114,0.10806759780394617
7,1,0.09329342842102051,"(np.float64(-0.1782013048376736), np.float64(0.09079809994790936))",1.3319362,0.5615101,1.5533430342749532,-3.944444109507185,5.654866776461628,5.078908123303499,0.16324269969775754,0.11998505198143923
7,1,0.10852980613708496,"(np.float64(-0.1782013048376736), np.float64(0.09079809994790936))",0.9089783,0.39209196,1.6929693744344996,-3.8048177693476384,8.133234314293576,6.894050545377602,0.1468935117921104,0.1360802611077242
7,1,0.12441515922546387,"(np.float64(-0.1782013048376736), np.float64(0.09079809994790936))",0.57028866,0.26386338,1.7802358370342162,-3.735004599267865,9.00589894029074,7.749261878854823,0.13643582321557277,0.1434371062544192
7,1,0.1385805606842041,"(np.float64(-0.1782013048376736), np.float64(0.09079809994790936))",0.27945882,0.27273044,1.9896753472735358,-3.6477381366681487,10.053096491487338,8.237954069413236,0.11268155359772553,0.15114154064123309
7,1,0.1528339385986328,"(np.float64(-0.1782013048376736), np.float64(0.09079809994790936))",0.23903656,0.14937821,2.111848394913139,-3.4382986264288293,10.157816246606998,9.773843811168245,0.09379742400595147,0.16685695331707093
7,1,0.16715312004089355,"(np.float64(-0.1782013048376736), np.float64(0.09079809994790936))",0.2219059,0.1268076,2.2165681500327987,-3.3335788713091694,10.053096491487338,10.157816246606998,0.07939291905081444,0.1728401992640533
7,1,0.18271207809448242,"(np.float64(-0.1782013048376736), np.float64(0.09079809994790936))",0.14529648,0.081772044,2.426007660272118,-3.1066860685499065,9.669124056048586,11.117747335203878,0.049031105836140246,0.18288902876595806
7,1,0.19596171379089355,"(np.float64(-0.1782013048376736), np.float64(0.09079809994790936))",0.13119678,0.084037974,2.530727415391778,-2.9845130209103035,9.197885158010116,11.397000015522972,0.032963744835616184,0.18689781444715925
7,1,0.21212196350097656,"(np.float64(-0.1782013048376736), np.float64(0.09079809994790936))",0.0837122,0.045380976,2.6179938779914944,-2.8623399732707004,8.901179185171081,11.780972450961725,0.017990877704755867,0.19074608534275822
7,1,0.22434115409851074,"(np.float64(-0.1782013048376736), np.float64(0.09079809994790936))",0.026918411,0.008246804,2.8099800957108707,-2.6179938779914944,7.941248096574199,11.9729586686811,-0.014393982438876601,0.1942869128982314
7,1,0.23897552490234375,"(np.float64(-0.1782013048376736), np.float64(0.09079809994790936))",0.023422241,-0.037551023,2.8797932657906435,-2.478367537831948,7.278022980816354,12.07767842380076,-0.030756239774619637,0.19711741556584056
7,1,0.25289344787597656,"(np.float64(-0.1782013048376736), np.float64(0.09079809994790936))",0.019345855,-0.09086199,2.9670597283903604,-2.356194490192345,6.614797865058509,12.07767842380076,-0.04721035844594956,0.19658483092949303
7,1,0.26694583892822266,"(np.float64(-0.1782013048376736), np.float64(0.09079809994790936))",0.09457512,-1.0227872,3.0892327760299634,-2.076941809873252,5.078908123303499,12.356931104119854,-0.08122801983859497,0.19719419507134564
7,1,0.27942728996276855,"(np.float64(-0.1782013048376736), np.float64(0.09079809994790936))",0.11279068,-1.3005843,3.141592653589793,-1.9547687622336491,4.590215932745087,12.269664641520137,-0.09646175631660034,0.19574440723414877
7,1,0.29381799697875977,"(np.float64(-0.1782013048376736), np.float64(0.09079809994790936))",0.10603142,-1.3822908,3.193952531149623,-1.8151424220741028,3.9269908169872414,11.501719770642632,-0.11358677214404186,0.19334821496252919
7,1,0.3093423843383789,"(np.float64(-0.1782013048376736), np.float64(0.09079809994790936))",0.0628376,-1.3243935,3.2288591161895095,-1.710422666954443,3.822271061867582,10.053096491487338,-0.126187652723517,0.19098571191830238
7,1,0.32380127906799316,"(np.float64(-0.1782013048376736), np.float64(0.09079809994790936))",0.011704064,-1.2150179,3.3161255787892263,-1.5009831567151235,3.822271061867582,7.941248096574199,-0.15177841194311376,0.18201029270999863
7,1,0.3382871150970459,"(np.float64(-0.1782013048376736), np.float64(0.09079809994790936))",0.0089792255,-1.0099953,3.351032163829113,-1.4311699866353502,3.9269908169872414,6.806784082777885,-0.16031954641840804,0.17763957617401777
7,1,0.35390472412109375,"(np.float64(-0.1782013048376736), np.float64(0.09079809994790936))",0.008140755,-0.58780175,3.4033920413889427,-1.361356816555577,4.014257279586958,5.1661745859032155,-0.16943122989048928,0.17097128956191315
7,1,0.367511510848999,"(np.float64(-0.1782013048376736), np.float64(0.09079809994790936))",0.015411186,-0.46579114,3.490658503988659,-1.2566370614359172,4.118977034706618,3.246312408709453,-0.18289619952525332,0.15907310078698075
7,1,0.38197994232177734,"(np.float64(-0.1782013048376736), np.float64(0.09079809994790936))",0.008343125,-0.42525837,3.5255650890285457,-1.239183768915974,4.2062434973063345,2.670353755551324,-0.18581137423806685,0.15465758450122313
7,1,0.39626383781433105,"(np.float64(-0.1782013048376736), np.float64(0.09079809994790936))",-0.026569653,-0.41456032,3.5779249665883754,-1.2042771838760873,4.310963252425994,2.0943951023931953,-0.19082452996463667,0.14765787678481562
7,1,0.40866875648498535,"(np.float64(-0.1782013048376736), np.float64(0.09079809994790936))",-0.1915208,-0.35846063,3.6651914291880923,-1.1693705988362009,4.39822971502571,1.1344640137963142,-0.19659390849052943,0.13640011146813927
7,1,0.42442917823791504,"(np.float64(-0.1782013048376736), np.float64(0.09079809994790936))",-0.2720065,-0.33350068,3.717551306747922,-1.1693705988362009,4.39822971502571,0.7504915783575618,-0.19787697935704063,0.1303230867053591
7,1,0.43799781799316406,"(np.float64(-0.1782013048376736), np.float64(0.09079809994790936))",-0.28840408,-0.31002036,3.7524578917878086,-1.1519173063162575,4.310963252425994,0.2792526803190927,-0.20022147287782566,0.1255913847420823
7,1,0.45167040824890137,"(np.float64(-0.1782013048376736), np.float64(0.09079809994790936))",-0.33152485,-0.31566906,3.857177646907468,-1.1519173063162575,3.9269908169872414,-0.17453292519943295,-0.20194221511969082,0.11351449116001368
7,1,0.46633219718933105,"(np.float64(-0.1782013048376736), np.float64(0.09079809994790936))",-0.34652254,-0.3509221,3.8920842319473548,-1.1519173063162575,3.735004599267865,-0.17453292519943295,-0.2023457472243131,0.1095336921688053
7,1,0.48011016845703125,"(np.float64(-0.1782013048376736), np.float64(0.09079809994790936))",-0.3285862,-0.36682788,3.9269908169872414,-1.1519173063162575,3.4382986264288293,-0.2792526803190927,-0.20266720244346892,0.10557875869902492
7,1,0.49422669410705566,"(np.float64(-0.1782013048376736), np.float64(0.09079809994790936))",-0.27429923,-0.36752796,3.9968039870670147,-1.1693705988362009,2.8623399732707004,-0.47123889803846897,-0.20146346980735438,0.09867205903224603
7,1,0.5077600479125977,"(np.float64(-0.1782013048376736), np.float64(0.09079809994790936))",-0.23024903,-0.33888608,4.031710572106901,-1.1693705988362009,2.5830872929516078,-0.6632251157578453,-0.20155368586603378,0.09483804690775631
7,1,0.5219449996948242,"(np.float64(-0.1782013048376736), np.float64(0.09079809994790936))",-0.18706007,-0.23402214,4.049163864626845,-1.1868238913561442,2.3911010752322315,-0.9424777960769379,-0.1999572484859916,0.09388646977281764
7,1,0.5360875129699707,"(np.float64(-0.1782013048376736), np.float64(0.09079809994790936))",-0.17837238,-0.23955765,4.084070449666731,-1.1868238913561442,2.0943951023931953,-0.9424777960769379,-0.19994397152197116,0.09013478471737363
7,1,0.549522876739502,"(np.float64(-0.1782013048376736), np.float64(0.09079809994790936))",-0.12436857,-0.16929655,4.118977034706618,-1.2042771838760873,1.5184364492350666,-1.0471975511965976,-0.1982486793167367,0.08742182624740043
7,1,0.5634975433349609,"(np.float64(-0.1782013048376736), np.float64(0.09079809994790936))",-0.1055212,-0.15637426,4.136430327226561,-1.2217304763960306,1.239183768915974,-0.9424777960769379,-0.19656613455461527,0.08659812825124734
7,1,0.5751357078552246,"(np.float64(-0.1782013048376736), np.float64(0.09079809994790936))",-0.059844878,-0.10762205,4.136430327226561,-1.239183768915974,0.9424777960769379,-1.0471975511965976,-0.19493554183227094,0.08758803240112187
7,1,0.589961051940918,"(np.float64(-0.1782013048376736), np.float64(0.09079809994790936))",-0.07112255,-0.123575404,4.153883619746504,-1.239183768915974,0.8552113334772214,-0.9424777960769379,-0.19486526380761324,0.08580062251549432
7,1,0.6064691543579102,"(np.float64(-0.1782013048376736), np.float64(0.09079809994790936))",0.004339409,-0.09124489,4.153883619746504,-1.2740903539558606,0.2792526803190927,-0.8552113334772214,-0.19158248821988472,0.08776605989475146
7,1,0.6230778694152832,"(np.float64(-0.1782013048376736), np.float64(0.09079809994790936))",0.012771606,-0.08929043,4.171336912266447,-1.2740903539558606,0.08726646259971647,-0.8552113334772214,-0.1915061036918036,0.08601936746410555
7,1,0.6356663703918457,"(np.float64(-0.1782013048376736), np.float64(0.09079809994790936))",0.09870644,-0.05161171,4.153883619746504,-1.2915436464758039,-0.2792526803190927,-0.8552113334772214,-0.18992675885749583,0.0887253624612594
7,1,0.6516871452331543,"(np.float64(-0.1782013048376736), np.float64(0.09079809994790936))",0.11699505,-0.03519211,4.153883619746504,-1.3089969389957472,-0.3665191429188092,-0.7504915783575618,-0.18826201912575538,0.0896687280151788
7,1,0.6655275821685791,"(np.float64(-0.1782013048376736), np.float64(0.09079809994790936))",0.100864604,-0.0154095655,4.153883619746504,-1.3089969389957472,-0.2792526803190927,-0.8552113334772214,-0.18826201912575538,0.0896687280151788
7,1,0.6773436069488525,"(np.float64(-0.1782013048376736), np.float64(0.09079809994790936))",0.08397827,-0.009350873,4.153883619746504,-1.3264502315156905,-0.17453292519943295,-0.7504915783575618,-0.1865886832554106,0.09059593020374873
7,1,0.6909968852996826,"(np.float64(-0.1782013048376736), np.float64(0.09079809994790936))",0.106245615,0.06724949,4.153883619746504,-1.3439035240356338,-0.2792526803190927,-0.8552113334772214,-0.18490716624143752,0.09150675704897987
7,1,0.7080001831054688,"(np.float64(-0.1782013048376736), np.float64(0.09079809994790936))",0.110453986,0.039213564,4.136430327226561,-1.3439035240356338,-0.17453292519943295,-0.7504915783575618,-0.18495026741500947,0.0932022551404471
7,1,0.7205202579498291,"(np.float64(-0.1782013048376736), np.float64(0.09079809994790936))",0.08170815,0.017523194,4.136430327226561,-1.361356816555577,0.0,-0.5585053606381855,-0.18325632324596328,0.09408152869071765
7,1,0.7330532073974609,"(np.float64(-0.1782013048376736), np.float64(0.09079809994790936))",0.082253076,-0.03203068,4.136430327226561,-1.361356816555577,0.0,-0.3665191429188092,-0.18325632324596328,0.09408152869071765
7,1,0.7466189861297607,"(np.float64(-0.1782013048376736), np.float64(0.09079809994790936))",0.0847189,0.037058067,4.136430327226561,-1.3788101090755203,0.0,-0.47123889803846897,-0.181554999261917,0.09494412971009754
7,1,0.7622807025909424,"(np.float64(-0.1782013048376736), np.float64(0.09079809994790936))",0.016005134,-0.043132402,4.153883619746504,-1.3788101090755203,0.2792526803190927,-0.2792526803190927,-0.18152125149077084,0.09327850721989224
7,1,0.7748064994812012,"(np.float64(-0.1782013048376736), np.float64(0.09079809994790936))",0.06278324,-0.08292532,4.153883619746504,-1.3788101090755203,0.0,0.0,-0.18152125149077084,0.09327850721989224
7,1,0.7889683246612549,"(np.float64(-0.1782013048376736), np.float64(0.09079809994790936))",0.06278324,-0.08292532,4.153883619746504,-1.3788101090755203,0.0,0.0,-0.18152125149077084,0.09327850721989224
7,1,0.8028039932250977,"(np.float64(-0.1782013048376736), np.float64(0.09079809994790936))",0.114085965,-0.0682807,4.153883619746504,-1.3788101090755203,-0.2792526803190927,0.0,-0.18152125149077084,0.09327850721989224
7,1,0.8187625408172607,"(np.float64(-0.1782013048376736), np.float64(0.09079809994790936))",0.09484406,-0.07695971,4.153883619746504,-1.3788101090755203,-0.17453292519943295,0.0,-0.18152125149077084,0.09327850721989224
7,1,0.8328096866607666,"(np.float64(-0.1782013048376736), np.float64(0.09079809994790936))",0.08610268,-0.07862015,4.136430327226561,-1.3788101090755203,0.0,0.0,-0.181554999261917,0.09494412971009754
7,1,0.8457915782928467,"(np.float64(-0.1782013048376736), np.float64(0.09079809994790936))",0.06278324,-0.08292532,4.153883619746504,-1.3788101090755203,0.0,0.0,-0.18152125149077084,0.09327850721989224
7,1,0.8595197200775146,"(np.float64(-0.1782013048376736), np.float64(0.09079809994790936))",0.06221981,-0.04644785,4.153883619746504,-1.3788101090755203,0.0,-0.17453292519943295,-0.18152125149077084,0.09327850721989224
7,1,0.874619722366333,"(np.float64(-0.1782013048376736), np.float64(0.09079809994790936))",0.06278324,-0.08292532,4.153883619746504,-1.3788101090755203,0.0,0.0,-0.18152125149077084,0.09327850721989224
7,1,0.8898451328277588,"(np.float64(-0.1782013048376736), np.float64(0.09079809994790936))",0.06278324,-0.08292532,4.153883619746504,-1.3788101090755203,0.0,0.0,-0.18152125149077084,0.09327850721989224
7,1,0.9083917140960693,"(np.float64(-0.1782013048376736), np.float64(0.09079809994790936))",0.0788187,-0.08029614,4.153883619746504,-1.3788101090755203,-0.08726646259971647,0.0,-0.18152125149077084,0.09327850721989224
7,1,0.926703691482544,"(np.float64(-0.1782013048376736), np.float64(0.09079809994790936))",0.0788187,-0.08029614,4.153883619746504,-1.3788101090755203,-0.08726646259971647,0.0,-0.18152125149077084,0.09327850721989224
7,1,0.942251443862915,"(np.float64(-0.1782013048376736), np.float64(0.09079809994790936))",0.06278324,-0.08292532,4.153883619746504,-1.3788101090755203,0.0,0.0,-0.18152125149077084,0.09327850721989224
7,1,0.9627387523651123,"(np.float64(-0.1782013048376736), np.float64(0.09079809994790936))",0.062467575,-0.06894522,4.153883619746504,-1.3788101090755203,0.0,-0.08726646259971647,-0.18152125149077084,0.09327850721989224
7,1,0.9801256656646729,"(np.float64(-0.1782013048376736), np.float64(0.09079809994790936))",0.06278324,-0.08292532,4.153883619746504,-1.3788101090755203,0.0,0.0,-0.18152125149077084,0.09327850721989224
7,1,0.9949169158935547,"(np.float64(-0.1782013048376736), np.float64(0.09079809994790936))",0.063380815,-0.10879574,4.153883619746504,-1.3788101090755203,0.0,0.17453292519943295,-0.18152125149077084,0.09327850721989224
7,2,0.0,"(np.float64(0.1782013048376736), np.float64(0.09079809994790936))",0.06278324,-0.08292532,4.153883619746504,-1.3788101090755203,0.0,0.0,-0.18152125149077084,0.09327850721989224
7,2,0.014738321304321289,"(np.float64(0.1782013048376736), np.float64(0.09079809994790936))",-1.1210957,-1.518174,4.153883619746504,-1.3788101090755203,0.0,0.0,-0.18152125149077084,0.09327850721989224
7,2,0.03205561637878418,"(np.float64(0.1782013048376736), np.float64(0.09079809994790936))",-1.1210957,-1.518174,4.153883619746504,-1.3788101090755203,0.0,0.0,-0.18152125149077084,0.09327850721989224
7,2,0.04753232002258301,"(np.float64(0.1782013048376736), np.float64(0.09079809994790936))",-0.9692918,-1.4699737,4.118977034706618,-1.3962634015954636,-2.0943951023931953,-2.2863813201125716,-0.1798621634080804,0.09745043230324535
7,2,0.06428670883178711,"(np.float64(0.1782013048376736), np.float64(0.09079809994790936))",-0.83449185,-1.3911577,4.101523742186674,-1.4311699866353502,-2.9670597283903604,-3.4382986264288293,-0.17641029106405884,0.10070234374278597
7,2,0.07763886451721191,"(np.float64(0.1782013048376736), np.float64(0.09079809994790936))",-0.34296304,-0.979159,4.014257279586958,-1.53588974175501,-4.886921905584122,-5.270894341022875,-0.16556624425234215,0.11295071420056485
7,2,0.09406518936157227,"(np.float64(0.1782013048376736), np.float64(0.09079809994790936))",-0.30761138,-0.66169214,3.944444109507185,-1.5882496193148399,-5.742133239061344,-6.126105674500097,-0.15964728129891115,0.12100296804634555
7,2,0.10752534866333008,"(np.float64(0.1782013048376736), np.float64(0.09079809994790936))",-0.28955612,-0.36566287,3.8920842319473548,-1.6580627893946132,-6.230825429619756,-6.894050545377602,-0.15182993325791275,0.12751170741636822
7,2,0.12176179885864258,"(np.float64(0.1782013048376736), np.float64(0.09079809994790936))",-0.18991719,-0.18744718,3.735004599267865,-1.8151424220741028,-7.086036763096978,-7.47000919853573,-0.1327869945874856,0.1436969801956192
7,2,0.13586044311523438,"(np.float64(0.1782013048376736), np.float64(0.09079809994790936))",-0.17964192,-0.17467843,3.6651914291880923,-1.9024088846738192,-7.661995416255107,-7.661995416255107,-0.1221061580375319,0.1499900359251702
7,2,0.1484377384185791,"(np.float64(0.1782013048376736), np.float64(0.09079809994790936))",-0.17658797,-0.16733856,3.5779249665883754,-1.9896753472735358,-8.133234314293576,-7.365289443416071,-0.11075244061140638,0.15698172671617672
7,2,0.1613316535949707,"(np.float64(0.1782013048376736), np.float64(0.09079809994790936))",-0.16779318,-0.15867224,3.473205211468716,-2.059488517353309,-8.517206749732328,-7.365289443416071,-0.10029879395058452,0.1649064660691687
7,2,0.17705941200256348,"(np.float64(0.1782013048376736), np.float64(0.09079809994790936))",-0.105584815,-0.12588425,3.2986722862692828,-2.2165681500327987,-9.389871375729493,-6.998770300497261,-0.07789078901342597,0.17564692092960874
7,2,0.18996858596801758,"(np.float64(0.1782013048376736), np.float64(0.09079809994790936))",-0.07496405,-0.12499857,3.193952531149623,-2.2863813201125716,-9.58185759344887,-6.614797865058509,-0.06633267708078168,0.1817281653512765
7,2,0.2052173614501953,"(np.float64(0.1782013048376736), np.float64(0.09079809994790936))",-0.04771862,-0.11387663,3.0892327760299634,-2.356194490192345,-9.861110273767961,-6.318091892219473,-0.05436423672021017,0.18719846329797285
7,2,0.2189486026763916,"(np.float64(0.1782013048376736), np.float64(0.09079809994790936))",-0.045107555,-0.14816856,2.8623399732707004,-2.4958208303518914,-9.861110273767961,-5.654866776461628,-0.028089997252662702,0.1974522764785713
7,2,0.2331080436706543,"(np.float64(0.1782013048376736), np.float64(0.09079809994790936))",-0.025012493,-0.1604311,2.7576202181510405,-2.548180707911721,-9.965830028887622,-5.358160803622591,-0.016336630287787673,0.201871564818351
7,2,0.24812602996826172,"(np.float64(0.1782013048376736), np.float64(0.09079809994790936))",0.041441347,-0.1914505,2.652900463031381,-2.600540585471551,-10.245082709206715,-4.886921905584122,-0.00415230064594152,0.20570227840674096
7,2,0.26042628288269043,"(np.float64(0.1782013048376736), np.float64(0.09079809994790936))",0.12104779,-0.24360342,2.426007660272118,-2.705260340591211,-10.245082709206715,-4.118977034706618,0.02291826859564277,0.2123510015163359
7,2,0.2741727828979492,"(np.float64(0.1782013048376736), np.float64(0.09079809994790936))",0.13896732,-0.24355678,2.321287905152458,-2.7401669256310974,-10.157816246606998,-3.822271061867582,0.03497580925167243,0.21529913307464515
7,2,0.2865617275238037,"(np.float64(0.1782013048376736), np.float64(0.09079809994790936))",0.16246262,-0.2555135,2.2165681500327987,-2.792526803190927,-10.157816246606998,-3.543018381548489,0.04861689100381937,0.21623356278495243
7,2,0.30217528343200684,"(np.float64(0.1782013048376736), np.float64(0.09079809994790936))",0.17166844,-0.21728726,2.111848394913139,-2.827433388230814,-9.965830028887622,-3.4382986264288293,0.06123449265915324,0.21773359709772266
7,2,0.3144853115081787,"(np.float64(0.1782013048376736), np.float64(0.09079809994790936))",0.3693289,-0.15833788,1.8849555921538759,-2.897246558310587,-9.861110273767961,-2.8623399732707004,0.08870350842089199,0.21887137625260528
7,2,0.32813096046447754,"(np.float64(0.1782013048376736), np.float64(0.09079809994790936))",0.5088005,-0.11036797,1.7802358370342162,-2.91469985083053,-9.773843811168245,-2.775073510670984,0.10043358312783199,0.21949654917311945
7,2,0.34194517135620117,"(np.float64(0.1782013048376736), np.float64(0.09079809994790936))",0.7144415,-0.1357852,1.6755160819145565,-2.949606435870417,-9.669124056048586,-2.5830872929516078,0.113256756731244,0.21782229244787057
7,2,0.354938268661499,"(np.float64(0.1782013048376736), np.float64(0.09079809994790936))",0.82342,-0.16209279,1.5707963267948966,-2.9845130209103035,-9.197885158010116,-2.3911010752322315,0.12586741296421444,0.21537392933732513
7,2,0.36832547187805176,"(np.float64(0.1782013048376736), np.float64(0.09079809994790936))",0.9834015,-0.18413945,1.3962634015954636,-3.01941960595019,-8.04596785169386,-2.2863813201125716,0.14450082129641742,0.2120368687533953
7,2,0.38181066513061523,"(np.float64(0.1782013048376736), np.float64(0.09079809994790936))",0.91858715,-0.08550425,1.3089969389957472,-3.0543261909900767,-7.086036763096978,-2.5830872929516078,0.15450739675298797,0.20795829051735057
7,2,0.3974008560180664,"(np.float64(0.1782013048376736), np.float64(0.09079809994790936))",0.7724997,-0.087794684,1.239183768915974,-3.0892327760299634,-5.934119456780721,-2.8623399732707004,0.16269813163854116,0.203622427706926
7,2,0.4114654064178467,"(np.float64(0.1782013048376736), np.float64(0.09079809994790936))",0.43462792,-0.09367504,1.1344640137963142,-3.141592653589793,-3.4382986264288293,-3.4382986264288293,0.17440171309309985,0.19656618066054474
7,2,0.42539334297180176,"(np.float64(0.1782013048376736), np.float64(0.09079809994790936))",0.29507753,-0.098827936,1.117010721276371,-3.193952531149623,-2.199114857512855,-3.6302848441482056,0.17928510436652795,0.19032338609368718
7,2,0.43805670738220215,"(np.float64(0.1782013048376736), np.float64(0.09079809994790936))",0.29837343,-0.06888466,1.0821041362364843,-3.2288591161895095,-1.4311699866353502,-3.9269908169872414,0.18413606781702302,0.1856794855772758
7,2,0.4519650936126709,"(np.float64(0.1782013048376736), np.float64(0.09079809994790936))",0.21938363,-0.06507502,1.0821041362364843,-3.263765701229396,-1.0471975511965976,-4.014257279586958,0.18636899222127346,0.18156139062834792
7,2,0.46544504165649414,"(np.float64(0.1782013048376736), np.float64(0.09079809994790936))",0.1589529,-0.08028479,1.064650843716541,-3.3161255787892263,-0.6632251157578453,-3.735004599267865,0.19082089127979407,0.17496968653947015
7,2,0.4774589538574219,"(np.float64(0.1782013048376736), np.float64(0.09079809994790936))",0.15366764,-0.040053464,1.064650843716541,-3.4033920413889427,0.17453292519943295,-4.310963252425994,0.1955763823431843,0.16443294598823008
7,2,0.49013447761535645,"(np.float64(0.1782013048376736), np.float64(0.09079809994790936))",0.15854111,-0.017988682,1.064650843716541,-3.4557519189487724,0.2792526803190927,-4.39822971502571,0.19810277304911256,0.15806953398236553
7,2,0.5035746097564697,"(np.float64(0.1782013048376736), np.float64(0.09079809994790936))",0.15724353,0.01874466,1.064650843716541,-3.5081117965086026,0.47123889803846897,-4.310963252425994,0.20038793595824456,0.151688120529646
7,2,0.5190200805664062,"(np.float64(0.1782013048376736), np.float64(0.09079809994790936))",0.15021458,0.047947504,1.0821041362364843,-3.543018381548489,0.5585053606381855,-4.310963252425994,0.20033287431258187,0.1479826366241456
7,2,0.5334727764129639,"(np.float64(0.1782013048376736), np.float64(0.09079809994790936))",0.15817128,0.08378201,1.0821041362364843,-3.595378259108319,0.5585053606381855,-4.310963252425994,0.2022017300692956,0.14163962137673916
7,2,0.5484657287597656,"(np.float64(0.1782013048376736), np.float64(0.09079809994790936))",0.15815258,0.10519715,1.0995574287564276,-3.6826447217080354,0.5585053606381855,-4.118977034706618,0.20329548852833332,0.13176482715212237
7,2,0.5639448165893555,"(np.float64(0.1782013048376736), np.float64(0.09079809994790936))",0.16824113,0.13918781,1.0995574287564276,-3.735004599267865,0.5585053606381855,-4.014257279586958,0.20455622999080342,0.1255164753298393
7,2,0.5776128768920898,"(np.float64(0.1782013048376736), np.float64(0.09079809994790936))",0.18828583,0.21495819,1.117010721276371,-3.822271061867582,0.6632251157578453,-3.822271061867582,0.20462828930089433,0.11596790916660664
7,2,0.5911760330200195,"(np.float64(0.1782013048376736), np.float64(0.09079809994790936))",0.20163612,0.24180508,1.117010721276371,-3.857177646907468,0.6632251157578453,-3.543018381548489,0.20512115296137523,0.1118999888566764
7,2,0.6038248538970947,"(np.float64(0.1782013048376736), np.float64(0.09079809994790936))",0.190942,0.21859932,1.1344640137963142,-3.8920842319473548,0.7504915783575618,-3.246312408709453,0.2039439215050868,0.10869989355914998
7,2,0.6175825595855713,"(np.float64(0.1782013048376736), np.float64(0.09079809994790936))",0.19950847,0.25653917,1.1344640137963142,-3.9269908169872414,0.6632251157578453,-3.0543261909900767,0.20426543439590494,0.1047130486993684
7,2,0.6302008628845215,"(np.float64(0.1782013048376736), np.float64(0.09079809994790936))",0.19228458,0.25475368,1.1519173063162575,-3.9968039870670147,0.5585053606381855,-2.478367537831948,0.20307125168754026,0.09775412508956377
7,2,0.6454768180847168,"(np.float64(0.1782013048376736), np.float64(0.09079809994790936))",0.19573021,0.21770974,1.1519173063162575,-4.014257279586958,0.47123889803846897,-2.199114857512855,0.2031238736228705,0.0958170410609693
7,2,0.6609597206115723,"(np.float64(0.1782013048376736), np.float64(0.09079809994790936))",0.18067208,0.16554756,1.1693705988362009,-4.031710572106901,0.47123889803846897,-1.9024088846738192,0.20155368592195105,0.0948380425916799
7,2,0.6738553047180176,"(np.float64(0.1782013048376736), np.float64(0.09079809994790936))",0.15380669,0.09595757,1.1693705988362009,-4.066617157146788,0.5585053606381855,-1.1344640137963142,0.20157054628360987,0.09103720222108043
7,2,0.6863980293273926,"(np.float64(0.1782013048376736), np.float64(0.09079809994790936))",0.144092,0.08137131,1.1868238913561442,-4.084070449666731,0.47123889803846897,-0.9424777960769379,0.19994397142335513,0.09013477726285152
7,2,0.6996433734893799,"(np.float64(0.1782013048376736), np.float64(0.09079809994790936))",0.14346905,0.05029087,1.1868238913561442,-4.084070449666731,0.3665191429188092,-0.5585053606381855,0.19994397142335513,0.09013477726285152
7,2,0.7136952877044678,"(np.float64(0.1782013048376736), np.float64(0.09079809994790936))",0.1319336,0.040195465,1.1868238913561442,-4.101523742186674,0.47123889803846897,-0.3665191429188092,0.19991123175308256,0.08827217749787415
7,2,0.7290627956390381,"(np.float64(0.1782013048376736), np.float64(0.09079809994790936))",0.1227356,0.003539276,1.2042771838760873,-4.101523742186674,0.3665191429188092,0.0,0.19829479448983528,0.08925943485540727
7,2,0.7425863742828369,"(np.float64(0.1782013048376736), np.float64(0.09079809994790936))",0.10721703,-0.009323216,1.2042771838760873,-4.101523742186674,0.5585053606381855,0.08726646259971647,0.19829479448983528,0.08925943485540727
7,2,0.7578902244567871,"(np.float64(0.1782013048376736), np.float64(0.09079809994790936))",0.11324139,-0.0066675185,1.2042771838760873,-4.101523742186674,0.47123889803846897,0.08726646259971647,0.19829479448983528,0.08925943485540727
7,2,0.7709689140319824,"(np.float64(0.1782013048376736), np.float64(0.09079809994790936))",0.0924532,-0.03849859,1.2217304763960306,-4.084070449666731,0.5585053606381855,0.2792526803190927,0.1966929342741309,0.09206346324621827
7,2,0.7830657958984375,"(np.float64(0.1782013048376736), np.float64(0.09079809994790936))",0.0974308,-0.022853566,1.2217304763960306,-4.084070449666731,0.5585053606381855,0.08726646259971647,0.1966929342741309,0.09206346324621827
7,2,0.797295331954956,"(np.float64(0.1782013048376736), np.float64(0.09079809994790936))",0.084051326,-0.024418259,1.239183768915974,-4.084070449666731,0.6632251157578453,0.0,0.1950508446270983,0.09300640831212333
7,2,0.812819242477417,"(np.float64(0.1782013048376736), np.float64(0.09079809994790936))",0.09107437,-0.02105465,1.239183768915974,-4.084070449666731,0.5585053606381855,0.0,0.1950508446270983,0.09300640831212333
7,2,0.8275954723358154,"(np.float64(0.1782013048376736), np.float64(0.09079809994790936))",0.073609166,-0.032304,1.2566370614359172,-4.084070449666731,0.6632251157578453,0.0,0.19339827169718615,0.09393466932044169
7,2,0.8412168025970459,"(np.float64(0.1782013048376736), np.float64(0.09079809994790936))",0.073609166,-0.032304,1.2566370614359172,-4.084070449666731,0.6632251157578453,0.0,0.19339827169718615,0.09393466932044169
7,2,0.8551082611083984,"(np.float64(0.1782013048376736), np.float64(0.09079809994790936))",0.07674408,-0.034701537,1.2740903539558606,-4.084070449666731,0.47123889803846897,0.0,0.1917356398840068,0.0948479527114752
7,2,0.8697617053985596,"(np.float64(0.1782013048376736), np.float64(0.09079809994790936))",0.052807238,-0.048898604,1.2915436464758039,-4.084070449666731,0.6632251157578453,0.0,0.19006337448115335,0.09574598097161043
7,2,0.8821930885314941,"(np.float64(0.1782013048376736), np.float64(0.09079809994790936))",0.052807238,-0.048898604,1.2915436464758039,-4.084070449666731,0.6632251157578453,0.0,0.19006337448115335,0.09574598097161043
7,2,0.8958752155303955,"(np.float64(0.1782013048376736), np.float64(0.09079809994790936))",0.052807238,-0.048898604,1.2915436464758039,-4.084070449666731,0.6632251157578453,0.0,0.19006337448115335,0.09574598097161043
7,2,0.9101617336273193,"(np.float64(0.1782013048376736), np.float64(0.09079809994790936))",0.04270325,-0.055570792,1.3089969389957472,-4.084070449666731,0.6632251157578453,0.0,0.18838190153095102,0.09662849233749778
7,2,0.9235870838165283,"(np.float64(0.1782013048376736), np.float64(0.09079809994790936))",0.050260544,-0.052725792,1.3089969389957472,-4.084070449666731,0.5585053606381855,0.0,0.18838190153095102,0.09662849233749778
7,2,0.9365792274475098,"(np.float64(0.1782013048376736), np.float64(0.09079809994790936))",0.009974099,-0.05649204,1.3264502315156905,-4.084070449666731,0.7504915783575618,0.0,0.18669164767417737,0.097495240510211
7,2,0.9503397941589355,"(np.float64(0.1782013048376736), np.float64(0.09079809994790936))",0.009974099,-0.05649204,1.3264502315156905,-4.084070449666731,0.7504915783575618,0.0,0.18669164767417737,0.097495240510211
7,2,0.9646673202514648,"(np.float64(0.1782013048376736), np.float64(0.09079809994790936))",-0.029664231,-0.05720539,1.3439035240356338,-4.084070449666731,0.7504915783575618,0.0,0.18499303999520775,0.09834599437854408
7,2,0.9785175323486328,"(np.float64(0.1782013048376736), np.float64(0.09079809994790936))",-0.07004958,-0.058176994,1.361356816555577,-4.084070449666731,0.7504915783575618,0.0,0.18328650586301468,0.099180537750651
7,2,0.9934558868408203,"(np.float64(0.1782013048376736), np.float64(0.09079809994790936))",-0.07004958,-0.058176994,1.361356816555577,-4.084070449666731,0.7504915783575618,0.0,0.18328650586301468,0.099180537750651
8,1,0.0,"(np.float64(-0.1889612092933756), np.float64(0.06552603591233873))",0.04832382,-0.038183402,1.2566370614359172,-4.241150082346221,0.0,0.0,0.19267563387455633,0.07807921165648814
8,1,0.014777421951293945,"(np.float64(-0.1889612092933756), np.float64(0.06552603591233873))",1.5425526,1.3748654,1.2566370614359172,-4.241150082346221,0.0,0.0,0.19267563387455633,0.07807921165648814
8,1,0.029453516006469727,"(np.float64(-0.1889612092933756), np.float64(0.06552603591233873))",1.5425526,1.3748654,1.2566370614359172,-4.241150082346221,0.0,0.0,0.19267563387455633,0.07807921165648814
8,1,0.043074846267700195,"(np.float64(-0.1889612092933756), np.float64(0.06552603591233873))",1.5427817,1.2840828,1.2566370614359172,-4.241150082346221,0.9424777960769379,0.7504915783575618,0.19267563387455633,0.07807921165648814
8,1,0.05775094032287598,"(np.float64(-0.1889612092933756), np.float64(0.06552603591233873))",1.5284026,1.0448666,1.2740903539558606,-4.223696789826278,2.2863813201125716,1.8151424220741028,0.19118942257784965,0.08083859910312366
8,1,0.07393169403076172,"(np.float64(-0.1889612092933756), np.float64(0.06552603591233873))",1.518417,0.8914898,1.2915436464758039,-4.2062434973063345,3.0543261909900767,2.478367537831948,0.18966863985630789,0.0835610364739809
8,1,0.08828353881835938,"(np.float64(-0.1889612092933756), np.float64(0.06552603591233873))",1.4218365,0.622213,1.3788101090755203,-4.136430327226561,5.1661745859032155,4.2062434973063345,0.18155499977048012,0.09494411995635968
8,1,0.10052800178527832,"(np.float64(-0.1889612092933756), np.float64(0.06552603591233873))",1.3326241,0.3944439,1.4486232791552935,-4.084070449666731,6.422811647339133,5.1661745859032155,0.17464989546434057,0.10310354250623883
8,1,0.11623811721801758,"(np.float64(-0.1889612092933756), np.float64(0.06552603591233873))",1.24027,0.37750778,1.5184364492350666,-4.014257279586958,7.278022980816354,5.846852994181004,0.16734382272656473,0.1123432282649767
8,1,0.13024687767028809,"(np.float64(-0.1889612092933756), np.float64(0.06552603591233873))",0.7628269,0.3493143,1.710422666954443,-3.8746309394274117,9.47713783832921,6.998770300497261,0.14615135825915604,0.1301173405861241
8,1,0.1437063217163086,"(np.float64(-0.1889612092933756), np.float64(0.06552603591233873))",0.39128992,0.23942147,1.7976891295541595,-3.8048177693476384,10.349802464326375,7.853981633974483,0.1359582563711716,0.13746549630409785
8,1,0.16268539428710938,"(np.float64(-0.1889612092933756), np.float64(0.06552603591233873))",0.3042948,0.1881258,1.9198621771937625,-3.717551306747922,10.733774899765127,8.517206749732328,0.12153682321784667,0.14553579258444127
8,1,0.1799767017364502,"(np.float64(-0.1889612092933756), np.float64(0.06552603591233873))",0.24561635,0.16058598,2.1467549799530254,-3.5081117965086026,11.117747335203878,10.053096491487338,0.0927709604528504,0.1605031227089129
8,1,0.19475674629211426,"(np.float64(-0.1889612092933756), np.float64(0.06552603591233873))",0.14894429,0.09433212,2.4085543677521746,-3.2812189937493397,11.01302758008422,11.205013797803595,0.0592413131493591,0.17054664844078213
8,1,0.20830488204956055,"(np.float64(-0.1889612092933756), np.float64(0.06552603591233873))",0.12319489,0.097092055,2.5132741228718345,-3.141592653589793,10.733774899765127,11.885692206081384,0.04332556967103217,0.1764402921407677
8,1,0.22321653366088867,"(np.float64(-0.1889612092933756), np.float64(0.06552603591233873))",0.103579335,0.10014515,2.6179938779914944,-3.01941960595019,10.349802464326375,12.07767842380076,0.02790719796218355,0.17997322660671766
8,1,0.23534655570983887,"(np.float64(-0.1889612092933756), np.float64(0.06552603591233873))",0.026918411,0.008246804,2.8448866807507573,-2.7576202181510405,9.197885158010116,12.54891732183923,-0.006152808517854935,0.18375795248213522
8,1,0.24826979637145996,"(np.float64(-0.1889612092933756), np.float64(0.06552603591233873))",0.026918411,0.008246804,2.9321531433504737,-2.6179938779914944,8.709192967451704,12.740903539558605,-0.022560733716503086,0.18597751701468057
8,1,0.26250338554382324,"(np.float64(-0.1889612092933756), np.float64(0.06552603591233873))",0.026918411,0.008246804,3.01941960595019,-2.478367537831948,8.04596785169386,12.932889757277982,-0.03951183678212474,0.18695490068747728
8,1,0.27644968032836914,"(np.float64(-0.1889612092933756), np.float64(0.06552603591233873))",0.024274254,-0.0263937,3.1066860685499065,-2.356194490192345,7.278022980816354,12.653637076958889,-0.05531967981358613,0.1858533334122351
8,1,0.29105305671691895,"(np.float64(-0.1889612092933756), np.float64(0.06552603591233873))",0.06556702,-1.0203853,3.246312408709453,-2.076941809873252,5.550147021341968,12.845623294678266,-0.08929507812717713,0.18378618603911376
8,1,0.30449342727661133,"(np.float64(-0.1889612092933756), np.float64(0.06552603591233873))",0.08149929,-1.3574002,3.2986722862692828,-1.9373154697137058,4.886921905584122,12.845623294678266,-0.10592646060784816,0.18204152686115022
8,1,0.3170135021209717,"(np.float64(-0.1889612092933756), np.float64(0.06552603591233873))",0.08264313,-1.4475683,3.351032163829113,-1.7976891295541595,4.310963252425994,12.356931104119854,-0.1227024935635008,0.17881083672019182
8,1,0.3326089382171631,"(np.float64(-0.1889612092933756), np.float64(0.06552603591233873))",0.060533524,-1.3961959,3.385938748868999,-1.6580627893946132,3.822271061867582,10.821041362364843,-0.13872250437745373,0.1757641043400623
8,1,0.3455061912536621,"(np.float64(-0.1889612092933756), np.float64(0.06552603591233873))",0.040021326,-1.2787787,3.473205211468716,-1.4486232791552935,3.543018381548489,8.621926504851988,-0.16359264678567947,0.16494047216918545
8,1,0.3590559959411621,"(np.float64(-0.1889612092933756), np.float64(0.06552603591233873))",0.056443024,-1.2110361,3.5081117965086026,-1.361356816555577,3.543018381548489,7.557275661135447,-0.173521418618781,0.15955981799594904
8,1,0.3743321895599365,"(np.float64(-0.1889612092933756), np.float64(0.06552603591233873))",0.045372963,-0.95649016,3.543018381548489,-1.2915436464758039,3.543018381548489,6.230825429619756,-0.18148741363090196,0.15406558209612797
8,1,0.38804030418395996,"(np.float64(-0.1889612092933756), np.float64(0.06552603591233873))",0.023802757,-0.56882536,3.6302848441482056,-1.1868238913561442,3.9269908169872414,3.735004599267865,-0.19403250273632006,0.14105180749353868
8,1,0.4016692638397217,"(np.float64(-0.1889612092933756), np.float64(0.06552603591233873))",0.024960136,-0.4636781,3.6651914291880923,-1.1519173063162575,4.014257279586958,2.670353755551324,-0.19817805264268085,0.1357762592310847
8,1,0.4151468276977539,"(np.float64(-0.1889612092933756), np.float64(0.06552603591233873))",0.014787102,-0.4526913,3.717551306747922,-1.117010721276371,4.2062434973063345,2.0943951023931953,-0.20261406164738271,0.12828982206051848
8,1,0.42899060249328613,"(np.float64(-0.1889612092933756), np.float64(0.06552603591233873))",-0.017087078,-0.42625389,3.7699111843077517,-1.0995574287564276,4.310963252425994,1.5184364492350666,-0.20527914220386484,0.12136672155668203
8,1,0.44257664680480957,"(np.float64(-0.1889612092933756), np.float64(0.06552603591233873))",-0.15311413,-0.36837673,3.857177646907468,-1.0821041362364843,4.50294947014537,0.6632251157578453,-0.20823881893032284,0.11024640666136432
8,1,0.45653843879699707,"(np.float64(-0.1889612092933756), np.float64(0.06552603591233873))",-0.22484532,-0.35546705,3.9095375244672983,-1.064650843716541,4.590215932745087,0.2792526803190927,-0.21036071726535643,0.1032008766395931
8,1,0.4694235324859619,"(np.float64(-0.1889612092933756), np.float64(0.06552603591233873))",-0.2283597,-0.32888556,3.961897402027128,-1.064650843716541,4.39822971502571,0.0,-0.21075083073669953,0.09705361092180818
8,1,0.48228907585144043,"(np.float64(-0.1889612092933756), np.float64(0.06552603591233873))",-0.29241085,-0.26764154,4.049163864626845,-1.0821041362364843,4.39822971502571,-0.47123889803846897,-0.20944690987471692,0.08798048821279092
8,1,0.4962756633758545,"(np.float64(-0.1889612092933756), np.float64(0.06552603591233873))",-0.2722946,-0.2668743,4.084070449666731,-1.0821041362364843,4.118977034706618,-0.5585053606381855,-0.20940172548718877,0.08403206172424854
8,1,0.5092315673828125,"(np.float64(-0.1889612092933756), np.float64(0.06552603591233873))",-0.302586,-0.30777293,4.136430327226561,-1.0821041362364843,3.9269908169872414,-0.3665191429188092,-0.20919099918782597,0.07817557710857623
8,1,0.5253009796142578,"(np.float64(-0.1889612092933756), np.float64(0.06552603591233873))",-0.22155438,-0.2682112,4.171336912266447,-1.0995574287564276,3.4382986264288293,-0.47123889803846897,-0.20743263774756182,0.07544971266264847
8,1,0.5386369228363037,"(np.float64(-0.1889612092933756), np.float64(0.06552603591233873))",-0.20531444,-0.26589823,4.241150082346221,-1.0995574287564276,2.8623399732707004,-0.5585053606381855,-0.2067741684088041,0.06791837513144676
8,1,0.5520668029785156,"(np.float64(-0.1889612092933756), np.float64(0.06552603591233873))",-0.21435176,-0.23670197,4.276056667386108,-1.117010721276371,2.775073510670984,-0.6632251157578453,-0.20483750825325253,0.06543363312109234
8,1,0.565420389175415,"(np.float64(-0.1889612092933756), np.float64(0.06552603591233873))",-0.1739132,-0.24274932,4.293509959906051,-1.117010721276371,2.3911010752322315,-0.5585053606381855,-0.20460490750668597,0.06361374852921778
8,1,0.5774786472320557,"(np.float64(-0.1889612092933756), np.float64(0.06552603591233873))",-0.16446553,-0.20780364,4.328416544945937,-1.1344640137963142,2.199114857512855,-0.6632251157578453,-0.2025937144697577,0.06126162931328928
8,1,0.5919070243835449,"(np.float64(-0.1889612092933756), np.float64(0.06552603591233873))",-0.10790195,-0.17580529,4.363323129985824,-1.1344640137963142,1.6231562043547265,-0.7504915783575618,-0.20203719549830282,0.057730431281085126
8,1,0.6061365604400635,"(np.float64(-0.1889612092933756), np.float64(0.06552603591233873))",-0.09152708,-0.14597903,4.380776422505767,-1.1519173063162575,1.4311699866353502,-0.7504915783575618,-0.2002481188589224,0.057271355553903364
8,1,0.6185240745544434,"(np.float64(-0.1889612092933756), np.float64(0.06552603591233873))",-0.08008032,-0.14062004,4.39822971502571,-1.1519173063162575,1.239183768915974,-0.7504915783575618,-0.19994262519230982,0.055549777802361894
8,1,0.6326401233673096,"(np.float64(-0.1889612092933756), np.float64(0.06552603591233873))",-0.025593853,-0.10770416,4.39822971502571,-1.1693705988362009,0.8552113334772214,-0.7504915783575618,-0.19844939380215193,0.0568406171843147
8,1,0.6462695598602295,"(np.float64(-0.1889612092933756), np.float64(0.06552603591233873))",-0.0027112009,-0.07541466,4.4156830075456535,-1.1868238913561442,0.5585053606381855,-0.7504915783575618,-0.19664241214042372,0.05643762878783304
8,1,0.6604561805725098,"(np.float64(-0.1889612092933756), np.float64(0.06552603591233873))",-0.019651128,-0.112879656,4.4331363000655974,-1.1868238913561442,0.47123889803846897,-0.47123889803846897,-0.1963276226614316,0.05477076388840136
8,1,0.674795389175415,"(np.float64(-0.1889612092933756), np.float64(0.06552603591233873))",-0.016986752,-0.10120707,4.4331363000655974,-1.1868238913561442,0.47123889803846897,-0.5585053606381855,-0.1963276226614316,0.05477076388840136
8,1,0.6894149780273438,"(np.float64(-0.1889612092933756), np.float64(0.06552603591233873))",-0.006265259,-0.07074728,4.4505895925855405,-1.2042771838760873,0.2792526803190927,-0.5585053606381855,-0.19451020979610878,0.05442222216914892
8,1,0.7013101577758789,"(np.float64(-0.1889612092933756), np.float64(0.06552603591233873))",0.016419029,-0.077608205,4.4505895925855405,-1.2042771838760873,0.08726646259971647,-0.47123889803846897,-0.19451020979610878,0.05442222216914892
8,1,0.7151129245758057,"(np.float64(-0.1889612092933756), np.float64(0.06552603591233873))",0.009829903,-0.12197762,4.4505895925855405,-1.2042771838760873,0.08726646259971647,-0.17453292519943295,-0.19451020979610878,0.05442222216914892
8,1,0.728358268737793,"(np.float64(-0.1889612092933756), np.float64(0.06552603591233873))",0.03239212,-0.06762972,4.4505895925855405,-1.2217304763960306,0.0,-0.3665191429188092,-0.19300902927488217,0.05571273349641742
8,1,0.7426893711090088,"(np.float64(-0.1889612092933756), np.float64(0.06552603591233873))",0.03048916,-0.104399204,4.4505895925855405,-1.2217304763960306,0.0,-0.17453292519943295,-0.19300902927488217,0.05571273349641742
8,1,0.756434440612793,"(np.float64(-0.1889612092933756), np.float64(0.06552603591233873))",0.02766533,-0.13073264,4.4505895925855405,-1.2217304763960306,0.0,0.0,-0.19300902927488217,0.05571273349641742
8,1,0.7690463066101074,"(np.float64(-0.1889612092933756), np.float64(0.06552603591233873))",0.03048916,-0.104399204,4.4505895925855405,-1.2217304763960306,0.0,-0.17453292519943295,-0.19300902927488217,0.05571273349641742
8,1,0.782721996307373,"(np.float64(-0.1889612092933756), np.float64(0.06552603591233873))",0.047547914,-0.059850026,4.4505895925855405,-1.2217304763960306,-0.17453292519943295,-0.3665191429188092,-0.19300902927488217,0.05571273349641742
8,1,0.7966365814208984,"(np.float64(-0.1889612092933756), np.float64(0.06552603591233873))",0.04769974,-0.12980671,4.4331363000655974,-1.2217304763960306,0.0,0.0,-0.19331851348771606,0.05733652731647141
8,1,0.8088433742523193,"(np.float64(-0.1889612092933756), np.float64(0.06552603591233873))",0.04769974,-0.12980671,4.4331363000655974,-1.2217304763960306,0.0,0.0,-0.19331851348771606,0.05733652731647141
8,1,0.8228096961975098,"(np.float64(-0.1889612092933756), np.float64(0.06552603591233873))",0.04769974,-0.12980671,4.4331363000655974,-1.2217304763960306,0.0,0.0,-0.19331851348771606,0.05733652731647141
8,1,0.8370988368988037,"(np.float64(-0.1889612092933756), np.float64(0.06552603591233873))",0.02766533,-0.13073264,4.4505895925855405,-1.2217304763960306,0.0,0.0,-0.19300902927488217,0.05571273349641742
8,1,0.8492047786712646,"(np.float64(-0.1889612092933756), np.float64(0.06552603591233873))",0.02766533,-0.13073264,4.4505895925855405,-1.2217304763960306,0.0,0.0,-0.19300902927488217,0.05571273349641742
8,1,0.862313985824585,"(np.float64(-0.1889612092933756), np.float64(0.06552603591233873))",0.013365365,-0.13148585,4.4505895925855405,-1.2217304763960306,0.08726646259971647,0.0,-0.19300902927488217,0.05571273349641742
8,1,0.8754892349243164,"(np.float64(-0.1889612092933756), np.float64(0.06552603591233873))",0.02766533,-0.13073264,4.4505895925855405,-1.2217304763960306,0.0,0.0,-0.19300902927488217,0.05571273349641742
8,1,0.8897790908813477,"(np.float64(-0.1889612092933756), np.float64(0.06552603591233873))",0.02766533,-0.13073264,4.4505895925855405,-1.2217304763960306,0.0,0.0,-0.19300902927488217,0.05571273349641742
8,1,0.9030838012695312,"(np.float64(-0.1889612092933756), np.float64(0.06552603591233873))",0.049172975,-0.12854186,4.4505895925855405,-1.2217304763960306,-0.17453292519943295,0.0,-0.19300902927488217,0.05571273349641742
8,1,0.9170351028442383,"(np.float64(-0.1889612092933756), np.float64(0.06552603591233873))",0.049172975,-0.12854186,4.4505895925855405,-1.2217304763960306,-0.17453292519943295,0.0,-0.19300902927488217,0.05571273349641742
8,1,0.9308059215545654,"(np.float64(-0.1889612092933756), np.float64(0.06552603591233873))",0.02766533,-0.13073264,4.4505895925855405,-1.2217304763960306,0.0,0.0,-0.19300902927488217,0.05571273349641742
8,1,0.9465198516845703,"(np.float64(-0.1889612092933756), np.float64(0.06552603591233873))",0.02766533,-0.13073264,4.4505895925855405,-1.2217304763960306,0.0,0.0,-0.19300902927488217,0.05571273349641742
8,1,0.9600496292114258,"(np.float64(-0.1889612092933756), np.float64(0.06552603591233873))",0.02766533,-0.13073264,4.4505895925855405,-1.2217304763960306,0.0,0.0,-0.19300902927488217,0.05571273349641742
8,1,0.9762077331542969,"(np.float64(-0.1889612092933756), np.float64(0.06552603591233873))",0.02766533,-0.13073264,4.4505895925855405,-1.2217304763960306,0.0,0.0,-0.19300902927488217,0.05571273349641742
8,1,0.9929440021514893,"(np.float64(-0.1889612092933756), np.float64(0.06552603591233873))",0.02766533,-0.13073264,4.4505895925855405,-1.2217304763960306,0.0,0.0,-0.19300902927488217,0.05571273349641742
8,2,0.0,"(np.float64(0.1889612092933756), np.float64(0.06552603591233873))",0.02766533,-0.13073264,4.4505895925855405,-1.2217304763960306,0.0,0.0,-0.19300902927488217,0.05571273349641742
8,2,0.01386880874633789,"(np.float64(0.1889612092933756), np.float64(0.06552603591233873))",-1.2194407,-1.4750557,4.4505895925855405,-1.2217304763960306,0.0,0.0,-0.19300902927488217,0.05571273349641742
8,2,0.028032302856445312,"(np.float64(0.1889612092933756), np.float64(0.06552603591233873))",-1.2194407,-1.4750557,4.4505895925855405,-1.2217304763960306,0.0,0.0,-0.19300902927488217,0.05571273349641742
8,2,0.04126882553100586,"(np.float64(0.1889612092933756), np.float64(0.06552603591233873))",-1.2289289,-1.5288103,4.4331363000655974,-1.2217304763960306,-0.7504915783575618,-0.9424777960769379,-0.19331851348771606,0.05733652731647141
8,2,0.05480337142944336,"(np.float64(0.1889612092933756), np.float64(0.06552603591233873))",-1.0557215,-1.5484194,4.4156830075456535,-1.239183768915974,-1.8151424220741028,-1.9024088846738192,-0.1920870445524107,0.060213942496228176
8,2,0.06935739517211914,"(np.float64(0.1889612092933756), np.float64(0.06552603591233873))",-0.89848346,-1.5511341,4.39822971502571,-1.2740903539558606,-2.670353755551324,-2.8623399732707004,-0.18925960234919573,0.06424750185650555
8,2,0.08505702018737793,"(np.float64(0.1889612092933756), np.float64(0.06552603591233873))",-0.32291147,-1.5313728,4.310963252425994,-1.361356816555577,-5.1661745859032155,-4.590215932745087,-0.18228029850458322,0.07773177501037196
8,2,0.09984898567199707,"(np.float64(0.1889612092933756), np.float64(0.06552603591233873))",-0.2469738,-1.4919242,4.241150082346221,-1.413716694115407,-5.846852994181004,-5.462880558742252,-0.17779411426393418,0.08695314396220655
8,2,0.11579728126525879,"(np.float64(0.1889612092933756), np.float64(0.06552603591233873))",-0.26455948,-1.3617332,4.1887902047863905,-1.4835298641951802,-6.126105674500097,-6.510078109938849,-0.17116354075905416,0.09505763393288946
8,2,0.13147687911987305,"(np.float64(0.1889612092933756), np.float64(0.06552603591233873))",-0.21240024,-0.7829017,4.031710572106901,-1.6406094968746698,-7.47000919853573,-8.429940287132611,-0.15496474648705216,0.1147072972316314
8,2,0.14719676971435547,"(np.float64(0.1889612092933756), np.float64(0.06552603591233873))",-0.21817484,-0.43925592,3.944444109507185,-1.7453292519943295,-7.749261878854823,-9.285151620609833,-0.14340671258327028,0.12471815706139189
8,2,0.16095328330993652,"(np.float64(0.1889612092933756), np.float64(0.06552603591233873))",-0.1725729,-0.106907085,3.7524578917878086,-1.9722220547535925,-9.389871375729493,-11.01302758008422,-0.11692631703281003,0.142626869459976
8,2,0.17713522911071777,"(np.float64(0.1889612092933756), np.float64(0.06552603591233873))",-0.17107248,-0.067050174,3.6477381366681487,-2.0943951023931953,-10.157816246606998,-11.01302758008422,-0.1021156836202436,0.1502098711190284
8,2,0.19335269927978516,"(np.float64(0.1889612092933756), np.float64(0.06552603591233873))",-0.06515074,0.00779438,3.420845333908886,-2.2165681500327987,-11.397000015522972,-10.821041362364843,-0.0828727620376577,0.165889345533624
8,2,0.21004605293273926,"(np.float64(0.1889612092933756), np.float64(0.06552603591233873))",0.017448425,0.008200265,3.2986722862692828,-2.426007660272118,-11.9729586686811,-9.861110273767961,-0.05846854623992084,0.16860398682386635
8,2,0.2246553897857666,"(np.float64(0.1889612092933756), np.float64(0.06552603591233873))",0.026918411,0.008246804,3.01941960595019,-2.6354471705114375,-12.461650859239512,-8.709192967451704,-0.02652209310494183,0.17906650509924227
8,2,0.23875045776367188,"(np.float64(0.1889612092933756), np.float64(0.06552603591233873))",0.036364555,0.0073646544,2.897246558310587,-2.722713633111154,-12.356931104119854,-8.133234314293576,-0.012224134082582612,0.18243687262171443
8,2,0.2546231746673584,"(np.float64(0.1889612092933756), np.float64(0.06552603591233873))",0.06828995,0.0020637512,2.7576202181510405,-2.8099800957108707,-12.54891732183923,-7.47000919853573,0.0037393789802128985,0.18597098676880558
8,2,0.2697563171386719,"(np.float64(0.1889612092933756), np.float64(0.06552603591233873))",0.13518201,-0.019887924,2.478367537831948,-2.949606435870417,-12.740903539558605,-5.846852994181004,0.03526541577444045,0.19205598917597377
8,2,0.2831606864929199,"(np.float64(0.1889612092933756), np.float64(0.06552603591233873))",0.16924153,-0.018679524,2.3387411976724017,-3.01941960595019,-12.740903539558605,-5.1661745859032155,0.051977503550507495,0.193330085854517
8,2,0.29721522331237793,"(np.float64(0.1889612092933756), np.float64(0.06552603591233873))",0.28882143,-0.03318348,2.199114857512855,-3.07177948351002,-12.461650859239512,-4.50294947014537,0.06820569532742585,0.1946775372721627
8,2,0.31139254570007324,"(np.float64(0.1889612092933756), np.float64(0.06552603591233873))",0.5998703,0.020994378,1.9373154697137058,-3.1590459461097367,-12.07767842380076,-3.1590459461097367,0.0991739331027286,0.19455117019130078
8,2,0.32407212257385254,"(np.float64(0.1889612092933756), np.float64(0.06552603591233873))",0.7309626,0.04328957,1.8151424220741028,-3.1764992386296798,-12.07767842380076,-2.5830872929516078,0.11268453999554393,0.19497219005455277
8,2,0.3382391929626465,"(np.float64(0.1889612092933756), np.float64(0.06552603591233873))",1.0507077,0.025857354,1.6929693744344996,-3.2114058236695664,-11.588986233242348,-2.007128639793479,0.12710530523710567,0.19276666827796765
8,2,0.35317134857177734,"(np.float64(0.1889612092933756), np.float64(0.06552603591233873))",1.1687783,0.06438122,1.5533430342749532,-3.2288591161895095,-10.925761117484504,-1.8151424220741028,0.14222328925420252,0.19121974408459372
8,2,0.366837739944458,"(np.float64(0.1889612092933756), np.float64(0.06552603591233873))",1.152928,-0.0939147,1.3264502315156905,-3.263765701229396,-9.58185759344887,-1.3264502315156905,0.16597826409172217,0.1856664920676078
8,2,0.38094639778137207,"(np.float64(0.1889612092933756), np.float64(0.06552603591233873))",1.018912,-0.25277406,1.239183768915974,-3.2812189937493397,-8.237954069413236,-1.3264502315156905,0.17473072989691574,0.18239993381525438
8,2,0.3962535858154297,"(np.float64(0.1889612092933756), np.float64(0.06552603591233873))",0.8829031,-0.37278348,1.1519173063162575,-3.2812189937493397,-7.086036763096978,-1.5184364492350666,0.1820401344871509,0.18083519172875162
8,2,0.40898633003234863,"(np.float64(0.1889612092933756), np.float64(0.06552603591233873))",0.5807579,-0.30425483,1.0297442586766545,-3.3335788713091694,-4.2062434973063345,-2.3911010752322315,0.19438452299268877,0.17210421876402146
8,2,0.4227151870727539,"(np.float64(0.1889612092933756), np.float64(0.06552603591233873))",0.3149313,-0.16968118,0.9948376736367679,-3.351032163829113,-2.670353755551324,-2.775073510670984,0.1978558535712775,0.16917885836690322
8,2,0.43816637992858887,"(np.float64(0.1889612092933756), np.float64(0.06552603591233873))",0.20634937,-0.14423561,0.9773843811168246,-3.385938748868999,-1.9024088846738192,-3.1590459461097367,0.2010529961229627,0.16442020093304982
8,2,0.45160508155822754,"(np.float64(0.1889612092933756), np.float64(0.06552603591233873))",0.1771471,-0.12305822,0.9424777960769379,-3.4557519189487724,-0.9424777960769379,-3.6302848441482056,0.20717411452050943,0.15467724362098978
8,2,0.46478891372680664,"(np.float64(0.1889612092933756), np.float64(0.06552603591233873))",0.18318634,-0.10850449,0.9250245035569946,-3.5081117965086026,-0.6632251157578453,-3.6302848441482056,0.21091938032542706,0.1474394502179503
8,2,0.4784102439880371,"(np.float64(0.1889612092933756), np.float64(0.06552603591233873))",0.18518257,-0.098609164,0.9250245035569946,-3.543018381548489,-0.5585053606381855,-3.6302848441482056,0.21247999552158875,0.14292330537159487
8,2,0.491832971572876,"(np.float64(0.1889612092933756), np.float64(0.06552603591233873))",0.17509328,-0.0761446,0.9250245035569946,-3.5779249665883754,-0.08726646259971647,-3.822271061867582,0.2139225423157823,0.13840298292904477
8,2,0.5045182704925537,"(np.float64(0.1889612092933756), np.float64(0.06552603591233873))",0.16770135,-0.049502373,0.9250245035569946,-3.6651914291880923,0.2792526803190927,-3.6302848441482056,0.2170222119284319,0.1271043044373861
8,2,0.5198361873626709,"(np.float64(0.1889612092933756), np.float64(0.06552603591233873))",0.17400722,-0.015820026,0.9250245035569946,-3.7000980142279785,0.3665191429188092,-3.9269908169872414,0.21806355510385328,0.12259355896570912
8,2,0.5351293087005615,"(np.float64(0.1889612092933756), np.float64(0.06552603591233873))",0.19706364,0.017479135,0.9250245035569946,-3.7524578917878086,0.17453292519943295,-3.9269908169872414,0.21941807569040628,0.11584577940326143
8,2,0.5493395328521729,"(np.float64(0.1889612092933756), np.float64(0.06552603591233873))",0.21501617,0.08860111,0.9424777960769379,-3.822271061867582,0.2792526803190927,-3.822271061867582,0.21946876654207548,0.10774621947827277
8,2,0.5610311031341553,"(np.float64(0.1889612092933756), np.float64(0.06552603591233873))",0.23151512,0.13637562,0.9424777960769379,-3.8746309394274117,0.3665191429188092,-3.735004599267865,0.22025208314523126,0.10113838024919534
8,2,0.5748941898345947,"(np.float64(0.1889612092933756), np.float64(0.06552603591233873))",0.23662262,0.16233425,0.9424777960769379,-3.9095375244672983,0.47123889803846897,-3.6302848441482056,0.22064876140695794,0.096760732551356
8,2,0.590076208114624,"(np.float64(0.1889612092933756), np.float64(0.06552603591233873))",0.24803638,0.21659318,0.9424777960769379,-3.944444109507185,0.47123889803846897,-3.543018381548489,0.22094727303742145,0.09240783554804738
8,2,0.6026124954223633,"(np.float64(0.1889612092933756), np.float64(0.06552603591233873))",0.25157854,0.29067573,0.9599310885968813,-4.014257279586958,0.47123889803846897,-3.246312408709453,0.21983634265819862,0.0848341131767038
8,2,0.6162431240081787,"(np.float64(0.1889612092933756), np.float64(0.06552603591233873))",0.24765931,0.31762677,0.9599310885968813,-4.049163864626845,0.5585053606381855,-3.0543261909900767,0.21985335555708213,0.08060548393044813
8,2,0.6321048736572266,"(np.float64(0.1889612092933756), np.float64(0.06552603591233873))",0.23490563,0.24794559,0.9773843811168246,-4.084070449666731,0.5585053606381855,-2.5830872929516078,0.2183469737311794,0.07752587127067825
8,2,0.6457691192626953,"(np.float64(0.1889612092933756), np.float64(0.06552603591233873))",0.22086297,0.1499466,0.9773843811168246,-4.136430327226561,0.6632251157578453,-1.9024088846738192,0.21808547868636424,0.07135327306612699
8,2,0.6584503650665283,"(np.float64(0.1889612092933756), np.float64(0.06552603591233873))",0.20007496,0.10599518,0.9948376736367679,-4.153883619746504,0.6632251157578453,-1.4311699866353502,0.21651633562630937,0.07049442209832672
8,2,0.6736571788787842,"(np.float64(0.1889612092933756), np.float64(0.06552603591233873))",0.21039982,0.11898213,0.9948376736367679,-4.171336912266447,0.5585053606381855,-1.4311699866353502,0.21637134372656724,0.0684828629933525
8,2,0.6866638660430908,"(np.float64(0.1889612092933756), np.float64(0.06552603591233873))",0.2134327,0.08058987,0.9948376736367679,-4.171336912266447,0.3665191429188092,-1.0471975511965976,0.21637134372656724,0.0684828629933525
8,2,0.7025017738342285,"(np.float64(0.1889612092933756), np.float64(0.06552603591233873))",0.18226433,0.05173893,1.0122909661567112,-4.1887902047863905,0.5585053606381855,-0.8552113334772214,0.21475806839494116,0.06768740926516276
8,2,0.716649055480957,"(np.float64(0.1889612092933756), np.float64(0.06552603591233873))",0.16973686,0.020601844,1.0122909661567112,-4.2062434973063345,0.5585053606381855,-0.5585053606381855,0.21457862377116976,0.06571324560174054
8,2,0.729503870010376,"(np.float64(0.1889612092933756), np.float64(0.06552603591233873))",0.16035652,0.013866234,1.0297442586766545,-4.2062434973063345,0.5585053606381855,-0.5585053606381855,0.21311919429761406,0.0669267441205694
8,2,0.7423214912414551,"(np.float64(0.1889612092933756), np.float64(0.06552603591233873))",0.131703,-0.010733509,1.0471975511965976,-4.223696789826278,0.6632251157578453,-0.3665191429188092,0.21145661288391765,0.06619991458245153
8,2,0.7585403919219971,"(np.float64(0.1889612092933756), np.float64(0.06552603591233873))",0.11786385,-0.01984005,1.0471975511965976,-4.223696789826278,0.7504915783575618,-0.17453292519943295,0.21145661288391765,0.06619991458245153
8,2,0.7713260650634766,"(np.float64(0.1889612092933756), np.float64(0.06552603591233873))",0.11587334,-0.021634579,1.0471975511965976,-4.223696789826278,0.7504915783575618,-0.08726646259971647,0.21145661288391765,0.06619991458245153
8,2,0.7854752540588379,"(np.float64(0.1889612092933756), np.float64(0.06552603591233873))",0.092274286,-0.027129937,1.064650843716541,-4.223696789826278,0.9424777960769379,0.0,0.2099729944475372,0.06740774585903274
8,2,0.8003153800964355,"(np.float64(0.1889612092933756), np.float64(0.06552603591233873))",0.089922145,-0.02770157,1.0821041362364843,-4.223696789826278,0.8552113334772214,0.0,0.20847541271517367,0.06860328913184248
8,2,0.8141617774963379,"(np.float64(0.1889612092933756), np.float64(0.06552603591233873))",0.083880424,-0.028674318,1.0821041362364843,-4.223696789826278,0.9424777960769379,0.0,0.20847541271517367,0.06860328913184248
8,2,0.826195478439331,"(np.float64(0.1889612092933756), np.float64(0.06552603591233873))",0.07527714,-0.03019829,1.0995574287564276,-4.223696789826278,0.9424777960769379,0.0,0.20696424107165673,0.06978613697320203
8,2,0.8398232460021973,"(np.float64(0.1889612092933756), np.float64(0.06552603591233873))",0.05202446,-0.033813287,1.117010721276371,-4.223696789826278,1.1344640137963142,0.0,0.20543985627891548,0.07095589915074414
8,2,0.8535597324371338,"(np.float64(0.1889612092933756), np.float64(0.06552603591233873))",0.034614947,-0.03644333,1.1344640137963142,-4.223696789826278,1.239183768915974,0.0,0.2039026383141356,0.07211220227437916
8,2,0.8704328536987305,"(np.float64(0.1889612092933756), np.float64(0.06552603591233873))",0.044891167,-0.032002926,1.1519173063162575,-4.223696789826278,0.9424777960769379,0.0,0.20235297020284812,0.07325468945976595
8,2,0.884742021560669,"(np.float64(0.1889612092933756), np.float64(0.06552603591233873))",0.039886665,-0.030677224,1.1693705988362009,-4.223696789826278,0.8552113334772214,0.0,0.20079123784741523,0.07438302000701967
8,2,0.9017727375030518,"(np.float64(0.1889612092933756), np.float64(0.06552603591233873))",0.036268424,-0.03283682,1.1868238913561442,-4.223696789826278,0.7504915783575618,0.0,0.19921782985134273,0.07549686909346469
8,2,0.9159905910491943,"(np.float64(0.1889612092933756), np.float64(0.06552603591233873))",0.032094575,-0.040841866,1.2042771838760873,-4.223696789826278,0.6632251157578453,0.0,0.19763313733981686,0.0765959274793162
8,2,0.928900957107544,"(np.float64(0.1889612092933756), np.float64(0.06552603591233873))",0.032094575,-0.040841866,1.2042771838760873,-4.223696789826278,0.6632251157578453,0.0,0.19763313733981686,0.0765959274793162
8,2,0.9422361850738525,"(np.float64(0.1889612092933756), np.float64(0.06552603591233873))",0.032094575,-0.040841866,1.2042771838760873,-4.223696789826278,0.6632251157578453,0.0,0.19763313733981686,0.0765959274793162
8,2,0.9570424556732178,"(np.float64(0.1889612092933756), np.float64(0.06552603591233873))",0.028027153,-0.048227407,1.2217304763960306,-4.223696789826278,0.5585053606381855,0.0,0.1960375537768349,0.0776799012252386
8,2,0.9707698822021484,"(np.float64(0.1889612092933756), np.float64(0.06552603591233873))",0.04260082,-0.04376564,1.2217304763960306,-4.223696789826278,0.3665191429188092,0.0,0.1960375537768349,0.0776799012252386
8,2,0.9848546981811523,"(np.float64(0.1889612092933756), np.float64(0.06552603591233873))",0.03183117,-0.052170943,1.239183768915974,-4.223696789826278,0.3665191429188092,0.0,0.19443147477927358,0.07874851142079481
9,1,0.0,"(np.float64(-0.1961570560806461), np.float64(0.03901806440322565))",0.037025835,0.008989907,1.1519173063162575,-4.4505895925855405,0.0,0.0,0.19894657217249367,0.0504525332477727
9,1,0.012026071548461914,"(np.float64(-0.1961570560806461), np.float64(0.03901806440322565))",1.4841183,0.81177866,1.1519173063162575,-4.4505895925855405,0.0,0.0,0.19894657217249367,0.0504525332477727
9,1,0.026705265045166016,"(np.float64(-0.1961570560806461), np.float64(0.03901806440322565))",1.4841183,0.81177866,1.1519173063162575,-4.4505895925855405,0.0,0.0,0.19894657217249367,0.0504525332477727
9,1,0.04149746894836426,"(np.float64(-0.1961570560806461), np.float64(0.03901806440322565))",1.4804947,0.8929821,1.1519173063162575,-4.4331363000655974,0.6632251157578453,0.2792526803190927,0.19929159208932778,0.05214021689995814
9,1,0.05510258674621582,"(np.float64(-0.1961570560806461), np.float64(0.03901806440322565))",1.3344609,0.91267073,1.2042771838760873,-4.4331363000655974,3.351032163829113,1.0471975511965976,0.1948284902872515,0.05606168698842545
9,1,0.06987309455871582,"(np.float64(-0.1961570560806461), np.float64(0.03901806440322565))",1.3077186,0.7870081,1.2566370614359172,-4.4156830075456535,4.886921905584122,1.3264502315156905,0.19054780875501012,0.061439424039840304
9,1,0.0825357437133789,"(np.float64(-0.1961570560806461), np.float64(0.03901806440322565))",1.3542432,0.7194006,1.3089969389957472,-4.39822971502571,5.550147021341968,2.2863813201125716,0.18611755238384192,0.06658231790707672
9,1,0.09742093086242676,"(np.float64(-0.1961570560806461), np.float64(0.03901806440322565))",1.3077754,0.65954953,1.3788101090755203,-4.363323129985824,6.614797865058509,3.1590459461097367,0.18012692755066295,0.07409040644040454
9,1,0.10974001884460449,"(np.float64(-0.1961570560806461), np.float64(0.03901806440322565))",1.023729,0.51516116,1.5533430342749532,-4.276056667386108,8.709192967451704,5.1661745859032155,0.16403187155605603,0.09074883490221809
9,1,0.1227257251739502,"(np.float64(-0.1961570560806461), np.float64(0.03901806440322565))",0.6967522,0.28731748,1.6580627893946132,-4.2062434973063345,9.861110273767961,6.230825429619756,0.15378153357836014,0.10069510357983272
9,1,0.13541126251220703,"(np.float64(-0.1961570560806461), np.float64(0.03901806440322565))",0.41945344,0.24114648,1.7627825445142729,-4.136430327226561,10.54178868204575,7.086036763096978,0.14309832093334862,0.10948565789643518
9,1,0.14925551414489746,"(np.float64(-0.1961570560806461), np.float64(0.03901806440322565))",0.3083248,0.2269331,1.8849555921538759,-4.049163864626845,11.117747335203878,7.941248096574199,0.13019435594244777,0.11876166143289493
9,1,0.16415810585021973,"(np.float64(-0.1961570560806461), np.float64(0.03901806440322565))",0.26231614,0.22415352,2.007128639793479,-3.961897402027128,11.309733552923255,8.901179185171081,0.11698701333317565,0.12654587518675464
9,1,0.177398681640625,"(np.float64(-0.1961570560806461), np.float64(0.03901806440322565))",0.23716775,0.20297356,2.251474735072685,-3.7524578917878086,11.588986233242348,10.245082709206715,0.08949326310863773,0.14039138275053564
9,1,0.19072723388671875,"(np.float64(-0.1961570560806461), np.float64(0.03901806440322565))",0.21860695,0.16788216,2.3736477827122884,-3.6302848441482056,11.397000015522972,11.01302758008422,0.07512424299063483,0.14652770842766616
9,1,0.20609807968139648,"(np.float64(-0.1961570560806461), np.float64(0.03901806440322565))",0.16688882,0.12328225,2.4958208303518914,-3.5081117965086026,11.693705988362009,11.693705988362009,0.06061237099922429,0.15142125667399522
9,1,0.21867990493774414,"(np.float64(-0.1961570560806461), np.float64(0.03901806440322565))",0.12028923,0.101426505,2.7401669256310974,-3.246312408709453,10.925761117484504,12.356931104119854,0.030572595599092756,0.15890892399764076
9,1,0.2319486141204834,"(np.float64(-0.1961570560806461), np.float64(0.03901806440322565))",0.058410455,0.06728268,2.8623399732707004,-3.12413936106985,10.821041362364843,12.740903539558605,0.015816598734330375,0.160480521959977
9,1,0.24431920051574707,"(np.float64(-0.1961570560806461), np.float64(0.03901806440322565))",0.039479256,0.031798363,2.9670597283903604,-2.9845130209103035,10.157816246606998,12.932889757277982,0.0010703982297215892,0.16302532042586843
9,1,0.26033830642700195,"(np.float64(-0.1961570560806461), np.float64(0.03901806440322565))",0.026918411,0.008246804,3.07177948351002,-2.8448866807507573,9.58185759344887,13.037609512397642,-0.01412221702174482,0.1645763311106047
9,1,0.2727036476135254,"(np.float64(-0.1961570560806461), np.float64(0.03901806440322565))",0.021096611,0.0066038133,3.2812189937493397,-2.5656340004316642,8.325220532012953,13.037609512397642,-0.045770584161495875,0.16430533647767048
9,1,0.2856922149658203,"(np.float64(-0.1961570560806461), np.float64(0.03901806440322565))",-0.009987259,-0.0021669387,3.368485456349056,-2.426007660272118,7.661995416255107,12.932889757277982,-0.06142985101453302,0.16350678271887814
9,1,0.2994959354400635,"(np.float64(-0.1961570560806461), np.float64(0.03901806440322565))",-0.028848171,-0.06531372,3.4382986264288293,-2.2863813201125716,6.998770300497261,12.845623294678266,-0.07687594223851309,0.16268842004060097
9,1,0.3128666877746582,"(np.float64(-0.1961570560806461), np.float64(0.03901806440322565))",-0.027008343,-0.8081853,3.5081117965086026,-2.1467549799530254,6.126105674500097,12.845623294678266,-0.09277225147527618,0.1605034174670515
9,1,0.3263411521911621,"(np.float64(-0.1961570560806461), np.float64(0.03901806440322565))",0.014460755,-1.3600155,3.6302848441482056,-1.8675022996339325,4.50294947014537,12.356931104119854,-0.12484292179705057,0.15305057874027178
9,1,0.33943629264831543,"(np.float64(-0.1961570560806461), np.float64(0.03901806440322565))",0.04306507,-1.4340578,3.6651914291880923,-1.7278759594743862,3.735004599267865,12.164944886400477,-0.14035778549666703,0.1493383230071176
9,1,0.3530752658843994,"(np.float64(-0.1961570560806461), np.float64(0.03901806440322565))",0.03694115,-1.3989094,3.717551306747922,-1.6057029118347832,3.1590459461097367,10.629055144645466,-0.1543644707006661,0.14279524256041598
9,1,0.3675963878631592,"(np.float64(-0.1961570560806461), np.float64(0.03901806440322565))",0.06609211,-1.4024262,3.7524578917878086,-1.5009831567151235,2.9670597283903604,9.669124056048586,-0.1659481333675578,0.13715376110598687
9,1,0.3808407783508301,"(np.float64(-0.1961570560806461), np.float64(0.03901806440322565))",0.08766594,-1.2185744,3.8048177693476384,-1.3264502315156905,2.775073510670984,6.894050545377602,-0.18451787605663655,0.12644041672044073
9,1,0.39372897148132324,"(np.float64(-0.1961570560806461), np.float64(0.03901806440322565))",0.055166055,-1.1426522,3.839724354387525,-1.2566370614359172,2.9670597283903604,5.742133239061344,-0.191847214857562,0.11999294544354068
9,1,0.40842103958129883,"(np.float64(-0.1961570560806461), np.float64(0.03901806440322565))",0.052592468,-1.0118898,3.8746309394274117,-1.2042771838760873,3.0543261909900767,4.694935687864747,-0.19727833474602535,0.11390709923975526
9,1,0.42123842239379883,"(np.float64(-0.1961570560806461), np.float64(0.03901806440322565))",0.040840913,-0.64864916,3.9095375244672983,-1.1519173063162575,3.351032163829113,3.351032163829113,-0.20251662078908142,0.10755286927549598
9,1,0.43500471115112305,"(np.float64(-0.1961570560806461), np.float64(0.03901806440322565))",0.04885788,-0.26751882,3.9793506945470716,-1.0995574287564276,3.6302848441482056,1.1344640137963142,-0.2077460157445149,0.09692307597116469
9,1,0.44820308685302734,"(np.float64(-0.1961570560806461), np.float64(0.03901806440322565))",0.030736161,-0.20203963,4.014257279586958,-1.0995574287564276,4.014257279586958,0.5585053606381855,-0.20786213870521425,0.0929429492614609
9,1,0.46221232414245605,"(np.float64(-0.1961570560806461), np.float64(0.03901806440322565))",0.028084373,-0.1809475,4.066617157146788,-1.0995574287564276,4.014257279586958,0.2792526803190927,-0.20788836209308614,0.08703297771131459
9,1,0.47463202476501465,"(np.float64(-0.1961570560806461), np.float64(0.03901806440322565))",0.027324868,-0.15558386,4.101523742186674,-1.0995574287564276,4.014257279586958,0.0,-0.20781007514242886,0.08313555454922489
9,1,0.4883863925933838,"(np.float64(-0.1961570560806461), np.float64(0.03901806440322565))",-0.0028738023,-0.1304821,4.1887902047863905,-1.0995574287564276,3.9269908169872414,-0.3665191429188092,-0.20729373403200044,0.07355198912291437
9,1,0.5025539398193359,"(np.float64(-0.1961570560806461), np.float64(0.03901806440322565))",-0.044826128,-0.14715128,4.223696789826278,-1.0995574287564276,4.014257279586958,-0.3665191429188092,-0.20696424550074977,0.06978616862804624
9,1,0.5168030261993408,"(np.float64(-0.1961570560806461), np.float64(0.03901806440322565))",-0.055648424,-0.14338923,4.276056667386108,-1.0995574287564276,3.822271061867582,-0.47123889803846897,-0.20634461864249737,0.06421373780263917
9,1,0.529874324798584,"(np.float64(-0.1961570560806461), np.float64(0.03901806440322565))",-0.10814257,-0.18494883,4.310963252425994,-1.0995574287564276,3.9269908169872414,-0.2792526803190927,-0.2058509004602353,0.06055125618186964
9,1,0.5427038669586182,"(np.float64(-0.1961570560806461), np.float64(0.03901806440322565))",-0.1563344,-0.1820861,4.39822971502571,-1.117010721276371,3.822271061867582,-0.2792526803190927,-0.2028928619127004,0.0529220665087347
9,1,0.5571508407592773,"(np.float64(-0.1961570560806461), np.float64(0.03901806440322565))",-0.13858366,-0.1713934,4.4331363000655974,-1.117010721276371,3.543018381548489,-0.3665191429188092,-0.20220763314768703,0.04944737100466087
9,1,0.5701019763946533,"(np.float64(-0.1961570560806461), np.float64(0.03901806440322565))",-0.15342064,-0.18854275,4.468042885105484,-1.117010721276371,3.4382986264288293,-0.2792526803190927,-0.201468432178859,0.04601846348648232
9,1,0.5850429534912109,"(np.float64(-0.1961570560806461), np.float64(0.03901806440322565))",-0.1506797,-0.18925123,4.50294947014537,-1.117010721276371,3.1590459461097367,-0.2792526803190927,-0.20067721190287752,0.042635936033074424
9,1,0.5979342460632324,"(np.float64(-0.1961570560806461), np.float64(0.03901806440322565))",-0.1900835,-0.19073077,4.572762640225143,-1.117010721276371,2.775073510670984,-0.2792526803190927,-0.19894640964437937,0.036012004168832115
9,1,0.6114208698272705,"(np.float64(-0.1961570560806461), np.float64(0.03901806440322565))",-0.2020403,-0.19059859,4.60766922526503,-1.117010721276371,2.478367537831948,-0.2792526803190927,-0.19801061074218013,0.03277140603748961
9,1,0.6269104480743408,"(np.float64(-0.1961570560806461), np.float64(0.03901806440322565))",-0.19020204,-0.17447348,4.625122517784973,-1.117010721276371,2.199114857512855,-0.3665191429188092,-0.1975259254368326,0.031169090297809884
9,1,0.6390740871429443,"(np.float64(-0.1961570560806461), np.float64(0.03901806440322565))",-0.21104021,-0.16359587,4.6774823953448035,-1.1344640137963142,1.8151424220741028,-0.2792526803190927,-0.19470609172569472,0.02801148459611892
9,1,0.6525890827178955,"(np.float64(-0.1961570560806461), np.float64(0.03901806440322565))",-0.20892839,-0.18007088,4.694935687864747,-1.1344640137963142,1.5184364492350666,-0.08726646259971647,-0.1941919167184555,0.026472842251187713
9,1,0.6668825149536133,"(np.float64(-0.1961570560806461), np.float64(0.03901806440322565))",-0.17826967,-0.1700224,4.694935687864747,-1.1344640137963142,1.239183768915974,-0.08726646259971647,-0.1941919167184555,0.026472842251187713
9,1,0.679236888885498,"(np.float64(-0.1961570560806461), np.float64(0.03901806440322565))",-0.16425066,-0.15013257,4.71238898038469,-1.1344640137963142,0.9424777960769379,-0.17453292519943295,-0.19366799103965937,0.024946222732468513
9,1,0.6933650970458984,"(np.float64(-0.1961570560806461), np.float64(0.03901806440322565))",-0.11529589,-0.14454423,4.729842272904633,-1.1344640137963142,0.3665191429188092,-0.08726646259971647,-0.1931345280958029,0.023431632927835983
9,1,0.7058875560760498,"(np.float64(-0.1961570560806461), np.float64(0.03901806440322565))",-0.11380281,-0.12821388,4.729842272904633,-1.1344640137963142,0.3665191429188092,-0.17453292519943295,-0.1931345280958029,0.023431632927835983
9,1,0.7203285694122314,"(np.float64(-0.1961570560806461), np.float64(0.03901806440322565))",-0.046797182,-0.08728915,4.729842272904633,-1.1519173063162575,0.0,-0.17453292519943295,-0.19185968138214615,0.025040241261628404
9,1,0.7336606979370117,"(np.float64(-0.1961570560806461), np.float64(0.03901806440322565))",-0.037191298,-0.11873617,4.729842272904633,-1.1519173063162575,-0.08726646259971647,0.0,-0.19185968138214615,0.025040241261628404
9,1,0.7466683387756348,"(np.float64(-0.1961570560806461), np.float64(0.03901806440322565))",-0.008208084,-0.11368723,4.729842272904633,-1.1519173063162575,-0.2792526803190927,0.0,-0.19185968138214615,0.025040241261628404
9,1,0.7598257064819336,"(np.float64(-0.1961570560806461), np.float64(0.03901806440322565))",-0.024018956,-0.11644135,4.729842272904633,-1.1519173063162575,-0.17453292519943295,0.0,-0.19185968138214615,0.025040241261628404
9,1,0.7743825912475586,"(np.float64(-0.1961570560806461), np.float64(0.03901806440322565))",-0.016362762,-0.11521397,4.71238898038469,-1.1519173063162575,-0.08726646259971647,0.0,-0.1923798918900727,0.026539397377116483
9,1,0.7863781452178955,"(np.float64(-0.1961570560806461), np.float64(0.03901806440322565))",-0.0031861307,-0.11291838,4.71238898038469,-1.1519173063162575,-0.17453292519943295,0.0,-0.1923798918900727,0.026539397377116483
9,1,0.8012239933013916,"(np.float64(-0.1961570560806461), np.float64(0.03901806440322565))",-0.029546453,-0.11752234,4.71238898038469,-1.1519173063162575,0.0,0.0,-0.1923798918900727,0.026539397377116483
9,1,0.815227746963501,"(np.float64(-0.1961570560806461), np.float64(0.03901806440322565))",-0.07335224,-0.12730065,4.71238898038469,-1.1519173063162575,0.2792526803190927,0.0,-0.1923798918900727,0.026539397377116483
9,1,0.8309681415557861,"(np.float64(-0.1961570560806461), np.float64(0.03901806440322565))",-0.056934357,-0.12363501,4.71238898038469,-1.1519173063162575,0.17453292519943295,0.0,-0.1923798918900727,0.026539397377116483
9,1,0.8431682586669922,"(np.float64(-0.1961570560806461), np.float64(0.03901806440322565))",-0.056934357,-0.12363501,4.71238898038469,-1.1519173063162575,0.17453292519943295,0.0,-0.1923798918900727,0.026539397377116483
9,1,0.8582956790924072,"(np.float64(-0.1961570560806461), np.float64(0.03901806440322565))",-0.029546453,-0.11752234,4.71238898038469,-1.1519173063162575,0.0,0.0,-0.1923798918900727,0.026539397377116483
9,1,0.8701415061950684,"(np.float64(-0.1961570560806461), np.float64(0.03901806440322565))",-0.029546453,-0.11752234,4.71238898038469,-1.1519173063162575,0.0,0.0,-0.1923798918900727,0.026539397377116483
9,1,0.8849349021911621,"(np.float64(-0.1961570560806461), np.float64(0.03901806440322565))",-0.029546453,-0.11752234,4.71238898038469,-1.1519173063162575,0.0,0.0,-0.1923798918900727,0.026539397377116483
9,1,0.8984837532043457,"(np.float64(-0.1961570560806461), np.float64(0.03901806440322565))",-0.029546453,-0.11752234,4.71238898038469,-1.1519173063162575,0.0,0.0,-0.1923798918900727,0.026539397377116483
9,1,0.9106049537658691,"(np.float64(-0.1961570560806461), np.float64(0.03901806440322565))",-0.0031861307,-0.11291838,4.71238898038469,-1.1519173063162575,-0.17453292519943295,0.0,-0.1923798918900727,0.026539397377116483
9,1,0.9256205558776855,"(np.float64(-0.1961570560806461), np.float64(0.03901806440322565))",-0.029546453,-0.11752234,4.71238898038469,-1.1519173063162575,0.0,0.0,-0.1923798918900727,0.026539397377116483
9,1,0.9382977485656738,"(np.float64(-0.1961570560806461), np.float64(0.03901806440322565))",-0.029546453,-0.11752234,4.71238898038469,-1.1519173063162575,0.0,0.0,-0.1923798918900727,0.026539397377116483
9,1,0.9525609016418457,"(np.float64(-0.1961570560806461), np.float64(0.03901806440322565))",-0.056934357,-0.12363501,4.71238898038469,-1.1519173063162575,0.17453292519943295,0.0,-0.1923798918900727,0.026539397377116483
9,1,0.9662399291992188,"(np.float64(-0.1961570560806461), np.float64(0.03901806440322565))",-0.05035868,-0.12103033,4.729842272904633,-1.1519173063162575,0.0,0.0,-0.19185968138214615,0.025040241261628404
9,1,0.9783892631530762,"(np.float64(-0.1961570560806461), np.float64(0.03901806440322565))",-0.05035868,-0.12103033,4.729842272904633,-1.1519173063162575,0.0,0.0,-0.19185968138214615,0.025040241261628404
9,1,0.9919881820678711,"(np.float64(-0.1961570560806461), np.float64(0.03901806440322565))",-0.05035868,-0.12103033,4.729842272904633,-1.1519173063162575,0.0,0.0,-0.19185968138214615,0.025040241261628404
9,2,0.0,"(np.float64(0.1961570560806461), np.float64(0.03901806440322565))",0.012626457,-0.110163406,4.71238898038469,-1.1519173063162575,-0.2792526803190927,0.0,-0.1923798918900727,0.026539397377116483
9,2,0.012218475341796875,"(np.float64(0.1961570560806461), np.float64(0.03901806440322565))",-1.1486188,-1.4443182,4.71238898038469,-1.1519173063162575,0.0,0.0,-0.1923798918900727,0.026539397377116483
9,2,0.02834773063659668,"(np.float64(0.1961570560806461), np.float64(0.03901806440322565))",-1.1130666,-1.4480408,4.71238898038469,-1.1519173063162575,-0.08726646259971647,0.0,-0.1923798918900727,0.026539397377116483
9,2,0.043234825134277344,"(np.float64(0.1961570560806461), np.float64(0.03901806440322565))",-1.0898238,-1.5071703,4.71238898038469,-1.1519173063162575,-0.6632251157578453,-0.9424777960769379,-0.1923798918900727,0.026539397377116483
9,2,0.05740165710449219,"(np.float64(0.1961570560806461), np.float64(0.03901806440322565))",-0.59201396,-1.5545342,4.6774823953448035,-1.1868238913561442,-2.5830872929516078,-2.9670597283903604,-0.19072606624025007,0.03264709830795059
9,2,0.06964278221130371,"(np.float64(0.1961570560806461), np.float64(0.03901806440322565))",-0.5130445,-1.5607734,4.642575810304916,-1.2217304763960306,-3.543018381548489,-3.9269908169872414,-0.1888881066417615,0.03861083456443569
9,2,0.08360695838928223,"(np.float64(0.1961570560806461), np.float64(0.03901806440322565))",-0.479614,-1.5623279,4.60766922526503,-1.2740903539558606,-3.9269908169872414,-4.590215932745087,-0.18543161400421174,0.04580588727381059
9,2,0.09649324417114258,"(np.float64(0.1961570560806461), np.float64(0.03901806440322565))",-0.24588604,-1.5281957,4.50294947014537,-1.3962634015954636,-5.358160803622591,-6.998770300497261,-0.17675145627260427,0.06332890253779475
9,2,0.10995960235595703,"(np.float64(0.1961570560806461), np.float64(0.03901806440322565))",-0.23680373,-1.4401025,4.4331363000655974,-1.4835298641951802,-5.742133239061344,-8.133234314293576,-0.16961535836754654,0.07437022105509988
9,2,0.12405085563659668,"(np.float64(0.1961570560806461), np.float64(0.03901806440322565))",-0.23439884,-1.2662779,4.380776422505767,-1.5707963267948966,-6.230825429619756,-8.901179185171081,-0.161790589383977,0.0831696963583026
9,2,0.1372840404510498,"(np.float64(0.1961570560806461), np.float64(0.03901806440322565))",-0.22483368,-0.8510395,4.310963252425994,-1.6755160819145565,-6.894050545377602,-10.157816246606998,-0.15194945867849027,0.09320184135961192
9,2,0.14990568161010742,"(np.float64(0.1961570560806461), np.float64(0.03901806440322565))",-0.22331391,-0.2218544,4.136430327226561,-1.9024088846738192,-8.621926504851988,-11.9729586686811,-0.129122577923112,0.11265071891542601
9,2,0.1620652675628662,"(np.float64(0.1961570560806461), np.float64(0.03901806440322565))",-0.22203265,-0.12202988,4.031710572106901,-2.0420352248333655,-9.773843811168245,-12.653637076958889,-0.11441033316567178,0.12179632700697145
9,2,0.17824840545654297,"(np.float64(0.1961570560806461), np.float64(0.03901806440322565))",-0.23427105,-0.07426548,3.9269908169872414,-2.181661564992912,-10.54178868204575,-12.54891732183923,-0.09949680387169146,0.1290994037488979
9,2,0.19194507598876953,"(np.float64(0.1961570560806461), np.float64(0.03901806440322565))",-0.20678759,-0.013458157,3.8048177693476384,-2.303834612632515,-11.397000015522972,-12.356931104119854,-0.08580559628975787,0.13609524443609378
9,2,0.20390653610229492,"(np.float64(0.1961570560806461), np.float64(0.03901806440322565))",-0.055261232,0.007843018,3.543018381548489,-2.5656340004316642,-12.653637076958889,-11.885692206081384,-0.055986780908901634,0.14690640590767617
9,2,0.21722793579101562,"(np.float64(0.1961570560806461), np.float64(0.03901806440322565))",0.026918411,0.008246804,3.4033920413889427,-2.705260340591211,-13.316862192716734,-11.501719770642632,-0.03998923927117458,0.1505964952930784
9,2,0.23030734062194824,"(np.float64(0.1961570560806461), np.float64(0.03901806440322565))",0.026918411,0.008246804,3.263765701229396,-2.827433388230814,-13.892820845874864,-10.925761117484504,-0.02518088129022604,0.15379902765275721
9,2,0.24518489837646484,"(np.float64(0.1961570560806461), np.float64(0.03901806440322565))",0.026918411,0.008246804,3.1066860685499065,-2.9321531433504737,-13.805554383275148,-10.54178868204575,-0.01030708572271219,0.15788383799717565
9,2,0.25864505767822266,"(np.float64(0.1961570560806461), np.float64(0.03901806440322565))",0.04427414,0.0066259387,2.8099800957108707,-3.141592653589793,-13.997540600994522,-9.00589894029074,0.020335075600380108,0.162087633190683
9,2,0.2727835178375244,"(np.float64(0.1961570560806461), np.float64(0.03901806440322565))",0.104921535,0.00095138553,2.670353755551324,-3.2288591161895095,-13.61356816555577,-8.133234314293576,0.03499300720658608,0.16324428778109373
9,2,0.28751373291015625,"(np.float64(0.1961570560806461), np.float64(0.03901806440322565))",0.17563497,-0.0046048164,2.5132741228718345,-3.3161255787892263,-13.805554383275148,-7.173303225696695,0.05168128791089326,0.16400110688840228
9,2,0.30034446716308594,"(np.float64(0.1961570560806461), np.float64(0.03901806440322565))",0.4876503,0.019269561,2.2165681500327987,-3.473205211468716,-13.421581947836394,-5.742133239061344,0.0847754087032813,0.16177519558414621
9,2,0.3127593994140625,"(np.float64(0.1961570560806461), np.float64(0.03901806440322565))",0.7362599,0.017234612,2.076941809873252,-3.5255650890285457,-13.037609512397642,-4.590215932745087,0.10028913071892326,0.16028722421432065
9,2,0.3299558162689209,"(np.float64(0.1961570560806461), np.float64(0.03901806440322565))",1.0143998,0.04900379,1.9373154697137058,-3.5779249665883754,-12.54891732183923,-3.9269908169872414,0.11614013841509191,0.15737834090110878
9,2,0.3466653823852539,"(np.float64(0.1961570560806461), np.float64(0.03901806440322565))",1.1219362,0.053941347,1.6755160819145565,-3.612831551628262,-11.117747335203878,-3.543018381548489,0.14452284467641502,0.15379617495105538
9,2,0.3613011837005615,"(np.float64(0.1961570560806461), np.float64(0.03901806440322565))",1.0682251,0.03117733,1.5707963267948966,-3.6826447217080354,-10.053096491487338,-2.2863813201125716,0.15723742175571784,0.14558113259675556
9,2,0.3767716884613037,"(np.float64(0.1961570560806461), np.float64(0.03901806440322565))",0.9739899,-0.0022655488,1.361356816555577,-3.7000980142279785,-8.133234314293576,-1.9024088846738192,0.1790497943674759,0.13878889884074247
9,2,0.3905680179595947,"(np.float64(0.1961570560806461), np.float64(0.03901806440322565))",0.8775881,0.0027688981,1.2915436464758039,-3.735004599267865,-6.998770300497261,-1.6231562043547265,0.1866760106914977,0.13278150040251097
9,2,0.40564918518066406,"(np.float64(0.1961570560806461), np.float64(0.03901806440322565))",0.8448536,-0.006942749,1.2217304763960306,-3.7524578917878086,-6.318091892219473,-1.5184364492350666,0.1937294318817001,0.12832325361397168
9,2,0.41882967948913574,"(np.float64(0.1961570560806461), np.float64(0.03901806440322565))",0.5354578,-0.056109812,1.0995574287564276,-3.7873644768276953,-4.2062434973063345,-1.6231562043547265,0.20560605041010158,0.11929902950461885
9,2,0.43190908432006836,"(np.float64(0.1961570560806461), np.float64(0.03901806440322565))",0.45090792,-0.04304085,1.064650843716541,-3.8048177693476384,-3.4382986264288293,-1.8151424220741028,0.208982760960747,0.1156628149939487
9,2,0.44627809524536133,"(np.float64(0.1961570560806461), np.float64(0.03901806440322565))",0.4345791,-0.03567295,1.0297442586766545,-3.822271061867582,-2.9670597283903604,-1.8151424220741028,0.21227776807279947,0.11193574140207528
9,2,0.4620811939239502,"(np.float64(0.1961570560806461), np.float64(0.03901806440322565))",0.40484506,-0.044721033,0.9948376736367679,-3.839724354387525,-2.478367537831948,-1.710422666954443,0.21548792393139413,0.10812016612826396
9,2,0.4760909080505371,"(np.float64(0.1961570560806461), np.float64(0.03901806440322565))",0.32532558,-0.05436163,0.9599310885968813,-3.8920842319473548,-1.5184364492350666,-1.9024088846738192,0.21905042334896424,0.0998661518287721
9,2,0.4896519184112549,"(np.float64(0.1961570560806461), np.float64(0.03901806440322565))",0.21907845,-0.07795372,0.9424777960769379,-3.9095375244672983,-0.8552113334772214,-1.9024088846738192,0.22064876140695794,0.096760732551356
9,2,0.5019795894622803,"(np.float64(0.1961570560806461), np.float64(0.03901806440322565))",0.2204792,-0.07102051,0.9250245035569946,-3.9269908169872414,-0.5585053606381855,-2.0943951023931953,0.22220782521034121,0.09362023956499263
9,2,0.5153083801269531,"(np.float64(0.1961570560806461), np.float64(0.03901806440322565))",0.18607636,-0.048251152,0.9250245035569946,-3.9793506945470716,0.0,-2.199114857512855,0.22255181976812938,0.08706467903229922
9,2,0.5299255847930908,"(np.float64(0.1961570560806461), np.float64(0.03901806440322565))",0.16082306,-0.057164766,0.9250245035569946,-3.9968039870670147,0.2792526803190927,-2.0943951023931953,0.22261823815944187,0.08489363286239272
9,2,0.5443038940429688,"(np.float64(0.1961570560806461), np.float64(0.03901806440322565))",0.1539896,-0.04523716,0.9250245035569946,-4.014257279586958,0.47123889803846897,-2.2863813201125716,0.22266095883037892,0.08273009256840692
9,2,0.55851149559021,"(np.float64(0.1961570560806461), np.float64(0.03901806440322565))",0.14415322,-0.038226224,0.9424777960769379,-4.066617157146788,0.47123889803846897,-2.007128639793479,0.22124784279723764,0.07739852478750398
9,2,0.5711653232574463,"(np.float64(0.1961570560806461), np.float64(0.03901806440322565))",0.13984433,-0.035064507,0.9424777960769379,-4.084070449666731,0.5585053606381855,-2.007128639793479,0.22119967991469203,0.07528634869660368
9,2,0.5859687328338623,"(np.float64(0.1961570560806461), np.float64(0.03901806440322565))",0.13655968,-0.024697686,0.9599310885968813,-4.118977034706618,0.5585053606381855,-2.007128639793479,0.21962392159347907,0.07224904837195821
9,2,0.5991368293762207,"(np.float64(0.1961570560806461), np.float64(0.03901806440322565))",0.1412899,-0.01678648,0.9599310885968813,-4.136430327226561,0.5585053606381855,-2.007128639793479,0.2195131912730096,0.07018222668844655
9,2,0.6130647659301758,"(np.float64(0.1961570560806461), np.float64(0.03901806440322565))",0.13417016,-0.017862225,0.9773843811168246,-4.153883619746504,0.47123889803846897,-1.8151424220741028,0.21795706153723232,0.06931411349447228
9,2,0.628861665725708,"(np.float64(0.1961570560806461), np.float64(0.03901806440322565))",0.12764187,-0.014272881,0.9773843811168246,-4.1887902047863905,0.5585053606381855,-1.6231562043547265,0.21763991779469638,0.06526452817379265
9,2,0.6428444385528564,"(np.float64(0.1961570560806461), np.float64(0.03901806440322565))",0.14832382,0.009846878,0.9773843811168246,-4.2062434973063345,0.47123889803846897,-1.8151424220741028,0.21745171636334187,0.06325447329773173
9,2,0.6550562381744385,"(np.float64(0.1961570560806461), np.float64(0.03901806440322565))",0.14816074,0.023396684,0.9948376736367679,-4.241150082346221,0.3665191429188092,-1.6231562043547265,0.2155983155313624,0.060535282857210396
9,2,0.6684110164642334,"(np.float64(0.1961570560806461), np.float64(0.03901806440322565))",0.13088112,0.016028022,0.9948376736367679,-4.258603374866164,0.5585053606381855,-1.5184364492350666,0.21535810197380595,0.05857390392230223
9,2,0.6821599006652832,"(np.float64(0.1961570560806461), np.float64(0.03901806440322565))",0.14422531,0.02061615,0.9948376736367679,-4.276056667386108,0.3665191429188092,-1.239183768915974,0.2150996298938461,0.05662305208130414
9,2,0.6965196132659912,"(np.float64(0.1961570560806461), np.float64(0.03901806440322565))",0.13390236,0.022411538,1.0122909661567112,-4.293509959906051,0.3665191429188092,-1.239183768915974,0.21340618500154832,0.055995985366303
9,2,0.7091500759124756,"(np.float64(0.1961570560806461), np.float64(0.03901806440322565))",0.13634034,0.016207887,1.0122909661567112,-4.310963252425994,0.08726646259971647,-0.7504915783575618,0.21311847741581744,0.0540843143044475
9,2,0.7231967449188232,"(np.float64(0.1961570560806461), np.float64(0.03901806440322565))",0.12389793,0.008365822,1.0122909661567112,-4.310963252425994,0.17453292519943295,-0.6632251157578453,0.21311847741581744,0.0540843143044475
9,2,0.7364709377288818,"(np.float64(0.1961570560806461), np.float64(0.03901806440322565))",0.108206175,-0.0038678169,1.0122909661567112,-4.328416544945937,0.17453292519943295,-0.2792526803190927,0.21281363700687567,0.05218356694173762
9,2,0.7502450942993164,"(np.float64(0.1961570560806461), np.float64(0.03901806440322565))",0.10304737,-0.007459927,1.0122909661567112,-4.328416544945937,0.17453292519943295,-0.08726646259971647,0.21281363700687567,0.05218356694173762
9,2,0.7628777027130127,"(np.float64(0.1961570560806461), np.float64(0.03901806440322565))",0.11163769,-0.0074593546,1.0122909661567112,-4.328416544945937,0.0,0.0,0.21281363700687567,0.05218356694173762
9,2,0.7767269611358643,"(np.float64(0.1961570560806461), np.float64(0.03901806440322565))",0.10476494,-0.020248508,1.0122909661567112,-4.328416544945937,0.0,0.2792526803190927,0.21281363700687567,0.05218356694173762
9,2,0.7890393733978271,"(np.float64(0.1961570560806461), np.float64(0.03901806440322565))",0.11163769,-0.0074593546,1.0122909661567112,-4.328416544945937,0.0,0.0,0.21281363700687567,0.05218356694173762
9,2,0.8040788173675537,"(np.float64(0.1961570560806461), np.float64(0.03901806440322565))",0.10476494,-0.020248508,1.0122909661567112,-4.328416544945937,0.0,0.2792526803190927,0.21281363700687567,0.05218356694173762
9,2,0.8162620067596436,"(np.float64(0.1961570560806461), np.float64(0.03901806440322565))",0.10450154,-0.018037224,1.0122909661567112,-4.310963252425994,0.0,0.17453292519943295,0.21311847741581744,0.0540843143044475
9,2,0.8298392295837402,"(np.float64(0.1961570560806461), np.float64(0.03901806440322565))",0.10044956,-0.031960774,1.0122909661567112,-4.310963252425994,0.0,0.3665191429188092,0.21311847741581744,0.0540843143044475
9,2,0.8452582359313965,"(np.float64(0.1961570560806461), np.float64(0.03901806440322565))",0.10883999,-0.010261059,1.0122909661567112,-4.310963252425994,0.0,0.0,0.21311847741581744,0.0540843143044475
9,2,0.8590540885925293,"(np.float64(0.1961570560806461), np.float64(0.03901806440322565))",0.10883999,-0.010261059,1.0122909661567112,-4.310963252425994,0.0,0.0,0.21311847741581744,0.0540843143044475
9,2,0.8709416389465332,"(np.float64(0.1961570560806461), np.float64(0.03901806440322565))",0.10883999,-0.010261059,1.0122909661567112,-4.310963252425994,0.0,0.0,0.21311847741581744,0.0540843143044475
9,2,0.8841514587402344,"(np.float64(0.1961570560806461), np.float64(0.03901806440322565))",0.10883999,-0.010261059,1.0122909661567112,-4.310963252425994,0.0,0.0,0.21311847741581744,0.0540843143044475
9,2,0.8983712196350098,"(np.float64(0.1961570560806461), np.float64(0.03901806440322565))",0.10883999,-0.010261059,1.0122909661567112,-4.310963252425994,0.0,0.0,0.21311847741581744,0.0540843143044475
9,2,0.9149665832519531,"(np.float64(0.1961570560806461), np.float64(0.03901806440322565))",0.10883999,-0.010261059,1.0122909661567112,-4.310963252425994,0.0,0.0,0.21311847741581744,0.0540843143044475
9,2,0.9301712512969971,"(np.float64(0.1961570560806461), np.float64(0.03901806440322565))",0.10883999,-0.010261059,1.0122909661567112,-4.310963252425994,0.0,0.0,0.21311847741581744,0.0540843143044475
9,2,0.944582462310791,"(np.float64(0.1961570560806461), np.float64(0.03901806440322565))",0.10883999,-0.010261059,1.0122909661567112,-4.310963252425994,0.0,0.0,0.21311847741581744,0.0540843143044475
9,2,0.9593002796173096,"(np.float64(0.1961570560806461), np.float64(0.03901806440322565))",0.10883999,-0.010261059,1.0122909661567112,-4.310963252425994,0.0,0.0,0.21311847741581744,0.0540843143044475
9,2,0.9730303287506104,"(np.float64(0.1961570560806461), np.float64(0.03901806440322565))",0.10883999,-0.010261059,1.0122909661567112,-4.310963252425994,0.0,0.0,0.21311847741581744,0.0540843143044475
9,2,0.9858112335205078,"(np.float64(0.1961570560806461), np.float64(0.03901806440322565))",0.10883999,-0.010261059,1.0122909661567112,-4.310963252425994,0.0,0.0,0.21311847741581744,0.0540843143044475
9,2,0.9999611377716064,"(np.float64(0.1961570560806461), np.float64(0.03901806440322565))",0.10883999,-0.010261059,1.0122909661567112,-4.310963252425994,0.0,0.0,0.21311847741581744,0.0540843143044475
