time,series_id,angle1,angle2,speed1,speed2,torque1,torque2
0.0,0,177,-108,0,0,-0.054,-0.07650000000000001
0.011701822280883789,0,177,-108,0,0,-0.054,-0.06300000000000001
0.02208566665649414,0,177,-108,0,0,-0.0,-0.022500000000000003
0.03269386291503906,0,177,-108,0,0,-0.022500000000000003,-0.0405
0.04317045211791992,0,177,-108,0,0,-0.162,-0.18000000000000002
0.05370068550109863,0,177,-109,-5,-5,-0.31050000000000005,-0.333
0.06419849395751953,0,177,-109,-27,-32,-0.531,-0.5265
0.07485628128051758,0,177,-109,-49,-60,-0.7425,-0.7020000000000001
0.08546257019042969,0,176,-110,-76,-93,-0.8865,-0.8415
0.09559917449951172,0,175,-111,-120,-109,-1.0170000000000001,-0.9945
0.10577201843261719,0,174,-113,-164,-153,-1.1295000000000002,-1.0395
0.11592435836791992,0,171,-114,-230,-186,-1.0935000000000001,-1.1835
0.1265270709991455,0,169,-117,-285,-230,-1.107,-1.1475000000000002
0.1368093490600586,0,165,-119,-324,-269,-0.891,-1.161
0.14738225936889648,0,162,-119,-368,-269,-0.7875,-1.161
0.15780186653137207,0,162,-123,-368,-307,-0.7875,-1.0575
0.1683814525604248,0,158,-126,-401,-329,-0.666,-0.882
0.17902493476867676,0,153,-130,-422,-357,-0.468,-1.0125
0.18955421447753906,0,149,-134,-428,-384,-0.549,-0.9045000000000001
0.20006942749023438,0,144,-138,-472,-384,-0.3195,-0.7425
0.21062254905700684,0,138,-142,-477,-390,-0.1305,-0.48600000000000004
0.2208268642425537,0,133,-146,-488,-368,0.018000000000000002,-0.234
0.23114490509033203,0,128,-150,-483,-362,0.4005,-0.0495
0.2414538860321045,0,123,-154,-450,-340,0.7155,0.2025
0.2518296241760254,0,118,-158,-406,-318,0.9675,0.28800000000000003
0.26224780082702637,0,114,-161,-351,-274,1.3005,0.6075
0.27238917350769043,0,111,-164,-291,-230,1.35,0.8190000000000001
0.28295111656188965,0,108,-166,-225,-203,1.2105,0.7785
0.29337072372436523,0,106,-168,-153,-181,1.1925,0.756
0.30350446701049805,0,104,-170,-104,-131,1.0395,0.7785
0.31403565406799316,0,103,-171,-71,-93,0.7605,0.7965
0.324326753616333,0,103,-172,-49,-65,0.5715,0.5670000000000001
0.3348367214202881,0,102,-173,-27,-32,0.41400000000000003,0.3915
0.34515976905822754,0,102,-173,-10,-16,0.29700000000000004,0.261
0.35529208183288574,0,102,-173,0,0,0.198,0.0945
0.36570239067077637,0,102,-173,21,10,0.1125,0.036000000000000004
0.3762948513031006,0,102,-173,21,16,0.0675,-0.022500000000000003
0.38657617568969727,0,102,-173,16,16,-0.0135,-0.0945
0.39690208435058594,0,103,-173,5,5,-0.027,-0.1395
0.4071192741394043,0,103,-173,5,5,-0.027,-0.1395
0.41718292236328125,0,103,-173,10,0,-0.0135,-0.117
0.42739272117614746,0,103,-173,10,0,0.022500000000000003,-0.07650000000000001
0.4376857280731201,0,103,-173,16,0,0.027,-0.054
0.4482381343841553,0,103,-173,10,0,0.009000000000000001,-0.0585
0.45865535736083984,0,103,-173,0,0,0.009000000000000001,-0.0495
0.4687938690185547,0,103,-173,0,0,-0.0135,-0.054
0.47948622703552246,0,103,-173,0,0,0.0045000000000000005,-0.045000000000000005
0.49004220962524414,0,103,-173,0,0,0.045000000000000005,-0.06300000000000001
0.500645637512207,0,103,-173,0,0,0.054,-0.045000000000000005
0.5110561847686768,0,103,-173,0,0,0.054,-0.0405
0.521561861038208,0,103,-173,0,0,0.0585,-0.0405
0.5324320793151855,0,103,-173,0,0,0.0945,-0.018000000000000002
0.5430421829223633,0,103,-173,16,0,0.21150000000000002,0.0855
0.553382396697998,0,104,-172,27,21,0.3825,0.2655
0.5636975765228271,0,104,-172,43,32,0.5040000000000001,0.441
0.5739991664886475,0,104,-172,60,60,0.6525,0.6075
0.5842268466949463,0,105,-171,104,93,0.8190000000000001,0.801
0.5945699214935303,0,107,-170,153,126,0.9720000000000001,0.8865
0.6051509380340576,0,109,-168,197,170,1.0170000000000001,0.9720000000000001
0.6152276992797852,0,111,-166,230,208,0.9810000000000001,1.0350000000000001
0.6255836486816406,0,114,-164,269,241,0.918,1.0125
0.6358640193939209,0,117,-161,296,280,0.9675,0.9810000000000001
0.6461365222930908,0,120,-158,329,324,0.9,0.936
0.6566624641418457,0,124,-154,351,362,0.8190000000000001,0.7470000000000001
0.6668229103088379,0,128,-154,373,362,0.7200000000000001,0.7470000000000001
0.677056074142456,0,128,-150,373,390,0.7200000000000001,0.5715
0.6873106956481934,0,132,-145,384,417,0.6210000000000001,0.387
0.6974985599517822,0,136,-140,373,455,0.45,0.41850000000000004
0.7077550888061523,0,140,-135,384,461,0.3825,0.17550000000000002
0.7181625366210938,0,144,-130,373,477,0.2295,0.009000000000000001
0.7287099361419678,0,148,-125,362,466,0.1395,-0.342
0.7392570972442627,0,152,-120,346,439,-0.0585,-0.5805
0.7495584487915039,0,156,-116,318,401,-0.41850000000000004,-1.0395
0.7601611614227295,0,159,-112,285,351,-0.6030000000000001,-1.1925
0.7703309059143066,0,162,-108,263,291,-0.7155,-1.2420000000000002
0.7806453704833984,0,164,-105,214,214,-0.774,-1.305
0.7910013198852539,0,167,-103,181,164,-0.873,-1.197
0.8016707897186279,0,168,-102,153,120,-0.8055,-0.9675
0.8120927810668945,0,170,-101,126,76,-0.7470000000000001,-0.8460000000000001
0.822350025177002,0,171,-100,87,49,-0.6615,-0.6525
0.8327252864837646,0,172,-100,49,27,-0.54,-0.459
0.843254566192627,0,172,-99,38,10,-0.36000000000000004,-0.324
0.8538045883178711,0,173,-99,21,0,-0.198,-0.216
0.8641111850738525,0,173,-100,0,0,-0.12600000000000003,-0.1395
0.8746774196624756,0,173,-100,0,-5,-0.054,-0.0945
0.8850359916687012,0,173,-100,0,-16,0.03150000000000001,-0.09000000000000001
0.8955783843994141,0,173,-100,-5,-16,0.0495,-0.0585
0.9060759544372559,0,172,-100,-10,-16,0.045000000000000005,-0.0585
0.9164884090423584,0,172,-100,-10,-10,0.045000000000000005,-0.022500000000000003
0.9267423152923584,0,172,-100,-10,-16,0.07200000000000001,-0.009000000000000001
0.9370028972625732,0,172,-100,0,-21,0.108,-0.009000000000000001
0.9472875595092773,0,172,-100,0,-10,0.099,-0.03150000000000001
0.9586386680603027,0,172,-101,0,-10,0.099,-0.0135
0.9693145751953125,0,172,-101,5,0,0.06300000000000001,0.009000000000000001
0.9798309803009033,0,172,-101,0,0,0.06300000000000001,-0.022500000000000003
0.9903254508972168,0,172,-101,0,0,0.027,-0.06300000000000001
0.010561466217041016,1,172,-101,0,0,0.07650000000000001,-0.07200000000000001
0.020708084106445312,1,172,-101,0,0,0.0405,-0.07200000000000001
0.030913114547729492,1,172,-101,0,0,0.022500000000000003,-0.12600000000000003
0.04127979278564453,1,172,-101,-16,-10,-0.0585,-0.2205
0.051824331283569336,1,172,-101,-16,-27,-0.234,-0.36900000000000005
0.06222724914550781,1,172,-101,-21,-32,-0.34650000000000003,-0.5130000000000001
0.07262635231018066,1,172,-102,-49,-60,-0.5670000000000001,-0.6705
0.0831758975982666,1,171,-102,-87,-93,-0.7695,-0.8955
0.09372830390930176,1,170,-104,-126,-126,-0.9,-0.9855
0.1041111946105957,1,168,-105,-170,-170,-0.9540000000000001,-1.0485
0.11462664604187012,1,166,-107,-197,-214,-1.0125,-1.1205
0.12494206428527832,1,164,-110,-236,-247,-0.9630000000000001,-1.125
0.13541698455810547,1,161,-113,-263,-280,-1.0260000000000002,-1.0755000000000001
0.14598846435546875,1,158,-116,-318,-313,-0.9045000000000001,-1.044
0.15637826919555664,1,154,-119,-368,-346,-0.8460000000000001,-0.9585
0.16673660278320312,1,150,-123,-406,-368,-0.6300000000000001,-0.9
0.17716193199157715,1,145,-127,-439,-357,-0.41850000000000004,-0.6885
0.18770623207092285,1,140,-131,-450,-373,-0.1665,-0.549
0.19797563552856445,1,135,-131,-461,-373,0.0045000000000000005,-0.549
0.20848822593688965,1,135,-135,-461,-379,0.0045000000000000005,-0.48600000000000004
0.21863150596618652,1,130,-139,-450,-373,0.25650000000000006,-0.28800000000000003
0.2291858196258545,1,125,-143,-439,-362,0.42750000000000005,-0.162
0.23962688446044922,1,121,-147,-422,-351,0.5895,-0.009000000000000001
0.2502880096435547,1,117,-151,-390,-340,0.7470000000000001,0.2205
0.26106929779052734,1,113,-154,-346,-318,0.9855,0.405
0.27163219451904297,1,109,-157,-296,-274,1.1880000000000002,0.5625
0.2821536064147949,1,106,-160,-241,-247,1.197,0.801
0.2923433780670166,1,104,-163,-175,-219,1.2600000000000002,0.9
0.30269503593444824,1,103,-165,-115,-186,1.2105,0.8955
0.31316304206848145,1,102,-167,-60,-148,1.116,0.9405
0.3233189582824707,1,101,-168,-21,-115,0.873,0.909
0.33385658264160156,1,101,-169,-10,-76,0.37350000000000005,0.6435
0.3444175720214844,1,101,-170,0,-49,0.171,0.48150000000000004
0.3548288345336914,1,101,-170,0,-21,0.12150000000000001,0.279
0.36527514457702637,1,101,-170,21,-5,0.07650000000000001,0.15750000000000003
0.3757507801055908,1,101,-170,16,0,0.07200000000000001,0.03150000000000001
0.3860819339752197,1,101,-170,21,16,-0.0,-0.03150000000000001
0.3964102268218994,1,102,-170,16,0,-0.0,-0.06300000000000001
0.40690016746520996,1,102,-170,16,0,-0.018000000000000002,-0.14850000000000002
0.4171290397644043,1,102,-170,21,0,-0.009000000000000001,-0.081
0.42769885063171387,1,102,-170,10,0,-0.009000000000000001,-0.081
0.4381558895111084,1,102,-170,16,-10,-0.027,-0.07200000000000001
0.4483969211578369,1,102,-170,5,-10,0.009000000000000001,-0.07650000000000001
0.45868396759033203,1,102,-170,0,0,-0.0045000000000000005,-0.0405
0.4689483642578125,1,102,-170,0,0,0.03150000000000001,-0.022500000000000003
0.4792344570159912,1,102,-170,-5,0,0.0585,-0.0585
0.48969316482543945,1,102,-170,0,0,0.06300000000000001,-0.0585
0.5002493858337402,1,102,-170,0,0,0.06300000000000001,-0.081
0.5107932090759277,1,102,-170,0,0,0.0855,-0.07650000000000001
0.5213375091552734,1,102,-170,0,0,0.0675,-0.07200000000000001
0.5317740440368652,1,102,-170,16,-5,0.06300000000000001,-0.07200000000000001
0.5424947738647461,1,102,-170,0,0,0.10350000000000001,-0.0495
0.5527853965759277,1,102,-170,16,0,0.2205,0.045000000000000005
0.5633175373077393,1,103,-170,27,10,0.29700000000000004,0.25650000000000006
0.5737216472625732,1,103,-170,43,32,0.5805,0.432
0.5842392444610596,1,104,-169,71,65,0.7335,0.666
0.5944862365722656,1,105,-168,109,98,0.8955,0.8595
0.6047337055206299,1,106,-167,170,137,1.161,1.071
0.6154406070709229,1,109,-165,230,164,1.197,1.1385
0.6255462169647217,1,111,-163,269,208,1.1340000000000001,1.1385
0.6360762119293213,1,114,-161,307,252,0.918,1.197
0.6465334892272949,1,118,-158,329,307,0.882,1.1115000000000002
0.6572487354278564,1,121,-154,351,340,0.8595,0.9630000000000001
0.6675093173980713,1,125,-151,373,384,0.774,0.7470000000000001
0.6777946949005127,1,129,-146,384,411,0.648,0.6075
0.6880691051483154,1,133,-142,379,428,0.49950000000000006,0.378
0.698411226272583,1,137,-137,384,444,0.35550000000000004,0.099
0.7089016437530518,1,141,-132,379,444,0.2655,-0.081
0.7193059921264648,1,145,-128,357,433,0.06300000000000001,-0.29250000000000004
0.7295210361480713,1,149,-123,346,428,-0.0495,-0.5535
0.7396657466888428,1,153,-118,335,384,-0.189,-0.756
0.7502167224884033,1,156,-115,307,346,-0.36450000000000005,-0.9
0.7607231140136719,1,160,-111,280,296,-0.5715,-0.8775
0.7710967063903809,1,162,-111,241,296,-0.639,-0.8775
0.7816591262817383,1,165,-108,214,263,-0.783,-0.9900000000000001
0.7921164035797119,1,165,-105,214,208,-0.783,-1.0215
0.8025004863739014,1,167,-103,186,153,-0.774,-1.179
0.8130428791046143,1,169,-102,153,87,-0.81,-1.1925
0.8233170509338379,1,170,-101,120,38,-0.882,-1.044
0.8339307308197021,1,171,-101,71,10,-0.8190000000000001,-0.8145
0.8442833423614502,1,172,-101,38,-10,-0.6705,-0.49500000000000005
0.8546428680419922,1,172,-101,10,-16,-0.5085000000000001,-0.27
0.8650929927825928,1,172,-101,-10,-27,-0.28800000000000003,-0.12600000000000003
0.8756029605865479,1,172,-102,-27,-16,-0.117,-0.036000000000000004
0.8858439922332764,1,171,-102,-38,-16,-0.009000000000000001,-0.0045000000000000005
0.8963453769683838,1,171,-102,-27,-21,0.09000000000000001,0.0405
0.9067471027374268,1,171,-102,-32,-16,0.189,0.009000000000000001
0.9172976016998291,1,170,-102,-5,-10,0.261,0.009000000000000001
0.9276700019836426,1,170,-103,0,-10,0.20700000000000002,0.027
0.9381453990936279,1,170,-103,0,-16,0.099,-0.0135
0.9485738277435303,1,171,-103,16,0,0.0675,-0.0045000000000000005
0.9589016437530518,1,171,-103,10,-5,0.07650000000000001,0.0135
0.9695281982421875,1,171,-103,10,0,0.009000000000000001,-0.0405
0.9801332950592041,1,171,-103,0,0,0.0045000000000000005,-0.03150000000000001
0.990401029586792,1,171,-103,0,0,0.009000000000000001,-0.0495
0.010131359100341797,2,171,-103,-5,0,0.0675,-0.054
0.020694971084594727,2,171,-103,-10,0,0.0675,-0.054
0.030867815017700195,2,171,-103,0,0,0.054,-0.09000000000000001
0.04127144813537598,2,171,-103,0,0,-0.0045000000000000005,-0.2025
0.05154109001159668,2,171,-103,-5,-21,-0.225,-0.34650000000000003
0.0619354248046875,2,170,-103,-27,-43,-0.405,-0.5355
0.07245779037475586,2,170,-104,-54,-65,-0.5940000000000001,-0.648
0.08300304412841797,2,169,-105,-82,-98,-0.7335,-0.7785
0.09358596801757812,2,168,-106,-120,-137,-0.864,-0.9135000000000001
0.10408377647399902,2,167,-108,-148,-175,-0.9540000000000001,-1.0260000000000002
0.11453700065612793,2,165,-110,-186,-219,-1.0215,-1.0080000000000002
0.12492704391479492,2,163,-113,-230,-247,-1.107,-1.0755000000000001
0.1352994441986084,2,160,-116,-274,-274,-1.044,-0.9990000000000001
0.14561939239501953,2,157,-119,-329,-307,-0.9900000000000001,-1.0035
0.15607619285583496,2,153,-122,-368,-335,-0.9,-0.927
0.1665802001953125,2,149,-126,-401,-351,-0.6075,-0.8280000000000001
0.17712974548339844,2,145,-130,-417,-362,-0.459,-0.7020000000000001
0.18723559379577637,2,145,-130,-417,-362,-0.459,-0.7020000000000001
0.19762635231018066,2,140,-134,-439,-373,-0.1935,-0.639
0.20804595947265625,2,135,-138,-455,-373,-0.0585,-0.47250000000000003
0.2185366153717041,2,130,-142,-455,-373,-0.009000000000000001,-0.378
0.22887396812438965,2,125,-146,-455,-351,0.2745,-0.1665
0.2393038272857666,2,121,-149,-439,-340,0.54,-0.0135
0.24981427192687988,2,116,-153,-401,-329,0.7605,0.2025
0.26027917861938477,2,112,-156,-362,-307,1.0035,0.333
0.2707633972167969,2,109,-159,-296,-280,1.2240000000000002,0.558
0.28150510787963867,2,106,-162,-241,-241,1.296,0.7245
0.2920801639556885,2,104,-165,-164,-214,1.314,0.8684999999999999
0.30259132385253906,2,102,-167,-115,-186,1.2105,0.9405
0.31281566619873047,2,101,-169,-76,-131,0.8325,0.9045000000000001
0.32295846939086914,2,101,-170,-49,-98,0.6525,0.8235
0.33326268196105957,2,100,-171,-27,-65,0.459,0.558
0.34352707862854004,2,100,-171,-16,-38,0.31500000000000006,0.396
0.3539247512817383,2,100,-172,-5,-16,0.216,0.25650000000000006
0.36449122428894043,2,100,-172,10,-5,0.14850000000000002,0.108
0.3749663829803467,2,100,-172,21,0,0.10350000000000001,0.022500000000000003
0.3851654529571533,2,100,-172,10,16,0.045000000000000005,-0.018000000000000002
0.3953824043273926,2,100,-172,16,10,-0.009000000000000001,-0.054
0.40561771392822266,2,101,-172,21,0,0.022500000000000003,-0.12150000000000001
0.4162180423736572,2,101,-172,16,0,0.0135,-0.117
0.4268472194671631,2,101,-172,10,0,-0.009000000000000001,-0.0495
0.4373607635498047,2,101,-172,10,0,-0.0,-0.0585
0.44749975204467773,2,101,-172,16,0,0.018000000000000002,-0.0585
0.4580957889556885,2,101,-172,10,0,0.022500000000000003,-0.054
0.4681968688964844,2,101,-172,10,0,0.022500000000000003,-0.054
0.47858524322509766,2,102,-172,16,0,0.0045000000000000005,-0.06300000000000001
0.4890635013580322,2,102,-172,16,0,0.018000000000000002,-0.07200000000000001
0.4995882511138916,2,102,-172,0,0,0.018000000000000002,-0.0495
0.5097076892852783,2,102,-172,0,0,-0.0,-0.0585
0.5200419425964355,2,102,-172,5,0,-0.0045000000000000005,-0.054
0.5302977561950684,2,102,-172,5,0,0.045000000000000005,-0.054
0.5408592224121094,2,102,-172,10,0,0.0945,-0.0135
0.5514075756072998,2,102,-172,5,0,0.17550000000000002,0.036000000000000004
0.5618112087249756,2,102,-172,16,16,0.324,0.21150000000000002
0.5723671913146973,2,103,-172,43,27,0.49950000000000006,0.42750000000000005
0.5828723907470703,2,103,-171,65,65,0.9315,0.774
0.5932848453521729,2,104,-170,115,98,1.053,0.9990000000000001
0.6034586429595947,2,106,-169,164,148,1.1700000000000002,1.0935000000000001
0.6138870716094971,2,108,-167,219,186,1.1655,1.0935000000000001
0.6241762638092041,2,110,-165,274,225,1.116,1.0755000000000001
0.6345419883728027,2,113,-162,302,263,0.9990000000000001,0.9855
0.6451141834259033,2,117,-159,329,296,0.8955,1.0260000000000002
0.6555845737457275,2,120,-156,346,351,0.8280000000000001,0.918
0.6660566329956055,2,124,-152,362,390,0.7290000000000001,0.774
0.6763899326324463,2,128,-148,384,411,0.6435,0.47700000000000004
0.6865413188934326,2,132,-143,390,439,0.549,0.31050000000000005
0.6971328258514404,2,137,-138,384,439,0.34650000000000003,0.17550000000000002
0.7076985836029053,2,141,-133,384,455,0.20700000000000002,-0.10350000000000001
0.7180862426757812,2,145,-129,373,439,0.07650000000000001,-0.31050000000000005
0.7283899784088135,2,149,-124,357,422,-0.06300000000000001,-0.5805
0.7388515472412109,2,152,-120,335,406,-0.2745,-0.639
0.7490088939666748,2,156,-116,313,362,-0.41850000000000004,-0.8684999999999999
0.7593481540679932,2,159,-112,274,318,-0.5355,-1.0395
0.7696928977966309,2,162,-109,247,274,-0.6525,-1.08
0.7799155712127686,2,164,-106,214,219,-0.7245,-1.0485
0.790184736251831,2,166,-104,181,148,-0.7785,-1.0845
0.8004302978515625,2,166,-104,181,148,-0.7785,-1.0845
0.8110337257385254,2,169,-103,126,109,-0.7335,-0.9540000000000001
0.8215839862823486,2,169,-102,126,71,-0.7335,-0.7470000000000001
0.8318121433258057,2,171,-101,82,38,-0.765,-0.783
0.8421180248260498,2,171,-101,54,0,-0.5535,-0.5895
0.8526079654693604,2,172,-101,21,-16,-0.549,-0.41850000000000004
0.8630805015563965,2,172,-101,0,-21,-0.333,-0.261
0.873852014541626,2,172,-101,-16,-27,-0.198,-0.07650000000000001
0.8841843605041504,2,171,-102,-27,-27,-0.045000000000000005,-0.0135
0.894442081451416,2,171,-102,-21,-16,0.0135,0.0135
0.9049687385559082,2,171,-102,-21,-10,0.20700000000000002,0.054
0.9155848026275635,2,171,-102,-21,-16,0.171,0.018000000000000002
0.9258859157562256,2,171,-102,0,-5,0.1665,-0.009000000000000001
0.936234712600708,2,171,-102,0,-5,0.1665,0.0045000000000000005
0.9466283321380615,2,171,-103,0,-5,0.0675,-0.027
0.9571628570556641,2,171,-103,16,-16,0.07200000000000001,-0.036000000000000004
0.967501163482666,2,171,-103,16,0,0.06300000000000001,-0.03150000000000001
0.9776604175567627,2,171,-103,0,0,-0.0,0.009000000000000001
0.9878458976745605,2,171,-103,0,0,-0.0,-0.0405
0.9984393119812012,2,171,-103,0,0,0.045000000000000005,-0.054
0.010235309600830078,3,171,-103,-5,0,0.0585,-0.0585
0.020498037338256836,3,171,-103,0,0,0.0585,-0.0585
0.03093266487121582,3,171,-103,0,-5,0.0585,-0.09000000000000001
0.04165196418762207,3,171,-103,0,-16,-0.0495,-0.1935
0.05174899101257324,3,171,-103,0,-16,-0.225,-0.324
0.06199908256530762,3,170,-103,-21,-16,-0.42300000000000004,-0.324
0.07224678993225098,3,170,-103,-21,-32,-0.42300000000000004,-0.47700000000000004
0.08292484283447266,3,170,-104,-60,-65,-0.6300000000000001,-0.6795
0.09361958503723145,3,169,-105,-87,-104,-0.7695,-0.9045000000000001
0.10404372215270996,3,168,-106,-120,-148,-1.0125,-1.062
0.11433696746826172,3,166,-108,-164,-197,-1.098,-1.2105
0.12487053871154785,3,164,-111,-214,-241,-1.2060000000000002,-1.2555
0.13526439666748047,3,162,-113,-263,-280,-1.161,-1.1564999999999999
0.1454758644104004,3,159,-117,-313,-318,-1.1925,-1.143
0.15594720840454102,3,155,-120,-368,-346,-0.9540000000000001,-1.0035
0.16674423217773438,3,151,-124,-395,-357,-0.7290000000000001,-0.7785
0.1771843433380127,3,147,-128,-428,-362,-0.468,-0.6435
0.18775486946105957,3,142,-132,-455,-373,-0.25650000000000006,-0.5940000000000001
0.19791340827941895,3,137,-136,-455,-379,-0.0405,-0.47700000000000004
0.20823431015014648,3,132,-140,-455,-379,0.24300000000000002,-0.27
0.21874237060546875,3,127,-144,-439,-362,0.42750000000000005,-0.09000000000000001
0.22901368141174316,3,122,-148,-417,-346,0.6885,0.03150000000000001
0.23921585083007812,3,118,-151,-390,-329,0.7425,0.225
0.2496960163116455,3,114,-155,-351,-307,0.9135000000000001,0.37350000000000005
0.25988101959228516,3,111,-158,-313,-274,1.044,0.5085000000000001
0.27023911476135254,3,108,-160,-263,-252,0.9810000000000001,0.6435
0.280609130859375,3,105,-163,-208,-214,1.0935000000000001,0.7245
0.29085373878479004,3,103,-165,-148,-192,1.0035,0.7965
0.30134057998657227,3,102,-167,-109,-159,0.9495,0.7875
0.31165361404418945,3,101,-168,-76,-120,0.7605,0.7785
0.322298526763916,3,100,-169,-54,-82,0.6165,0.684
0.3328545093536377,3,100,-170,-38,-60,0.459,0.5040000000000001
0.3434724807739258,3,99,-170,-16,-60,0.35100000000000003,0.5040000000000001
0.3539755344390869,3,99,-171,0,-16,0.2655,0.2205
0.3642709255218506,3,99,-171,0,-16,0.2655,0.2205
0.37468957901000977,3,99,-171,16,0,0.18000000000000002,0.216
0.38505101203918457,3,99,-171,27,21,0.09000000000000001,0.018000000000000002
0.3954191207885742,3,100,-171,21,10,0.0945,0.018000000000000002
0.4056515693664551,3,100,-171,27,0,0.027,-0.0495
0.4159886837005615,3,100,-171,16,5,-0.009000000000000001,-0.1665
0.4263875484466553,3,100,-171,16,0,-0.0135,-0.1125
0.4369804859161377,3,100,-171,10,0,-0.03150000000000001,-0.0675
0.4472072124481201,3,101,-171,16,0,0.0045000000000000005,-0.09000000000000001
0.45746397972106934,3,101,-171,10,0,0.027,-0.06300000000000001
0.4677309989929199,3,101,-171,5,0,-0.0,-0.07650000000000001
0.47838592529296875,3,101,-171,5,0,0.018000000000000002,-0.0585
0.48869800567626953,3,101,-171,10,0,0.036000000000000004,-0.06300000000000001
0.4992830753326416,3,101,-171,0,0,0.0495,-0.0675
0.5094349384307861,3,101,-171,5,0,0.03150000000000001,-0.06300000000000001
0.5199680328369141,3,102,-171,16,0,0.07200000000000001,-0.06300000000000001
0.530524730682373,3,102,-171,10,0,0.081,-0.03150000000000001
0.5407836437225342,3,102,-171,0,0,0.12150000000000001,0.0405
0.5510120391845703,3,102,-171,27,5,0.30150000000000005,0.21150000000000002
0.5616223812103271,3,103,-170,43,21,0.549,0.405
0.572040319442749,3,103,-170,71,54,0.6345,0.5985
0.5826449394226074,3,104,-169,98,82,0.783,0.7515
0.5930757522583008,3,105,-168,137,120,0.891,0.8505
0.6034352779388428,3,107,-167,186,153,1.0215,0.9630000000000001
0.6140232086181641,3,109,-165,230,186,1.0305,1.0170000000000001
0.6244475841522217,3,112,-163,274,219,1.0125,0.9675
0.6348569393157959,3,115,-163,307,219,0.927,0.9675
0.6450417041778564,3,115,-160,307,269,0.927,1.08
0.6556081771850586,3,119,-157,329,307,0.882,1.053
0.6657967567443848,3,122,-153,346,373,0.792,1.161
0.6764132976531982,3,126,-149,368,401,0.8505,0.891
0.6869285106658936,3,130,-144,379,450,0.7470000000000001,0.864
0.6972835063934326,3,135,-139,390,477,0.675,0.387
0.7074508666992188,3,139,-134,390,483,0.45,0.21150000000000002
0.7180418968200684,3,143,-129,379,488,0.279,-0.17550000000000002
0.7285325527191162,3,147,-124,357,466,-0.054,-0.6525
0.738863468170166,3,151,-119,346,439,-0.279,-0.9900000000000001
0.7494559288024902,3,155,-115,318,384,-0.405,-1.0260000000000002
0.7600400447845459,3,158,-111,291,324,-0.5670000000000001,-1.143
0.7704527378082275,3,161,-108,252,274,-0.7110000000000001,-1.143
0.7809207439422607,3,163,-105,225,219,-0.8055,-1.1475000000000002
0.7911372184753418,3,166,-103,186,170,-0.81,-1.0665
0.8018391132354736,3,168,-101,159,115,-0.8505,-1.0035
0.8122997283935547,3,169,-100,126,82,-0.765,-0.8684999999999999
0.8229150772094727,3,170,-100,98,54,-0.6975,-0.6435
0.8332030773162842,3,171,-99,71,27,-0.5445,-0.48150000000000004
0.8434927463531494,3,172,-99,43,16,-0.41400000000000003,-0.34650000000000003
0.8539543151855469,3,172,-99,27,0,-0.261,-0.2295
0.8642284870147705,3,173,-99,16,-5,-0.14850000000000002,-0.162
0.8748974800109863,3,173,-99,5,-16,-0.07650000000000001,-0.099
0.8851156234741211,3,173,-99,0,-5,-0.03150000000000001,-0.0675
0.8956151008605957,3,173,-99,-5,-16,0.009000000000000001,-0.027
0.9062526226043701,3,172,-99,-10,-10,0.036000000000000004,-0.0675
0.916534423828125,3,172,-100,-5,-21,0.06300000000000001,-0.022500000000000003
0.9271628856658936,3,172,-100,-10,-10,0.09000000000000001,-0.036000000000000004
0.937406063079834,3,172,-100,0,0,0.07650000000000001,0.009000000000000001
0.9475431442260742,3,172,-100,0,0,0.108,-0.022500000000000003
0.9580023288726807,3,172,-100,0,0,0.0585,-0.022500000000000003
0.9685883522033691,3,172,-100,0,0,0.0585,-0.081
0.9791803359985352,3,172,-100,0,-5,0.045000000000000005,-0.09000000000000001
0.9897379875183105,3,172,-100,0,0,0.045000000000000005,-0.09000000000000001
0.01054835319519043,4,172,-100,5,0,0.06300000000000001,-0.0675
0.02121257781982422,4,172,-100,0,0,0.0585,-0.0855
0.031488656997680664,4,172,-100,0,0,0.0405,-0.09000000000000001
0.041815996170043945,4,172,-100,0,0,0.018000000000000002,-0.12150000000000001
0.05213189125061035,4,172,-100,-16,-10,-0.0855,-0.234
0.06232619285583496,4,172,-100,-21,-10,-0.24300000000000002,-0.3915
0.07258296012878418,4,172,-101,-38,-38,-0.441,-0.5850000000000001
0.08273077011108398,4,171,-101,-71,-71,-0.756,-1.0260000000000002
0.0932471752166748,4,170,-102,-109,-104,-0.936,-1.0935000000000001
0.10336780548095703,4,169,-104,-153,-153,-1.0305,-1.1925
0.11359167098999023,4,167,-105,-203,-208,-1.0755000000000001,-1.2285
0.12447261810302734,4,165,-108,-236,-247,-1.0755000000000001,-1.2105
0.13484716415405273,4,162,-111,-263,-285,-0.9855,-1.125
0.14537978172302246,4,159,-114,-307,-302,-0.8595,-1.0305
0.15574884414672852,4,155,-118,-362,-340,-0.9405,-0.891
0.16586780548095703,4,151,-121,-395,-362,-0.81,-0.927
0.17651057243347168,4,147,-125,-417,-373,-0.48150000000000004,-0.774
0.18717360496520996,4,142,-129,-444,-384,-0.30150000000000005,-0.6120000000000001
0.19734954833984375,4,137,-133,-455,-379,-0.0855,-0.49050000000000005
0.20813393592834473,4,132,-137,-455,-368,0.1665,-0.279
0.2186446189880371,4,128,-141,-444,-357,0.3375,-0.15300000000000002
0.22891736030578613,4,123,-145,-417,-346,0.6885,-0.022500000000000003
0.23921513557434082,4,119,-149,-401,-340,0.7515,0.12600000000000003
0.2494666576385498,4,115,-152,-362,-313,0.909,0.30600000000000005
0.2597181797027588,4,111,-155,-324,-285,1.0755000000000001,0.5355
0.27028703689575195,4,108,-158,-263,-258,1.044,0.648
0.2804102897644043,4,105,-161,-214,-225,1.1295000000000002,0.6885
0.2910654544830322,4,103,-163,-159,-197,1.0260000000000002,0.8325
0.30152249336242676,4,102,-165,-115,-170,0.9765,0.8055
0.3120276927947998,4,101,-167,-76,-137,0.81,0.801
0.3224601745605469,4,100,-168,-43,-104,0.639,0.7155
0.3327348232269287,4,100,-168,-32,-104,0.4455,0.7155
0.3429999351501465,4,100,-169,-32,-71,0.4455,0.5760000000000001
0.3536689281463623,4,100,-170,-21,-49,0.29700000000000004,0.41400000000000003
0.3642151355743408,4,99,-170,-10,-16,0.24300000000000002,0.40950000000000003
0.37445521354675293,4,99,-170,0,0,0.24750000000000003,0.25650000000000006
0.3849906921386719,4,100,-170,16,5,0.18450000000000003,0.15300000000000002
0.3951704502105713,4,100,-170,27,10,0.15300000000000002,0.018000000000000002
0.40540623664855957,4,100,-169,27,21,0.099,-0.0495
0.41558194160461426,4,100,-169,32,0,0.022500000000000003,-0.099
0.42583703994750977,4,101,-169,21,0,-0.027,-0.189
0.4359853267669678,4,101,-169,21,0,-0.0585,-0.081
0.4463467597961426,4,101,-169,21,-5,-0.022500000000000003,-0.07650000000000001
0.4567573070526123,4,101,-170,16,-5,-0.022500000000000003,-0.0855
0.4671924114227295,4,102,-170,16,-10,-0.018000000000000002,-0.054
0.47737574577331543,4,102,-170,16,-5,-0.0,-0.0495
0.48748183250427246,4,102,-170,5,10,-0.009000000000000001,-0.03150000000000001
0.49767255783081055,4,102,-170,5,0,-0.0045000000000000005,-0.0495
0.507904052734375,4,102,-169,5,5,0.027,-0.12150000000000001
0.5182905197143555,4,102,-169,0,0,0.03150000000000001,-0.06300000000000001
0.5286405086517334,4,102,-169,0,-10,0.054,-0.081
0.5391862392425537,4,102,-170,5,0,0.17550000000000002,0.0
0.5492684841156006,4,102,-170,16,5,0.3285,0.216
0.5595057010650635,4,102,-170,32,5,0.49050000000000005,0.216
0.5698075294494629,4,102,-169,32,27,0.49050000000000005,0.36000000000000004
0.5800278186798096,4,103,-169,60,49,0.648,0.54
0.5903716087341309,4,104,-168,93,82,0.81,0.7875
0.6004796028137207,4,105,-167,137,115,1.0260000000000002,0.927
0.610741376876831,4,107,-166,186,142,1.1340000000000001,1.0755000000000001
0.6214661598205566,4,109,-164,247,181,1.1835,1.161
0.6320137977600098,4,112,-162,296,214,1.2195,1.197
0.6424293518066406,4,116,-159,335,269,0.9495,1.1520000000000001
0.6528768539428711,4,119,-156,357,324,0.8550000000000001,1.125
0.663449764251709,4,123,-152,362,368,0.6885,0.8955
0.6735482215881348,4,127,-148,368,401,0.6075,0.657
0.6837379932403564,4,131,-144,390,433,0.54,0.432
0.6941320896148682,4,136,-139,395,439,0.459,0.18000000000000002
0.7042527198791504,4,140,-134,384,450,0.225,-0.009000000000000001
0.7145676612854004,4,144,-129,373,439,0.0675,-0.24750000000000003
0.7251098155975342,4,148,-125,357,428,-0.0,-0.5040000000000001
0.7353026866912842,4,151,-120,335,395,-0.189,-0.648
0.745861291885376,4,155,-116,313,373,-0.35100000000000003,-0.8145
0.7560575008392334,4,158,-112,285,318,-0.459,-0.936
0.7665913105010986,4,161,-109,241,291,-0.6075,-1.1295000000000002
0.7771458625793457,4,163,-106,225,241,-0.7065,-0.9810000000000001
0.7873184680938721,4,166,-106,186,241,-0.6795,-0.9810000000000001
0.7974042892456055,4,166,-104,186,175,-0.6795,-1.1115000000000002
0.8078505992889404,4,168,-102,175,120,-0.81,-1.044
0.8180890083312988,4,169,-101,137,65,-0.7470000000000001,-1.1564999999999999
0.8284249305725098,4,171,-101,93,27,-0.7875,-0.9
0.8385531902313232,4,172,-101,60,0,-0.765,-0.648
0.8489460945129395,4,172,-101,27,-27,-0.5805,-0.3915
0.8596277236938477,4,172,-101,0,-21,-0.234,-0.07200000000000001
0.8698058128356934,4,172,-102,0,-21,-0.06300000000000001,0.036000000000000004
0.8801319599151611,4,172,-102,-21,-21,0.036000000000000004,0.027
0.8907854557037354,4,172,-102,-10,0,0.06300000000000001,0.027
0.9009754657745361,4,172,-102,-16,-10,0.15750000000000003,0.027
0.9113888740539551,4,172,-102,0,-10,0.10350000000000001,-0.045000000000000005
0.9216353893280029,4,172,-102,0,-16,0.1395,-0.022500000000000003
0.9319918155670166,4,172,-102,16,-10,0.0675,-0.018000000000000002
0.9423444271087646,4,172,-102,0,-5,0.0585,0.0045000000000000005
0.9525485038757324,4,172,-102,0,0,-0.0045000000000000005,-0.0135
0.9626970291137695,4,172,-102,0,0,0.0495,-0.03150000000000001
0.9730019569396973,4,172,-102,0,0,0.0585,-0.06300000000000001
0.9834682941436768,4,172,-102,-5,0,0.06300000000000001,-0.0675
0.993720293045044,4,172,-102,0,-5,0.06300000000000001,-0.06300000000000001
0.010530948638916016,5,172,-102,0,0,0.06300000000000001,-0.0675
0.021080970764160156,5,172,-103,0,0,0.06300000000000001,-0.0405
0.03136849403381348,5,172,-103,5,0,0.06300000000000001,-0.0405
0.04158496856689453,5,172,-103,0,0,0.022500000000000003,-0.108
0.05205249786376953,5,172,-103,0,0,-0.0675,-0.20700000000000002
0.06233382225036621,5,172,-103,-10,-10,-0.2745,-0.35100000000000003
0.0726313591003418,5,172,-103,-32,-38,-0.42300000000000004,-0.558
0.08302998542785645,5,171,-104,-76,-71,-0.8055,-0.9450000000000001
0.09329533576965332,5,170,-105,-126,-120,-0.9810000000000001,-1.053
0.10399627685546875,5,168,-106,-164,-164,-1.0215,-1.143
0.1147165298461914,5,166,-108,-197,-203,-0.9720000000000001,-1.1295000000000002
0.1248936653137207,5,164,-111,-230,-252,-1.0170000000000001,-1.1520000000000001
0.13542485237121582,5,161,-114,-285,-291,-0.9900000000000001,-1.071
0.1455373764038086,5,158,-117,-324,-313,-1.0215,-0.9810000000000001
0.15616703033447266,5,155,-121,-362,-340,-0.7515,-0.9225
0.1663835048675537,5,150,-124,-390,-362,-0.5625,-0.8595
0.17685699462890625,5,146,-128,-433,-362,-0.4005,-0.675
0.18728852272033691,5,141,-132,-450,-373,-0.24750000000000003,-0.5670000000000001
0.19752287864685059,5,136,-136,-450,-368,-0.045000000000000005,-0.47700000000000004
0.2078857421875,5,131,-140,-455,-379,0.24750000000000003,-0.279
0.21816086769104004,5,127,-144,-444,-362,0.4635,-0.162
0.22831416130065918,5,122,-148,-428,-346,0.6255000000000001,0.009000000000000001
0.2385554313659668,5,118,-148,-390,-346,0.8145,0.009000000000000001
0.24898362159729004,5,114,-152,-351,-329,0.9405,0.1935
0.2594411373138428,5,110,-155,-318,-307,0.9585,0.35100000000000003
0.2700052261352539,5,110,-158,-318,-274,0.9585,0.5355
0.28063416481018066,5,107,-161,-263,-241,1.0485,0.6930000000000001
0.29111671447753906,5,104,-163,-203,-203,1.1115000000000002,0.8684999999999999
0.30141234397888184,5,103,-165,-137,-170,1.278,0.8775
0.31162023544311523,5,101,-167,-76,-137,1.1880000000000002,0.9045000000000001
0.3216850757598877,5,101,-169,-27,-104,1.0080000000000002,0.8145
0.33223605155944824,5,101,-170,0,-65,0.7335,0.7245
0.34274911880493164,5,101,-170,0,-43,0.216,0.4455
0.3533759117126465,5,101,-171,5,-21,0.07650000000000001,0.24750000000000003
0.3635268211364746,5,101,-171,10,0,0.07200000000000001,0.1395
0.3739292621612549,5,101,-171,5,0,0.0495,0.027
0.3844726085662842,5,101,-171,16,5,0.036000000000000004,-0.0405
0.39490199089050293,5,101,-171,27,0,0.045000000000000005,-0.0585
0.40543031692504883,5,101,-170,21,0,0.0045000000000000005,-0.0855
0.4156477451324463,5,102,-170,16,0,-0.0495,-0.07200000000000001
0.4260587692260742,5,102,-170,5,0,-0.027,-0.07650000000000001
0.43636369705200195,5,102,-170,5,0,-0.0135,-0.07200000000000001
0.4465665817260742,5,102,-170,5,0,0.027,-0.081
0.4569680690765381,5,102,-170,10,0,0.036000000000000004,-0.07650000000000001
0.4674382209777832,5,102,-170,5,-5,0.045000000000000005,-0.07650000000000001
0.47774529457092285,5,102,-170,5,0,0.022500000000000003,-0.07650000000000001
0.4881250858306885,5,102,-170,0,0,0.036000000000000004,-0.054
0.49833011627197266,5,102,-170,0,0,0.036000000000000004,-0.07650000000000001
0.5087635517120361,5,102,-170,0,0,0.06300000000000001,-0.07200000000000001
0.5191929340362549,5,102,-170,0,0,0.0675,-0.0675
0.5296230316162109,5,102,-170,0,0,0.0675,-0.0675
0.540092945098877,5,102,-170,0,0,0.0945,-0.0585
0.5506961345672607,5,102,-170,10,0,0.1935,0.027
0.5612015724182129,5,102,-170,10,10,0.342,0.1935
0.5715579986572266,5,103,-170,27,21,0.5355,0.3825
0.5820460319519043,5,103,-170,65,49,0.7065,0.5985
0.5925695896148682,5,104,-169,109,87,0.936,0.8145
0.6030364036560059,5,106,-168,153,131,1.08,0.9990000000000001
0.6134252548217773,5,108,-166,208,153,1.1835,1.1385
0.6240332126617432,5,110,-164,263,203,1.1835,1.1700000000000002
0.6341986656188965,5,114,-162,307,241,1.143,1.1880000000000002
0.6446597576141357,5,117,-159,335,285,0.9450000000000001,1.1025
0.6552083492279053,5,121,-156,351,340,0.8370000000000001,1.0170000000000001
0.6657435894012451,5,125,-152,368,379,0.6885,0.8055
0.6763789653778076,5,129,-148,384,411,0.6165,0.5355
0.6868972778320312,5,133,-143,390,433,0.522,0.35550000000000004
0.6972653865814209,5,137,-138,384,444,0.378,0.14400000000000002
0.7077977657318115,5,141,-134,373,455,0.20700000000000002,-0.07200000000000001
0.7179780006408691,5,145,-129,368,439,0.09000000000000001,-0.31500000000000006
0.7284274101257324,5,149,-124,357,422,-0.0,-0.6030000000000001
0.7390069961547852,5,152,-120,335,395,-0.2295,-0.648
0.7492272853851318,5,156,-116,302,357,-0.40950000000000003,-0.8775
0.759350061416626,5,159,-112,274,307,-0.558,-0.9810000000000001
0.7695827484130859,5,162,-109,247,274,-0.5985,-1.0935000000000001
0.7800614833831787,5,164,-106,197,225,-0.7425,-1.0035
0.790611982345581,5,166,-104,186,148,-0.7785,-1.0845
0.8011739253997803,5,168,-103,159,104,-0.7110000000000001,-0.9855
0.8113389015197754,5,170,-102,120,71,-0.756,-0.7515
0.821704626083374,5,171,-102,82,71,-0.6975,-0.7515
0.8324222564697266,5,172,-101,54,43,-0.5040000000000001,-0.5760000000000001
0.8426430225372314,5,172,-101,54,21,-0.5040000000000001,-0.41850000000000004
0.8529601097106934,5,172,-101,38,0,-0.342,-0.41850000000000004
0.8635478019714355,5,172,-101,21,-21,-0.20700000000000002,-0.28800000000000003
0.8737730979919434,5,173,-101,0,-10,-0.20700000000000002,-0.171
0.8840265274047852,5,173,-101,0,-27,-0.12600000000000003,-0.07650000000000001
0.8941636085510254,5,173,-101,-10,-21,-0.054,0.0
0.9044749736785889,5,172,-102,-10,-16,0.03150000000000001,-0.018000000000000002
0.9147412776947021,5,172,-102,-16,-21,0.09000000000000001,0.0135
0.9255616664886475,5,172,-102,-16,-10,0.108,0.009000000000000001
0.9357852935791016,5,172,-102,-5,-16,0.1395,0.022500000000000003
0.9459390640258789,5,172,-102,0,-16,0.135,-0.009000000000000001
0.9562020301818848,5,172,-102,0,-10,0.07650000000000001,0.0045000000000000005
0.966404914855957,5,172,-102,16,0,0.06300000000000001,0.0045000000000000005
0.976891040802002,5,172,-102,5,0,0.06300000000000001,-0.0135
0.9873881340026855,5,172,-102,10,0,-0.009000000000000001,-0.054
0.9980838298797607,5,172,-102,5,0,0.0045000000000000005,-0.06300000000000001
0.010100841522216797,6,172,-102,0,0,0.027,-0.0675
0.020224809646606445,6,172,-102,-5,-10,0.0405,-0.0675
0.030647993087768555,6,172,-102,-5,0,0.0405,-0.099
0.04088592529296875,6,172,-103,-5,0,-0.036000000000000004,-0.15750000000000003
0.05146670341491699,6,172,-103,-10,-21,-0.2025,-0.35550000000000004
0.061765193939208984,6,172,-103,-21,-32,-0.396,-0.5355
0.0720982551574707,6,171,-103,-54,-32,-0.5895,-0.5355
0.08261322975158691,6,171,-104,-87,-93,-0.7515,-0.8235
0.09309577941894531,6,169,-104,-120,-93,-0.864,-0.8235
0.10347294807434082,6,169,-106,-120,-131,-0.864,-1.062
0.11385941505432129,6,168,-107,-164,-186,-0.9315,-1.0575
0.12428903579711914,6,166,-110,-186,-225,-1.0080000000000002,-1.296
0.13453936576843262,6,163,-113,-247,-269,-1.179,-1.2915
0.14503860473632812,6,160,-116,-307,-307,-1.1880000000000002,-1.1925
0.15542817115783691,6,157,-120,-362,-351,-1.044,-0.9990000000000001
0.16588807106018066,6,152,-123,-390,-368,-0.7200000000000001,-0.873
0.17619609832763672,6,148,-127,-428,-368,-0.47700000000000004,-0.6615
0.18647456169128418,6,143,-131,-450,-373,-0.333,-0.558
0.19693517684936523,6,138,-135,-455,-379,-0.0405,-0.4455
0.20781970024108887,6,133,-139,-455,-373,0.1665,-0.29250000000000004
0.21814298629760742,6,129,-143,-450,-357,0.36900000000000005,-0.1125
0.22863316535949707,6,124,-147,-433,-346,0.49950000000000006,-0.018000000000000002
0.2391681671142578,6,119,-151,-401,-335,0.792,0.162
0.24927401542663574,6,115,-154,-357,-318,0.8955,0.35100000000000003
0.25958824157714844,6,112,-158,-307,-280,0.9765,0.5130000000000001
0.269939661026001,6,109,-160,-269,-236,1.062,0.6930000000000001
0.28026914596557617,6,106,-163,-208,-208,1.0485,0.7425
0.29055166244506836,6,104,-165,-153,-197,1.062,0.7065
0.30098390579223633,6,103,-167,-115,-159,0.936,0.756
0.3112828731536865,6,102,-168,-82,-120,0.774,0.801
0.321535587310791,6,101,-168,-49,-120,0.6300000000000001,0.801
0.3321666717529297,6,100,-170,-27,-54,0.47250000000000003,0.5175000000000001
0.34258246421813965,6,100,-170,-27,-54,0.47250000000000003,0.5175000000000001
0.3531534671783447,6,100,-171,0,-16,0.21150000000000002,0.49500000000000005
0.36330747604370117,6,100,-171,0,-10,0.21150000000000002,0.189
0.3735640048980713,6,100,-171,0,5,0.20700000000000002,0.17550000000000002
0.3840370178222656,6,100,-171,5,5,0.07650000000000001,0.022500000000000003
0.3942222595214844,6,100,-171,27,10,0.07650000000000001,-0.009000000000000001
0.40477848052978516,6,101,-170,16,16,0.07650000000000001,-0.09000000000000001
0.4151327610015869,6,101,-170,21,0,0.0495,-0.0855
0.42562246322631836,6,101,-170,32,0,-0.027,-0.10350000000000001
0.43579936027526855,6,102,-170,27,-16,-0.022500000000000003,-0.07650000000000001
0.4465000629425049,6,102,-170,21,-10,-0.0675,-0.081
0.45680928230285645,6,102,-170,21,0,-0.06300000000000001,-0.018000000000000002
0.4671497344970703,6,102,-170,16,0,-0.03150000000000001,-0.018000000000000002
0.4777102470397949,6,102,-170,0,16,-0.036000000000000004,-0.054
0.4880990982055664,6,102,-170,0,0,-0.009000000000000001,-0.07650000000000001
0.49829530715942383,6,102,-170,0,0,0.0495,-0.162
0.50885009765625,6,102,-170,0,-5,0.0675,-0.0675
0.5195255279541016,6,102,-170,0,-10,0.0675,-0.07650000000000001
0.5299394130706787,6,102,-170,0,0,0.09000000000000001,-0.03150000000000001
0.5400965213775635,6,102,-170,0,0,0.198,0.07650000000000001
0.5506656169891357,6,102,-170,21,16,0.34650000000000003,0.198
0.5612506866455078,6,103,-170,43,38,0.54,0.378
0.5716812610626221,6,103,-170,60,54,0.6525,0.522
0.5821924209594727,6,104,-169,93,87,0.783,0.666
0.5927879810333252,6,105,-168,131,109,0.927,0.8370000000000001
0.6030702590942383,6,107,-167,181,142,1.0080000000000002,0.936
0.613480806350708,6,109,-167,230,142,1.053,0.936
0.6238312721252441,6,109,-165,230,181,1.053,1.0575
0.6343820095062256,6,112,-163,269,208,1.0125,1.0260000000000002
0.6448206901550293,6,115,-160,307,269,0.918,1.305
0.6550614833831787,6,119,-157,335,318,1.098,1.2240000000000002
0.6652913093566895,6,122,-153,362,379,1.0080000000000002,1.1655
0.6754312515258789,6,127,-149,384,417,0.81,0.873
0.6859660148620605,6,131,-144,406,466,0.675,0.8145
0.6963863372802734,6,135,-139,411,488,0.5625,0.3825
0.7066495418548584,6,140,-133,406,499,0.3285,0.12600000000000003
0.7171001434326172,6,144,-128,379,477,0.009000000000000001,-0.5715
0.7275760173797607,6,148,-123,362,461,-0.18000000000000002,-0.684
0.737905740737915,6,153,-118,335,417,-0.25650000000000006,-0.9135000000000001
0.7482938766479492,6,156,-113,307,368,-0.396,-1.062
0.7585158348083496,6,159,-109,280,313,-0.5445,-1.0575
0.7688853740692139,6,162,-106,252,280,-0.639,-1.143
0.7791073322296143,6,165,-104,230,214,-0.7470000000000001,-1.098
0.7897830009460449,6,167,-102,197,164,-0.792,-1.1025
0.7999980449676514,6,169,-100,159,109,-0.8595,-0.9720000000000001
0.8104960918426514,6,170,-100,120,109,-0.8280000000000001,-0.9720000000000001
0.8206732273101807,6,170,-99,120,82,-0.8280000000000001,-0.8370000000000001
0.8308804035186768,6,171,-98,82,60,-0.6930000000000001,-0.6120000000000001
0.8412063121795654,6,172,-98,49,38,-0.522,-0.6210000000000001
0.8515670299530029,6,173,-98,21,5,-0.48150000000000004,-0.5085000000000001
0.8618450164794922,6,173,-98,16,0,-0.34650000000000003,-0.405
0.8723893165588379,6,173,-98,0,-16,-0.18000000000000002,-0.30600000000000005
0.8828530311584473,6,173,-98,-16,-21,-0.0585,-0.12150000000000001
0.8934087753295898,6,172,-98,-21,-10,0.018000000000000002,-0.045000000000000005
0.9038619995117188,6,172,-98,0,-16,0.117,0.0
0.914360523223877,6,172,-98,-10,-10,0.1665,-0.0405
0.9244980812072754,6,172,-99,0,-10,0.045000000000000005,-0.027
0.9347119331359863,6,172,-99,0,-5,0.099,-0.0675
0.9449882507324219,6,172,-99,0,-10,0.0675,-0.045000000000000005
0.9552474021911621,6,172,-99,21,-10,0.06300000000000001,-0.0585
0.9654321670532227,6,172,-99,10,-16,0.054,-0.054
0.9761209487915039,6,172,-99,0,0,-0.022500000000000003,-0.0495
0.9864859580993652,6,172,-99,0,-5,-0.0,-0.0135
0.9969947338104248,6,172,-99,0,0,0.036000000000000004,-0.09000000000000001
0.010401010513305664,7,172,-99,0,-10,0.054,-0.07200000000000001
0.020640850067138672,7,172,-99,0,0,0.054,-0.099
0.03132152557373047,7,172,-99,0,0,0.0585,-0.0945
0.0416259765625,7,172,-99,0,0,0.009000000000000001,-0.09000000000000001
0.05214238166809082,7,172,-99,0,-5,-0.054,-0.24300000000000002
0.06262898445129395,7,172,-100,-16,-16,-0.24750000000000003,-0.396
0.07321429252624512,7,172,-100,-27,-38,-0.432,-0.5895
0.0836334228515625,7,171,-100,-54,-54,-0.6345,-0.792
0.09396696090698242,7,171,-101,-82,-87,-0.801,-0.9675
0.10447335243225098,7,169,-102,-137,-131,-1.0125,-1.1295000000000002
0.11495137214660645,7,168,-104,-181,-175,-1.1115000000000002,-1.2600000000000002
0.12542104721069336,7,165,-106,-219,-236,-1.2240000000000002,-1.341
0.13591766357421875,7,163,-109,-269,-296,-1.0935000000000001,-1.323
0.146528959274292,7,160,-113,-313,-324,-1.089,-1.323
0.15701985359191895,7,156,-116,-362,-357,-0.9540000000000001,-0.9585
0.16753768920898438,7,152,-120,-401,-379,-0.7380000000000001,-0.8145
0.17775702476501465,7,148,-124,-433,-384,-0.48600000000000004,-0.648
0.18796396255493164,7,143,-128,-450,-379,-0.30150000000000005,-0.49500000000000005
0.19847798347473145,7,138,-132,-455,-373,-0.027,-0.41400000000000003
0.2087717056274414,7,133,-136,-455,-373,0.18000000000000002,-0.30600000000000005
0.21942472457885742,7,128,-140,-444,-362,0.37350000000000005,-0.162
0.22953343391418457,7,124,-144,-422,-346,0.531,-0.018000000000000002
0.24020147323608398,7,119,-147,-395,-335,0.8235,0.189
0.2507045269012451,7,115,-151,-357,-313,0.8505,0.34650000000000003
0.2609977722167969,7,112,-154,-307,-291,0.9720000000000001,0.5265
0.27153897285461426,7,109,-157,-269,-263,1.071,0.6345
0.2819023132324219,7,106,-159,-214,-219,1.08,0.7875
0.29215288162231445,7,104,-162,-159,-181,1.08,0.8190000000000001
0.3027994632720947,7,103,-163,-104,-153,0.9720000000000001,0.801
0.3132185935974121,7,102,-165,-82,-137,0.8145,0.6930000000000001
0.32337117195129395,7,101,-166,-43,-109,0.5670000000000001,0.5985
0.33348536491394043,7,101,-167,-27,-87,0.47250000000000003,0.549
0.34367823600769043,7,100,-168,-16,-65,0.28800000000000003,0.42750000000000005
0.3540630340576172,7,100,-169,0,-38,0.20700000000000002,0.31500000000000006
0.3642699718475342,7,100,-169,5,-38,0.1665,0.31500000000000006
0.37477707862854004,7,100,-169,16,-16,0.0855,0.2205
0.385009765625,7,100,-169,16,-16,0.0855,0.0945
0.395230770111084,7,101,-169,16,0,0.0585,0.0945
0.40601062774658203,7,101,-169,16,16,0.018000000000000002,0.0045000000000000005
0.41658854484558105,7,101,-169,16,21,-0.0,-0.0045000000000000005
0.4271073341369629,7,101,-169,16,5,-0.0045000000000000005,-0.0675
0.43755507469177246,7,101,-169,5,0,-0.009000000000000001,-0.162
0.4477713108062744,7,101,-169,21,0,-0.0,-0.189
0.45793581008911133,7,102,-169,16,0,-0.0,-0.108
0.4683413505554199,7,102,-169,21,0,-0.0135,-0.0855
0.47852563858032227,7,102,-169,0,-10,-0.009000000000000001,-0.0855
0.488614559173584,7,102,-169,5,0,-0.027,-0.0855
0.49919939041137695,7,102,-169,0,0,0.045000000000000005,-0.0405
0.5096640586853027,7,102,-169,0,16,0.0405,-0.081
0.520409345626831,7,102,-169,0,5,0.0585,-0.0855
0.530803918838501,7,102,-169,10,0,0.0945,-0.1305
0.5411157608032227,7,102,-169,10,-5,0.2025,0.0
0.5513536930084229,7,102,-169,21,10,0.30600000000000005,0.2025
0.5615808963775635,7,103,-168,27,21,0.49950000000000006,0.41400000000000003
0.572180986404419,7,103,-168,65,49,0.675,0.5670000000000001
0.5824737548828125,7,104,-167,98,76,0.864,0.7425
0.5932321548461914,7,105,-166,148,104,0.918,0.873
0.6036171913146973,7,107,-165,197,137,1.0035,0.9855
0.6139042377471924,7,110,-165,236,137,0.9585,0.9855
0.6243879795074463,7,112,-164,274,153,0.9540000000000001,1.0755000000000001
0.6347243785858154,7,112,-162,274,197,0.9540000000000001,1.0665
0.6450450420379639,7,116,-159,296,252,0.9045000000000001,1.269
0.6554656028747559,7,119,-156,324,324,0.864,1.35
0.6655483245849609,7,123,-152,340,379,0.9585,1.2060000000000002
0.6758565902709961,7,127,-148,373,422,0.8865,0.9810000000000001
0.6863219738006592,7,131,-143,384,466,0.7425,0.6210000000000001
0.6965072154998779,7,135,-138,384,466,0.42750000000000005,0.07650000000000001
0.7070498466491699,7,139,-133,379,472,0.261,-0.23850000000000002
0.7175698280334473,7,143,-128,362,455,0.1125,-0.42750000000000005
0.727989673614502,7,147,-123,357,439,0.0045000000000000005,-0.5355
0.7385871410369873,7,151,-119,335,411,-0.1935,-0.8460000000000001
0.7491049766540527,7,154,-115,313,362,-0.3825,-0.8684999999999999
0.7593669891357422,7,157,-111,296,318,-0.5130000000000001,-1.0395
0.7700512409210205,7,160,-108,258,274,-0.675,-1.0665
0.7805166244506836,7,163,-106,225,219,-0.801,-1.1205
0.7907450199127197,7,165,-104,197,159,-0.81,-1.107
0.8010256290435791,7,167,-102,164,115,-0.8415,-0.9990000000000001
0.8113985061645508,7,169,-101,137,71,-0.8145,-0.81
0.8217208385467529,7,170,-101,93,49,-0.6930000000000001,-0.6435
0.8318979740142822,7,171,-100,60,27,-0.6030000000000001,-0.432
0.8424229621887207,7,171,-100,43,10,-0.378,-0.31500000000000006
0.8529024124145508,7,172,-100,16,0,-0.225,-0.21150000000000002
0.863154411315918,7,172,-100,0,-16,-0.135,-0.135
0.8738241195678711,7,172,-100,5,-21,-0.027,-0.0945
0.8840591907501221,7,172,-100,0,-5,0.0495,-0.022500000000000003
0.8944664001464844,7,172,-100,0,-10,0.027,0.0045000000000000005
0.9045741558074951,7,172,-100,0,-5,0.045000000000000005,-0.0495
0.9148097038269043,7,172,-100,0,-5,0.045000000000000005,-0.0495
0.9254040718078613,7,172,-100,-10,0,0.0405,-0.036000000000000004
0.9359896183013916,7,172,-100,-5,0,0.054,-0.0585
0.9461543560028076,7,172,-101,-10,-10,0.054,-0.0585
0.956575870513916,7,172,-101,-10,0,0.10350000000000001,-0.09000000000000001
0.9669594764709473,7,172,-101,0,-10,0.07650000000000001,-0.0855
0.9775104522705078,7,172,-101,0,-5,0.099,-0.036000000000000004
0.9877958297729492,7,172,-101,10,-5,0.0945,-0.06300000000000001
0.9981498718261719,7,172,-101,5,-16,0.06300000000000001,-0.0495
0.0102386474609375,8,172,-101,0,-10,0.036000000000000004,-0.0135
0.020720481872558594,8,172,-101,0,-5,0.03150000000000001,0.0
0.031006336212158203,8,172,-102,-10,-10,0.0135,-0.045000000000000005
0.04149365425109863,8,172,-102,-10,-16,-0.0675,-0.1935
0.05196642875671387,8,171,-102,-21,-16,-0.17550000000000002,-0.31050000000000005
0.06246376037597656,8,171,-102,-38,-38,-0.378,-0.48150000000000004
0.07291483879089355,8,171,-103,-60,-60,-0.549,-0.7110000000000001
0.08354544639587402,8,170,-104,-93,-93,-0.6930000000000001,-0.8460000000000001
0.09383964538574219,8,169,-105,-126,-131,-0.8460000000000001,-0.9450000000000001
0.10429906845092773,8,167,-106,-148,-181,-0.9495,-1.053
0.11461424827575684,8,165,-109,-186,-230,-0.9945,-1.0845
0.1251671314239502,8,163,-111,-236,-247,-1.08,-1.0395
0.13564586639404297,8,160,-114,-285,-269,-1.0755000000000001,-0.9720000000000001
0.14576244354248047,8,157,-114,-335,-269,-0.9675,-0.9720000000000001
0.1563420295715332,8,157,-117,-335,-302,-0.9675,-0.9630000000000001
0.16710734367370605,8,153,-121,-373,-340,-0.7965,-1.0035
0.1773233413696289,8,149,-125,-390,-368,-0.5895,-1.1025
0.18800640106201172,8,144,-129,-439,-390,-0.6300000000000001,-0.9675
0.1986083984375,8,139,-133,-466,-401,-0.42750000000000005,-0.7245
0.20894908905029297,8,134,-137,-477,-395,-0.29700000000000004,-0.468
0.21961307525634766,8,129,-142,-499,-384,0.1305,-0.25650000000000006
0.2298424243927002,8,124,-146,-477,-368,0.3825,-0.054
0.24019074440002441,8,119,-150,-450,-351,0.7380000000000001,0.14400000000000002
0.2503781318664551,8,114,-154,-401,-329,1.2105,0.48150000000000004
0.2606511116027832,8,110,-157,-340,-296,1.2645,0.5985
0.270780086517334,8,107,-160,-280,-258,1.3365,0.765
0.2815413475036621,8,104,-163,-214,-219,1.2510000000000001,0.8370000000000001
0.29163122177124023,8,102,-165,-164,-197,1.143,0.8325
0.30173754692077637,8,101,-167,-109,-170,1.0035,0.8280000000000001
0.3122415542602539,8,100,-168,-76,-131,0.8460000000000001,0.8055
0.32279539108276367,8,99,-170,-49,-93,0.6120000000000001,0.7335
0.33330607414245605,8,98,-170,-27,-54,0.468,0.5625
0.34356689453125,8,98,-171,-16,-32,0.333,0.37350000000000005
0.35381531715393066,8,98,-171,0,-16,0.24750000000000003,0.1935
0.3643968105316162,8,98,-171,10,-5,0.18000000000000002,0.09000000000000001
0.3748962879180908,8,98,-171,16,0,0.10350000000000001,0.018000000000000002
0.38543009757995605,8,99,-171,27,0,0.054,-0.036000000000000004
0.3960132598876953,8,99,-171,27,0,0.054,-0.036000000000000004
0.40628504753112793,8,99,-171,16,5,0.027,-0.0585
0.4166285991668701,8,99,-171,21,5,-0.018000000000000002,-0.0675
0.42685890197753906,8,99,-171,10,5,-0.027,-0.0585
0.4372422695159912,8,100,-171,21,0,0.0045000000000000005,-0.09000000000000001
0.44772768020629883,8,100,-171,10,0,-0.0045000000000000005,-0.0945
0.4580061435699463,8,100,-171,21,0,0.036000000000000004,-0.081
0.4683830738067627,8,100,-171,16,0,0.03150000000000001,-0.07200000000000001
0.47910594940185547,8,100,-171,5,0,-0.0135,-0.06300000000000001
0.48942112922668457,8,100,-171,0,0,0.009000000000000001,-0.06300000000000001
0.49977827072143555,8,101,-171,10,0,0.0495,-0.07200000000000001
0.5103819370269775,8,101,-171,10,0,0.07650000000000001,-0.0585
0.5207474231719971,8,101,-171,16,0,0.03150000000000001,-0.06300000000000001
0.5309629440307617,8,101,-171,10,0,0.0585,-0.0405
0.5411791801452637,8,101,-171,16,0,0.14400000000000002,0.0405
0.5514035224914551,8,101,-171,21,5,0.3195,0.2205
0.5617973804473877,8,102,-171,49,38,0.48600000000000004,0.41400000000000003
0.5720024108886719,8,102,-170,71,54,0.6885,0.5895
0.582190990447998,8,103,-170,104,87,0.774,0.7065
0.5927538871765137,8,104,-168,131,131,0.9,0.8550000000000001
0.6031215190887451,8,106,-167,186,148,0.9630000000000001,0.9045000000000001
0.6133241653442383,8,108,-165,225,186,1.0755000000000001,0.9315
0.6236133575439453,8,111,-165,269,186,1.0215,0.9315
0.634143590927124,8,114,-163,302,225,0.936,1.0755000000000001
0.6446859836578369,8,114,-160,302,252,0.936,1.0170000000000001
0.6551153659820557,8,118,-157,324,318,0.864,1.1340000000000001
0.6653707027435303,8,121,-154,351,368,0.8595,1.0350000000000001
0.6754920482635498,8,125,-150,373,411,0.9585,0.9225
0.6856505870819092,8,129,-145,390,444,0.8325,0.684
0.6959497928619385,8,133,-140,384,477,0.6885,0.396
0.7062342166900635,8,138,-135,390,472,0.25650000000000006,-0.14850000000000002
0.7168459892272949,8,142,-129,384,461,0.14850000000000002,-0.4545
0.7270135879516602,8,146,-125,368,433,-0.022500000000000003,-0.675
0.7370951175689697,8,150,-120,346,411,-0.25200000000000006,-0.7515
0.7472405433654785,8,153,-116,329,379,-0.378,-0.8865
0.7576537132263184,8,156,-112,291,329,-0.522,-1.0305
0.7677295207977295,8,159,-109,247,291,-0.6885,-1.1520000000000001
0.7782313823699951,8,162,-106,219,241,-0.7290000000000001,-1.0755000000000001
0.7885894775390625,8,164,-104,192,181,-0.7425,-1.143
0.7990751266479492,8,166,-102,159,120,-0.7695,-1.08
0.8092403411865234,8,167,-101,131,76,-0.774,-0.891
0.8195300102233887,8,169,-100,104,43,-0.666,-0.6615
0.8297135829925537,8,170,-100,82,21,-0.54,-0.459
0.8401267528533936,8,171,-100,54,16,-0.42750000000000005,-0.29700000000000004
0.8501894474029541,8,171,-100,54,16,-0.42750000000000005,-0.29700000000000004
0.8607711791992188,8,171,-100,32,0,-0.3195,-0.1935
0.871314525604248,8,171,-100,16,-5,-0.198,-0.162
0.8815016746520996,8,172,-100,5,-10,-0.2025,-0.15750000000000003
0.8918304443359375,8,171,-100,-10,-10,-0.0945,-0.09000000000000001
0.9019932746887207,8,171,-100,-16,-10,-0.0135,-0.0675
0.912081241607666,8,171,-100,-10,-10,0.0135,-0.0495
0.9222679138183594,8,171,-101,-10,-16,0.108,-0.03150000000000001
0.9326014518737793,8,171,-101,-5,-10,0.135,-0.036000000000000004
0.9428367614746094,8,171,-101,-16,-10,0.12150000000000001,0.0
0.9531996250152588,8,171,-101,0,-10,0.0855,-0.027
0.9637589454650879,8,171,-101,5,-16,0.14400000000000002,-0.027
0.9739875793457031,8,171,-101,5,-16,0.0675,-0.022500000000000003
0.9842031002044678,8,171,-101,5,-10,0.036000000000000004,0.0
0.9946653842926025,8,171,-101,16,-16,0.0405,0.0
0.010581254959106445,9,171,-102,0,0,0.0045000000000000005,0.0
0.020763874053955078,9,171,-102,-21,0,-0.0045000000000000005,-0.0045000000000000005
0.031113624572753906,9,171,-102,-10,0,0.018000000000000002,-0.099
0.04167509078979492,9,171,-102,-10,0,0.018000000000000002,-0.20700000000000002
0.05203676223754883,9,171,-102,-10,-21,-0.1935,-0.36900000000000005
0.06251811981201172,9,170,-102,-21,-38,-0.36900000000000005,-0.5670000000000001
0.0731360912322998,9,170,-103,-49,-65,-0.5760000000000001,-0.6885
0.08337926864624023,9,169,-103,-82,-93,-0.7695,-0.8415
0.09373641014099121,9,168,-105,-126,-126,-0.909,-0.9315
0.10438680648803711,9,167,-106,-148,-181,-0.9675,-1.053
0.11486530303955078,9,165,-109,-186,-225,-1.0035,-1.125
0.12514400482177734,9,165,-109,-186,-225,-1.0035,-1.125
0.13582563400268555,9,160,-111,-269,-247,-1.0485,-1.0485
0.14620566368103027,9,157,-114,-335,-263,-1.2195,-0.9810000000000001
0.15672636032104492,9,153,-117,-379,-313,-0.9405,-1.0845
0.16712236404418945,9,153,-121,-379,-346,-0.9405,-1.1700000000000002
0.17777562141418457,9,149,-125,-395,-379,-0.5715,-1.1385
0.1882314682006836,9,144,-129,-428,-406,-0.4005,-0.9135000000000001
0.19861197471618652,9,140,-134,-455,-417,-0.387,-0.7200000000000001
0.20890593528747559,9,135,-138,-483,-406,-0.23850000000000002,-0.432
0.21920537948608398,9,129,-143,-472,-390,0.0495,-0.1665
0.22947430610656738,9,124,-147,-477,-368,0.36900000000000005,0.009000000000000001
0.23974251747131348,9,119,-151,-439,-351,0.918,0.3285
0.2499985694885254,9,115,-154,-390,-324,1.2195,0.47700000000000004
0.2606966495513916,9,111,-158,-335,-285,1.2825,0.6210000000000001
0.27100324630737305,9,107,-160,-280,-247,1.197,0.7200000000000001
0.28153300285339355,9,105,-163,-214,-225,1.2285,0.7875
0.29195117950439453,9,103,-165,-153,-192,1.1655,0.774
0.3024277687072754,9,101,-167,-104,-148,0.9810000000000001,0.864
0.31275272369384766,9,100,-169,-71,-120,0.81,0.7875
0.3231644630432129,9,100,-170,-54,-93,0.5805,0.6165
0.33373427391052246,9,99,-171,-27,-54,0.41850000000000004,0.5085000000000001
0.34414052963256836,9,99,-171,-16,-32,0.36000000000000004,0.36900000000000005
0.3545660972595215,9,99,-171,0,-16,0.23850000000000002,0.2025
0.36480259895324707,9,99,-171,16,-5,0.1665,0.0855
0.37540459632873535,9,99,-172,10,0,0.09000000000000001,0.027
0.38586950302124023,9,99,-172,27,0,0.018000000000000002,-0.022500000000000003
0.39618897438049316,9,100,-171,16,10,0.03150000000000001,-0.0495
0.40662193298339844,9,100,-171,16,10,-0.018000000000000002,-0.0495
0.41681694984436035,9,100,-171,21,10,0.009000000000000001,-0.054
0.4273796081542969,9,100,-171,21,0,0.009000000000000001,-0.1125
0.43788766860961914,9,100,-171,21,0,0.009000000000000001,-0.108
0.44806337356567383,9,100,-171,21,-5,-0.009000000000000001,-0.12600000000000003
0.45843935012817383,9,101,-171,16,-10,-0.0045000000000000005,-0.0675
0.4686152935028076,9,101,-172,16,0,-0.0135,-0.0675
0.4791097640991211,9,101,-172,10,0,-0.009000000000000001,-0.0495
0.4891695976257324,9,101,-171,5,0,-0.0045000000000000005,-0.036000000000000004
0.4993915557861328,9,101,-171,0,10,-0.0,-0.045000000000000005
0.5095870494842529,9,101,-171,0,0,0.036000000000000004,-0.06300000000000001
0.5200788974761963,9,101,-171,5,0,0.07650000000000001,-0.117
0.5302045345306396,9,101,-171,16,0,0.1125,-0.054
0.5408124923706055,9,101,-171,16,0,0.18450000000000003,0.045000000000000005
0.5510842800140381,9,101,-171,27,16,0.279,0.198
0.5615692138671875,9,102,-171,38,21,0.48150000000000004,0.4005
0.5717110633850098,9,102,-171,60,49,0.648,0.54
0.5821278095245361,9,103,-170,93,76,0.8235,0.7470000000000001
0.5922396183013916,9,104,-169,137,115,0.9405,0.8775
0.6026995182037354,9,106,-168,186,159,1.0215,0.9765
0.6129376888275146,9,108,-166,230,192,1.0485,1.0125
0.6230752468109131,9,111,-164,263,219,0.9765,1.0080000000000002
0.6333322525024414,9,111,-164,263,219,0.9765,1.0080000000000002
0.6439378261566162,9,114,-161,296,263,0.9,1.0125
0.6540777683258057,9,118,-158,324,302,0.882,1.0260000000000002
0.6644299030303955,9,121,-154,357,362,1.0395,1.071
0.6746642589569092,9,125,-150,390,406,1.0035,0.8684999999999999
0.6851155757904053,9,130,-145,401,444,0.8415,0.6210000000000001
0.6956512928009033,9,134,-140,411,477,0.6795,0.41400000000000003
0.7062191963195801,9,138,-135,401,494,0.4005,0.1395
0.7165770530700684,9,142,-130,395,494,0.2295,-0.135
0.7268671989440918,9,147,-124,379,483,0.027,-0.4635
0.7374081611633301,9,150,-119,351,466,-0.14400000000000002,-0.6975
0.7479138374328613,9,154,-115,324,417,-0.4635,-1.0395
0.758284330368042,9,158,-110,285,362,-0.558,-1.3455000000000001
0.7686209678649902,9,161,-107,263,296,-0.684,-1.2825
0.7787930965423584,9,163,-104,236,214,-0.7380000000000001,-1.323
0.7892377376556396,9,166,-102,203,170,-0.8415,-1.2105
0.7998895645141602,9,168,-100,164,120,-0.882,-0.9675
0.8104367256164551,9,169,-99,131,87,-0.8280000000000001,-0.8550000000000001
0.8207459449768066,9,171,-98,93,71,-0.7110000000000001,-0.6615
0.831244945526123,9,171,-98,65,32,-0.558,-0.522
0.8414885997772217,9,172,-98,43,16,-0.4005,-0.45
0.8516929149627686,9,172,-98,16,0,-0.25650000000000006,-0.25650000000000006
0.8619155883789062,9,173,-98,10,-5,-0.15300000000000002,-0.18450000000000003
0.8723595142364502,9,173,-98,10,-5,-0.15300000000000002,-0.18450000000000003
0.882535457611084,9,173,-98,0,0,-0.022500000000000003,-0.108
0.8927538394927979,9,173,-98,0,-16,-0.0,-0.07650000000000001
0.9029076099395752,9,173,-98,-16,-10,0.009000000000000001,-0.081
0.913339376449585,9,173,-98,0,-16,0.0495,-0.108
0.9235434532165527,9,172,-98,-5,-10,0.045000000000000005,-0.036000000000000004
0.9336597919464111,9,172,-98,-10,0,0.0495,-0.0135
0.9441101551055908,9,172,-98,0,0,0.06300000000000001,-0.0495
0.9545972347259521,9,172,-98,0,0,0.099,-0.099
0.9649496078491211,9,172,-98,0,0,0.0675,-0.108
0.9753985404968262,9,172,-98,0,-5,0.0495,-0.1125
0.9857525825500488,9,172,-98,0,0,0.0675,-0.10350000000000001
0.9961998462677002,9,172,-98,5,0,0.054,-0.081
0.010380268096923828,10,172,-98,5,0,0.0405,-0.108
0.0209197998046875,10,172,-98,0,0,0.036000000000000004,-0.1125
0.031204700469970703,10,172,-98,0,0,0.0045000000000000005,-0.14400000000000002
0.04151034355163574,10,172,-98,-5,0,-0.0675,-0.24300000000000002
0.05208277702331543,10,172,-98,-10,-21,-0.25650000000000006,-0.40950000000000003
0.06234240531921387,10,172,-99,-27,-27,-0.405,-0.6165
0.07283949851989746,10,171,-99,-65,-54,-0.6030000000000001,-0.7515
0.08341503143310547,10,171,-100,-98,-87,-0.756,-0.936
0.09378862380981445,10,169,-101,-137,-120,-0.8280000000000001,-1.053
0.10423851013183594,10,168,-103,-170,-159,-0.9,-1.1340000000000001
0.11452102661132812,10,166,-103,-181,-159,-0.936,-1.1340000000000001
0.1253347396850586,10,166,-105,-181,-208,-0.936,-1.1520000000000001
0.13620924949645996,10,161,-107,-258,-258,-1.062,-1.2015
0.14676928520202637,10,161,-110,-258,-313,-1.062,-1.35
0.15705442428588867,10,158,-114,-324,-346,-1.1744999999999999,-1.2105
0.16750001907348633,10,154,-118,-368,-379,-0.8684999999999999,-1.0575
0.17777109146118164,10,150,-122,-428,-395,-0.9855,-0.882
0.18817734718322754,10,145,-126,-472,-406,-0.7785,-0.6525
0.19835281372070312,10,140,-130,-505,-395,-0.468,-0.47700000000000004
0.20869159698486328,10,134,-134,-516,-384,-0.0585,-0.35550000000000004
0.21906614303588867,10,128,-139,-516,-373,0.30600000000000005,-0.18000000000000002
0.22961115837097168,10,123,-143,-477,-362,0.9540000000000001,0.0045000000000000005
0.23984622955322266,10,118,-146,-433,-346,1.1205,0.2205
0.25037550926208496,10,114,-150,-379,-329,1.1925,0.41400000000000003
0.2605283260345459,10,110,-153,-324,-302,1.1880000000000002,0.5625
0.2706773281097412,10,107,-157,-269,-269,1.2375,0.7065
0.2811729907989502,10,104,-159,-214,-230,1.1835,0.8055
0.29133129119873047,10,102,-162,-159,-192,1.089,0.8505
0.3016970157623291,10,101,-164,-120,-164,0.9990000000000001,0.8415
0.3122141361236572,10,100,-165,-71,-137,0.8325,0.7515
0.3229641914367676,10,99,-167,-43,-115,0.6435,0.675
0.3331794738769531,10,99,-168,-16,-93,0.4365,0.5535
0.3440873622894287,10,99,-168,-16,-65,0.31050000000000005,0.459
0.3545207977294922,10,99,-169,0,-32,0.17550000000000002,0.35100000000000003
0.36509132385253906,10,99,-169,10,-10,0.171,0.2205
0.3753662109375,10,99,-169,21,-10,0.0945,0.06300000000000001
0.3857920169830322,10,99,-169,21,0,0.045000000000000005,-0.0135
0.39597153663635254,10,99,-169,21,0,-0.0,-0.0135
0.40630531311035156,10,99,-169,21,0,-0.0,-0.027
0.4168674945831299,10,100,-169,21,16,-0.0,-0.07650000000000001
0.4272878170013428,10,100,-169,10,0,-0.0,-0.0855
0.43776631355285645,10,100,-169,10,5,-0.009000000000000001,-0.07650000000000001
0.4483513832092285,10,100,-169,10,-5,-0.009000000000000001,-0.1665
0.45865535736083984,10,100,-169,5,0,0.027,-0.117
0.4687530994415283,10,100,-169,5,0,0.027,-0.0675
0.47905397415161133,10,100,-169,0,-5,0.054,-0.0855
0.48951268196105957,10,101,-169,21,0,0.06300000000000001,-0.0855
0.4999420642852783,10,101,-169,5,0,0.081,-0.06300000000000001
0.5104095935821533,10,101,-169,0,5,-0.0,-0.0855
0.5209689140319824,10,101,-169,5,0,0.036000000000000004,-0.0855
0.5312619209289551,10,101,-169,16,0,0.117,-0.0675
0.541827917098999,10,101,-169,16,0,0.1935,0.03150000000000001
0.552532434463501,10,101,-169,27,0,0.29700000000000004,0.216
0.5628669261932373,10,102,-169,54,32,0.5040000000000001,0.41850000000000004
0.5733664035797119,10,102,-169,76,60,0.684,0.6525
0.5835361480712891,10,103,-168,109,93,0.7695,0.7380000000000001
0.5940659046173096,10,105,-168,142,93,0.8865,0.7380000000000001
0.6043059825897217,10,105,-167,142,104,0.8865,0.8505
0.6144852638244629,10,106,-165,181,126,0.9765,0.927
0.6247870922088623,10,109,-164,230,175,1.0665,1.1925
0.6350388526916504,10,112,-162,285,214,1.2555,1.2645
0.6452643871307373,10,115,-159,324,280,1.2465,1.2825
0.6557145118713379,10,119,-156,368,335,1.1205,1.2735
0.6659188270568848,10,123,-152,379,384,0.909,1.1025
0.6760413646697998,10,127,-147,395,422,0.5040000000000001,0.5625
0.6865079402923584,10,131,-143,401,450,0.42300000000000004,0.3375
0.6966712474822998,10,135,-138,395,450,0.30600000000000005,0.07650000000000001
0.7072112560272217,10,140,-133,390,450,0.1665,-0.15750000000000003
0.7178909778594971,10,144,-128,379,444,0.0495,-0.35550000000000004
0.7281575202941895,10,148,-123,357,433,-0.0855,-0.45
0.7384603023529053,10,151,-119,329,401,-0.28800000000000003,-0.7785
0.748976469039917,10,155,-115,313,362,-0.41400000000000003,-0.8595
0.7592918872833252,10,158,-111,274,318,-0.47700000000000004,-0.9720000000000001
0.7699127197265625,10,161,-108,247,263,-0.6615,-1.053
0.7805829048156738,10,163,-105,214,203,-0.7155,-1.116
0.7910721302032471,10,165,-103,192,159,-0.783,-1.0575
0.8012428283691406,10,167,-102,159,115,-0.7875,-0.9135000000000001
0.8115711212158203,10,169,-101,126,82,-0.783,-0.8145
0.8216917514801025,10,170,-101,93,82,-0.675,-0.8145
0.8318021297454834,10,171,-100,60,43,-0.5535,-0.639
0.8423914909362793,10,171,-100,60,27,-0.5535,-0.48600000000000004
0.8530447483062744,10,171,-100,38,0,-0.3915,-0.47250000000000003
0.8633866310119629,10,172,-100,21,-16,-0.2295,-0.31050000000000005
0.8739151954650879,10,172,-100,10,-21,-0.2205,-0.216
0.8842518329620361,10,172,-100,-10,-16,-0.12150000000000001,-0.081
0.8946950435638428,10,172,-100,-16,-10,-0.054,-0.0135
0.9050040245056152,10,172,-101,-27,-16,-0.0045000000000000005,0.009000000000000001
0.9154469966888428,10,171,-101,-10,-10,0.12600000000000003,-0.03150000000000001
0.9257326126098633,10,171,-101,-5,-10,0.1935,-0.0045000000000000005
0.936180830001831,10,171,-101,-10,0,0.108,-0.018000000000000002
0.9466817378997803,10,171,-101,0,-10,0.09000000000000001,-0.018000000000000002
0.9570446014404297,10,171,-101,0,-10,0.1125,-0.0675
0.9672982692718506,10,171,-101,0,-21,0.07650000000000001,-0.03150000000000001
0.9774718284606934,10,171,-101,0,-5,0.0675,-0.022500000000000003
0.9880063533782959,10,171,-101,0,-10,0.06300000000000001,0.0135
0.9984352588653564,10,171,-101,5,-16,0.06300000000000001,-0.03150000000000001
0.010455608367919922,11,171,-102,0,0,0.0495,0.0
0.020717382431030273,11,171,-102,-10,0,0.0405,0.0
0.030932188034057617,11,171,-102,-10,0,0.022500000000000003,-0.099
0.04147481918334961,11,171,-102,-5,0,-0.0135,-0.20700000000000002
0.05218005180358887,11,171,-102,-5,-27,-0.171,-0.36000000000000004
0.06266379356384277,11,171,-102,-27,-43,-0.4005,-0.5625
0.07311749458312988,11,170,-103,-54,-60,-0.6120000000000001,-0.657
0.08354806900024414,11,169,-103,-82,-60,-0.756,-0.657
0.0939946174621582,11,169,-105,-82,-126,-0.756,-0.9630000000000001
0.10453248023986816,11,167,-105,-153,-126,-0.9720000000000001,-0.9630000000000001
0.11489605903625488,11,165,-106,-197,-181,-1.2285,-1.197
0.12533187866210938,11,165,-108,-197,-219,-1.2285,-1.1385
0.13570618629455566,11,163,-111,-225,-258,-1.044,-1.323
0.14605379104614258,11,160,-114,-274,-296,-1.0350000000000001,-1.2600000000000002
0.15644335746765137,11,157,-118,-335,-346,-1.179,-1.1295000000000002
0.1668562889099121,11,153,-121,-390,-379,-1.2015,-1.0935000000000001
0.1772165298461914,11,149,-125,-417,-395,-0.9720000000000001,-0.9405
0.18775129318237305,11,144,-130,-477,-401,-0.6120000000000001,-0.6930000000000001
0.19820094108581543,11,139,-134,-510,-401,-0.378,-0.558
0.2086331844329834,11,133,-138,-505,-390,-0.1125,-0.35550000000000004
0.21892046928405762,11,128,-142,-510,-373,0.31500000000000006,-0.1935
0.229048490524292,11,123,-146,-483,-351,0.792,-0.045000000000000005
0.2394394874572754,11,118,-150,-455,-340,0.8865,0.0945
0.2497563362121582,11,113,-153,-401,-329,1.2600000000000002,0.3825
0.26039886474609375,11,109,-157,-335,-296,1.3995,0.5355
0.2706298828125,11,106,-160,-274,-263,1.323,0.756
0.2811298370361328,11,103,-162,-219,-230,1.1700000000000002,0.8460000000000001
0.29143595695495605,11,101,-165,-170,-203,1.1385,0.8415
0.3015897274017334,11,100,-167,-109,-164,1.0125,0.864
0.31199049949645996,11,98,-168,-71,-131,0.9135000000000001,0.8415
0.32250523567199707,11,98,-170,-49,-93,0.6210000000000001,0.7065
0.33277130126953125,11,97,-170,-32,-49,0.47250000000000003,0.5670000000000001
0.3430931568145752,11,97,-171,-10,-38,0.342,0.3915
0.353410005569458,11,97,-171,0,-27,0.279,0.15750000000000003
0.36371898651123047,11,97,-171,0,-10,0.162,0.12150000000000001
0.37443995475769043,11,97,-171,10,0,0.117,0.0585
0.38489317893981934,11,97,-171,10,0,0.10350000000000001,0.0
0.39527010917663574,11,97,-171,21,10,0.07200000000000001,-0.0495
0.4054536819458008,11,97,-171,21,0,0.07650000000000001,-0.06300000000000001
0.41562533378601074,11,98,-171,21,0,0.018000000000000002,-0.06300000000000001
0.42616987228393555,11,98,-171,16,0,-0.0,-0.07200000000000001
0.4367227554321289,11,98,-171,16,0,-0.0,-0.07200000000000001
0.4469602108001709,11,98,-171,10,0,0.0135,-0.07200000000000001
0.45746850967407227,11,98,-171,0,0,0.009000000000000001,-0.0675
0.46802210807800293,11,98,-171,0,0,0.0135,-0.06300000000000001
0.47860217094421387,11,98,-171,0,0,0.054,-0.07200000000000001
0.4891021251678467,11,98,-171,0,0,0.099,-0.07200000000000001
0.49927806854248047,11,98,-171,10,0,0.10350000000000001,-0.0675
0.5096971988677979,11,98,-171,16,0,0.1125,-0.0585
0.5202486515045166,11,98,-171,5,0,0.0585,-0.054
0.53167724609375,11,98,-171,5,0,0.06300000000000001,-0.036000000000000004
0.5420036315917969,11,99,-171,21,0,0.20700000000000002,0.045000000000000005
0.552299976348877,11,99,-171,32,10,0.396,0.2205
0.5628046989440918,11,99,-171,54,32,0.49950000000000006,0.4365
0.5734312534332275,11,100,-170,71,54,0.675,0.5940000000000001
0.5835731029510498,11,101,-170,104,82,0.8055,0.756
0.5944256782531738,11,103,-168,148,126,0.9765,0.9045000000000001
0.6046276092529297,11,105,-167,186,164,1.0170000000000001,0.9630000000000001
0.6148262023925781,11,107,-165,241,192,1.044,0.9945
0.625349760055542,11,110,-163,274,225,0.9990000000000001,0.936
0.6357741355895996,11,113,-163,313,225,0.9450000000000001,0.936
0.6459882259368896,11,116,-160,340,269,0.9225,1.053
0.6568238735198975,11,116,-157,340,318,0.9225,1.0305
0.6674501895904541,11,120,-153,357,379,0.8055,1.1025
0.677910327911377,11,124,-149,373,406,0.7245,0.882
0.6885020732879639,11,128,-145,384,450,0.7425,0.783
0.6987719535827637,11,132,-140,390,472,0.657,0.3375
0.709200382232666,11,136,-134,384,477,0.441,0.12600000000000003
0.7197527885437012,11,140,-129,379,477,0.261,-0.1935
0.7299659252166748,11,144,-124,368,466,0.0855,-0.49950000000000006
0.7401068210601807,11,148,-119,357,450,-0.022500000000000003,-0.648
0.7502739429473877,11,152,-115,346,406,-0.279,-0.8505
0.7605853080749512,11,156,-111,318,351,-0.459,-1.0575
0.7709822654724121,11,159,-107,285,302,-0.5985,-1.2060000000000002
0.7815036773681641,11,162,-104,247,230,-0.81,-1.314
0.7919917106628418,11,164,-102,203,170,-0.9900000000000001,-1.287
0.8025264739990234,11,166,-100,175,126,-0.9405,-1.0755000000000001
0.8127424716949463,11,168,-99,148,87,-0.8595,-0.9
0.8231256008148193,11,169,-99,104,60,-0.7290000000000001,-0.6795
0.8335521221160889,11,170,-98,82,38,-0.6345,-0.5175000000000001
0.8438386917114258,11,171,-98,54,10,-0.441,-0.387
0.8540911674499512,11,171,-98,38,10,-0.324,-0.29250000000000004
0.8645322322845459,11,172,-98,16,0,-0.20700000000000002,-0.15300000000000002
0.8749315738677979,11,172,-98,10,0,-0.117,-0.14850000000000002
0.8852353096008301,11,172,-98,0,0,-0.03150000000000001,-0.108
0.895517110824585,11,172,-98,0,-16,-0.0,-0.099
0.9059128761291504,11,172,-98,-10,-21,0.036000000000000004,-0.1125
0.9164202213287354,11,172,-98,-16,-5,0.054,-0.0405
0.9269671440124512,11,172,-98,-16,-10,0.108,0.0
0.9377725124359131,11,172,-98,-10,-10,0.1305,-0.06300000000000001
0.9482114315032959,11,172,-98,0,-5,0.1305,-0.0585
0.9591207504272461,11,172,-98,0,0,0.10350000000000001,-0.07200000000000001
0.9692118167877197,11,172,-98,0,0,0.06300000000000001,-0.0855
0.9797112941741943,11,172,-98,10,0,0.0585,-0.10350000000000001
0.9903299808502197,11,172,-98,0,0,0.0495,-0.108
0.010289192199707031,12,172,-98,0,0,0.009000000000000001,-0.10350000000000001
0.02094745635986328,12,172,-98,0,0,0.0675,-0.117
0.03187370300292969,12,172,-98,0,0,0.027,-0.108
0.042319297790527344,12,172,-98,0,0,0.027,-0.15300000000000002
0.05288124084472656,12,171,-98,0,0,-0.0495,-0.24300000000000002
0.0633242130279541,12,171,-99,-16,-27,-0.24300000000000002,-0.432
0.07540202140808105,12,171,-99,-38,-32,-0.4365,-0.6435
0.08879685401916504,12,170,-100,-98,-87,-0.8190000000000001,-0.9450000000000001
0.10094523429870605,12,168,-102,-137,-131,-1.0125,-1.2240000000000002
0.11137819290161133,12,166,-103,-170,-192,-1.0125,-1.2555
0.12159395217895508,12,164,-106,-214,-225,-1.098,-1.2645
0.1321256160736084,12,162,-108,-247,-269,-1.0395,-1.179
0.14313673973083496,12,159,-112,-285,-324,-0.9720000000000001,-1.1295000000000002
0.15375018119812012,12,155,-115,-351,-335,-1.0035,-0.9945
0.16413187980651855,12,151,-119,-390,-346,-0.909,-0.8415
0.17450189590454102,12,147,-123,-422,-373,-0.5715,-0.792
0.18494105339050293,12,142,-123,-444,-373,-0.333,-0.792
0.19528698921203613,12,137,-127,-455,-373,-0.081,-0.7110000000000001
0.2058727741241455,12,137,-131,-455,-384,-0.081,-0.49950000000000006
0.21644210815429688,12,133,-135,-450,-384,0.1395,-0.4005
0.22770023345947266,12,128,-140,-444,-384,0.30600000000000005,-0.24300000000000002
0.23807430267333984,12,123,-144,-428,-373,0.5085000000000001,-0.03150000000000001
0.24877333641052246,12,115,-147,-362,-357,0.9540000000000001,0.1935
0.2592611312866211,12,115,-151,-362,-329,0.9540000000000001,0.48600000000000004
0.2695443630218506,12,111,-154,-318,-302,1.143,0.6615
0.2801828384399414,12,108,-157,-269,-247,1.0170000000000001,0.7785
0.29095935821533203,12,105,-160,-214,-219,1.2555,0.927
0.3015413284301758,12,103,-162,-137,-181,1.2420000000000002,0.9900000000000001
0.31195545196533203,12,102,-164,-82,-159,1.2105,0.8775
0.3223907947540283,12,102,-165,-21,-120,1.062,0.864
0.3326730728149414,12,102,-166,0,-93,0.7380000000000001,0.7425
0.34286975860595703,12,102,-167,16,-65,0.468,0.6525
0.3535473346710205,12,102,-168,27,-38,0.17550000000000002,0.47250000000000003
0.3636608123779297,12,102,-168,21,-16,0.0675,0.342
0.37410807609558105,12,102,-168,10,5,0.009000000000000001,0.21150000000000002
0.38450002670288086,12,103,-168,5,27,-0.022500000000000003,0.0
0.3949573040008545,12,103,-168,0,21,0.009000000000000001,-0.1125
0.40519165992736816,12,103,-168,16,10,0.022500000000000003,-0.225
0.4156458377838135,12,103,-168,10,-10,0.0495,-0.198
0.42644190788269043,12,103,-168,5,-10,-0.0045000000000000005,-0.14850000000000002
0.4367051124572754,12,103,-168,5,-5,0.0045000000000000005,-0.054
0.44741058349609375,12,103,-168,0,0,0.022500000000000003,-0.0495
0.4577949047088623,12,103,-168,0,0,0.03150000000000001,-0.0675
0.4682888984680176,12,103,-168,0,10,0.0495,-0.099
0.4785447120666504,12,103,-168,0,16,0.0585,-0.0945
0.4890296459197998,12,103,-168,0,0,0.054,-0.14850000000000002
0.4993588924407959,12,103,-168,0,0,0.0585,-0.1665
0.5096395015716553,12,103,-168,0,-5,0.054,-0.099
0.5201437473297119,12,103,-168,0,0,0.0585,-0.099
0.530301570892334,12,103,-168,0,0,0.09000000000000001,-0.0495
0.5406858921051025,12,103,-168,21,0,0.189,0.0135
0.5510053634643555,12,103,-168,21,21,0.3375,0.18000000000000002
0.5613877773284912,12,104,-168,32,32,0.432,0.36450000000000005
0.5718975067138672,12,104,-167,60,38,0.6525,0.5040000000000001
0.5822596549987793,12,105,-167,98,60,0.81,0.6885
0.5927410125732422,12,106,-166,142,87,0.936,0.918
0.6031482219696045,12,108,-165,192,115,0.9900000000000001,1.071
0.613410234451294,12,111,-165,230,115,0.9900000000000001,1.071
0.6235549449920654,12,111,-164,230,148,0.9900000000000001,1.161
0.6338510513305664,12,113,-162,269,192,0.9540000000000001,1.1925
0.6443612575531006,12,116,-159,291,252,0.936,1.377
0.6548476219177246,12,120,-156,324,318,1.0485,1.3725
0.6652498245239258,12,123,-153,357,373,0.9495,1.3365
0.6756026744842529,12,127,-149,368,411,0.8955,1.071
0.6861584186553955,12,131,-144,390,450,0.7290000000000001,0.7695
0.6966016292572021,12,135,-139,401,483,0.5535,0.432
0.7067975997924805,12,140,-134,401,499,0.41400000000000003,0.1665
0.7169184684753418,12,144,-128,390,499,0.21150000000000002,-0.18450000000000003
0.7271604537963867,12,148,-123,368,483,0.045000000000000005,-0.405
0.73752760887146,12,152,-118,351,450,-0.3285,-0.9900000000000001
0.7478070259094238,12,155,-113,324,395,-0.45,-1.2060000000000002
0.7583141326904297,12,159,-110,296,335,-0.5895,-1.197
0.7688038349151611,12,162,-106,263,280,-0.6615,-1.2105
0.7793681621551514,12,164,-103,214,225,-0.8280000000000001,-1.1925
0.7897229194641113,12,166,-101,203,159,-0.8550000000000001,-1.1295000000000002
0.800203800201416,12,168,-100,170,126,-0.7965,-1.044
0.8106551170349121,12,170,-99,131,104,-0.8280000000000001,-0.7875
0.8208200931549072,12,171,-98,93,65,-0.756,-0.6930000000000001
0.8309423923492432,12,172,-97,60,38,-0.5760000000000001,-0.6165
0.8411574363708496,12,172,-97,32,21,-0.378,-0.4365
0.8515996932983398,12,173,-97,21,0,-0.24750000000000003,-0.30600000000000005
0.8621854782104492,12,173,-97,10,-16,-0.09000000000000001,-0.216
0.8727939128875732,12,173,-97,0,-21,-0.0405,-0.12150000000000001
0.8830814361572266,12,173,-97,0,-5,-0.009000000000000001,-0.0405
0.8937211036682129,12,173,-97,0,-5,0.027,-0.009000000000000001
0.9041986465454102,12,173,-97,-21,0,0.054,-0.07200000000000001
0.9145267009735107,12,173,-98,-5,0,0.03150000000000001,-0.0855
0.9250986576080322,12,173,-98,-5,0,0.1395,-0.1125
0.9355413913726807,12,172,-98,-16,-10,0.07650000000000001,-0.117
0.9458944797515869,12,172,-98,0,-10,0.081,-0.10350000000000001
0.9564120769500732,12,172,-98,0,0,0.1395,-0.06300000000000001
0.9667403697967529,12,172,-98,5,0,0.054,-0.0495
0.9770951271057129,12,173,-98,0,0,0.06300000000000001,-0.1125
0.9874818325042725,12,173,-98,5,0,0.0495,-0.12150000000000001
0.9978961944580078,12,173,-98,10,0,0.045000000000000005,-0.12150000000000001
0.010738372802734375,13,173,-98,0,0,0.027,-0.10350000000000001
0.021033763885498047,13,173,-98,0,0,0.0045000000000000005,-0.117
0.0314028263092041,13,173,-98,-10,0,0.0045000000000000005,-0.1125
0.04189419746398926,13,173,-98,0,0,0.0045000000000000005,-0.14850000000000002
0.0521092414855957,13,172,-98,-10,0,-0.0945,-0.261
0.0624842643737793,13,172,-98,-16,-16,-0.1935,-0.405
0.07291841506958008,13,172,-98,-38,-32,-0.45,-0.6165
0.0832211971282959,13,171,-99,-65,-60,-0.5940000000000001,-0.864
0.09369039535522461,13,171,-100,-109,-98,-0.9450000000000001,-1.1925
0.10398221015930176,13,169,-101,-148,-142,-1.071,-1.2645
0.11448192596435547,13,167,-103,-181,-192,-1.0395,-1.3095
0.1250154972076416,13,165,-105,-225,-241,-1.0935000000000001,-1.278
0.13544654846191406,13,163,-108,-258,-291,-1.125,-1.233
0.1455526351928711,13,159,-111,-313,-313,-0.9495,-1.1475000000000002
0.15622591972351074,13,156,-115,-357,-340,-0.9855,-0.936
0.16692709922790527,13,152,-118,-390,-373,-0.7470000000000001,-0.9
0.17747187614440918,13,148,-122,-422,-384,-0.49950000000000006,-0.7290000000000001
0.18776988983154297,13,143,-126,-439,-384,-0.35550000000000004,-0.48600000000000004
0.19783306121826172,13,138,-130,-450,-379,-0.07650000000000001,-0.35550000000000004
0.2082211971282959,13,133,-134,-450,-379,0.1395,-0.30150000000000005
0.21882104873657227,13,128,-138,-455,-362,0.342,-0.18450000000000003
0.2289748191833496,13,124,-142,-428,-351,0.47700000000000004,-0.018000000000000002
0.23958420753479004,13,119,-146,-390,-340,0.8595,0.162
0.25007152557373047,13,115,-149,-351,-318,0.864,0.3285
0.26024723052978516,13,112,-152,-318,-296,0.9450000000000001,0.49500000000000005
0.2708473205566406,13,109,-155,-274,-263,1.0395,0.6525
0.2812845706939697,13,106,-158,-219,-230,1.1295000000000002,0.7605
0.2916707992553711,13,104,-160,-170,-186,1.098,0.81
0.3022303581237793,13,103,-162,-115,-164,0.9900000000000001,0.8145
0.312758207321167,13,101,-164,-76,-131,0.864,0.7155
0.3231487274169922,13,101,-165,-38,-109,0.6300000000000001,0.639
0.3336367607116699,13,101,-165,-38,-109,0.6300000000000001,0.639
0.34395837783813477,13,100,-166,0,-93,0.2655,0.5040000000000001
0.3543846607208252,13,100,-167,0,-65,0.2655,0.40950000000000003
0.3648238182067871,13,100,-168,0,-54,0.261,0.405
0.3749873638153076,13,100,-168,10,-21,0.07200000000000001,0.333
0.3854084014892578,13,101,-168,10,-16,0.07200000000000001,0.20700000000000002
0.3958404064178467,13,101,-168,21,16,0.081,0.15750000000000003
0.4064033031463623,13,101,-168,10,10,0.045000000000000005,0.018000000000000002
0.41661500930786133,13,101,-168,21,21,-0.009000000000000001,-0.17550000000000002
0.4270942211151123,13,101,-168,21,0,0.0135,-0.14400000000000002
0.4374215602874756,13,101,-168,27,0,-0.018000000000000002,-0.20700000000000002
0.4478325843811035,13,102,-168,16,-10,-0.018000000000000002,-0.0945
0.4582076072692871,13,102,-168,0,0,-0.0405,-0.0945
0.46880102157592773,13,102,-168,10,0,-0.0135,-0.054
0.4791707992553711,13,102,-168,5,0,0.0495,-0.099
0.4892404079437256,13,102,-168,5,0,0.022500000000000003,-0.0945
0.49984002113342285,13,102,-168,0,5,0.03150000000000001,-0.099
0.5100784301757812,13,102,-168,0,10,0.036000000000000004,-0.0945
0.520249605178833,13,102,-168,0,0,0.06300000000000001,-0.12150000000000001
0.5305583477020264,13,102,-168,5,0,0.099,-0.108
0.5409989356994629,13,102,-168,16,0,0.2025,0.0135
0.551307201385498,13,102,-168,27,16,0.333,0.189
0.56184983253479,13,103,-168,38,21,0.47250000000000003,0.3825
0.5723128318786621,13,103,-168,65,43,0.6435,0.531
0.582688570022583,13,104,-167,93,65,0.81,0.7335
0.5929551124572754,13,105,-166,142,87,0.927,0.909
0.6032533645629883,13,107,-165,192,115,1.0260000000000002,1.053
0.613638162612915,13,110,-164,241,148,0.9810000000000001,1.1520000000000001
0.6243448257446289,13,112,-164,269,148,0.9855,1.1520000000000001
0.6349875926971436,13,115,-162,296,192,0.8550000000000001,1.1880000000000002
0.6451513767242432,13,115,-159,296,247,0.8550000000000001,1.2015
0.6555192470550537,13,119,-156,318,324,0.8865,1.4175
0.6659829616546631,13,123,-152,335,384,0.8190000000000001,1.2015
0.6762576103210449,13,127,-147,357,433,0.8955,0.9675
0.686406135559082,13,131,-143,379,466,0.7695,0.7380000000000001
0.6966063976287842,13,135,-137,384,477,0.48600000000000004,0.0045000000000000005
0.7070896625518799,13,139,-132,384,472,0.27,-0.23850000000000002
0.7175166606903076,13,143,-127,368,455,0.1125,-0.4365
0.7278664112091064,13,147,-122,351,433,-0.022500000000000003,-0.7965
0.7384402751922607,13,151,-118,346,401,-0.21150000000000002,-0.7965
0.7486066818237305,13,155,-114,313,351,-0.36000000000000004,-0.9855
0.7591903209686279,13,158,-110,285,318,-0.549,-1.0575
0.7694380283355713,13,161,-107,252,269,-0.666,-0.9810000000000001
0.7795875072479248,13,163,-104,225,219,-0.7695,-1.1115000000000002
0.7899484634399414,13,165,-102,203,164,-0.7875,-1.0485
0.8001956939697266,13,167,-101,164,115,-0.8325,-1.0035
0.8103933334350586,13,169,-100,131,87,-0.8280000000000001,-0.8505
0.8207724094390869,13,170,-99,98,54,-0.7065,-0.6435
0.8312771320343018,13,171,-99,60,38,-0.5760000000000001,-0.5130000000000001
0.8420302867889404,13,172,-99,43,38,-0.405,-0.5130000000000001
0.8525905609130859,13,172,-98,27,16,-0.234,-0.36450000000000005
0.8631408214569092,13,172,-98,16,-16,-0.15300000000000002,-0.2745
0.8735194206237793,13,172,-98,0,-21,-0.07200000000000001,-0.18000000000000002
0.8838245868682861,13,172,-98,0,-21,-0.07200000000000001,-0.18000000000000002
0.8944487571716309,13,172,-98,0,-5,-0.022500000000000003,-0.045000000000000005
0.9047784805297852,13,172,-99,-16,-10,0.03150000000000001,-0.0045000000000000005
0.9150991439819336,13,172,-99,0,-10,0.045000000000000005,0.0
0.925663948059082,13,172,-99,-5,-10,0.054,-0.06300000000000001
0.9357414245605469,13,172,-99,0,-5,0.135,-0.0495
0.9459183216094971,13,172,-99,0,0,0.06300000000000001,-0.036000000000000004
0.9563302993774414,13,172,-99,0,-5,0.0585,-0.0675
0.9666647911071777,13,172,-99,0,0,0.0585,-0.0855
0.9769198894500732,13,172,-99,10,-16,0.0675,-0.081
0.9874041080474854,13,172,-99,5,-10,0.06300000000000001,-0.09000000000000001
0.9975705146789551,13,172,-99,5,-5,0.018000000000000002,-0.027
0.01047372817993164,14,172,-100,0,0,0.027,-0.0585
0.02102065086364746,14,172,-100,0,-5,0.03150000000000001,-0.06300000000000001
0.03157520294189453,14,172,-100,0,-5,0.018000000000000002,-0.12150000000000001
0.042143821716308594,14,172,-100,0,0,-0.07200000000000001,-0.20700000000000002
0.0523836612701416,14,172,-100,-16,-27,-0.234,-0.37350000000000005
0.06269192695617676,14,171,-100,-32,-38,-0.441,-0.6120000000000001
0.07299566268920898,14,171,-101,-65,-49,-0.5760000000000001,-0.684
0.08336520195007324,14,170,-101,-104,-82,-0.7200000000000001,-0.882
0.09377074241638184,14,169,-102,-131,-120,-0.8325,-1.062
0.10420751571655273,14,169,-102,-131,-120,-0.8325,-1.062
0.11456990242004395,14,167,-104,-164,-175,-0.864,-1.1205
0.12511682510375977,14,165,-106,-192,-230,-0.9810000000000001,-1.1655
0.1356196403503418,14,163,-109,-230,-285,-1.1880000000000002,-1.368
0.14589881896972656,14,160,-112,-280,-329,-1.2060000000000002,-1.3185
0.1561741828918457,14,157,-116,-346,-351,-1.2060000000000002,-1.1700000000000002
0.16672492027282715,14,152,-120,-390,-373,-0.864,-0.8235
0.1773514747619629,14,148,-124,-428,-384,-0.558,-0.675
0.18797516822814941,14,143,-128,-450,-373,-0.30600000000000005,-0.54
0.19826459884643555,14,139,-132,-466,-379,-0.045000000000000005,-0.41850000000000004
0.2088475227355957,14,134,-136,-466,-379,0.17550000000000002,-0.3195
0.21913647651672363,14,129,-140,-455,-362,0.432,-0.135
0.22935080528259277,14,124,-144,-428,-357,0.6075,0.0
0.2396707534790039,14,120,-147,-390,-340,0.774,0.18000000000000002
0.250044584274292,14,116,-151,-351,-307,0.9045000000000001,0.3915
0.26018548011779785,14,112,-154,-296,-285,0.9585,0.5445
0.27036190032958984,14,109,-157,-263,-258,1.08,0.5895
0.2807323932647705,14,107,-159,-219,-230,0.9900000000000001,0.7425
0.2912743091583252,14,105,-162,-164,-186,1.044,0.783
0.301776647567749,14,103,-163,-109,-153,0.9585,0.8460000000000001
0.31201767921447754,14,102,-165,-76,-131,0.8190000000000001,0.7020000000000001
0.3225696086883545,14,102,-166,-38,-104,0.6030000000000001,0.6030000000000001
0.332716703414917,14,101,-167,-21,-87,0.441,0.5130000000000001
0.343127965927124,14,101,-168,0,-71,0.25200000000000006,0.4005
0.35349464416503906,14,101,-169,0,-43,0.18000000000000002,0.31500000000000006
0.3640470504760742,14,101,-169,0,-10,0.081,0.24750000000000003
0.3746678829193115,14,101,-169,10,0,0.07650000000000001,0.117
0.3850228786468506,14,101,-169,10,0,0.07650000000000001,0.117
0.3952291011810303,14,101,-169,16,0,0.07200000000000001,-0.009000000000000001
0.4057118892669678,14,101,-169,10,0,0.03150000000000001,-0.06300000000000001
0.41589999198913574,14,102,-169,16,0,0.03150000000000001,-0.0855
0.42612504959106445,14,102,-169,21,0,-0.0,-0.0855
0.43623900413513184,14,102,-169,16,0,0.018000000000000002,-0.09000000000000001
0.44663405418395996,14,102,-169,16,0,-0.0,-0.081
0.4568746089935303,14,102,-169,10,0,-0.009000000000000001,-0.0855
0.4675021171569824,14,103,-169,10,-5,-0.009000000000000001,-0.0855
0.47806453704833984,14,103,-169,0,0,0.009000000000000001,-0.0855
0.48861050605773926,14,103,-169,0,0,0.009000000000000001,-0.0675
0.4989643096923828,14,103,-169,0,0,0.045000000000000005,-0.0855
0.5093927383422852,14,103,-169,0,0,0.054,-0.0855
0.5196928977966309,14,103,-169,0,0,0.0585,-0.081
0.5301647186279297,14,103,-169,0,0,0.0855,-0.0585
0.5403871536254883,14,103,-169,16,0,0.18450000000000003,0.018000000000000002
0.5509755611419678,14,103,-169,27,10,0.342,0.198
0.5616743564605713,14,103,-169,32,32,0.4545,0.3825
0.5721454620361328,14,104,-168,54,60,0.6255000000000001,0.5625
0.5825412273406982,14,105,-168,98,76,0.8190000000000001,0.6930000000000001
0.5932519435882568,14,106,-167,142,98,0.9630000000000001,0.81
0.6034970283508301,14,108,-165,192,120,0.9900000000000001,0.9990000000000001
0.6140034198760986,14,110,-164,236,159,1.0305,1.1205
0.6243898868560791,14,113,-162,263,208,0.9585,1.1475000000000002
0.6346967220306396,14,116,-160,302,241,0.918,1.179
0.6452257633209229,14,119,-157,324,302,0.9,1.0665
0.6557750701904297,14,123,-153,346,346,0.801,0.9810000000000001
0.6659219264984131,14,126,-149,368,373,0.6975,0.6525
0.6762723922729492,14,131,-149,379,373,0.5940000000000001,0.6525
0.6869709491729736,14,135,-145,379,401,0.531,0.49050000000000005
0.6974925994873047,14,135,-140,379,433,0.531,0.324
0.7083995342254639,14,139,-136,373,444,0.35100000000000003,0.24300000000000002
0.7189316749572754,14,143,-131,362,466,0.24300000000000002,0.045000000000000005
0.7293262481689453,14,147,-125,351,461,0.14850000000000002,-0.27
0.7397809028625488,14,151,-120,335,439,-0.0135,-0.49050000000000005
0.7504134178161621,14,155,-116,318,406,-0.2205,-0.8280000000000001
0.7610368728637695,14,158,-111,302,357,-0.36900000000000005,-1.0260000000000002
0.7717270851135254,14,161,-108,252,302,-0.675,-1.2645
0.7823278903961182,14,164,-105,230,236,-0.8955,-1.323
0.7929625511169434,14,166,-103,197,159,-0.8190000000000001,-1.2240000000000002
0.8031556606292725,14,168,-101,175,120,-0.9045000000000001,-1.0935000000000001
0.8135838508605957,14,170,-100,131,82,-0.8415,-0.8415
0.8240959644317627,14,171,-99,87,65,-0.765,-0.666
0.8344364166259766,14,172,-99,60,43,-0.5805,-0.47250000000000003
0.8447673320770264,14,172,-99,38,10,-0.36900000000000005,-0.41400000000000003
0.8551132678985596,14,172,-99,16,5,-0.23850000000000002,-0.31050000000000005
0.8655478954315186,14,173,-99,5,-16,-0.12600000000000003,-0.14850000000000002
0.8762869834899902,14,173,-99,0,-5,-0.022500000000000003,-0.1125
0.8868563175201416,14,173,-99,0,-27,0.022500000000000003,-0.027
0.8973774909973145,14,173,-99,-5,-10,0.0405,-0.0585
0.907909631729126,14,173,-99,0,0,0.0405,0.0135
0.9183869361877441,14,173,-99,-5,-16,0.06300000000000001,-0.0405
0.9288032054901123,14,172,-99,-10,-10,0.054,-0.09000000000000001
0.9391636848449707,14,172,-99,-10,-10,0.06300000000000001,-0.03150000000000001
0.9495630264282227,14,172,-99,0,-10,0.117,-0.03150000000000001
0.9598855972290039,14,172,-100,0,-21,0.117,-0.0405
0.9702713489532471,14,172,-100,10,0,0.0585,-0.0405
0.9806082248687744,14,172,-100,10,-5,0.0585,-0.045000000000000005
0.9911282062530518,14,172,-100,5,0,0.0675,0.009000000000000001
0.010046958923339844,15,172,-100,0,0,0.0135,-0.06300000000000001
0.020292282104492188,15,172,-100,0,0,0.0135,-0.0855
0.031208038330078125,15,172,-100,0,0,0.03150000000000001,-0.09000000000000001
0.04195213317871094,15,172,-100,-5,-21,-0.0405,-0.2295
0.05221271514892578,15,172,-100,-5,-21,-0.081,-0.225
0.06272172927856445,15,172,-100,-16,-27,-0.396,-0.48150000000000004
0.07291936874389648,15,172,-100,-49,-43,-0.6120000000000001,-0.7200000000000001
0.08324050903320312,15,171,-101,-87,-71,-0.792,-0.9225
0.0933840274810791,15,170,-102,-131,-115,-0.9045000000000001,-1.0935000000000001
0.10361170768737793,15,168,-104,-170,-159,-0.9585,-1.1925
0.11384153366088867,15,166,-105,-203,-214,-0.9675,-1.179
0.12426924705505371,15,164,-108,-225,-252,-0.9765,-1.1655
0.13511419296264648,15,161,-111,-263,-291,-0.9990000000000001,-1.107
0.1455388069152832,15,158,-114,-318,-318,-1.0395,-0.9945
0.15591168403625488,15,155,-117,-357,-329,-0.873,-0.8550000000000001
0.16612958908081055,15,151,-121,-384,-351,-0.6075,-0.8550000000000001
0.17654180526733398,15,146,-125,-422,-362,-0.4455,-0.8550000000000001
0.18670320510864258,15,142,-129,-455,-373,-0.29250000000000004,-0.666
0.1969776153564453,15,137,-133,-455,-379,-0.0495,-0.5175000000000001
0.2073979377746582,15,132,-137,-450,-373,0.2295,-0.342
0.21765685081481934,15,127,-141,-444,-368,0.387,-0.14400000000000002
0.22792935371398926,15,122,-145,-417,-357,0.648,-0.027
0.23847103118896484,15,118,-149,-395,-335,0.7470000000000001,0.15750000000000003
0.2489609718322754,15,114,-152,-362,-318,0.9135000000000001,0.35100000000000003
0.2594430446624756,15,111,-155,-313,-291,1.053,0.5040000000000001
0.26996731758117676,15,107,-158,-263,-258,1.0395,0.666
0.2810647487640381,15,105,-161,-203,-225,1.098,0.7200000000000001
0.2915802001953125,15,103,-163,-153,-197,1.0350000000000001,0.8370000000000001
0.3020753860473633,15,101,-163,-109,-197,0.927,0.8370000000000001
0.3126795291900635,15,101,-165,-109,-164,0.927,0.8235
0.32324814796447754,15,100,-167,-71,-131,0.7875,0.801
0.3334195613861084,15,100,-168,-49,-87,0.6210000000000001,0.81
0.34363269805908203,15,99,-169,-27,-54,0.6300000000000001,0.6930000000000001
0.35424327850341797,15,99,-169,-5,-21,0.4365,0.54
0.36456942558288574,15,99,-169,10,0,0.31500000000000006,0.324
0.3749721050262451,15,99,-169,27,0,0.234,0.18450000000000003
0.385073184967041,15,100,-169,27,16,0.12150000000000001,0.022500000000000003
0.3955569267272949,15,100,-169,27,10,0.0405,-0.054
0.4061903953552246,15,100,-169,27,10,-0.0135,-0.07650000000000001
0.4168095588684082,15,100,-169,27,0,-0.0405,-0.1395
0.4271891117095947,15,101,-169,27,0,-0.0405,-0.1305
0.4373588562011719,15,101,-169,21,-10,-0.045000000000000005,-0.081
0.4476010799407959,15,101,-169,21,-10,-0.045000000000000005,-0.0855
0.4582059383392334,15,101,-169,16,-5,-0.022500000000000003,-0.045000000000000005
0.46878743171691895,15,102,-169,5,0,-0.018000000000000002,-0.036000000000000004
0.47894716262817383,15,102,-169,0,0,-0.0,-0.0585
0.4894263744354248,15,102,-169,0,0,0.03150000000000001,-0.07650000000000001
0.5001890659332275,15,102,-169,5,0,0.0585,-0.07650000000000001
0.5106949806213379,15,102,-169,0,0,0.06300000000000001,-0.09000000000000001
0.5212657451629639,15,102,-169,5,0,0.045000000000000005,-0.081
0.5314955711364746,15,102,-169,5,-5,0.108,-0.054
0.5425455570220947,15,102,-169,21,0,0.18450000000000003,0.03150000000000001
0.5529999732971191,15,102,-169,21,21,0.34650000000000003,0.2295
0.5635919570922852,15,103,-169,38,38,0.48150000000000004,0.41850000000000004
0.5742368698120117,15,103,-168,60,54,0.6975,0.549
0.5847980976104736,15,104,-168,104,82,0.864,0.7245
0.595322847366333,15,106,-167,153,104,0.9945,0.891
0.6054768562316895,15,107,-165,197,126,1.0485,1.0125
0.6159653663635254,15,110,-165,241,126,0.9630000000000001,1.0125
0.6262366771697998,15,113,-164,274,170,1.0125,1.1295000000000002
0.636693000793457,15,113,-162,274,208,1.0125,1.143
0.6471786499023438,15,116,-159,302,274,0.918,1.3185
0.657505989074707,15,119,-156,324,351,0.873,1.3275000000000001
0.6680140495300293,15,123,-152,351,390,0.9540000000000001,1.1744999999999999
0.6783373355865479,15,127,-147,379,439,0.8595,0.9
0.6890652179718018,15,131,-142,395,472,0.7425,0.6525
0.6994364261627197,15,136,-137,406,488,0.5895,0.261
0.7098808288574219,15,140,-132,390,483,0.162,-0.35100000000000003
0.7204780578613281,15,144,-126,379,466,-0.0,-0.6615
0.7306251525878906,15,148,-122,362,444,-0.15750000000000003,-0.7965
0.7408695220947266,15,152,-117,329,395,-0.333,-0.9720000000000001
0.7513265609741211,15,155,-113,313,357,-0.49500000000000005,-1.044
0.7619547843933105,15,158,-109,285,302,-0.5445,-1.0080000000000002
0.7723033428192139,15,161,-106,247,258,-0.7110000000000001,-1.1295000000000002
0.7827064990997314,15,164,-104,214,197,-0.8280000000000001,-1.0845
0.793163537979126,15,166,-102,175,148,-0.81,-1.0845
0.8033993244171143,15,168,-101,142,104,-0.8280000000000001,-0.9315
0.8138127326965332,15,169,-100,120,65,-0.7200000000000001,-0.774
0.824042558670044,15,170,-99,93,43,-0.6165,-0.5805
0.8344135284423828,15,171,-99,60,27,-0.5040000000000001,-0.4005
0.8446776866912842,15,172,-99,43,5,-0.36450000000000005,-0.29700000000000004
0.8551778793334961,15,172,-99,21,0,-0.216,-0.2295
0.8654172420501709,15,172,-99,21,0,-0.216,-0.2295
0.8761203289031982,15,172,-99,10,-5,-0.1665,-0.1125
0.8864998817443848,15,172,-99,0,-10,-0.045000000000000005,-0.0945
0.8969137668609619,15,172,-99,0,-5,-0.036000000000000004,-0.099
0.9074864387512207,15,172,-99,-16,-21,-0.0045000000000000005,-0.07200000000000001
0.9176952838897705,15,172,-99,-5,-27,0.036000000000000004,-0.0495
0.9282877445220947,15,172,-100,-21,-21,0.036000000000000004,-0.07200000000000001
0.9388017654418945,15,172,-100,0,-10,0.135,0.0
0.9490680694580078,15,171,-100,-5,-5,0.081,0.027
0.9595561027526855,15,171,-100,-5,-5,0.15750000000000003,0.0045000000000000005
0.9698700904846191,15,171,-100,0,-10,0.0675,-0.027
0.9803793430328369,15,171,-100,0,-10,0.099,-0.0585
0.9907162189483643,15,171,-100,0,0,0.0945,-0.0585
0.010479211807250977,16,171,-100,0,5,0.06300000000000001,-0.07650000000000001
0.020978212356567383,16,172,-100,0,0,0.0585,-0.081
0.031537771224975586,16,172,-100,0,0,0.036000000000000004,-0.15750000000000003
0.04217672348022461,16,172,-100,0,-16,-0.045000000000000005,-0.2295
0.052866458892822266,16,171,-100,-21,-16,-0.24300000000000002,-0.405
0.0631113052368164,16,171,-100,-32,-27,-0.4365,-0.5040000000000001
0.07376646995544434,16,171,-101,-60,-60,-0.558,-0.7605
0.08407831192016602,16,170,-102,-93,-87,-0.7470000000000001,-0.9540000000000001
0.09451603889465332,16,169,-103,-126,-120,-0.8684999999999999,-1.0215
0.10508370399475098,16,167,-105,-164,-170,-0.9630000000000001,-1.1025
0.11525154113769531,16,165,-107,-192,-225,-1.0170000000000001,-1.1655
0.12544894218444824,16,163,-109,-225,-274,-0.9900000000000001,-1.1115000000000002
0.13602542877197266,16,160,-112,-274,-296,-1.044,-1.0350000000000001
0.14662718772888184,16,157,-116,-335,-318,-1.0215,-0.9225
0.1572589874267578,16,153,-119,-368,-346,-0.8684999999999999,-0.8865
0.16759252548217773,16,149,-123,-384,-362,-0.6030000000000001,-0.8595
0.17783570289611816,16,144,-127,-439,-362,-0.4455,-0.7065
0.18793106079101562,16,140,-127,-455,-362,-0.3195,-0.7065
0.19831442832946777,16,135,-131,-461,-373,0.022500000000000003,-0.558
0.20862364768981934,16,135,-135,-461,-373,0.022500000000000003,-0.459
0.21933770179748535,16,130,-139,-450,-368,0.25200000000000006,-0.36450000000000005
0.22986912727355957,16,125,-143,-439,-368,0.47250000000000003,-0.15750000000000003
0.2404468059539795,16,120,-147,-406,-357,0.5805,-0.018000000000000002
0.2506258487701416,16,116,-151,-379,-346,0.7425,0.198
0.2613236904144287,16,112,-154,-340,-324,0.9765,0.45
0.27165889739990234,16,109,-158,-296,-291,1.125,0.6210000000000001
0.282163143157959,16,106,-161,-236,-252,1.1744999999999999,0.8190000000000001
0.29228687286376953,16,104,-163,-181,-214,1.2285,0.9720000000000001
0.30245280265808105,16,102,-165,-126,-181,1.2060000000000002,0.9765
0.3131120204925537,16,101,-167,-71,-142,1.089,0.9765
0.32382988929748535,16,101,-168,-27,-109,0.927,0.882
0.33488941192626953,16,101,-169,0,-65,0.675,0.774
0.34534215927124023,16,101,-170,16,-43,0.216,0.45
0.356215238571167,16,101,-170,5,-16,0.07650000000000001,0.2205
0.3668668270111084,16,101,-170,10,0,0.009000000000000001,0.12600000000000003
0.37738752365112305,16,101,-170,5,5,0.045000000000000005,0.009000000000000001
0.3879880905151367,16,101,-170,27,21,0.03150000000000001,-0.0585
0.39815354347229004,16,101,-170,5,10,0.045000000000000005,-0.099
0.40835070610046387,16,102,-170,16,0,-0.036000000000000004,-0.18450000000000003
0.4188110828399658,16,102,-170,21,-5,0.03150000000000001,-0.12600000000000003
0.4293198585510254,16,102,-170,16,-5,-0.0,-0.07650000000000001
0.43956422805786133,16,102,-170,10,0,-0.022500000000000003,-0.054
0.4500296115875244,16,102,-170,0,0,-0.009000000000000001,-0.0495
0.46028709411621094,16,102,-170,0,0,0.0135,-0.07200000000000001
0.47078561782836914,16,102,-170,5,0,0.0585,-0.07200000000000001
0.4809091091156006,16,102,-170,0,0,0.06300000000000001,-0.0675
0.4914705753326416,16,102,-170,5,0,0.0405,-0.07650000000000001
0.5018677711486816,16,102,-170,0,0,0.06300000000000001,-0.0675
0.512188196182251,16,102,-170,0,0,0.045000000000000005,-0.07200000000000001
0.5224575996398926,16,102,-170,0,0,0.06300000000000001,-0.07200000000000001
0.5332551002502441,16,102,-170,0,0,0.117,-0.027
0.54398512840271,16,102,-170,5,16,0.2295,0.06300000000000001
0.5541245937347412,16,103,-170,21,16,0.4005,0.25650000000000006
0.5647487640380859,16,103,-170,38,16,0.5895,0.25650000000000006
0.5753581523895264,16,104,-169,76,27,0.7335,0.387
0.5858476161956787,16,104,-169,76,54,0.7335,0.5940000000000001
0.5961782932281494,16,105,-168,109,98,0.8684999999999999,0.8684999999999999
0.6066808700561523,16,106,-167,148,120,0.936,1.0350000000000001
0.6172904968261719,16,108,-165,208,159,1.2105,1.197
0.6274867057800293,16,111,-163,269,203,1.2240000000000002,1.161
0.6379098892211914,16,114,-161,313,252,1.2060000000000002,1.278
0.6482448577880859,16,117,-158,340,307,0.9315,1.1564999999999999
0.6584546566009521,16,121,-154,362,357,0.8235,0.936
0.6689276695251465,16,125,-150,379,384,0.7515,0.6615
0.6793506145477295,16,129,-146,390,417,0.6210000000000001,0.41850000000000004
0.6897296905517578,16,134,-141,384,439,0.49050000000000005,0.28800000000000003
0.6999540328979492,16,138,-136,379,444,0.30600000000000005,0.06300000000000001
0.7102298736572266,16,142,-132,379,450,0.225,-0.17550000000000002
0.7204372882843018,16,146,-127,373,433,0.0675,-0.36450000000000005
0.7307395935058594,16,150,-122,351,417,-0.1125,-0.7335
0.740973949432373,16,153,-118,329,390,-0.279,-0.7515
0.7511308193206787,16,157,-114,302,335,-0.42750000000000005,-0.9540000000000001
0.7612900733947754,16,160,-110,263,302,-0.5715,-1.089
0.7714612483978271,16,162,-107,230,263,-0.6435,-0.9405
0.7818508148193359,16,165,-107,214,263,-0.7020000000000001,-0.9405
0.7919492721557617,16,165,-105,214,208,-0.7020000000000001,-1.071
0.802152156829834,16,167,-103,186,137,-0.7245,-1.0395
0.8125624656677246,16,169,-102,153,82,-0.8280000000000001,-1.215
0.8229548931121826,16,170,-101,109,43,-0.9,-1.0350000000000001
0.8335402011871338,16,171,-101,65,16,-0.8280000000000001,-0.7245
0.8440136909484863,16,172,-101,27,-16,-0.666,-0.4635
0.854384183883667,16,172,-101,5,-21,-0.25200000000000006,-0.162
0.8649396896362305,16,172,-101,0,-21,-0.07650000000000001,-0.018000000000000002
0.875493049621582,16,172,-101,-10,-5,0.009000000000000001,0.0135
0.8858883380889893,16,172,-101,-16,-21,0.0495,0.018000000000000002
0.896782398223877,16,171,-101,-5,-10,0.099,-0.045000000000000005
0.9074926376342773,16,171,-102,-16,-10,0.14400000000000002,0.0135
0.9176702499389648,16,171,-102,-10,-10,0.09000000000000001,-0.018000000000000002
0.928044319152832,16,171,-102,0,-5,0.14400000000000002,-0.0135
0.938429594039917,16,171,-102,0,0,0.12150000000000001,-0.018000000000000002
0.9485485553741455,16,171,-102,0,-16,0.0675,-0.03150000000000001
0.9590475559234619,16,171,-102,0,-10,0.06300000000000001,-0.0585
0.9695167541503906,16,171,-102,0,0,0.07200000000000001,-0.0045000000000000005
0.979691743850708,16,171,-102,0,0,0.0585,-0.0135
0.9900305271148682,16,171,-102,0,0,0.0585,-0.0585
0.01021885871887207,17,171,-102,0,0,0.06300000000000001,-0.06300000000000001
0.0204923152923584,17,171,-102,0,0,0.07650000000000001,-0.06300000000000001
0.031047344207763672,17,171,-102,0,0,0.027,-0.0675
0.04163646697998047,17,171,-102,0,0,0.027,-0.099
0.05230259895324707,17,171,-102,-5,-5,-0.03150000000000001,-0.2025
0.06274700164794922,17,171,-102,-10,-10,-0.2295,-0.36450000000000005
0.07301497459411621,17,171,-103,-27,-43,-0.41850000000000004,-0.5670000000000001
0.08334183692932129,17,170,-103,-60,-71,-0.6255000000000001,-0.7695
0.09365081787109375,17,169,-104,-98,-93,-0.8370000000000001,-0.9675
0.10393977165222168,17,168,-106,-137,-126,-1.0125,-1.0575
0.1146540641784668,17,166,-108,-175,-203,-1.08,-1.1744999999999999
0.1249992847442627,17,164,-110,-214,-252,-1.1340000000000001,-1.3005
0.13529324531555176,17,162,-113,-258,-280,-1.053,-1.116
0.1455683708190918,17,159,-116,-313,-307,-1.0485,-1.0080000000000002
0.1558396816253662,17,155,-120,-368,-340,-0.936,-0.9450000000000001
0.16629695892333984,17,151,-124,-384,-362,-0.6165,-0.8370000000000001
0.1766648292541504,17,146,-127,-439,-373,-0.387,-0.7110000000000001
0.1868882179260254,17,141,-132,-461,-373,-0.279,-0.5670000000000001
0.19737792015075684,17,136,-136,-461,-373,0.0045000000000000005,-0.4005
0.20780038833618164,17,131,-140,-455,-368,0.30600000000000005,-0.28350000000000003
0.21829891204833984,17,127,-144,-433,-357,0.5085000000000001,-0.1305
0.22900986671447754,17,122,-147,-422,-346,0.6120000000000001,-0.018000000000000002
0.2394874095916748,17,117,-151,-384,-329,0.7605,0.171
0.24998235702514648,17,113,-155,-346,-307,0.9450000000000001,0.36900000000000005
0.2605142593383789,17,110,-158,-313,-285,0.9675,0.5040000000000001
0.27110767364501953,17,107,-161,-263,-247,1.044,0.6435
0.281449556350708,17,104,-163,-197,-225,1.107,0.801
0.2917819023132324,17,104,-163,-197,-225,1.107,0.801
0.3020639419555664,17,102,-165,-148,-186,1.0575,0.7875
0.3124241828918457,17,101,-167,-109,-142,0.9,0.8595
0.32253408432006836,17,100,-169,-65,-115,1.0035,0.927
0.33269357681274414,17,99,-170,-32,-76,0.774,0.7965
0.343111515045166,17,99,-170,-5,-38,0.6210000000000001,0.5940000000000001
0.35332608222961426,17,99,-171,5,-21,0.25200000000000006,0.30150000000000005
0.363811731338501,17,99,-171,21,-5,0.1125,0.117
0.37436604499816895,17,100,-171,16,5,0.07200000000000001,0.036000000000000004
0.3845663070678711,17,100,-170,21,21,0.0045000000000000005,-0.027
0.3947787284851074,17,100,-170,16,10,0.009000000000000001,-0.081
0.40523815155029297,17,100,-170,5,0,-0.009000000000000001,-0.189
0.4157071113586426,17,100,-170,16,0,-0.0,-0.12150000000000001
0.4258537292480469,17,100,-170,10,0,0.054,-0.0675
0.43631935119628906,17,101,-170,10,0,0.018000000000000002,-0.0855
0.44666242599487305,17,101,-170,10,0,0.0405,-0.06300000000000001
0.45720958709716797,17,101,-170,21,0,0.022500000000000003,-0.07200000000000001
0.4677562713623047,17,101,-170,16,0,0.027,-0.07650000000000001
0.4783515930175781,17,101,-170,16,0,-0.018000000000000002,-0.081
0.4887208938598633,17,101,-170,16,0,-0.018000000000000002,-0.081
0.4994394779205322,17,101,-170,10,0,-0.0,-0.081
0.5098202228546143,17,101,-170,0,5,-0.0,-0.07200000000000001
0.5202040672302246,17,101,-170,0,0,-0.0,-0.0675
0.5306358337402344,17,101,-170,0,0,0.022500000000000003,-0.0675
0.5411078929901123,17,101,-170,0,0,0.10350000000000001,-0.07200000000000001
0.5517580509185791,17,102,-170,21,0,0.21150000000000002,0.027
0.5621237754821777,17,102,-170,38,16,0.36450000000000005,0.21150000000000002
0.5726442337036133,17,102,-170,43,16,0.5670000000000001,0.3915
0.5827882289886475,17,103,-170,76,49,0.6795,0.6165
0.5931253433227539,17,104,-169,104,87,0.8325,0.801
0.6033444404602051,17,105,-168,148,131,1.0305,1.0575
0.6137776374816895,17,107,-166,203,164,1.1205,1.1340000000000001
0.6243765354156494,17,110,-164,258,197,1.1880000000000002,1.1925
0.6348581314086914,17,113,-162,296,236,1.107,1.1655
0.645383358001709,17,116,-159,329,296,0.9720000000000001,1.0485
0.6557433605194092,17,119,-155,346,346,0.8550000000000001,1.0935000000000001
0.6661663055419922,17,123,-152,362,379,0.7245,0.774
0.6767992973327637,17,127,-147,384,411,0.6885,0.5130000000000001
0.6872286796569824,17,132,-143,390,433,0.5625,0.378
0.6977121829986572,17,136,-138,390,439,0.36450000000000005,0.14850000000000002
0.7083923816680908,17,140,-133,384,444,0.198,-0.0855
0.7185699939727783,17,144,-128,373,450,0.054,-0.324
0.7291061878204346,17,148,-123,357,422,-0.06300000000000001,-0.459
0.739647626876831,17,152,-119,335,406,-0.25650000000000006,-0.7785
0.7503712177276611,17,155,-115,313,351,-0.432,-0.8460000000000001
0.7609460353851318,17,158,-111,274,307,-0.5535,-1.0395
0.7715737819671631,17,161,-108,236,269,-0.6975,-1.0260000000000002
0.781841516494751,17,164,-106,214,208,-0.7425,-1.1025
0.7919831275939941,17,166,-104,181,148,-0.7515,-1.098
0.8020761013031006,17,167,-103,148,104,-0.8190000000000001,-0.9495
0.8125243186950684,17,169,-102,120,65,-0.7470000000000001,-0.7695
0.8231093883514404,17,170,-101,87,38,-0.6300000000000001,-0.5805
0.8335392475128174,17,171,-101,60,10,-0.49950000000000006,-0.3915
0.8439018726348877,17,171,-101,43,10,-0.3375,-0.3915
0.8543686866760254,17,171,-101,43,0,-0.3375,-0.27
0.8649125099182129,17,172,-101,27,-5,-0.234,-0.12150000000000001
0.8753235340118408,17,172,-101,5,-16,-0.1395,-0.12150000000000001
0.8859302997589111,17,172,-101,0,-5,-0.135,-0.081
0.8965017795562744,17,172,-101,-21,-5,-0.07650000000000001,-0.054
0.906989574432373,17,172,-101,-5,-10,0.0045000000000000005,-0.0045000000000000005
0.9179608821868896,17,171,-102,-21,-21,0.036000000000000004,-0.045000000000000005
0.9288172721862793,17,171,-102,-10,-21,0.162,-0.0495
0.9395344257354736,17,171,-102,0,-16,0.162,0.018000000000000002
0.94978928565979,17,171,-102,0,-21,0.10350000000000001,0.027
0.9603221416473389,17,171,-102,0,-10,0.06300000000000001,0.009000000000000001
0.9707446098327637,17,171,-102,0,-21,0.06300000000000001,0.027
0.9810690879821777,17,171,-102,0,0,0.0675,-0.009000000000000001
0.9912617206573486,17,171,-102,0,0,0.06300000000000001,0.022500000000000003
0.010617256164550781,18,171,-102,0,0,0.0675,-0.06300000000000001
0.02126932144165039,18,171,-102,16,0,0.054,-0.0675
0.03156304359436035,18,171,-102,0,0,0.036000000000000004,-0.10350000000000001
0.04185223579406738,18,171,-102,0,0,-0.15750000000000003,-0.216
0.052620649337768555,18,171,-103,-5,-21,-0.23850000000000002,-0.36900000000000005
0.0631403923034668,18,171,-103,-32,-32,-0.42750000000000005,-0.5715
0.07374453544616699,18,170,-103,-65,-65,-0.6255000000000001,-0.6975
0.08400154113769531,18,169,-104,-98,-104,-0.7695,-0.873
0.09422898292541504,18,168,-106,-137,-137,-0.8280000000000001,-0.9450000000000001
0.10442137718200684,18,166,-106,-159,-137,-0.909,-0.9450000000000001
0.11506867408752441,18,165,-110,-192,-208,-0.9495,-1.062
0.1253831386566162,18,162,-110,-214,-208,-1.044,-1.062
0.13593149185180664,18,162,-112,-214,-263,-1.044,-1.323
0.1461801528930664,18,160,-115,-269,-296,-0.9855,-1.062
0.15640544891357422,18,156,-119,-335,-335,-1.062,-1.2105
0.16666007041931152,18,152,-123,-379,-368,-1.125,-1.098
0.1771848201751709,18,148,-127,-439,-390,-0.891,-0.927
0.18763995170593262,18,143,-132,-477,-395,-0.666,-0.7470000000000001
0.19815826416015625,18,137,-136,-505,-401,-0.31050000000000005,-0.5445
0.20870661735534668,18,132,-140,-505,-390,0.36450000000000005,-0.171
0.2189502716064453,18,126,-144,-472,-373,0.7425,-0.022500000000000003
0.2293393611907959,18,122,-148,-450,-357,0.8595,0.12150000000000001
0.23984766006469727,18,117,-152,-401,-329,0.9810000000000001,0.279
0.25054121017456055,18,113,-155,-357,-307,1.1025,0.432
0.26074814796447754,18,109,-158,-313,-274,1.125,0.5355
0.2710072994232178,18,106,-161,-258,-247,1.0845,0.6525
0.2812168598175049,18,104,-164,-197,-208,1.116,0.7425
0.29151225090026855,18,102,-166,-148,-197,1.0485,0.801
0.30204200744628906,18,101,-168,-109,-159,0.9135000000000001,0.7785
0.3126194477081299,18,100,-169,-71,-120,0.7785,0.81
0.3229379653930664,18,99,-170,-49,-71,0.6075,0.6975
0.3334617614746094,18,98,-171,-21,-54,0.45,0.5040000000000001
0.34357476234436035,18,98,-172,-21,-32,0.34650000000000003,0.2655
0.35422611236572266,18,98,-172,0,-32,0.198,0.2655
0.36513733863830566,18,98,-172,10,0,0.198,0.0855
0.3752708435058594,18,98,-172,16,0,0.099,0.0855
0.385800838470459,18,98,-172,16,0,0.099,0.081
0.3963127136230469,18,99,-172,27,0,0.054,-0.03150000000000001
0.40653276443481445,18,99,-172,21,5,0.022500000000000003,-0.036000000000000004
0.41704821586608887,18,99,-172,27,5,0.022500000000000003,-0.0585
0.42729783058166504,18,99,-172,21,0,-0.022500000000000003,-0.054
0.4378221035003662,18,100,-172,27,0,-0.0,-0.07200000000000001
0.4479203224182129,18,100,-172,21,-10,-0.018000000000000002,-0.07200000000000001
0.4583263397216797,18,100,-172,10,0,-0.009000000000000001,-0.06300000000000001
0.469085693359375,18,100,-172,0,0,-0.036000000000000004,-0.0585
0.4794621467590332,18,100,-172,16,0,-0.018000000000000002,-0.0135
0.49018168449401855,18,100,-172,0,5,0.027,-0.036000000000000004
0.5007293224334717,18,100,-172,0,0,0.0135,-0.054
0.5113112926483154,18,100,-172,0,0,0.07200000000000001,-0.07200000000000001
0.5220687389373779,18,100,-172,0,0,0.09000000000000001,-0.045000000000000005
0.5326273441314697,18,100,-172,5,0,0.135,-0.03150000000000001
0.5427775382995605,18,100,-172,10,0,0.234,0.081
0.5530729293823242,18,101,-172,32,21,0.396,0.24300000000000002
0.5633389949798584,18,101,-171,49,32,0.5625,0.4545
0.574068546295166,18,102,-171,82,60,0.6795,0.5895
0.584723711013794,18,103,-170,109,87,0.8280000000000001,0.7605
0.5955672264099121,18,104,-169,148,120,0.9045000000000001,0.8684999999999999
0.6061487197875977,18,106,-168,186,170,0.9900000000000001,0.9900000000000001
0.6165366172790527,18,108,-166,230,197,1.0575,1.08
0.6270084381103516,18,111,-163,274,230,1.0260000000000002,0.9900000000000001
0.63720703125,18,114,-161,313,269,0.9720000000000001,1.0665
0.647355318069458,18,118,-157,335,324,0.8775,0.9540000000000001
0.6579949855804443,18,121,-154,357,362,0.8280000000000001,0.8190000000000001
0.6684679985046387,18,125,-149,379,390,0.7380000000000001,0.558
0.6786525249481201,18,130,-145,379,417,0.6525,0.3825
0.6889553070068359,18,134,-141,379,439,0.49500000000000005,0.24300000000000002
0.6993675231933594,18,138,-136,390,444,0.35550000000000004,0.036000000000000004
0.7099323272705078,18,142,-136,384,444,0.25650000000000006,0.036000000000000004
0.7203655242919922,18,142,-131,384,450,0.25650000000000006,-0.20700000000000002
0.7307610511779785,18,146,-126,373,439,0.03150000000000001,-0.42750000000000005
0.7411010265350342,18,150,-121,346,428,-0.14850000000000002,-0.5085000000000001
0.7521371841430664,18,154,-117,324,384,-0.31050000000000005,-0.8190000000000001
0.762686014175415,18,157,-113,296,346,-0.49950000000000006,-1.0125
0.7730154991149902,18,160,-109,258,291,-0.6300000000000001,-1.1700000000000002
0.7834150791168213,18,163,-107,219,236,-0.7695,-1.2375
0.7938013076782227,18,165,-104,192,164,-0.8550000000000001,-1.2825
0.804124116897583,18,167,-103,170,104,-0.873,-1.1880000000000002
0.8146312236785889,18,168,-102,131,54,-0.8460000000000001,-1.0935000000000001
0.8249106407165527,18,170,-102,98,38,-0.7155,-0.5715
0.8350396156311035,18,171,-101,65,5,-0.549,-0.333
0.8457558155059814,18,171,-101,49,0,-0.405,-0.25650000000000006
0.8563523292541504,18,172,-101,21,-16,-0.261,-0.099
0.8665125370025635,18,172,-102,16,-5,-0.17550000000000002,-0.07200000000000001
0.8769583702087402,18,172,-102,0,-21,-0.0495,-0.0135
0.887509822845459,18,172,-102,-10,-5,-0.022500000000000003,-0.03150000000000001
0.8979198932647705,18,172,-102,-5,-5,0.0495,0.022500000000000003
0.9085149765014648,18,171,-102,-21,0,0.099,-0.027
0.919001579284668,18,171,-102,-5,-16,0.0675,-0.0405
0.929685115814209,18,171,-102,0,-10,0.17550000000000002,-0.0585
0.9402668476104736,18,171,-102,-10,0,0.09000000000000001,-0.0045000000000000005
0.9507343769073486,18,171,-102,0,-10,0.07200000000000001,-0.0135
0.9613630771636963,18,171,-102,0,0,0.108,-0.054
0.9716262817382812,18,171,-102,16,0,0.0675,-0.022500000000000003
0.9819345474243164,18,171,-102,0,0,0.0585,-0.022500000000000003
0.9925870895385742,18,171,-102,0,0,0.0585,-0.0585
0.01058053970336914,19,171,-102,0,0,0.054,-0.0675
0.021132946014404297,19,171,-102,0,0,0.07650000000000001,-0.06300000000000001
0.031672000885009766,19,171,-102,0,0,0.06300000000000001,-0.0675
0.04214072227478027,19,171,-102,-10,0,0.022500000000000003,-0.10350000000000001
0.05224466323852539,19,171,-103,0,-16,-0.0585,-0.21150000000000002
0.06281733512878418,19,171,-103,-5,-16,-0.24300000000000002,-0.37350000000000005
0.07289505004882812,19,171,-103,-32,-38,-0.3825,-0.5715
0.0833134651184082,19,170,-104,-60,-71,-0.6255000000000001,-0.7020000000000001
0.09378910064697266,19,169,-105,-98,-104,-0.8865,-0.9405
0.10405659675598145,19,168,-106,-148,-153,-1.08,-1.116
0.11432337760925293,19,166,-108,-170,-203,-1.143,-1.2240000000000002
0.12458586692810059,19,164,-110,-208,-252,-1.071,-1.1564999999999999
0.1352097988128662,19,162,-113,-274,-285,-1.1205,-1.0755000000000001
0.14573073387145996,19,159,-116,-324,-318,-1.125,-1.0170000000000001
0.15591692924499512,19,155,-120,-362,-335,-0.8595,-0.927
0.16651105880737305,19,151,-124,-384,-357,-0.5715,-0.7965
0.17709088325500488,19,146,-127,-428,-357,-0.432,-0.7470000000000001
0.18753337860107422,19,142,-131,-450,-373,-0.30600000000000005,-0.5940000000000001
0.19786810874938965,19,137,-135,-450,-373,-0.036000000000000004,-0.47700000000000004
0.20827174186706543,19,132,-139,-455,-368,0.20700000000000002,-0.279
0.21879220008850098,19,127,-143,-439,-351,0.41400000000000003,-0.12600000000000003
0.2293071746826172,19,122,-147,-417,-346,0.675,-0.0495
0.23940682411193848,19,118,-151,-395,-329,0.774,0.15300000000000002
0.24968981742858887,19,114,-154,-351,-318,0.9045000000000001,0.36450000000000005
0.26023268699645996,19,110,-157,-307,-274,1.0485,0.49500000000000005
0.27080249786376953,19,107,-157,-263,-274,1.0350000000000001,0.49500000000000005
0.2811288833618164,19,107,-160,-263,-247,1.0350000000000001,0.7020000000000001
0.29166555404663086,19,105,-163,-203,-214,1.08,0.7155
0.30198144912719727,19,103,-165,-148,-186,1.0575,0.9045000000000001
0.31224870681762695,19,102,-167,-98,-153,1.197,0.9315
0.32250499725341797,19,101,-168,-43,-120,0.9945,0.873
0.3326733112335205,19,101,-169,-10,-71,0.7875,0.7965
0.34362244606018066,19,100,-170,0,-38,0.29250000000000004,0.49950000000000006
0.35422515869140625,19,101,-170,10,-27,0.12600000000000003,0.261
0.36461710929870605,19,101,-170,10,-5,0.07650000000000001,0.108
0.3749969005584717,19,101,-170,10,0,0.036000000000000004,0.0495
0.3852550983428955,19,101,-170,16,5,0.022500000000000003,-0.022500000000000003
0.3960580825805664,19,101,-170,16,10,0.018000000000000002,-0.06300000000000001
0.4064290523529053,19,101,-170,16,0,-0.0,-0.10350000000000001
0.4170987606048584,19,102,-170,21,0,-0.0,-0.1305
0.42764711380004883,19,102,-170,21,0,-0.0,-0.07200000000000001
0.4382193088531494,19,102,-170,16,-5,-0.022500000000000003,-0.07650000000000001
0.4489777088165283,19,102,-170,5,-10,-0.027,-0.07650000000000001
0.4594004154205322,19,102,-170,16,0,-0.0135,-0.054
0.46988868713378906,19,102,-170,0,0,0.03150000000000001,-0.036000000000000004
0.4801039695739746,19,102,-170,0,0,-0.0,-0.07200000000000001
0.49039578437805176,19,102,-170,0,0,0.054,-0.07650000000000001
0.5006265640258789,19,102,-170,0,0,0.06300000000000001,-0.07200000000000001
0.5109243392944336,19,102,-170,0,0,0.0675,-0.07650000000000001
0.5214543342590332,19,102,-170,0,-5,0.06300000000000001,-0.07200000000000001
0.5317769050598145,19,102,-170,5,0,0.108,-0.0495
0.5421028137207031,19,102,-170,0,0,0.216,-0.0495
0.5523819923400879,19,102,-170,0,0,0.216,0.07650000000000001
0.5626411437988281,19,102,-170,21,21,0.35100000000000003,0.23850000000000002
0.5729129314422607,19,103,-170,43,32,0.5715,0.41850000000000004
0.5835092067718506,19,103,-169,71,60,0.801,0.6210000000000001
0.5939722061157227,19,104,-168,115,87,0.9225,0.792
0.6043169498443604,19,106,-167,159,131,1.0395,0.9720000000000001
0.6145973205566406,19,108,-166,219,153,1.1835,1.1025
0.6254000663757324,19,111,-164,269,203,1.1520000000000001,1.1925
0.6360993385314941,19,114,-161,318,241,1.1025,1.1520000000000001
0.6467745304107666,19,118,-158,346,296,1.0035,1.215
0.6569149494171143,19,121,-155,373,346,0.801,1.089
0.6671369075775146,19,125,-151,379,390,0.6930000000000001,0.8370000000000001
0.6777446269989014,19,129,-147,384,422,0.5670000000000001,0.6165
0.6883258819580078,19,133,-142,373,428,0.49500000000000005,0.35550000000000004
0.6989700794219971,19,138,-137,379,450,0.34650000000000003,0.06300000000000001
0.7094447612762451,19,142,-132,384,461,0.29250000000000004,-0.07200000000000001
0.7198560237884521,19,146,-127,362,444,0.081,-0.31050000000000005
0.7304542064666748,19,150,-123,357,428,-0.108,-0.657
0.7410886287689209,19,153,-118,335,390,-0.20700000000000002,-0.8280000000000001
0.7513070106506348,19,157,-115,307,351,-0.4365,-0.9135000000000001
0.7618145942687988,19,160,-111,269,302,-0.6165,-0.936
0.7720615863800049,19,162,-108,230,241,-0.666,-1.044
0.7826182842254639,19,165,-106,203,203,-0.7380000000000001,-1.0665
0.7928416728973389,19,167,-104,181,142,-0.7380000000000001,-0.9855
0.80342698097229,19,169,-102,142,104,-0.765,-0.9450000000000001
0.8135850429534912,19,170,-101,104,71,-0.765,-0.7290000000000001
0.8238730430603027,19,171,-101,76,43,-0.6255000000000001,-0.5895
0.8348598480224609,19,172,-101,54,27,-0.4545,-0.42750000000000005
0.8457002639770508,19,172,-100,32,0,-0.30150000000000005,-0.28800000000000003
0.8562648296356201,19,172,-100,21,-10,-0.2025,-0.20700000000000002
0.8667318820953369,19,173,-100,5,-10,-0.081,-0.07650000000000001
0.8772361278533936,19,173,-101,0,-16,-0.0495,-0.045000000000000005
0.887791633605957,19,173,-101,0,-16,0.009000000000000001,-0.045000000000000005
0.8981709480285645,19,173,-101,0,-16,0.009000000000000001,-0.036000000000000004
0.9086542129516602,19,173,-101,-5,-16,0.045000000000000005,0.0
0.9188783168792725,19,172,-101,-5,-5,0.036000000000000004,0.0
0.9294869899749756,19,172,-101,-5,-16,0.045000000000000005,0.0
0.9402194023132324,19,172,-101,-10,-16,0.06300000000000001,0.0
0.9503746032714844,19,172,-101,0,-10,0.07200000000000001,-0.036000000000000004
0.9607393741607666,19,172,-102,0,-16,0.081,-0.009000000000000001
0.9709713459014893,19,172,-102,5,-5,0.10350000000000001,0.0
0.9810690879821777,19,172,-102,0,-10,0.07200000000000001,-0.018000000000000002
0.9916939735412598,19,172,-102,5,0,0.045000000000000005,0.0
0.010280847549438477,20,172,-102,0,0,0.054,-0.018000000000000002
0.020412683486938477,20,172,-102,0,0,0.0405,-0.0585
0.03091740608215332,20,172,-102,-10,0,0.0135,-0.10350000000000001
0.04123711585998535,20,172,-102,-5,0,-0.054,-0.2025
0.051796674728393555,20,172,-102,-5,-21,-0.18000000000000002,-0.36450000000000005
0.06232643127441406,20,172,-102,-32,-38,-0.4005,-0.5535
0.07270693778991699,20,171,-103,-60,-60,-0.6165,-0.6930000000000001
0.0830075740814209,20,171,-104,-98,-87,-0.7335,-0.8460000000000001
0.09326362609863281,20,169,-105,-131,-131,-0.8370000000000001,-0.9405
0.1037299633026123,20,168,-107,-164,-181,-0.8865,-1.053
0.11426615715026855,20,166,-109,-192,-225,-0.9630000000000001,-1.071
0.12480044364929199,20,164,-111,-236,-230,-0.9720000000000001,-1.0170000000000001
0.13503026962280273,20,161,-114,-269,-274,-1.0575,-0.9810000000000001
0.1452322006225586,20,158,-117,-318,-307,-0.9225,-1.0575
0.1554884910583496,20,154,-121,-351,-340,-0.7875,-1.0215
0.16565966606140137,20,150,-121,-401,-340,-0.6075,-1.0215
0.17623257637023926,20,150,-124,-401,-346,-0.6075,-0.8865
0.18677973747253418,20,145,-128,-439,-362,-0.47250000000000003,-0.6705
0.19734740257263184,20,141,-132,-444,-384,-0.2025,-0.6885
0.20763373374938965,20,136,-136,-455,-384,-0.14400000000000002,-0.6120000000000001
0.21806001663208008,20,131,-140,-466,-384,0.1125,-0.3915
0.22868561744689941,20,126,-145,-461,-373,0.28800000000000003,-0.1305
0.23900938034057617,20,120,-149,-450,-357,0.5085000000000001,0.0
0.2494215965270996,20,116,-152,-417,-335,0.7785,0.225
0.259967565536499,20,112,-156,-368,-313,0.9945,0.4455
0.27014613151550293,20,108,-159,-307,-274,1.278,0.7695
0.28041863441467285,20,105,-162,-236,-225,1.3455000000000001,0.864
0.29111647605895996,20,103,-164,-164,-203,1.2510000000000001,0.918
0.3012969493865967,20,101,-166,-115,-170,1.071,0.8145
0.3115272521972656,20,100,-168,-82,-137,0.8460000000000001,0.8505
0.32190752029418945,20,99,-169,-54,-98,0.648,0.7245
0.3322732448577881,20,99,-170,-27,-71,0.48600000000000004,0.5895
0.3428208827972412,20,99,-171,-10,-43,0.37350000000000005,0.396
0.3534121513366699,20,99,-171,0,-21,0.23850000000000002,0.279
0.36391353607177734,20,99,-171,16,-5,0.135,0.1395
0.3743307590484619,20,99,-171,21,0,0.09000000000000001,0.0495
0.38492417335510254,20,99,-171,16,0,0.027,-0.027
0.3955047130584717,20,99,-171,27,10,-0.009000000000000001,-0.0675
0.4057588577270508,20,99,-171,27,0,-0.0,-0.0495
0.4164736270904541,20,100,-171,21,5,-0.027,-0.12150000000000001
0.4267446994781494,20,100,-171,10,0,-0.027,-0.06300000000000001
0.4371616840362549,20,100,-171,16,0,-0.0135,-0.0855
0.44729113578796387,20,100,-171,5,0,0.027,-0.0855
0.4575023651123047,20,100,-171,5,0,0.027,-0.0585
0.46808934211730957,20,100,-171,5,0,0.0045000000000000005,-0.054
0.4782278537750244,20,100,-171,10,0,0.0495,-0.06300000000000001
0.4886646270751953,20,100,-171,5,0,0.06300000000000001,-0.0675
0.4991719722747803,20,100,-171,0,0,0.06300000000000001,-0.0675
0.5095703601837158,20,100,-171,0,0,0.03150000000000001,-0.06300000000000001
0.5201785564422607,20,101,-171,0,0,0.054,-0.0675
0.5305852890014648,20,101,-171,16,0,0.117,-0.036000000000000004
0.5410494804382324,20,101,-171,10,0,0.117,-0.0405
0.5511741638183594,20,101,-171,27,10,0.279,0.21150000000000002
0.5616428852081299,20,101,-171,43,21,0.5130000000000001,0.40950000000000003
0.5719976425170898,20,102,-170,65,49,0.648,0.5805
0.582244873046875,20,103,-170,104,87,0.81,0.7695
0.5923497676849365,20,104,-168,131,120,0.9405,0.882
0.6026208400726318,20,106,-167,181,153,0.9765,0.8955
0.613210916519165,20,108,-165,225,186,1.0575,0.9945
0.6233913898468018,20,111,-163,269,214,1.0080000000000002,0.9855
0.6339883804321289,20,114,-160,302,252,0.9405,1.0125
0.644636869430542,20,117,-157,329,313,0.882,0.9855
0.6551315784454346,20,121,-154,351,357,0.8505,0.8684999999999999
0.6655046939849854,20,125,-150,368,384,0.7380000000000001,0.6030000000000001
0.675898551940918,20,129,-146,384,401,0.6255000000000001,0.405
0.6863796710968018,20,133,-141,390,428,0.5175000000000001,0.279
0.6966543197631836,20,137,-136,384,439,0.36450000000000005,0.14850000000000002
0.7069540023803711,20,141,-136,379,439,0.21150000000000002,0.14850000000000002
0.7175297737121582,20,145,-131,357,439,0.081,-0.054
0.7279291152954102,20,145,-127,357,428,0.081,-0.28350000000000003
0.738311767578125,20,149,-122,335,422,-0.0045000000000000005,-0.5445
0.7493398189544678,20,153,-118,335,395,-0.162,-0.7020000000000001
0.7598714828491211,20,156,-114,302,351,-0.35550000000000004,-0.9135000000000001
0.7701759338378906,20,159,-110,274,318,-0.5040000000000001,-1.1564999999999999
0.7807669639587402,20,162,-107,247,263,-0.7245,-1.179
0.7910211086273193,20,165,-105,225,192,-0.8370000000000001,-1.2600000000000002
0.801438570022583,20,167,-103,192,126,-0.8955,-1.2465
0.8118667602539062,20,169,-102,148,71,-0.936,-1.197
0.8223328590393066,20,170,-101,98,38,-0.9405,-0.9585
0.8329801559448242,20,171,-101,65,0,-0.8325,-0.6795
0.8436524868011475,20,171,-101,27,-16,-0.6615,-0.41850000000000004
0.8542134761810303,20,171,-101,0,-21,-0.405,-0.261
0.8647711277008057,20,171,-102,-21,-21,-0.0585,-0.018000000000000002
0.8750200271606445,20,171,-102,-16,-16,0.036000000000000004,0.0135
0.8855910301208496,20,171,-102,-21,-10,0.162,0.027
0.8961021900177002,20,171,-102,-10,-10,0.14400000000000002,0.0045000000000000005
0.9065289497375488,20,171,-102,-5,-21,0.1665,-0.009000000000000001
0.9168376922607422,20,171,-103,0,-16,0.108,-0.0135
0.9273490905761719,20,171,-103,0,-16,0.0855,0.022500000000000003
0.9379277229309082,20,171,-103,0,-5,0.0675,0.0135
0.9484779834747314,20,171,-103,5,0,0.06300000000000001,0.0135
0.9588198661804199,20,171,-103,10,0,0.0585,-0.022500000000000003
0.9693934917449951,20,171,-103,0,5,0.0405,-0.0495
0.9797539710998535,20,171,-103,0,0,0.022500000000000003,-0.054
0.9900670051574707,20,171,-103,0,0,0.054,-0.07650000000000001
0.01045680046081543,21,171,-103,0,-5,0.0675,-0.0585
0.021092653274536133,21,171,-103,-5,0,0.0585,-0.054
0.03164815902709961,21,171,-103,0,0,0.0405,-0.0675
0.041773080825805664,21,171,-103,0,-10,-0.03150000000000001,-0.2025
0.05204129219055176,21,171,-103,-5,-21,-0.25200000000000006,-0.36000000000000004
0.06274580955505371,21,171,-103,-27,-38,-0.42300000000000004,-0.5040000000000001
0.07287287712097168,21,170,-103,-54,-38,-0.6210000000000001,-0.5040000000000001
0.08325600624084473,21,169,-105,-87,-98,-0.7515,-0.81
0.0938422679901123,21,168,-106,-120,-142,-0.8684999999999999,-1.062
0.10416603088378906,21,167,-106,-153,-142,-0.936,-1.062
0.11480975151062012,21,165,-108,-197,-186,-1.0305,-1.0215
0.12543940544128418,21,165,-110,-197,-236,-1.0305,-0.9945
0.1360759735107422,21,163,-113,-230,-263,-1.1205,-1.269
0.14645051956176758,21,160,-116,-274,-307,-0.9630000000000001,-1.1925
0.15696096420288086,21,157,-119,-335,-335,-1.1475000000000002,-1.0935000000000001
0.16755414009094238,21,153,-123,-395,-362,-1.0935000000000001,-1.1025
0.17795443534851074,21,148,-127,-433,-368,-0.8775,-0.873
0.18814897537231445,21,143,-131,-488,-384,-0.6210000000000001,-0.756
0.19848275184631348,21,138,-135,-494,-390,-0.333,-0.54
0.20900249481201172,21,133,-140,-505,-390,-0.018000000000000002,-0.396
0.21981382369995117,21,127,-144,-483,-368,0.54,-0.0495
0.2301626205444336,21,122,-148,-461,-351,0.8775,0.14400000000000002
0.24061083793640137,21,117,-152,-411,-329,1.0170000000000001,0.261
0.2507658004760742,21,113,-155,-351,-307,1.1520000000000001,0.40950000000000003
0.2610647678375244,21,109,-158,-313,-274,1.197,0.5265
0.27158236503601074,21,106,-161,-258,-247,1.0350000000000001,0.6255000000000001
0.281785249710083,21,104,-164,-208,-214,1.116,0.7470000000000001
0.292144775390625,21,102,-166,-148,-197,1.0665,0.8055
0.3024759292602539,21,100,-168,-104,-164,0.9540000000000001,0.8235
0.31281161308288574,21,99,-169,-76,-109,0.774,0.8145
0.32337403297424316,21,99,-170,-49,-71,0.5850000000000001,0.7290000000000001
0.33378005027770996,21,98,-171,-27,-54,0.45,0.468
0.34393858909606934,21,98,-171,0,-32,0.333,0.2745
0.3543894290924072,21,98,-172,0,-16,0.23850000000000002,0.189
0.3650386333465576,21,98,-172,5,0,0.0945,0.081
0.3753511905670166,21,98,-172,10,0,0.108,0.081
0.3859686851501465,21,98,-172,10,0,0.108,0.022500000000000003
0.3961353302001953,21,99,-172,27,10,0.0675,-0.054
0.406810998916626,21,99,-172,27,0,0.0585,-0.0495
0.41774415969848633,21,99,-172,32,10,0.0585,-0.0585
0.4278891086578369,21,99,-172,27,0,-0.018000000000000002,-0.099
0.438291072845459,21,100,-172,27,0,-0.027,-0.06300000000000001
0.44863295555114746,21,100,-172,16,0,-0.054,-0.10350000000000001
0.4587581157684326,21,100,-172,0,0,-0.03150000000000001,-0.054
0.469423770904541,21,100,-172,5,0,-0.03150000000000001,-0.0495
0.4799203872680664,21,100,-172,5,0,-0.0,-0.0495
0.49025654792785645,21,100,-172,0,5,0.06300000000000001,-0.054
0.5007929801940918,21,100,-172,0,0,0.06300000000000001,-0.0495
0.5111551284790039,21,100,-172,16,0,0.0855,-0.07200000000000001
0.5217206478118896,21,100,-172,0,0,0.081,-0.054
0.5321102142333984,21,100,-172,10,0,0.054,-0.022500000000000003
0.5425295829772949,21,101,-172,16,0,0.24300000000000002,0.07650000000000001
0.5527620315551758,21,101,-172,27,10,0.34650000000000003,0.24750000000000003
0.56304931640625,21,101,-171,49,32,0.5175000000000001,0.4635
0.5731651782989502,21,102,-171,71,60,0.6930000000000001,0.6255000000000001
0.5837914943695068,21,103,-170,115,87,0.8145,0.756
0.5942144393920898,21,104,-169,142,126,0.9405,0.8505
0.6047847270965576,21,106,-167,181,170,0.9495,0.9765
0.6153092384338379,21,108,-165,230,192,1.0755000000000001,1.0080000000000002
0.6258628368377686,21,111,-163,274,230,1.0260000000000002,0.9720000000000001
0.6364033222198486,21,114,-160,307,274,0.9450000000000001,1.0485
0.6468329429626465,21,118,-157,335,307,0.8460000000000001,0.9450000000000001
0.6570675373077393,21,121,-153,351,357,0.8460000000000001,0.774
0.6675159931182861,21,125,-150,379,384,0.7425,0.639
0.6778600215911865,21,125,-150,379,384,0.7425,0.639
0.6880941390991211,21,130,-145,390,411,0.675,0.3825
0.6985466480255127,21,134,-140,384,450,0.5130000000000001,0.28800000000000003
0.7091760635375977,21,138,-135,384,455,0.42750000000000005,0.216
0.7196698188781738,21,142,-130,379,472,0.25200000000000006,0.018000000000000002
0.7300448417663574,21,146,-125,368,461,0.10350000000000001,-0.34650000000000003
0.740391731262207,21,150,-120,357,433,-0.0585,-0.5715
0.7509243488311768,21,154,-116,329,406,-0.279,-0.8775
0.761498212814331,21,157,-112,296,351,-0.6210000000000001,-1.1880000000000002
0.7719206809997559,21,160,-109,263,307,-0.666,-1.2195
0.7823774814605713,21,163,-106,214,230,-0.7785,-1.3545
0.7928552627563477,21,165,-103,192,164,-0.882,-1.2825
0.8030045032501221,21,167,-102,170,120,-0.7965,-1.0575
0.8135735988616943,21,168,-101,137,71,-0.8055,-0.8550000000000001
0.8239321708679199,21,170,-100,109,43,-0.7335,-0.657
0.8345139026641846,21,171,-100,71,32,-0.5715,-0.41850000000000004
0.8451766967773438,21,171,-99,38,10,-0.47250000000000003,-0.29700000000000004
0.8553478717803955,21,171,-99,21,10,-0.28350000000000003,-0.2295
0.8655736446380615,21,172,-99,10,0,-0.117,-0.1395
0.8761708736419678,21,172,-99,0,-10,-0.036000000000000004,-0.14400000000000002
0.8864929676055908,21,172,-100,0,-5,-0.0045000000000000005,-0.099
0.8966243267059326,21,172,-100,0,-16,0.0405,-0.0405
0.9070911407470703,21,172,-100,-16,-16,0.045000000000000005,-0.054
0.9175922870635986,21,171,-100,-10,-10,0.054,-0.0135
0.9279637336730957,21,171,-100,0,-16,0.1395,-0.0045000000000000005
0.9383552074432373,21,171,-100,-16,-16,0.108,-0.0045000000000000005
0.948878288269043,21,171,-100,0,0,0.081,-0.009000000000000001
0.9591882228851318,21,171,-100,0,0,0.081,-0.0045000000000000005
0.9696958065032959,21,171,-101,0,0,0.07200000000000001,-0.07650000000000001
0.9800124168395996,21,171,-101,0,0,0.06300000000000001,-0.07650000000000001
0.9904651641845703,21,171,-101,0,0,0.06300000000000001,-0.07650000000000001
0.010123252868652344,22,171,-101,5,-5,0.06300000000000001,-0.07650000000000001
0.020214319229125977,22,171,-101,0,0,0.0675,-0.07650000000000001
0.030572175979614258,22,171,-101,0,-5,0.054,-0.07650000000000001
0.04092550277709961,22,171,-101,-10,-5,-0.036000000000000004,-0.216
0.05150127410888672,22,171,-101,-16,-21,-0.20700000000000002,-0.3375
0.06166887283325195,22,171,-101,-21,-32,-0.36000000000000004,-0.5265
0.07201576232910156,22,171,-102,-54,-65,-0.5445,-0.6930000000000001
0.08243703842163086,22,170,-103,-93,-93,-0.7425,-0.8775
0.0930025577545166,22,169,-104,-126,-120,-0.8550000000000001,-0.936
0.10332894325256348,22,167,-105,-153,-164,-0.8955,-1.0260000000000002
0.11396598815917969,22,165,-107,-186,-214,-0.9900000000000001,-1.1340000000000001
0.12450122833251953,22,163,-110,-214,-263,-0.9630000000000001,-1.116
0.13505005836486816,22,160,-113,-269,-296,-1.044,-1.0215
0.14540839195251465,22,157,-116,-313,-318,-1.053,-0.9630000000000001
0.15588855743408203,22,154,-120,-373,-340,-0.8595,-0.8595
0.1662304401397705,22,149,-124,-401,-357,-0.6345,-0.792
0.17634224891662598,22,145,-127,-422,-362,-0.387,-0.7200000000000001
0.1866753101348877,22,140,-131,-439,-362,-0.189,-0.5895
0.19696474075317383,22,136,-135,-450,-368,-0.054,-0.47250000000000003
0.2073521614074707,22,130,-140,-450,-368,0.20700000000000002,-0.333
0.21798300743103027,22,126,-140,-444,-368,0.37350000000000005,-0.333
0.22839117050170898,22,121,-143,-428,-362,0.5670000000000001,-0.15750000000000003
0.238600492477417,22,121,-147,-428,-351,0.5670000000000001,-0.022500000000000003
0.24910354614257812,22,117,-151,-390,-346,0.7515,0.18450000000000003
0.2594490051269531,22,113,-155,-346,-313,0.9720000000000001,0.3915
0.26996350288391113,22,109,-158,-302,-291,1.1880000000000002,0.5760000000000001
0.280501127243042,22,106,-161,-241,-241,1.1475000000000002,0.7695
0.290729284286499,22,104,-163,-186,-214,1.233,0.8775
0.3012535572052002,22,103,-165,-126,-186,1.2105,0.9630000000000001
0.3119502067565918,22,101,-167,-65,-159,1.098,0.8955
0.3225843906402588,22,101,-168,-27,-104,0.9405,0.8684999999999999
0.3330824375152588,22,101,-169,0,-71,0.405,0.684
0.34348559379577637,22,101,-170,0,-43,0.20700000000000002,0.432
0.3537609577178955,22,101,-170,5,-21,0.0675,0.25200000000000006
0.3639514446258545,22,101,-170,0,-16,0.0675,0.12150000000000001
0.37468886375427246,22,101,-170,21,0,0.0495,0.027
0.38509559631347656,22,101,-170,10,16,0.07200000000000001,0.009000000000000001
0.39563965797424316,22,101,-170,10,16,-0.0045000000000000005,-0.06300000000000001
0.4062192440032959,22,101,-170,21,5,0.022500000000000003,-0.15300000000000002
0.4166848659515381,22,102,-170,27,0,0.022500000000000003,-0.15750000000000003
0.4271986484527588,22,102,-170,27,0,-0.009000000000000001,-0.099
0.4375724792480469,22,102,-170,21,-16,-0.0495,-0.07650000000000001
0.44788527488708496,22,102,-170,10,0,-0.06300000000000001,-0.07650000000000001
0.4584619998931885,22,102,-170,0,0,-0.036000000000000004,-0.0135
0.4689772129058838,22,102,-170,0,10,0.0045000000000000005,-0.0585
0.4791557788848877,22,102,-170,0,0,0.054,-0.07200000000000001
0.48964691162109375,22,102,-170,0,0,0.06300000000000001,-0.117
0.49999070167541504,22,102,-170,0,0,0.0675,-0.081
0.510498046875,22,102,-170,0,0,0.0675,-0.081
0.5211172103881836,22,102,-170,0,0,0.0675,-0.07200000000000001
0.5312840938568115,22,102,-170,0,0,0.0675,-0.06300000000000001
0.5415375232696533,22,102,-170,5,0,0.10350000000000001,-0.0495
0.552100419998169,22,102,-170,5,0,0.216,0.0405
0.5622143745422363,22,103,-170,10,5,0.36450000000000005,0.2205
0.5725090503692627,22,103,-170,43,32,0.5445,0.405
0.5829997062683105,22,104,-169,76,65,0.765,0.6255000000000001
0.5934295654296875,22,105,-169,120,93,0.9405,0.882
0.6037919521331787,22,106,-167,175,142,1.0935000000000001,1.0395
0.6140756607055664,22,108,-166,225,170,1.1385,1.1520000000000001
0.6246051788330078,22,111,-164,263,192,1.0755000000000001,1.098
0.6348872184753418,22,114,-161,296,252,0.927,1.1564999999999999
0.6456103324890137,22,118,-158,324,307,0.918,1.197
0.6559643745422363,22,121,-155,351,340,0.891,0.9810000000000001
0.6663026809692383,22,125,-150,373,384,0.774,0.7065
0.6768784523010254,22,129,-146,390,411,0.6615,0.5625
0.6874430179595947,22,133,-142,379,444,0.5355,0.3285
0.6978237628936768,22,137,-137,384,444,0.333,0.108
0.7083134651184082,22,142,-132,379,450,0.2745,-0.171
0.7188646793365479,22,146,-127,368,444,0.081,-0.30150000000000005
0.7293109893798828,22,149,-122,346,417,-0.054,-0.7110000000000001
0.7394599914550781,22,153,-118,335,395,-0.2205,-0.756
0.7499456405639648,22,156,-114,302,340,-0.35550000000000004,-0.9495
0.7600946426391602,22,159,-114,269,340,-0.5625,-0.9495
0.7706296443939209,22,162,-111,241,313,-0.6165,-1.0260000000000002
0.7810823917388916,22,165,-107,219,263,-0.7020000000000001,-0.9315
0.7915651798248291,22,165,-105,219,203,-0.7020000000000001,-1.1880000000000002
0.8020186424255371,22,167,-103,197,137,-0.7695,-1.233
0.812549352645874,22,169,-102,159,76,-0.8235,-1.2105
0.8227620124816895,22,170,-101,115,38,-0.909,-1.0125
0.8331255912780762,22,171,-101,71,0,-0.873,-0.7335
0.8435883522033691,22,172,-101,32,-16,-0.6975,-0.441
0.8540058135986328,22,172,-101,0,-32,-0.48600000000000004,-0.2655
0.8643805980682373,22,172,-102,-21,-21,-0.28350000000000003,-0.07200000000000001
0.8746259212493896,22,172,-102,-27,-27,0.027,0.0495
0.8849740028381348,22,172,-102,-21,-16,0.162,0.03150000000000001
0.8953044414520264,22,171,-102,-10,-16,0.189,0.054
0.9057483673095703,22,171,-102,-16,-16,0.15300000000000002,0.018000000000000002
0.9161300659179688,22,171,-102,0,0,0.108,0.009000000000000001
0.9265568256378174,22,171,-102,0,0,0.15300000000000002,0.009000000000000001
0.9369473457336426,22,171,-103,10,0,0.07200000000000001,-0.0495
0.9476523399353027,22,171,-103,10,-10,0.0585,-0.06300000000000001
0.9580066204071045,22,171,-103,0,0,0.027,-0.0585
0.968630313873291,22,171,-103,0,0,0.022500000000000003,-0.018000000000000002
0.979262113571167,22,171,-103,0,0,0.06300000000000001,-0.0495
0.989389181137085,22,171,-103,0,0,0.07650000000000001,-0.054
0.999849796295166,22,171,-103,0,-5,0.0585,-0.054
0.010552406311035156,23,171,-103,0,0,0.06300000000000001,-0.054
0.021049976348876953,23,171,-103,0,0,0.0675,-0.03150000000000001
0.03157401084899902,23,171,-103,0,0,0.0405,-0.0945
0.04209733009338379,23,171,-103,0,0,-0.0495,-0.0945
0.052863359451293945,23,171,-103,-21,-5,-0.234,-0.2025
0.06310200691223145,23,171,-103,-21,-16,-0.234,-0.36000000000000004
0.07353448867797852,23,171,-103,-32,-38,-0.4365,-0.5670000000000001
0.08406400680541992,23,170,-104,-54,-65,-0.5760000000000001,-0.7695
0.09430861473083496,23,170,-105,-87,-104,-0.774,-0.9315
0.10451865196228027,23,168,-106,-137,-153,-1.0035,-1.0755000000000001
0.11485815048217773,23,167,-108,-175,-203,-1.1340000000000001,-1.1700000000000002
0.12520766258239746,23,165,-110,-214,-252,-1.2240000000000002,-1.2195
0.13576030731201172,23,162,-113,-263,-291,-1.098,-1.0575
0.14614033699035645,23,159,-117,-307,-313,-0.9990000000000001,-1.0305
0.15658140182495117,23,155,-120,-368,-335,-0.9630000000000001,-0.918
0.16689300537109375,23,151,-124,-401,-351,-0.765,-0.801
0.1772298812866211,23,146,-128,-433,-357,-0.40950000000000003,-0.7110000000000001
0.18772554397583008,23,142,-132,-455,-362,-0.2295,-0.6345
0.19830560684204102,23,137,-136,-461,-379,-0.018000000000000002,-0.48150000000000004
0.2086474895477295,23,132,-140,-450,-373,0.24750000000000003,-0.31050000000000005
0.2192060947418213,23,127,-144,-433,-362,0.459,-0.09000000000000001
0.22970342636108398,23,122,-147,-417,-346,0.666,0.0045000000000000005
0.2400355339050293,23,118,-151,-390,-335,0.7020000000000001,0.216
0.25090551376342773,23,114,-154,-351,-313,0.9405,0.36900000000000005
0.2612113952636719,23,111,-158,-307,-280,1.0305,0.5355
0.27156686782836914,23,108,-160,-263,-241,0.9900000000000001,0.7020000000000001
0.2818639278411865,23,105,-163,-203,-219,1.0935000000000001,0.774
0.29251694679260254,23,103,-165,-148,-186,1.0260000000000002,0.756
0.3027627468109131,23,102,-167,-109,-148,0.927,0.8325
0.3133246898651123,23,101,-168,-71,-120,0.7695,0.765
0.323941707611084,23,100,-168,-43,-120,0.6210000000000001,0.765
0.33451151847839355,23,100,-170,-43,-54,0.6210000000000001,0.49500000000000005
0.3447120189666748,23,100,-170,-21,-54,0.42300000000000004,0.49500000000000005
0.35537004470825195,23,100,-170,-10,-10,0.29250000000000004,0.49500000000000005
0.3657975196838379,23,100,-171,0,0,0.30600000000000005,0.1935
0.37613892555236816,23,100,-171,16,10,0.1935,0.1935
0.38635826110839844,23,100,-170,21,10,0.135,-0.0045000000000000005
0.3969230651855469,23,100,-170,27,10,0.0855,-0.054
0.4072246551513672,23,100,-170,21,21,0.022500000000000003,-0.1125
0.41788363456726074,23,101,-170,16,5,-0.0135,-0.117
0.4284086227416992,23,101,-170,10,0,-0.0405,-0.117
0.43874406814575195,23,101,-170,16,-10,-0.018000000000000002,-0.18450000000000003
0.44941258430480957,23,101,-170,21,0,-0.0,-0.099
0.459928035736084,23,101,-170,16,-16,0.0045000000000000005,-0.0495
0.47037482261657715,23,102,-170,5,-5,-0.022500000000000003,-0.0585
0.48060154914855957,23,102,-170,16,0,-0.0,-0.018000000000000002
0.4909095764160156,23,102,-170,0,0,0.027,-0.0495
0.5015401840209961,23,102,-170,0,5,-0.0,-0.0675
0.5119130611419678,23,102,-170,5,0,0.0495,-0.081
0.522282600402832,23,102,-170,0,0,0.0675,-0.0945
0.532829999923706,23,102,-170,0,0,0.09000000000000001,-0.0405
0.543386697769165,23,102,-170,10,0,0.234,0.0585
0.5538952350616455,23,102,-170,27,16,0.396,0.24750000000000003
0.5642883777618408,23,103,-170,43,27,0.549,0.432
0.5744833946228027,23,103,-169,76,60,0.6975,0.6120000000000001
0.5848469734191895,23,104,-169,115,82,0.8415,0.8055
0.5952305793762207,23,106,-168,148,120,0.9135000000000001,0.8775
0.6054720878601074,23,108,-166,192,153,0.9765,1.0260000000000002
0.6159694194793701,23,110,-164,241,186,1.0080000000000002,1.062
0.62607741355896,23,113,-162,269,219,1.0080000000000002,1.098
0.6363189220428467,23,116,-162,302,219,0.927,1.098
0.6466255187988281,23,116,-159,302,258,0.927,1.071
0.6569178104400635,23,119,-156,329,318,0.8955,1.0305
0.667661190032959,23,123,-153,351,373,0.7875,1.1880000000000002
0.6780655384063721,23,127,-148,373,417,0.873,0.9990000000000001
0.6883718967437744,23,131,-144,384,455,0.7155,0.684
0.6988728046417236,23,135,-139,401,477,0.6120000000000001,0.4455
0.7094614505767822,23,140,-133,401,488,0.3825,0.0945
0.7199335098266602,23,144,-128,395,483,0.216,-0.2205
0.7307171821594238,23,148,-123,368,472,0.03150000000000001,-0.47250000000000003
0.741302490234375,23,152,-118,346,439,-0.387,-0.9630000000000001
0.7514493465423584,23,155,-113,318,390,-0.5265,-1.1925
0.7619218826293945,23,158,-110,285,329,-0.6345,-1.233
0.7724981307983398,23,161,-106,247,280,-0.7200000000000001,-1.2825
0.7830872535705566,23,164,-104,214,208,-0.8235,-1.2240000000000002
0.7935271263122559,23,166,-102,175,153,-0.8145,-1.1744999999999999
0.8041934967041016,23,168,-100,153,104,-0.8325,-0.9810000000000001
0.8148725032806396,23,169,-100,126,65,-0.7335,-0.81
0.8254075050354004,23,170,-99,93,43,-0.666,-0.5895
0.8357012271881104,23,171,-99,60,27,-0.5445,-0.396
0.8461587429046631,23,172,-98,38,10,-0.387,-0.30150000000000005
0.8566529750823975,23,172,-98,21,0,-0.20700000000000002,-0.2295
0.8670792579650879,23,172,-98,5,0,-0.10350000000000001,-0.15300000000000002
0.8776998519897461,23,172,-98,10,-10,-0.0405,-0.099
0.8882026672363281,23,172,-99,0,-16,0.022500000000000003,-0.0945
0.8985729217529297,23,172,-99,-10,-10,-0.0,-0.06300000000000001
0.9089584350585938,23,172,-99,-5,0,0.054,-0.022500000000000003
0.9195895195007324,23,172,-99,0,0,0.1125,-0.036000000000000004
0.9299113750457764,23,172,-99,0,-5,0.0675,-0.099
0.9401416778564453,23,172,-99,0,-16,0.0675,-0.10350000000000001
0.9506378173828125,23,172,-99,0,-10,0.054,-0.07650000000000001
0.960881233215332,23,172,-99,0,-10,0.054,-0.07650000000000001
0.9709959030151367,23,172,-100,10,-10,0.054,-0.03150000000000001
0.981389045715332,23,172,-100,0,-10,0.054,-0.0405
0.9917938709259033,23,172,-100,0,0,0.06300000000000001,-0.045000000000000005
0.010401487350463867,24,172,-100,0,0,0.0495,-0.036000000000000004
0.02080059051513672,24,172,-100,-5,0,0.054,-0.07650000000000001
0.03130388259887695,24,172,-100,0,-5,0.054,-0.07200000000000001
0.042008399963378906,24,172,-100,0,0,0.027,-0.1305
0.052280426025390625,24,172,-100,-10,-10,-0.24750000000000003,-0.35550000000000004
0.06249213218688965,24,172,-100,-27,-21,-0.45,-0.5985
0.07314562797546387,24,171,-101,-60,-49,-0.6075,-0.7785
0.08351683616638184,24,170,-101,-93,-87,-0.7515,-0.9720000000000001
0.09384322166442871,24,169,-103,-126,-120,-0.8595,-1.071
0.10418248176574707,24,168,-104,-159,-164,-0.909,-1.1025
0.1146693229675293,24,166,-106,-181,-214,-0.9945,-1.143
0.12501168251037598,24,163,-109,-236,-258,-1.0125,-1.1520000000000001
0.1355745792388916,24,161,-112,-258,-291,-1.089,-1.071
0.14604902267456055,24,158,-115,-313,-324,-0.9,-0.9630000000000001
0.15647673606872559,24,154,-119,-373,-346,-0.891,-0.927
0.1669464111328125,24,150,-122,-406,-362,-0.6435,-0.7605
0.17730212211608887,24,145,-126,-417,-379,-0.405,-0.6255000000000001
0.1878647804260254,24,140,-130,-450,-373,-0.17550000000000002,-0.5085000000000001
0.1984407901763916,24,135,-134,-466,-368,-0.0585,-0.396
0.20861029624938965,24,135,-134,-466,-368,-0.0585,-0.396
0.21908283233642578,24,125,-138,-444,-362,0.47250000000000003,-0.31500000000000006
0.2295687198638916,24,125,-142,-444,-357,0.47250000000000003,-0.18000000000000002
0.23998498916625977,24,120,-146,-411,-351,0.5760000000000001,-0.0585
0.25051140785217285,24,116,-150,-390,-340,0.7605,0.1665
0.2613978385925293,24,112,-154,-340,-318,0.9765,0.3825
0.27153825759887695,24,109,-157,-285,-285,1.089,0.5535
0.28205037117004395,24,106,-160,-236,-252,1.2600000000000002,0.792
0.29250073432922363,24,104,-162,-164,-214,1.2195,0.9225
0.302598237991333,24,102,-165,-109,-181,1.1744999999999999,0.9450000000000001
0.3129308223724365,24,101,-166,-71,-148,0.8325,0.873
0.3231923580169678,24,101,-168,-49,-120,0.6165,0.7695
0.3340339660644531,24,100,-169,-27,-76,0.42750000000000005,0.6030000000000001
0.34436917304992676,24,100,-170,-16,-49,0.3195,0.49050000000000005
0.35449886322021484,24,100,-170,0,-21,0.21150000000000002,0.29250000000000004
0.36499762535095215,24,100,-170,0,-5,0.15750000000000003,0.15750000000000003
0.3756415843963623,24,100,-170,0,0,0.081,0.027
0.3859236240386963,24,100,-170,10,0,0.0855,-0.0405
0.3966982364654541,24,100,-170,16,10,0.081,-0.06300000000000001
0.4071462154388428,24,100,-170,27,0,0.036000000000000004,-0.07200000000000001
0.4174683094024658,24,100,-170,21,0,0.009000000000000001,-0.12150000000000001
0.4281489849090576,24,101,-170,16,0,-0.03150000000000001,-0.07650000000000001
0.43839406967163086,24,101,-170,16,0,-0.009000000000000001,-0.07200000000000001
0.4489612579345703,24,101,-170,16,0,-0.0,-0.0675
0.459012508392334,24,101,-170,21,0,-0.0045000000000000005,-0.0675
0.469310998916626,24,101,-170,10,0,-0.0,-0.07650000000000001
0.4796881675720215,24,101,-170,10,0,-0.0,-0.07200000000000001
0.4902970790863037,24,101,-170,5,0,-0.022500000000000003,-0.07200000000000001
0.5004417896270752,24,101,-170,10,0,0.009000000000000001,-0.07650000000000001
0.5110082626342773,24,102,-170,0,0,0.022500000000000003,-0.07200000000000001
0.5211679935455322,24,102,-170,0,0,0.045000000000000005,-0.07650000000000001
0.5314722061157227,24,102,-170,5,0,0.036000000000000004,-0.0675
0.5417337417602539,24,102,-170,0,0,0.10350000000000001,-0.045000000000000005
0.5520110130310059,24,102,-170,27,16,0.34650000000000003,0.225
0.5627219676971436,24,102,-170,43,32,0.5715,0.41400000000000003
0.5732676982879639,24,103,-169,65,54,0.6615,0.5445
0.5835921764373779,24,104,-169,98,82,0.8235,0.7200000000000001
0.5942897796630859,24,105,-168,137,115,0.9495,0.8775
0.6048054695129395,24,107,-166,181,142,1.0170000000000001,0.9900000000000001
0.6152389049530029,24,109,-165,236,175,1.071,1.0665
0.6258542537689209,24,112,-162,274,214,1.0485,1.098
0.6363139152526855,24,115,-160,302,263,0.936,1.1520000000000001
0.6466419696807861,24,119,-157,329,313,0.8775,1.0755000000000001
0.6570966243743896,24,122,-153,357,357,0.8280000000000001,0.927
0.6676998138427734,24,127,-149,373,384,0.666,0.6930000000000001
0.6783947944641113,24,131,-144,390,422,0.5670000000000001,0.522
0.6886427402496338,24,135,-140,390,439,0.42750000000000005,0.261
0.6991415023803711,24,139,-135,384,444,0.28350000000000003,0.036000000000000004
0.7096478939056396,24,143,-130,357,455,0.17550000000000002,-0.2025
0.7198193073272705,24,147,-125,351,439,0.0585,-0.36900000000000005
0.7299404144287109,24,151,-125,340,439,0.009000000000000001,-0.36900000000000005
0.7401235103607178,24,151,-121,340,422,0.009000000000000001,-0.648
0.7506117820739746,24,155,-117,329,373,-0.216,-0.7965
0.7610397338867188,24,158,-113,307,335,-0.35100000000000003,-1.0035
0.7716288566589355,24,161,-109,274,285,-0.558,-1.143
0.7822451591491699,24,164,-106,236,236,-0.801,-1.143
0.7927801609039307,24,167,-104,214,175,-0.9,-1.1880000000000002
0.8033208847045898,24,169,-103,170,109,-0.936,-1.1295000000000002
0.8142702579498291,24,170,-102,126,60,-0.9135000000000001,-1.089
0.8249030113220215,24,172,-101,76,27,-0.936,-0.891
0.8351907730102539,24,172,-101,38,0,-0.756,-0.5940000000000001
0.8458147048950195,24,173,-101,21,-10,-0.31500000000000006,-0.20700000000000002
0.8561770915985107,24,173,-102,5,-21,-0.1305,-0.07200000000000001
0.8666532039642334,24,173,-102,0,-21,-0.0495,-0.03150000000000001
0.8768818378448486,24,173,-102,-10,-16,-0.0,0.018000000000000002
0.8874478340148926,24,173,-102,-10,-10,0.0495,0.027
0.8978769779205322,24,173,-102,-10,-10,0.081,0.009000000000000001
0.9083447456359863,24,172,-102,-5,0,0.108,-0.009000000000000001
0.9188785552978516,24,172,-102,-10,-10,0.09000000000000001,-0.018000000000000002
0.9295620918273926,24,172,-102,0,0,0.07200000000000001,-0.054
0.9400374889373779,24,172,-102,0,0,0.0945,-0.022500000000000003
0.9504072666168213,24,172,-102,5,0,0.0585,-0.0585
0.960721492767334,24,172,-102,0,0,0.054,-0.0675
0.9709644317626953,24,172,-102,0,0,0.027,-0.06300000000000001
0.9815034866333008,24,173,-102,0,0,0.054,-0.06300000000000001
0.9917619228363037,24,173,-102,0,0,0.054,-0.06300000000000001
0.01029062271118164,25,173,-102,0,0,0.045000000000000005,-0.0675
0.020661354064941406,25,173,-102,0,0,0.045000000000000005,-0.06300000000000001
0.031030893325805664,25,172,-102,0,0,0.0135,-0.06300000000000001
0.04130959510803223,25,172,-102,0,0,-0.07650000000000001,-0.099
0.05176854133605957,25,172,-102,0,-16,-0.07650000000000001,-0.21150000000000002
0.061963796615600586,25,172,-103,-10,-21,-0.25200000000000006,-0.36450000000000005
0.0723567008972168,25,172,-103,-32,-43,-0.4365,-0.558
0.08298134803771973,25,171,-103,-60,-65,-0.6300000000000001,-0.6975
0.09329819679260254,25,171,-104,-98,-93,-0.8190000000000001,-0.891
0.10364174842834473,25,169,-106,-142,-131,-0.9765,-1.0170000000000001
0.11412930488586426,25,167,-107,-181,-192,-1.0485,-1.1835
0.12445211410522461,25,165,-110,-225,-230,-1.1475000000000002,-1.287
0.1346292495727539,25,162,-113,-263,-274,-1.1340000000000001,-1.2915
0.14539456367492676,25,159,-116,-313,-307,-0.9585,-1.107
0.15573930740356445,25,156,-119,-357,-346,-0.9315,-0.9630000000000001
0.16620159149169922,25,151,-123,-401,-362,-0.7695,-0.927
0.17689251899719238,25,147,-127,-428,-368,-0.54,-0.6975
0.1870594024658203,25,142,-131,-455,-373,-0.2655,-0.5715
0.19739055633544922,25,137,-135,-466,-379,-0.018000000000000002,-0.40950000000000003
0.20769953727722168,25,132,-139,-466,-368,0.225,-0.30150000000000005
0.21795368194580078,25,127,-144,-439,-362,0.47250000000000003,-0.1125
0.22849273681640625,25,122,-148,-422,-351,0.7155,-0.022500000000000003
0.23877239227294922,25,118,-151,-395,-335,0.765,0.189
0.24901247024536133,25,114,-155,-351,-313,0.9045000000000001,0.3825
0.25958967208862305,25,110,-158,-307,-291,1.0215,0.54
0.26988863945007324,25,107,-158,-263,-291,1.0395,0.54
0.28044819831848145,25,107,-161,-263,-247,1.0395,0.6210000000000001
0.2909104824066162,25,105,-163,-197,-214,1.071,0.8190000000000001
0.3013575077056885,25,103,-166,-153,-170,1.062,0.9855
0.31151890754699707,25,101,-167,-98,-142,1.197,0.927
0.32190608978271484,25,100,-169,-49,-109,0.9810000000000001,0.8595
0.3321261405944824,25,100,-170,-10,-65,0.8280000000000001,0.7290000000000001
0.3424403667449951,25,100,-170,0,-38,0.549,0.5985
0.35268068313598633,25,100,-170,10,-5,0.135,0.24750000000000003
0.3630330562591553,25,100,-170,21,0,0.07200000000000001,0.108
0.37336254119873047,25,100,-170,10,10,0.045000000000000005,-0.03150000000000001
0.38410353660583496,25,101,-170,10,21,-0.0,-0.06300000000000001
0.3943634033203125,25,101,-170,21,5,0.022500000000000003,-0.12150000000000001
0.4047231674194336,25,101,-170,10,0,0.022500000000000003,-0.17550000000000002
0.4151344299316406,25,101,-170,27,0,-0.0135,-0.10350000000000001
0.425678014755249,25,101,-170,21,0,0.022500000000000003,-0.07650000000000001
0.4362466335296631,25,102,-170,5,0,-0.0405,-0.07650000000000001
0.4467496871948242,25,102,-170,0,0,-0.027,-0.0675
0.45737195014953613,25,102,-170,0,0,0.027,-0.0855
0.4679737091064453,25,102,-170,16,0,0.0585,-0.081
0.4783599376678467,25,102,-170,0,0,0.06300000000000001,-0.07650000000000001
0.4885549545288086,25,102,-170,0,0,0.0045000000000000005,-0.0675
0.4990427494049072,25,102,-170,5,0,0.054,-0.07650000000000001
0.5095934867858887,25,102,-170,10,0,0.0675,-0.07650000000000001
0.5198674201965332,25,102,-170,10,0,0.0405,-0.0855
0.5300333499908447,25,102,-170,10,0,0.045000000000000005,-0.045000000000000005
0.5404164791107178,25,102,-170,10,0,0.045000000000000005,-0.045000000000000005
0.5506796836853027,25,102,-170,0,0,0.14850000000000002,0.036000000000000004
0.5609347820281982,25,102,-170,21,0,0.29700000000000004,0.2025
0.5712647438049316,25,103,-170,38,27,0.49050000000000005,0.378
0.5816843509674072,25,103,-169,60,60,0.7605,0.5940000000000001
0.592005729675293,25,104,-169,98,82,0.9,0.8190000000000001
0.6025469303131104,25,105,-168,137,131,1.0215,0.9720000000000001
0.6130859851837158,25,107,-166,208,153,1.1880000000000002,1.062
0.6235053539276123,25,110,-164,252,186,1.2015,1.1520000000000001
0.6337985992431641,25,112,-162,296,236,1.107,1.2600000000000002
0.6443731784820557,25,116,-159,324,274,1.0575,1.1475000000000002
0.6549148559570312,25,119,-156,357,329,0.8865,1.044
0.6654181480407715,25,123,-152,362,373,0.7515,0.873
0.6756346225738525,25,127,-148,379,406,0.5895,0.6435
0.6861739158630371,25,131,-143,384,428,0.5355,0.3915
0.6967942714691162,25,135,-139,390,450,0.387,0.14400000000000002
0.7073409557342529,25,139,-134,384,444,0.25200000000000006,-0.018000000000000002
0.7174909114837646,25,144,-129,373,433,0.081,-0.333
0.7279090881347656,25,147,-124,351,422,-0.0135,-0.5355
0.7381680011749268,25,151,-120,329,401,-0.24750000000000003,-0.639
0.748323917388916,25,155,-116,313,362,-0.36000000000000004,-0.8415
0.758812427520752,25,158,-113,269,318,-0.4545,-1.0305
0.7692832946777344,25,161,-109,258,280,-0.648,-1.08
0.779611349105835,25,163,-107,214,230,-0.6930000000000001,-1.0665
0.7897813320159912,25,165,-104,186,170,-0.8235,-1.1025
0.8005197048187256,25,167,-103,159,98,-0.774,-0.9945
0.8110649585723877,25,169,-102,126,71,-0.7380000000000001,-0.8505
0.821566104888916,25,170,-101,98,49,-0.684,-0.5625
0.8318719863891602,25,171,-101,60,21,-0.5445,-0.432
0.84222412109375,25,171,-101,38,10,-0.42300000000000004,-0.3195
0.8526768684387207,25,172,-101,27,0,-0.2295,-0.171
0.8629612922668457,25,172,-101,10,-16,-0.1125,-0.12150000000000001
0.8732776641845703,25,172,-101,5,-16,-0.07200000000000001,-0.12150000000000001
0.8835527896881104,25,172,-101,5,-21,-0.07200000000000001,-0.07200000000000001
0.8938643932342529,25,172,-101,0,-16,-0.0,-0.0045000000000000005
0.9041154384613037,25,172,-101,0,-21,0.022500000000000003,-0.0045000000000000005
0.9143643379211426,25,172,-101,-5,-16,0.022500000000000003,0.022500000000000003
0.9248590469360352,25,172,-101,-16,0,0.0495,0.0
0.935166597366333,25,172,-102,-5,-5,0.045000000000000005,0.018000000000000002
0.9456408023834229,25,172,-102,-10,-5,0.081,0.0
0.9557840824127197,25,172,-102,-5,-16,0.07650000000000001,-0.03150000000000001
0.9662213325500488,25,172,-102,0,-5,0.099,-0.036000000000000004
0.9768540859222412,25,172,-102,5,0,0.07650000000000001,0.0
0.9873571395874023,25,172,-102,0,0,0.07200000000000001,-0.03150000000000001
0.9978492259979248,25,172,-102,5,-5,0.036000000000000004,-0.06300000000000001
0.010241031646728516,26,172,-102,0,0,0.018000000000000002,-0.0405
0.0207369327545166,26,172,-102,0,0,0.036000000000000004,-0.0405
0.03151130676269531,26,172,-102,0,0,0.009000000000000001,-0.099
0.041928768157958984,26,172,-102,-16,-10,-0.06300000000000001,-0.20700000000000002
0.05265378952026367,26,172,-102,-21,-16,-0.24300000000000002,-0.36900000000000005
0.06313681602478027,26,172,-102,-32,-32,-0.35550000000000004,-0.522
0.0736079216003418,26,171,-103,-60,-60,-0.5535,-0.7200000000000001
0.08421206474304199,26,170,-104,-87,-98,-0.7380000000000001,-0.891
0.09480905532836914,26,169,-105,-120,-131,-0.8595,-0.9720000000000001
0.10532903671264648,26,168,-107,-170,-175,-0.9405,-1.062
0.11585116386413574,26,166,-109,-192,-219,-1.0215,-1.1115000000000002
0.12638354301452637,26,163,-111,-230,-252,-0.909,-1.08
0.13669371604919434,26,160,-114,-285,-280,-1.062,-1.0395
0.14693546295166016,26,160,-114,-285,-280,-1.062,-1.0395
0.15722990036010742,26,157,-118,-335,-313,-1.0125,-0.9495
0.1677248477935791,26,153,-121,-384,-335,-0.8460000000000001,-0.9900000000000001
0.1779003143310547,26,149,-125,-406,-362,-0.9315,-1.062
0.18819212913513184,26,144,-129,-461,-384,-0.5985,-0.891
0.19840645790100098,26,139,-133,-488,-395,-0.3825,-0.7425
0.20901226997375488,26,134,-137,-494,-390,-0.17550000000000002,-0.49050000000000005
0.21969246864318848,26,129,-141,-494,-368,0.5985,-0.0585
0.23003005981445312,26,123,-145,-466,-362,0.432,-0.054
0.2403726577758789,26,119,-149,-422,-346,1.0260000000000002,0.234
0.25071239471435547,26,115,-153,-357,-329,1.1835,0.3825
0.2610135078430176,26,111,-156,-318,-291,1.2060000000000002,0.5805
0.2713658809661865,26,108,-159,-269,-247,1.0125,0.765
0.2817256450653076,26,105,-162,-214,-219,1.1475000000000002,0.783
0.29187583923339844,26,103,-164,-153,-197,1.062,0.792
0.3024716377258301,26,102,-166,-115,-164,0.9810000000000001,0.81
0.3128032684326172,26,101,-168,-71,-126,0.7965,0.8145
0.3230445384979248,26,100,-169,-43,-98,0.639,0.6885
0.33374905586242676,26,100,-170,-27,-60,0.42750000000000005,0.5355
0.3438405990600586,26,99,-170,-16,-38,0.30150000000000005,0.387
0.35438036918640137,26,99,-170,-5,-27,0.21150000000000002,0.1935
0.3647763729095459,26,99,-170,0,0,0.17550000000000002,0.10350000000000001
0.3754160404205322,26,99,-171,16,0,0.108,0.054
0.3860948085784912,26,100,-170,21,10,0.09000000000000001,-0.0495
0.3961968421936035,26,100,-170,21,10,0.09000000000000001,-0.0495
0.4066042900085449,26,100,-170,27,0,0.027,-0.0585
0.41715002059936523,26,100,-170,16,0,-0.0045000000000000005,-0.12600000000000003
0.4274721145629883,26,100,-170,16,5,-0.0135,-0.12600000000000003
0.4380154609680176,26,100,-170,10,0,-0.036000000000000004,-0.081
0.4486546516418457,26,101,-170,21,-10,-0.0,-0.0675
0.4591665267944336,26,101,-170,5,-5,0.0045000000000000005,-0.10350000000000001
0.46964192390441895,26,101,-170,27,0,0.027,-0.081
0.4798762798309326,26,101,-170,16,0,-0.009000000000000001,-0.036000000000000004
0.49030113220214844,26,101,-170,5,16,0.0405,-0.045000000000000005
0.5006237030029297,26,101,-170,5,5,0.0045000000000000005,-0.06300000000000001
0.51084303855896,26,101,-170,10,0,0.0405,-0.15300000000000002
0.5213143825531006,26,101,-170,10,-5,0.0495,-0.108
0.5317745208740234,26,101,-170,10,0,0.0585,-0.0405
0.5419976711273193,26,102,-170,16,0,0.18000000000000002,0.07200000000000001
0.5525195598602295,26,102,-170,27,10,0.333,0.225
0.5627391338348389,26,102,-170,43,32,0.49950000000000006,0.42300000000000004
0.5731170177459717,26,103,-169,65,60,0.675,0.6075
0.5834386348724365,26,104,-169,104,93,0.8325,0.7290000000000001
0.5938184261322021,26,105,-167,142,126,0.936,0.8370000000000001
0.604595422744751,26,107,-166,192,153,0.9810000000000001,0.936
0.6149089336395264,26,109,-164,241,175,1.0350000000000001,1.0035
0.6254832744598389,26,112,-162,269,214,1.0035,1.071
0.636009931564331,26,115,-160,302,258,0.9045000000000001,1.143
0.6470444202423096,26,119,-157,329,302,0.8955,1.0575
0.6572775840759277,26,122,-153,357,357,0.8190000000000001,0.918
0.6675088405609131,26,126,-149,379,379,0.7155,0.7020000000000001
0.6777873039245605,26,126,-149,379,379,0.7155,0.7020000000000001
0.6882119178771973,26,130,-145,379,411,0.5715,0.47700000000000004
0.6983444690704346,26,134,-140,390,439,0.459,0.279
0.7088637351989746,26,138,-135,390,455,0.42750000000000005,0.225
0.7192227840423584,26,143,-130,379,466,0.29700000000000004,0.009000000000000001
0.7294714450836182,26,147,-126,368,461,0.07200000000000001,-0.324
0.7398903369903564,26,150,-121,346,433,-0.099,-0.54
0.7505283355712891,26,154,-116,313,401,-0.4635,-1.0305
0.7607755661010742,26,157,-112,285,346,-0.5805,-1.179
0.7712593078613281,26,160,-109,247,291,-0.684,-1.3185
0.7814741134643555,26,162,-106,208,230,-0.756,-1.215
0.7922043800354004,26,165,-104,192,159,-0.7965,-1.197
0.802727460861206,26,166,-103,170,109,-0.7515,-1.053
0.8131475448608398,26,168,-102,131,65,-0.8055,-0.8145
0.8235735893249512,26,169,-101,98,43,-0.7110000000000001,-0.5940000000000001
0.834256649017334,26,170,-101,76,27,-0.5670000000000001,-0.4005
0.8446059226989746,26,171,-100,49,0,-0.387,-0.29700000000000004
0.854917049407959,26,171,-100,27,0,-0.279,-0.198
0.8650355339050293,26,171,-101,0,-5,-0.1665,-0.09000000000000001
0.8753707408905029,26,172,-101,0,-10,-0.0675,-0.0855
0.8857517242431641,26,172,-101,-5,-16,0.0405,-0.054
0.896308422088623,26,171,-101,-5,-5,0.0495,-0.03150000000000001
0.9066948890686035,26,171,-101,-21,-16,0.0675,-0.0045000000000000005
0.9171020984649658,26,171,-101,-16,-16,0.0855,-0.0405
0.9272465705871582,26,171,-101,-16,-16,0.0855,-0.0405
0.9378228187561035,26,171,-101,0,-16,0.1395,-0.009000000000000001
0.9482903480529785,26,171,-102,0,-16,0.1395,0.0
0.9588522911071777,26,171,-102,0,-16,0.14400000000000002,0.0
0.9693901538848877,26,171,-102,5,-21,0.07650000000000001,0.0
0.979738712310791,26,171,-102,5,-10,0.0675,0.0045000000000000005
0.9901401996612549,26,171,-102,0,0,0.0585,0.0045000000000000005
0.010332345962524414,27,171,-102,-5,5,0.045000000000000005,-0.009000000000000001
0.020892620086669922,27,171,-102,-5,0,0.06300000000000001,-0.054
0.031177997589111328,27,171,-102,-5,0,0.07650000000000001,-0.06300000000000001
0.041802167892456055,27,171,-102,0,-5,0.0585,-0.12600000000000003
0.05256247520446777,27,171,-102,0,-10,-0.022500000000000003,-0.21150000000000002
0.06290984153747559,27,171,-102,0,-21,-0.2025,-0.36450000000000005
0.07382988929748535,27,171,-103,-38,-49,-0.6345,-0.7425
0.08428192138671875,27,170,-104,-87,-82,-0.8865,-0.9405
0.09462928771972656,27,169,-105,-126,-126,-0.9900000000000001,-1.044
0.10470771789550781,27,167,-106,-159,-181,-0.9405,-1.125
0.11544322967529297,27,165,-109,-197,-230,-1.0260000000000002,-1.1340000000000001
0.1259162425994873,27,163,-111,-241,-258,-0.9405,-1.053
0.13620448112487793,27,160,-114,-285,-280,-1.0170000000000001,-0.9900000000000001
0.14691948890686035,27,157,-117,-329,-318,-0.9540000000000001,-0.9135000000000001
0.15727496147155762,27,153,-121,-373,-340,-0.8370000000000001,-0.9630000000000001
0.16769695281982422,27,149,-125,-401,-351,-0.6210000000000001,-0.864
0.1779789924621582,27,145,-129,-422,-373,-0.4365,-0.7290000000000001
0.18843364715576172,27,140,-133,-450,-379,-0.198,-0.5940000000000001
0.1985340118408203,27,135,-133,-450,-379,-0.027,-0.5940000000000001
0.20910310745239258,27,130,-137,-444,-384,0.25200000000000006,-0.3915
0.21944761276245117,27,125,-145,-439,-362,0.3825,-0.1395
0.22978830337524414,27,121,-149,-417,-346,0.5625,0.0405
0.2402944564819336,27,117,-149,-384,-346,0.7605,0.0405
0.2509636878967285,27,113,-152,-340,-329,0.9225,0.2025
0.26146864891052246,27,109,-156,-302,-302,1.0665,0.36900000000000005
0.2718167304992676,27,109,-159,-302,-269,1.0665,0.5895
0.28202295303344727,27,106,-162,-258,-230,1.0080000000000002,0.7515
0.29215264320373535,27,104,-164,-197,-197,1.071,0.8865
0.30229711532592773,27,102,-166,-148,-175,1.2465,0.8955
0.3125166893005371,27,101,-168,-76,-142,1.2060000000000002,0.8865
0.32308077812194824,27,100,-169,-38,-104,0.9990000000000001,0.8055
0.33364057540893555,27,100,-170,-21,-65,0.459,0.6120000000000001
0.3440983295440674,27,99,-170,-10,-38,0.28350000000000003,0.42750000000000005
0.3546450138092041,27,99,-171,0,-16,0.18000000000000002,0.23850000000000002
0.3651728630065918,27,99,-171,0,0,0.14400000000000002,0.108
0.37543296813964844,27,99,-171,16,0,0.099,0.018000000000000002
0.38594627380371094,27,100,-171,16,0,0.09000000000000001,-0.0405
0.3962733745574951,27,100,-171,16,16,0.022500000000000003,-0.06300000000000001
0.4068887233734131,27,100,-171,21,16,-0.0,-0.0675
0.41724443435668945,27,100,-171,16,0,0.0045000000000000005,-0.14850000000000002
0.4273688793182373,27,100,-171,16,0,-0.0,-0.135
0.4375638961791992,27,101,-171,10,0,-0.0,-0.06300000000000001
0.4476947784423828,27,101,-171,21,0,0.009000000000000001,-0.06300000000000001
0.4581120014190674,27,101,-171,10,0,0.018000000000000002,-0.0585
0.4688096046447754,27,101,-171,21,0,-0.018000000000000002,-0.07200000000000001
0.47921299934387207,27,101,-171,5,10,0.018000000000000002,-0.0675
0.49002504348754883,27,101,-171,0,0,-0.0135,-0.0675
0.5006065368652344,27,101,-171,10,0,0.0405,-0.1125
0.5107197761535645,27,101,-171,10,0,0.0675,-0.1125
0.521265983581543,27,102,-171,5,0,0.03150000000000001,-0.0675
0.5317091941833496,27,102,-171,5,0,0.03150000000000001,-0.06300000000000001
0.5423107147216797,27,102,-171,16,0,0.0585,-0.03150000000000001
0.5530197620391846,27,102,-171,21,0,0.189,0.06300000000000001
0.5632236003875732,27,102,-171,27,10,0.35100000000000003,0.23850000000000002
0.5738239288330078,27,102,-170,43,38,0.5040000000000001,0.42300000000000004
0.5841026306152344,27,103,-170,65,60,0.7065,0.6345
0.5945155620574951,27,104,-169,98,109,0.9225,0.8595
0.6048388481140137,27,105,-168,153,137,1.071,0.9945
0.6153483390808105,27,107,-166,214,175,1.215,1.1295000000000002
0.6259973049163818,27,110,-164,263,203,1.1744999999999999,1.1564999999999999
0.6366589069366455,27,113,-161,307,241,1.2015,1.1115000000000002
0.6472058296203613,27,116,-159,340,296,1.107,1.0665
0.6576151847839355,27,120,-155,368,351,0.9720000000000001,1.179
0.6680285930633545,27,124,-151,390,395,0.8235,1.1295000000000002
0.6782016754150391,27,129,-147,406,439,0.6705,0.8775
0.6885097026824951,27,133,-142,411,466,0.41850000000000004,0.31500000000000006
0.6986496448516846,27,137,-137,390,466,0.261,0.0135
0.7089173793792725,27,141,-131,379,461,0.0855,-0.28350000000000003
0.7194399833679199,27,145,-127,357,450,0.0405,-0.49500000000000005
0.7298364639282227,27,149,-122,346,428,-0.0585,-0.6930000000000001
0.7403333187103271,27,153,-117,329,401,-0.18450000000000003,-0.8415
0.7507514953613281,27,156,-113,307,357,-0.378,-0.9450000000000001
0.7613708972930908,27,160,-110,274,313,-0.5670000000000001,-1.062
0.7717499732971191,27,162,-107,247,247,-0.6615,-1.1340000000000001
0.782001256942749,27,165,-104,225,192,-0.7470000000000001,-1.125
0.792149543762207,27,167,-102,192,142,-0.8235,-0.9855
0.8024287223815918,27,169,-101,148,109,-0.8684999999999999,-0.9
0.8125808238983154,27,170,-100,109,76,-0.8055,-0.7470000000000001
0.8231935501098633,27,171,-100,76,76,-0.657,-0.7470000000000001
0.833643913269043,27,171,-99,76,49,-0.657,-0.6210000000000001
0.8439280986785889,27,172,-99,49,27,-0.47250000000000003,-0.4545
0.8546755313873291,27,172,-99,38,5,-0.29250000000000004,-0.4635
0.8649592399597168,27,172,-99,10,-5,-0.30150000000000005,-0.3375
0.8756077289581299,27,172,-99,0,-16,-0.18000000000000002,-0.216
0.886091947555542,27,172,-99,-10,-16,-0.12600000000000003,-0.12150000000000001
0.896491527557373,27,172,-100,-16,-21,-0.0045000000000000005,-0.07200000000000001
0.9069797992706299,27,172,-100,-16,-21,0.045000000000000005,-0.022500000000000003
0.9174056053161621,27,172,-100,-16,-21,0.117,-0.018000000000000002
0.9276678562164307,27,172,-100,0,-21,0.14400000000000002,0.009000000000000001
0.9384150505065918,27,172,-100,-5,-10,0.1395,0.0135
0.9488279819488525,27,172,-100,0,-5,0.0495,0.0045000000000000005
0.9594218730926514,27,172,-100,0,-5,0.0855,-0.027
0.9696042537689209,27,172,-101,16,-10,0.045000000000000005,-0.054
0.9798586368560791,27,172,-101,10,0,0.0405,-0.0585
0.9900102615356445,27,172,-101,0,0,0.0045000000000000005,-0.036000000000000004
0.010554313659667969,28,172,-101,0,0,0.045000000000000005,-0.07200000000000001
0.02115488052368164,28,172,-101,0,0,0.0495,-0.06300000000000001
0.03173685073852539,28,172,-101,0,0,0.027,-0.1125
0.042343854904174805,28,172,-101,0,0,-0.06300000000000001,-0.225
0.05295538902282715,28,172,-101,-5,-21,-0.261,-0.378
0.06321907043457031,28,172,-101,-32,-43,-0.42300000000000004,-0.5805
0.07345366477966309,28,171,-102,-60,-60,-0.648,-0.7200000000000001
0.08402585983276367,28,170,-103,-104,-93,-0.7470000000000001,-0.8595
0.09435629844665527,28,169,-104,-131,-131,-0.8684999999999999,-0.9945
0.10473370552062988,28,167,-105,-159,-170,-0.8505,-1.0575
0.11527204513549805,28,165,-108,-197,-225,-1.0035,-1.1475000000000002
0.12581539154052734,28,163,-110,-236,-263,-0.9765,-1.1115000000000002
0.136383056640625,28,160,-110,-280,-263,-1.0215,-1.1115000000000002
0.14679956436157227,28,160,-113,-280,-302,-1.0215,-0.9720000000000001
0.15752482414245605,28,157,-117,-329,-318,-0.9810000000000001,-0.9855
0.1679515838623047,28,153,-120,-373,-351,-0.8775,-1.08
0.17857027053833008,28,149,-124,-395,-373,-0.9405,-0.9
0.18927597999572754,28,144,-128,-461,-379,-0.6525,-0.8145
0.19950151443481445,28,139,-132,-488,-384,-0.4365,-0.666
0.20964598655700684,28,134,-136,-494,-384,-0.21150000000000002,-0.45
0.21991467475891113,28,128,-141,-499,-379,0.25650000000000006,-0.28350000000000003
0.23045086860656738,28,123,-145,-477,-362,0.5535,-0.09000000000000001
0.24097037315368652,28,118,-148,-444,-351,0.81,0.0405
0.25142621994018555,28,114,-152,-401,-329,1.215,0.4005
0.26198506355285645,28,110,-155,-340,-296,1.2645,0.6210000000000001
0.27263689041137695,28,107,-158,-280,-274,1.3185,0.7605
0.2830195426940918,28,104,-161,-214,-236,1.287,0.801
0.293163537979126,28,102,-163,-159,-197,1.1835,0.9495
0.30344367027282715,28,101,-165,-115,-153,1.0170000000000001,0.8865
0.31400322914123535,28,99,-167,-71,-131,0.8145,0.8055
0.32439517974853516,28,99,-168,-43,-115,0.6300000000000001,0.6255000000000001
0.33452582359313965,28,98,-169,-21,-76,0.4455,0.54
0.34525251388549805,28,98,-170,-5,-43,0.30150000000000005,0.4635
0.3558948040008545,28,98,-170,0,-21,0.216,0.279
0.3661155700683594,28,98,-170,0,-5,0.1305,0.12600000000000003
0.3766360282897949,28,98,-170,21,0,0.1125,0.0405
0.38695240020751953,28,99,-170,27,10,0.10350000000000001,-0.036000000000000004
0.39710450172424316,28,99,-170,16,0,0.0135,-0.0675
0.40796828269958496,28,99,-170,16,10,-0.022500000000000003,-0.12600000000000003
0.41857290267944336,28,99,-170,27,0,0.0135,-0.07200000000000001
0.4291558265686035,28,100,-170,16,0,0.0045000000000000005,-0.12600000000000003
0.4395132064819336,28,100,-170,27,0,-0.022500000000000003,-0.0855
0.4496321678161621,28,100,-170,10,0,-0.0,-0.0855
0.45989513397216797,28,100,-170,10,0,-0.0,-0.081
0.47020864486694336,28,100,-170,5,0,-0.036000000000000004,-0.07650000000000001
0.4806692600250244,28,100,-170,0,0,0.022500000000000003,-0.07200000000000001
0.4910702705383301,28,100,-170,5,0,0.03150000000000001,-0.09000000000000001
0.5014393329620361,28,100,-170,16,0,0.054,-0.081
0.5118229389190674,28,100,-170,0,0,0.081,-0.07650000000000001
0.5225026607513428,28,100,-170,0,0,0.0585,-0.0675
0.5328969955444336,28,101,-170,10,0,0.12600000000000003,-0.036000000000000004
0.5434737205505371,28,101,-170,16,0,0.24750000000000003,0.0585
0.5542500019073486,28,101,-170,38,27,0.36000000000000004,0.23850000000000002
0.5647444725036621,28,101,-170,54,38,0.54,0.4455
0.5751209259033203,28,102,-169,76,54,0.666,0.549
0.5856599807739258,28,103,-169,109,87,0.8370000000000001,0.7425
0.5962076187133789,28,105,-168,148,126,0.9405,0.9225
0.6065442562103271,28,106,-166,192,159,1.0080000000000002,1.0035
0.6169676780700684,28,109,-164,241,192,1.0575,1.0485
0.6273818016052246,28,112,-162,280,230,1.0395,1.107
0.6378324031829834,28,115,-159,313,263,0.9495,1.0305
0.6481063365936279,28,118,-156,340,318,0.8684999999999999,0.9945
0.6586849689483643,28,122,-153,362,357,0.7785,0.9630000000000001
0.6690981388092041,28,126,-149,379,384,0.6525,0.6930000000000001
0.6796607971191406,28,130,-144,390,422,0.5355,0.522
0.6903085708618164,28,134,-140,390,444,0.459,0.25650000000000006
0.7005844116210938,28,139,-135,373,439,0.3195,0.027
0.7112116813659668,28,143,-130,379,450,0.18450000000000003,-0.25200000000000006
0.7213265895843506,28,147,-125,368,444,0.081,-0.36000000000000004
0.7324256896972656,28,151,-121,340,411,-0.15750000000000003,-0.648
0.7427048683166504,28,154,-117,329,373,-0.31500000000000006,-0.8370000000000001
0.7530007362365723,28,157,-117,285,373,-0.40950000000000003,-0.8370000000000001
0.7637884616851807,28,157,-113,285,340,-0.40950000000000003,-0.9540000000000001
0.7742438316345215,28,160,-109,263,291,-0.6075,-0.9855
0.7843756675720215,28,163,-106,236,236,-0.648,-1.1925
0.7946281433105469,28,165,-104,203,170,-0.8235,-1.2555
0.8054459095001221,28,168,-103,170,93,-0.9225,-1.2015
0.8157474994659424,28,169,-102,137,54,-0.9225,-1.1205
0.826056957244873,28,171,-102,93,10,-0.8505,-0.8775
0.8363924026489258,28,171,-102,60,0,-0.7470000000000001,-0.522
0.8468973636627197,28,172,-102,21,-10,-0.5895,-0.3375
0.8571958541870117,28,172,-102,-5,-27,-0.3915,-0.1125
0.8675580024719238,28,172,-102,-21,-16,-0.2205,-0.0675
0.8779475688934326,28,171,-102,-27,-16,0.03150000000000001,0.0405
0.888237476348877,28,171,-102,-32,-5,0.15300000000000002,0.009000000000000001
0.8983263969421387,28,171,-103,-16,-10,0.198,0.009000000000000001
0.9090194702148438,28,171,-103,-5,-5,0.2205,-0.027
0.9192988872528076,28,171,-103,0,-10,0.14850000000000002,-0.009000000000000001
0.9296369552612305,28,171,-103,0,-16,0.099,-0.022500000000000003
0.9401450157165527,28,171,-103,0,0,0.0675,-0.0135
0.9503788948059082,28,171,-103,0,-5,0.054,0.0135
0.9609165191650391,28,171,-103,10,0,0.06300000000000001,-0.045000000000000005
0.9713280200958252,28,171,-103,0,0,0.0675,-0.03150000000000001
0.981501579284668,28,171,-103,0,0,0.027,-0.0495
0.9919991493225098,28,171,-103,0,0,0.06300000000000001,-0.0585
0.010483980178833008,29,171,-103,0,0,0.0585,-0.0585
0.020975112915039062,29,171,-103,-10,-5,0.0675,-0.0585
0.03159666061401367,29,171,-103,-10,-10,0.036000000000000004,-0.09000000000000001
0.04207110404968262,29,171,-103,-5,-10,-0.022500000000000003,-0.09000000000000001
0.05241847038269043,29,171,-103,-21,-10,-0.189,-0.18000000000000002
0.06288552284240723,29,171,-103,-27,-21,-0.3915,-0.31500000000000006
0.07301640510559082,29,171,-104,-27,-38,-0.3915,-0.5040000000000001
0.0833737850189209,29,170,-104,-49,-60,-0.549,-0.7110000000000001
0.09357213973999023,29,170,-105,-76,-104,-0.7425,-0.9045000000000001
0.10382962226867676,29,168,-107,-126,-153,-1.0080000000000002,-1.053
0.1142127513885498,29,167,-108,-164,-203,-1.1475000000000002,-1.2105
0.12440633773803711,29,165,-111,-208,-241,-1.2600000000000002,-1.2015
0.13501453399658203,29,162,-114,-247,-280,-1.197,-1.1520000000000001
0.14527344703674316,29,159,-117,-302,-313,-1.071,-1.08
0.15558075904846191,29,156,-120,-362,-346,-1.0305,-0.9990000000000001
0.16591501235961914,29,151,-124,-406,-351,-0.8370000000000001,-0.8145
0.17650389671325684,29,147,-128,-422,-357,-0.5040000000000001,-0.6525
0.18691563606262207,29,142,-132,-461,-362,-0.234,-0.6255000000000001
0.19727540016174316,29,137,-136,-466,-379,-0.06300000000000001,-0.5040000000000001
0.20763206481933594,29,132,-140,-466,-373,0.261,-0.34650000000000003
0.21786832809448242,29,127,-144,-450,-362,0.49950000000000006,-0.1125
0.22829747200012207,29,122,-148,-417,-351,0.6885,0.0
0.23866701126098633,29,118,-152,-390,-335,0.8145,0.2025
0.24911856651306152,29,114,-155,-346,-313,0.8775,0.37350000000000005
0.25945520401000977,29,110,-159,-307,-280,1.0080000000000002,0.54
0.2700068950653076,29,107,-161,-269,-241,0.9765,0.6255000000000001
0.2802743911743164,29,105,-164,-208,-203,1.08,0.7605
0.29039907455444336,29,103,-166,-148,-186,1.0665,0.7515
0.3008286952972412,29,101,-168,-109,-164,0.9450000000000001,0.7470000000000001
0.31102681159973145,29,101,-168,-109,-164,0.9450000000000001,0.7470000000000001
0.32137489318847656,29,100,-169,-49,-120,0.6165,0.756
0.33164215087890625,29,100,-170,-49,-76,0.6165,0.7200000000000001
0.3421308994293213,29,99,-171,-32,-38,0.6165,0.7155
0.3524501323699951,29,99,-171,-16,-16,0.324,0.5085000000000001
0.36293983459472656,29,99,-171,0,0,0.3285,0.28350000000000003
0.3734726905822754,29,99,-171,21,5,0.25200000000000006,0.12150000000000001
0.3841273784637451,29,99,-171,27,5,0.18000000000000002,0.018000000000000002
0.3944849967956543,29,100,-171,38,0,0.0945,-0.036000000000000004
0.40460848808288574,29,100,-171,38,5,0.0045000000000000005,-0.0945
0.4151926040649414,29,101,-171,32,0,-0.022500000000000003,-0.0945
0.42606496810913086,29,101,-171,21,0,-0.0945,-0.06300000000000001
0.43756890296936035,29,101,-171,27,0,-0.099,-0.0855
0.44820380210876465,29,101,-171,21,-5,-0.07650000000000001,-0.0675
0.45873379707336426,29,102,-171,21,0,-0.036000000000000004,-0.06300000000000001
0.4694075584411621,29,102,-171,0,0,-0.022500000000000003,-0.0495
0.48000264167785645,29,102,-171,10,0,-0.027,-0.0585
0.4904484748840332,29,102,-171,16,0,0.045000000000000005,-0.06300000000000001
0.5006892681121826,29,102,-171,0,0,0.022500000000000003,-0.07200000000000001
0.5111663341522217,29,102,-171,0,0,-0.0045000000000000005,-0.0675
0.5216372013092041,29,102,-171,0,0,0.054,-0.0675
0.532132625579834,29,102,-171,0,0,0.108,-0.03150000000000001
0.542741060256958,29,102,-171,10,0,0.225,0.0585
0.5531747341156006,29,102,-171,16,16,0.3825,0.24300000000000002
0.5636675357818604,29,102,-171,43,32,0.54,0.42750000000000005
0.5743145942687988,29,103,-170,71,54,0.7380000000000001,0.5895
0.584862232208252,29,104,-169,98,98,0.8550000000000001,0.756
0.5952978134155273,29,105,-168,142,120,0.936,0.9
0.6056456565856934,29,107,-167,197,159,1.062,0.9045000000000001
0.6158397197723389,29,110,-165,241,197,1.0395,1.0755000000000001
0.6260242462158203,29,112,-163,280,225,0.9990000000000001,0.9720000000000001
0.6367475986480713,29,116,-160,313,269,0.8955,1.0485
0.6472811698913574,29,119,-160,329,269,0.8684999999999999,1.0485
0.6578640937805176,29,122,-157,357,318,0.774,1.0125
0.6680197715759277,29,126,-153,362,357,0.684,0.8460000000000001
0.678551435470581,29,130,-149,373,395,0.5760000000000001,0.9
0.6890718936920166,29,134,-145,373,433,0.549,0.774
0.6992590427398682,29,134,-140,373,472,0.549,0.432
0.7098543643951416,29,139,-134,368,483,0.405,0.2205
0.7204279899597168,29,143,-129,368,483,0.279,-0.0855
0.7307741641998291,29,146,-124,357,466,0.15750000000000003,-0.49500000000000005
0.7411868572235107,29,150,-119,346,444,-0.009000000000000001,-0.6930000000000001
0.7516753673553467,29,154,-115,335,401,-0.23850000000000002,-0.8775
0.7626287937164307,29,157,-111,307,351,-0.41400000000000003,-1.08
0.772956132888794,29,160,-107,269,291,-0.6255000000000001,-1.215
0.7834925651550293,29,163,-104,241,230,-0.8370000000000001,-1.314
0.793687105178833,29,165,-102,208,164,-0.9045000000000001,-1.3005
0.8042020797729492,29,167,-101,170,104,-0.9225,-1.2420000000000002
0.8145711421966553,29,169,-100,131,65,-0.873,-0.8505
0.8250257968902588,29,170,-99,98,49,-0.7380000000000001,-0.5715
0.8355932235717773,29,171,-99,60,16,-0.5670000000000001,-0.405
0.846092939376831,29,172,-99,43,16,-0.405,-0.3375
0.856600284576416,29,172,-99,27,0,-0.2295,-0.1665
0.8670175075531006,29,173,-99,21,0,-0.171,-0.171
0.8775069713592529,29,173,-99,5,-10,-0.06300000000000001,-0.10350000000000001
0.8880119323730469,29,173,-99,0,-21,-0.0675,-0.0945
0.8983566761016846,29,173,-99,-10,-10,-0.0,-0.0495
0.9089479446411133,29,173,-100,0,-27,0.045000000000000005,-0.0045000000000000005
0.9191739559173584,29,172,-100,-16,-10,0.0945,-0.036000000000000004
0.9296879768371582,29,172,-100,-5,-10,0.054,0.022500000000000003
0.9401435852050781,29,172,-100,-16,-10,0.1305,-0.027
0.9507029056549072,29,172,-100,0,0,0.081,-0.03150000000000001
0.9609601497650146,29,172,-100,0,-5,0.135,-0.036000000000000004
0.971386194229126,29,172,-100,16,0,0.0585,-0.07200000000000001
0.9818217754364014,29,172,-100,16,0,0.0585,-0.07200000000000001
0.9923615455627441,29,172,-100,10,0,0.0585,-0.06300000000000001
0.010663270950317383,30,172,-100,0,0,-0.0135,-0.0855
0.02126288414001465,30,172,-100,-10,0,0.0135,-0.081
0.03156900405883789,30,172,-100,-5,0,0.0045000000000000005,-0.0855
0.0416865348815918,30,172,-100,-5,0,0.027,-0.117
0.052057504653930664,30,172,-100,0,-16,-0.027,-0.234
0.06255984306335449,30,172,-100,-16,-27,-0.216,-0.4005
0.07298398017883301,30,172,-101,-43,-49,-0.639,-0.7425
0.08340835571289062,30,171,-101,-82,-76,-0.792,-0.918
0.0935220718383789,30,170,-102,-120,-109,-0.9405,-1.0575
0.104217529296875,30,168,-104,-159,-153,-0.9945,-1.1744999999999999
0.11464643478393555,30,167,-105,-192,-203,-1.0080000000000002,-1.2015
0.1252431869506836,30,164,-108,-219,-258,-1.0350000000000001,-1.2285
0.13591432571411133,30,161,-111,-280,-296,-1.0755000000000001,-1.1655
0.14633989334106445,30,158,-114,-329,-318,-1.062,-1.0080000000000002
0.15648603439331055,30,154,-118,-362,-340,-0.7695,-0.8595
0.16745376586914062,30,150,-122,-395,-373,-0.558,-0.8370000000000001
0.17809700965881348,30,146,-126,-439,-373,-0.36900000000000005,-0.7110000000000001
0.18845391273498535,30,141,-130,-450,-373,-0.225,-0.522
0.19905734062194824,30,136,-134,-461,-373,0.0045000000000000005,-0.47700000000000004
0.20954298973083496,30,131,-138,-455,-368,0.2745,-0.333
0.22002339363098145,30,126,-142,-439,-362,0.49050000000000005,-0.162
0.23025846481323242,30,121,-146,-417,-351,0.6255000000000001,-0.018000000000000002
0.24072885513305664,30,117,-149,-384,-335,0.8280000000000001,0.20700000000000002
0.25126218795776367,30,113,-153,-346,-307,0.9540000000000001,0.342
0.2614905834197998,30,110,-156,-302,-291,0.9720000000000001,0.54
0.2724189758300781,30,107,-159,-258,-252,1.0845,0.6615
0.2830486297607422,30,105,-161,-208,-219,1.08,0.8190000000000001
0.29402756690979004,30,103,-161,-153,-219,1.071,0.8190000000000001
0.304598331451416,30,101,-165,-98,-159,0.9765,0.8145
0.3150761127471924,30,100,-167,-60,-120,0.8055,0.9045000000000001
0.3252837657928467,30,100,-167,-38,-120,0.5670000000000001,0.9045000000000001
0.3355979919433594,30,100,-168,-27,-98,0.396,0.666
0.3460679054260254,30,100,-169,-27,-76,0.396,0.47700000000000004
0.35651302337646484,30,99,-169,-5,-32,0.27,0.468
0.3669266700744629,30,99,-169,-10,-5,0.2205,0.3825
0.3775026798248291,30,99,-169,10,10,0.21150000000000002,0.28350000000000003
0.3877723217010498,30,99,-169,10,16,0.12150000000000001,0.06300000000000001
0.39813804626464844,30,100,-169,27,21,0.14400000000000002,-0.045000000000000005
0.4087529182434082,30,100,-169,27,10,0.0495,-0.135
0.41918468475341797,30,100,-169,27,0,0.0405,-0.1665
0.42978358268737793,30,100,-169,32,-5,-0.027,-0.189
0.44022440910339355,30,101,-169,27,-16,-0.03150000000000001,-0.0855
0.4507906436920166,30,101,-169,16,0,-0.06300000000000001,-0.06300000000000001
0.4612541198730469,30,101,-169,16,0,-0.0585,-0.03150000000000001
0.471419095993042,30,101,-169,10,0,-0.0045000000000000005,-0.0675
0.4820210933685303,30,102,-169,5,0,-0.0,-0.07650000000000001
0.4924929141998291,30,102,-169,10,5,0.018000000000000002,-0.081
0.5030808448791504,30,102,-169,5,0,0.036000000000000004,-0.07650000000000001
0.5135543346405029,30,102,-169,10,0,0.018000000000000002,-0.108
0.5238592624664307,30,102,-169,0,-10,0.0405,-0.0855
0.5340061187744141,30,102,-169,5,0,0.07200000000000001,-0.036000000000000004
0.5443432331085205,30,102,-169,16,5,0.25200000000000006,0.14400000000000002
0.5546760559082031,30,102,-169,16,21,0.3915,0.261
0.5655374526977539,30,103,-169,43,38,0.549,0.4365
0.5756747722625732,30,103,-168,76,60,0.774,0.5850000000000001
0.5858917236328125,30,104,-167,109,87,0.873,0.7470000000000001
0.5964615345001221,30,106,-166,164,109,0.9495,0.909
0.6066248416900635,30,108,-165,208,142,1.0305,1.0080000000000002
0.6172115802764893,30,110,-163,247,170,0.9585,1.107
0.6276533603668213,30,113,-161,280,214,0.936,1.116
0.6380243301391602,30,117,-158,313,263,0.927,1.1385
0.6484320163726807,30,117,-158,313,263,0.927,1.1385
0.6590230464935303,30,120,-155,329,318,0.8775,1.1205
0.6695256233215332,30,124,-152,351,362,0.7695,0.9225
0.6800510883331299,30,128,-147,368,406,0.864,0.9630000000000001
0.6909947395324707,30,132,-143,390,444,0.792,0.7425
0.7013781070709229,30,136,-138,395,466,0.5985,0.48150000000000004
0.7115893363952637,30,140,-133,395,472,0.387,0.117
0.7221231460571289,30,144,-128,390,483,0.15300000000000002,-0.18450000000000003
0.7327215671539307,30,149,-122,362,466,0.0045000000000000005,-0.5445
0.7431046962738037,30,152,-117,340,444,-0.216,-0.7470000000000001
0.7536666393280029,30,156,-113,307,401,-0.3915,-0.9990000000000001
0.764080286026001,30,159,-109,274,357,-0.531,-1.2375
0.7748186588287354,30,162,-105,263,263,-0.7110000000000001,-1.4040000000000001
0.7853071689605713,30,165,-103,230,203,-0.7785,-1.35
0.7958893775939941,30,167,-101,197,153,-0.9450000000000001,-1.1564999999999999
0.8060407638549805,30,169,-99,148,115,-0.9225,-0.9765
0.8166897296905518,30,171,-98,109,82,-0.8595,-0.8280000000000001
0.8269000053405762,30,172,-98,76,54,-0.657,-0.666
0.8372101783752441,30,172,-97,49,38,-0.48600000000000004,-0.531
0.8477866649627686,30,173,-97,32,5,-0.342,-0.387
0.8582823276519775,30,173,-97,21,0,-0.198,-0.30150000000000005
0.8684995174407959,30,173,-97,10,0,-0.108,-0.135
0.8787906169891357,30,173,-97,0,-16,-0.0585,-0.12150000000000001
0.8889381885528564,30,173,-97,-10,-10,-0.018000000000000002,-0.117
0.8991007804870605,30,173,-97,-21,-5,0.03150000000000001,-0.0495
0.9094350337982178,30,173,-97,-10,-5,0.081,-0.0585
0.919952392578125,30,173,-97,0,-5,0.15300000000000002,-0.0585
0.9303627014160156,30,173,-98,0,-16,0.15300000000000002,-0.0855
0.940791130065918,30,173,-98,0,0,0.09000000000000001,-0.0855
0.9510111808776855,30,173,-98,0,-5,0.054,-0.09000000000000001
0.9613816738128662,30,173,-98,0,0,0.036000000000000004,-0.03150000000000001
0.9719488620758057,30,173,-98,0,-5,0.0405,-0.108
0.9821047782897949,30,173,-98,0,0,0.054,-0.09000000000000001
0.9922292232513428,30,173,-98,0,0,0.054,-0.108
0.010149478912353516,31,173,-98,5,0,0.054,-0.1125
0.02077317237854004,31,173,-98,0,0,0.036000000000000004,-0.099
0.03118896484375,31,173,-98,0,0,0.0135,-0.1395
0.04191303253173828,31,173,-98,0,0,-0.0855,-0.2655
0.0523073673248291,31,173,-98,-16,-21,-0.23850000000000002,-0.3915
0.0625467300415039,31,172,-98,-27,-38,-0.459,-0.6165
0.07315182685852051,31,172,-99,-60,-49,-0.6075,-0.7470000000000001
0.08334565162658691,31,171,-99,-98,-76,-0.7515,-0.909
0.09380602836608887,31,170,-100,-142,-104,-0.864,-1.089
0.10402846336364746,31,168,-102,-175,-153,-0.9135000000000001,-1.1925
0.11458015441894531,31,166,-104,-197,-208,-0.9135000000000001,-1.287
0.125152587890625,31,164,-106,-203,-258,-0.9585,-1.2240000000000002
0.1353921890258789,31,161,-109,-258,-307,-1.0350000000000001,-1.1025
0.1458299160003662,31,158,-113,-324,-313,-1.1340000000000001,-1.0260000000000002
0.15637516975402832,31,155,-116,-368,-346,-0.909,-0.8865
0.1669764518737793,31,150,-120,-395,-368,-0.5445,-0.8955
0.17708539962768555,31,146,-124,-439,-368,-0.35100000000000003,-0.675
0.18732166290283203,31,141,-128,-450,-373,-0.225,-0.54
0.19766759872436523,31,141,-128,-450,-373,-0.225,-0.54
0.2081308364868164,31,136,-132,-450,-373,-0.0,-0.48600000000000004
0.21863389015197754,31,126,-137,-444,-373,0.4005,-0.36450000000000005
0.2292494773864746,31,126,-140,-444,-384,0.4005,-0.2025
0.23933887481689453,31,122,-144,-433,-368,0.5355,-0.03150000000000001
0.25017738342285156,31,117,-148,-395,-346,0.8280000000000001,0.162
0.26047539710998535,31,113,-152,-357,-324,1.0125,0.49050000000000005
0.2709529399871826,31,110,-155,-307,-291,1.1700000000000002,0.648
0.2811696529388428,31,107,-158,-247,-258,1.233,0.774
0.29160118103027344,31,105,-160,-181,-219,1.3005,0.8955
0.3017127513885498,31,103,-163,-120,-186,1.2555,0.9630000000000001
0.31196165084838867,31,102,-165,-60,-153,1.1115000000000002,0.9540000000000001
0.32248902320861816,31,101,-166,-32,-120,0.6525,0.7470000000000001
0.3331317901611328,31,101,-167,-16,-76,0.378,0.6210000000000001
0.3433821201324463,31,101,-168,0,-65,0.2295,0.47250000000000003
0.3537788391113281,31,101,-169,0,-43,0.15750000000000003,0.261
0.36423683166503906,31,101,-169,10,-21,0.081,0.216
0.37488698959350586,31,101,-169,21,-10,0.07650000000000001,0.1125
0.385434627532959,31,101,-169,10,0,0.03150000000000001,0.0135
0.3961465358734131,31,102,-169,10,10,-0.009000000000000001,-0.03150000000000001
0.4067671298980713,31,102,-169,5,5,0.0135,-0.07200000000000001
0.4170377254486084,31,102,-169,10,0,0.0135,-0.135
0.4275696277618408,31,102,-169,5,0,0.03150000000000001,-0.1125
0.4380984306335449,31,102,-169,27,0,0.018000000000000002,-0.0855
0.44875454902648926,31,102,-169,16,0,0.03150000000000001,-0.07650000000000001
0.45934414863586426,31,102,-169,16,0,-0.045000000000000005,-0.0855
0.4698820114135742,31,102,-169,0,0,-0.0135,-0.0855
0.4802272319793701,31,102,-169,0,0,-0.0045000000000000005,-0.081
0.4908897876739502,31,102,-169,0,0,0.0495,-0.081
0.5014758110046387,31,102,-169,0,0,0.06300000000000001,-0.07650000000000001
0.5116510391235352,31,102,-169,0,0,0.0675,-0.081
0.5218901634216309,31,102,-169,0,0,0.0675,-0.081
0.5323178768157959,31,102,-169,0,0,0.06300000000000001,-0.081
0.5424888134002686,31,102,-169,0,0,0.1125,-0.0405
0.5531861782073975,31,103,-169,5,0,0.2205,0.0405
0.5635197162628174,31,103,-169,27,16,0.387,0.225
0.5736129283905029,31,103,-169,54,32,0.5940000000000001,0.42300000000000004
0.5841922760009766,31,104,-168,82,54,0.783,0.6435
0.5945477485656738,31,105,-167,120,98,0.9900000000000001,0.9945
0.6049544811248779,31,107,-166,175,120,1.1025,1.1340000000000001
0.6154065132141113,31,109,-165,230,153,1.161,1.1205
0.6266250610351562,31,112,-163,274,203,1.098,1.1835
0.6372547149658203,31,115,-160,307,252,0.9720000000000001,1.2465
0.6479449272155762,31,118,-157,335,296,0.8460000000000001,1.1115000000000002
0.6587226390838623,31,122,-154,357,351,0.8325,0.9225
0.6689236164093018,31,126,-150,373,390,0.7425,0.6795
0.6793584823608398,31,130,-145,379,411,0.639,0.4005
0.6898081302642822,31,133,-141,368,439,0.5175000000000001,0.25200000000000006
0.7007749080657959,31,138,-136,379,444,0.35550000000000004,0.07200000000000001
0.7113597393035889,31,142,-131,379,444,0.30150000000000005,-0.198
0.7218184471130371,31,146,-127,362,428,0.0495,-0.36900000000000005
0.7321202754974365,31,150,-122,346,411,-0.14850000000000002,-0.684
0.7423191070556641,31,153,-118,335,384,-0.24750000000000003,-0.756
0.7524440288543701,31,157,-114,296,329,-0.42750000000000005,-0.9720000000000001
0.7630133628845215,31,160,-111,269,296,-0.6255000000000001,-1.0035
0.7736022472381592,31,162,-108,230,252,-0.6435,-0.9675
0.7840430736541748,31,165,-105,197,192,-0.7605,-1.0575
0.7943089008331299,31,167,-103,181,148,-0.7515,-1.0485
0.8044769763946533,31,168,-102,142,98,-0.756,-0.891
0.8148739337921143,31,170,-101,109,60,-0.7695,-0.7875
0.825035810470581,31,171,-101,76,32,-0.6165,-0.5535
0.8356142044067383,31,171,-100,54,27,-0.47250000000000003,-0.378
0.8460161685943604,31,172,-100,32,16,-0.30150000000000005,-0.234
0.8562705516815186,31,172,-100,16,0,-0.2025,-0.216
0.8669552803039551,31,172,-100,16,0,-0.108,-0.216
0.8772556781768799,31,172,-100,16,-10,-0.108,-0.15750000000000003
0.8878161907196045,31,172,-100,5,-16,-0.018000000000000002,-0.081
0.8983926773071289,31,172,-100,0,-21,-0.022500000000000003,-0.081
0.9088692665100098,31,172,-101,-10,-16,-0.009000000000000001,-0.0405
0.9194581508636475,31,172,-101,-10,-5,0.022500000000000003,-0.018000000000000002
0.929652214050293,31,172,-101,0,-21,0.0495,0.0045000000000000005
0.9400472640991211,31,172,-101,-5,-16,0.1125,0.0045000000000000005
0.9503211975097656,31,172,-101,-5,-16,0.099,-0.0405
0.9608070850372314,31,172,-101,0,-16,0.0585,0.009000000000000001
0.9711298942565918,31,172,-101,0,-5,0.07200000000000001,0.0
0.9818286895751953,31,172,-102,0,-16,0.081,0.0
0.9923932552337646,31,172,-102,0,-10,0.0495,0.0
0.010187864303588867,32,172,-102,10,0,0.0495,0.009000000000000001
0.02071666717529297,32,172,-102,0,0,0.06300000000000001,-0.009000000000000001
0.03129005432128906,32,172,-102,0,0,-0.009000000000000001,-0.099
0.04163002967834473,32,172,-102,0,-5,-0.06300000000000001,-0.20700000000000002
0.052078962326049805,32,172,-102,-10,-16,-0.2295,-0.36450000000000005
0.06256937980651855,32,172,-102,-32,-32,-0.432,-0.54
0.07276582717895508,32,171,-103,-65,-60,-0.6075,-0.7155
0.08310651779174805,32,170,-103,-104,-93,-0.7425,-0.873
0.0937199592590332,32,169,-105,-131,-131,-0.8190000000000001,-0.9675
0.10396623611450195,32,167,-106,-153,-175,-0.8190000000000001,-1.062
0.11414384841918945,32,165,-108,-203,-214,-0.9810000000000001,-1.0845
0.1246788501739502,32,163,-111,-236,-258,-0.9720000000000001,-1.071
0.13477206230163574,32,160,-114,-274,-285,-0.9765,-1.0305
0.14525604248046875,32,157,-117,-302,-318,-0.927,-0.9450000000000001
0.15566587448120117,32,154,-120,-357,-346,-0.81,-0.9405
0.16629576683044434,32,150,-124,-406,-351,-0.7020000000000001,-0.801
0.17686939239501953,32,145,-128,-428,-362,-0.49950000000000006,-0.657
0.18741440773010254,32,140,-132,-444,-368,-0.18000000000000002,-0.6165
0.19801855087280273,32,136,-136,-450,-368,-0.03150000000000001,-0.4635
0.2084658145904541,32,131,-140,-450,-368,0.25650000000000006,-0.29250000000000004
0.21881437301635742,32,126,-144,-439,-362,0.405,-0.1395
0.22941899299621582,32,121,-147,-428,-340,0.5760000000000001,-0.0135
0.239837646484375,32,121,-147,-428,-340,0.5760000000000001,-0.0135
0.2502408027648926,32,113,-154,-346,-307,1.0125,0.333
0.26067447662353516,32,110,-154,-296,-307,1.215,0.333
0.27080392837524414,32,110,-158,-296,-285,1.215,0.531
0.281369686126709,32,107,-161,-252,-247,0.9990000000000001,0.6435
0.2915167808532715,32,104,-163,-192,-214,1.0350000000000001,0.8775
0.3016972541809082,32,102,-165,-137,-175,1.1744999999999999,0.9585
0.31201791763305664,32,101,-167,-82,-148,1.1475000000000002,0.9495
0.32216811180114746,32,101,-168,-43,-109,0.9630000000000001,0.864
0.33290600776672363,32,100,-169,-10,-76,0.49500000000000005,0.657
0.34337377548217773,32,100,-170,-5,-49,0.30150000000000005,0.4455
0.3538479804992676,32,100,-170,0,-32,0.135,0.28800000000000003
0.3642911911010742,32,100,-171,0,-10,0.1125,0.15300000000000002
0.3747434616088867,32,100,-171,5,0,0.081,0.07200000000000001
0.38521456718444824,32,100,-170,5,10,0.081,-0.009000000000000001
0.3957550525665283,32,100,-170,21,16,0.06300000000000001,-0.0585
0.4065227508544922,32,101,-170,16,10,0.054,-0.1125
0.4169039726257324,32,101,-170,16,0,-0.0,-0.15300000000000002
0.42716169357299805,32,101,-170,16,0,-0.0,-0.117
0.4373762607574463,32,101,-170,21,0,-0.0,-0.081
0.44777536392211914,32,101,-170,16,0,-0.0,-0.07200000000000001
0.4580512046813965,32,102,-170,16,0,-0.018000000000000002,-0.0675
0.4683234691619873,32,102,-170,21,5,-0.0,-0.07650000000000001
0.47884583473205566,32,102,-170,5,0,-0.0045000000000000005,-0.0675
0.48934221267700195,32,102,-170,5,5,-0.022500000000000003,-0.10350000000000001
0.4997215270996094,32,102,-170,0,0,0.03150000000000001,-0.07650000000000001
0.5101814270019531,32,102,-170,10,0,0.036000000000000004,-0.07650000000000001
0.5205671787261963,32,102,-170,0,0,0.0585,-0.108
0.5307881832122803,32,102,-170,0,0,0.0585,-0.07650000000000001
0.5409224033355713,32,102,-170,0,0,0.045000000000000005,-0.0495
0.5511741638183594,32,102,-170,10,0,0.21150000000000002,0.03150000000000001
0.5613641738891602,32,102,-170,21,16,0.35550000000000004,0.20700000000000002
0.5717098712921143,32,103,-170,38,32,0.5535,0.405
0.5819687843322754,32,103,-170,65,54,0.7245,0.6120000000000001
0.5921947956085205,32,104,-169,109,93,1.0395,0.9405
0.6024084091186523,32,106,-167,164,137,1.1475000000000002,1.089
0.6128330230712891,32,108,-166,219,175,1.1655,1.1475000000000002
0.6235840320587158,32,110,-164,269,208,1.116,1.1025
0.6341104507446289,32,113,-161,302,241,0.9720000000000001,1.0575
0.6446921825408936,32,117,-158,329,291,0.9,1.0665
0.6553997993469238,32,121,-155,351,351,0.8684999999999999,1.0395
0.6657168865203857,32,124,-151,368,379,0.7200000000000001,0.8955
0.6762630939483643,32,128,-147,379,411,0.6120000000000001,0.5625
0.6864430904388428,32,133,-142,384,444,0.5085000000000001,0.3825
0.6966485977172852,32,137,-137,390,450,0.41400000000000003,0.10350000000000001
0.7069928646087646,32,141,-132,379,450,0.24750000000000003,-0.15300000000000002
0.7174587249755859,32,146,-127,368,439,0.07200000000000001,-0.3375
0.7280149459838867,32,149,-122,351,411,-0.022500000000000003,-0.657
0.7385830879211426,32,153,-118,335,401,-0.216,-0.7245
0.7490353584289551,32,157,-114,313,340,-0.36000000000000004,-0.909
0.7595484256744385,32,157,-114,313,340,-0.36000000000000004,-0.909
0.7700293064117432,32,160,-110,274,318,-0.549,-1.116
0.7806587219238281,32,163,-107,230,269,-0.6615,-0.9225
0.7912275791168213,32,165,-104,208,203,-0.8865,-1.1744999999999999
0.801689863204956,32,167,-103,170,148,-0.9,-1.2465
0.8119573593139648,32,169,-101,137,82,-0.8505,-1.2240000000000002
0.8224735260009766,32,170,-101,104,27,-0.864,-1.0125
0.8327510356903076,32,171,-101,71,5,-0.6165,-0.49050000000000005
0.8432567119598389,32,172,-101,38,0,-0.5895,-0.49050000000000005
0.8538544178009033,32,172,-101,10,-16,-0.28800000000000003,-0.0945
0.8643453121185303,32,172,-101,10,-16,-0.135,-0.07200000000000001
0.874643087387085,32,172,-101,0,-10,-0.0045000000000000005,-0.018000000000000002
0.8849594593048096,32,172,-101,-10,-16,-0.0,0.0
0.8951468467712402,32,172,-101,-5,-21,0.036000000000000004,-0.018000000000000002
0.9057374000549316,32,172,-101,-10,-16,0.10350000000000001,0.0
0.9161508083343506,32,172,-102,0,-5,0.07650000000000001,0.0135
0.9267475605010986,32,172,-102,0,-5,0.099,0.0
0.9375231266021729,32,172,-102,0,-16,0.07650000000000001,-0.03150000000000001
0.94783616065979,32,172,-102,0,-10,0.0495,-0.03150000000000001
0.958280086517334,32,172,-102,0,0,0.0495,0.0
0.9687273502349854,32,172,-102,0,-10,0.0585,-0.0135
0.9792459011077881,32,172,-102,5,0,0.054,-0.054
0.9898231029510498,32,172,-102,0,0,0.0585,-0.027
0.010456323623657227,33,172,-102,0,0,0.0495,-0.0675
0.020999431610107422,33,172,-102,0,0,0.054,-0.0675
0.031168460845947266,33,172,-102,0,0,0.03150000000000001,-0.0675
0.04171276092529297,33,172,-102,-10,0,-0.06300000000000001,-0.108
0.052233219146728516,33,172,-102,-10,-5,-0.06300000000000001,-0.216
0.062487125396728516,33,172,-102,-10,-21,-0.25200000000000006,-0.36900000000000005
0.07261371612548828,33,172,-103,-32,-38,-0.37350000000000005,-0.558
0.08289742469787598,33,171,-103,-60,-65,-0.5895,-0.765
0.09320712089538574,33,170,-104,-98,-98,-0.8325,-0.918
0.10334014892578125,33,169,-105,-137,-137,-0.9765,-1.0575
0.11367321014404297,33,167,-107,-170,-186,-1.0575,-1.179
0.12451839447021484,33,165,-110,-225,-247,-1.143,-1.2465
0.13486838340759277,33,162,-112,-252,-291,-1.1744999999999999,-1.2555
0.1451280117034912,33,159,-116,-307,-302,-0.9450000000000001,-1.0260000000000002
0.15543627738952637,33,156,-119,-357,-329,-0.9855,-0.918
0.16570186614990234,33,152,-123,-395,-357,-0.81,-0.9
0.17614340782165527,33,147,-127,-439,-373,-0.5535,-0.7470000000000001
0.18666505813598633,33,142,-131,-461,-384,-0.31050000000000005,-0.5715
0.19700336456298828,33,137,-135,-461,-379,-0.009000000000000001,-0.396
0.20748329162597656,33,132,-139,-461,-368,0.234,-0.23850000000000002
0.2178804874420166,33,127,-143,-444,-357,0.41400000000000003,-0.117
0.22817468643188477,33,122,-147,-411,-346,0.7065,-0.03150000000000001
0.23895692825317383,33,118,-151,-384,-340,0.7470000000000001,0.162
0.24941205978393555,33,114,-154,-351,-313,0.882,0.342
0.25991082191467285,33,111,-157,-313,-274,1.0035,0.5355
0.27049708366394043,33,108,-160,-269,-252,0.9855,0.657
0.2811884880065918,33,105,-163,-203,-214,1.0935000000000001,0.6975
0.2917487621307373,33,103,-165,-148,-197,1.0575,0.81
0.30240583419799805,33,102,-167,-109,-159,0.9405,0.792
0.3127446174621582,33,101,-168,-71,-120,0.774,0.8055
0.32291555404663086,33,100,-168,-49,-120,0.6075,0.8055
0.33339595794677734,33,100,-169,-49,-82,0.6075,0.684
0.34415292739868164,33,99,-170,-16,-54,0.3285,0.5040000000000001
0.35439062118530273,33,99,-171,-16,-16,0.3285,0.49950000000000006
0.36490511894226074,33,99,-171,-10,0,0.3285,0.324
0.3750948905944824,33,99,-171,0,16,0.1665,0.189
0.3855769634246826,33,99,-170,16,10,0.18000000000000002,0.027
0.3958775997161865,33,100,-170,32,21,0.14850000000000002,-0.0495
0.40648651123046875,33,100,-170,32,5,0.10350000000000001,-0.15300000000000002
0.416886568069458,33,100,-170,27,0,0.03150000000000001,-0.12600000000000003
0.42737340927124023,33,101,-170,43,-10,-0.0495,-0.17550000000000002
0.43805861473083496,33,101,-170,32,-10,-0.045000000000000005,-0.07650000000000001
0.4482240676879883,33,101,-170,21,0,-0.1305,-0.027
0.45844554901123047,33,101,-170,16,0,-0.07650000000000001,-0.036000000000000004
0.4687926769256592,33,102,-170,5,10,-0.03150000000000001,-0.06300000000000001
0.47975969314575195,33,102,-170,10,10,-0.0,-0.0675
0.49016451835632324,33,102,-170,5,0,0.03150000000000001,-0.12150000000000001
0.5007505416870117,33,102,-170,16,-10,0.022500000000000003,-0.1125
0.5113224983215332,33,102,-170,0,0,0.03150000000000001,-0.07650000000000001
0.5219411849975586,33,102,-170,0,0,-0.0,-0.045000000000000005
0.532721996307373,33,102,-170,0,0,0.099,-0.045000000000000005
0.5429055690765381,33,102,-170,0,10,0.225,0.054
0.55320143699646,33,102,-170,16,10,0.396,0.25200000000000006
0.5637295246124268,33,102,-170,43,32,0.5940000000000001,0.387
0.5740258693695068,33,103,-169,76,60,0.7470000000000001,0.6165
0.5845017433166504,33,104,-169,109,82,0.8505,0.7695
0.5948910713195801,33,106,-168,148,120,0.9045000000000001,0.8550000000000001
0.6054868698120117,33,107,-166,192,153,1.0035,1.0170000000000001
0.6156997680664062,33,110,-164,236,192,0.9945,1.0665
0.6264746189117432,33,113,-162,269,225,1.0215,1.1025
0.6369743347167969,33,116,-159,313,269,0.9450000000000001,0.9900000000000001
0.6473755836486816,33,119,-159,335,269,0.8955,0.9900000000000001
0.6578729152679443,33,119,-156,335,318,0.8955,1.0035
0.668097734451294,33,123,-152,351,357,0.7380000000000001,0.8955
0.678253173828125,33,127,-148,368,401,0.6705,0.9900000000000001
0.689075231552124,33,131,-144,384,439,0.6930000000000001,0.6885
0.6995766162872314,33,135,-139,395,466,0.6120000000000001,0.5040000000000001
0.7102704048156738,33,139,-134,395,477,0.41850000000000004,0.18450000000000003
0.7210559844970703,33,143,-129,384,483,0.225,-0.15300000000000002
0.7315781116485596,33,148,-124,368,472,0.027,-0.4365
0.7423086166381836,33,151,-119,346,433,-0.171,-0.7515
0.7528574466705322,33,155,-114,324,401,-0.36000000000000004,-1.0170000000000001
0.7634212970733643,33,158,-110,296,351,-0.5130000000000001,-1.278
0.7736330032348633,33,161,-107,258,291,-0.6255000000000001,-1.278
0.7840180397033691,33,164,-104,230,230,-0.8280000000000001,-1.368
0.7942490577697754,33,166,-102,208,159,-0.891,-1.2240000000000002
0.8047988414764404,33,168,-100,164,104,-0.9225,-1.1115000000000002
0.8150174617767334,33,170,-99,126,87,-0.8865,-0.8370000000000001
0.8255553245544434,33,171,-99,93,60,-0.7380000000000001,-0.5805
0.8357772827148438,33,172,-98,54,38,-0.5715,-0.522
0.846172571182251,33,172,-98,38,10,-0.4005,-0.3825
0.8567461967468262,33,173,-98,10,16,-0.198,-0.28800000000000003
0.867074728012085,33,173,-98,16,-5,-0.12600000000000003,-0.14850000000000002
0.877469539642334,33,173,-98,10,-16,-0.0045000000000000005,-0.198
0.8876650333404541,33,173,-98,0,-10,-0.018000000000000002,-0.081
0.8980076313018799,33,173,-98,-10,-16,-0.009000000000000001,-0.036000000000000004
0.9085133075714111,33,173,-98,-16,-10,0.036000000000000004,-0.054
0.9191222190856934,33,173,-98,-16,0,0.099,-0.036000000000000004
0.9295849800109863,33,172,-98,-5,0,0.1305,-0.0585
0.9400882720947266,33,172,-98,0,0,0.117,-0.10350000000000001
0.9505410194396973,33,172,-98,0,-5,0.081,-0.12150000000000001
0.9608414173126221,33,172,-98,0,-16,0.045000000000000005,-0.1125
0.9710648059844971,33,172,-98,10,-16,0.0495,-0.1125
0.9816281795501709,33,172,-98,10,-5,0.07200000000000001,-0.081
0.9919891357421875,33,173,-98,0,0,0.0045000000000000005,-0.027
0.010081291198730469,34,173,-98,0,16,0.0045000000000000005,-0.06300000000000001
0.0206146240234375,34,173,-98,0,0,0.03150000000000001,-0.1125
0.030991792678833008,34,173,-98,-5,0,0.0495,-0.108
0.04111909866333008,34,172,-98,0,-10,0.0135,-0.216
0.05180215835571289,34,172,-98,-5,-10,-0.07650000000000001,-0.24300000000000002
0.06221270561218262,34,172,-99,-16,-27,-0.225,-0.396
0.0726625919342041,34,172,-99,-32,-38,-0.42300000000000004,-0.549
0.08308792114257812,34,172,-100,-65,-71,-0.6525,-0.801
0.09333038330078125,34,171,-100,-104,-93,-0.9450000000000001,-1.125
0.10357308387756348,34,169,-102,-148,-137,-1.0845,-1.197
0.11387896537780762,34,167,-103,-186,-192,-1.0575,-1.332
0.12422490119934082,34,165,-106,-230,-241,-1.08,-1.2825
0.13451600074768066,34,163,-109,-269,-296,-1.044,-1.1835
0.14505219459533691,34,160,-112,-307,-324,-0.9720000000000001,-1.0935000000000001
0.15561175346374512,34,156,-115,-362,-335,-0.927,-0.891
0.1665196418762207,34,152,-119,-384,-357,-0.756,-0.8190000000000001
0.17683887481689453,34,148,-123,-422,-379,-0.47700000000000004,-0.8370000000000001
0.18746137619018555,34,143,-127,-444,-373,-0.3825,-0.6435
0.19778776168823242,34,138,-131,-455,-379,-0.0855,-0.45
0.20820951461791992,34,133,-135,-455,-379,0.14400000000000002,-0.31050000000000005
0.21854162216186523,34,128,-140,-450,-368,0.3375,-0.15300000000000002
0.2290325164794922,34,123,-144,-422,-357,0.657,-0.009000000000000001
0.239577054977417,34,119,-147,-395,-340,0.783,0.1935
0.24992775917053223,34,115,-147,-357,-340,0.936,0.1935
0.26056480407714844,34,111,-154,-313,-291,1.0080000000000002,0.5445
0.27092933654785156,34,111,-154,-313,-291,1.0080000000000002,0.5445
0.28106045722961426,34,108,-157,-258,-252,1.0080000000000002,0.7335
0.29123735427856445,34,105,-160,-208,-214,1.098,0.783
0.30176615715026855,34,103,-162,-137,-175,1.2285,0.9630000000000001
0.31198573112487793,34,102,-164,-82,-142,1.161,0.9225
0.32224178314208984,34,102,-165,-38,-120,1.0350000000000001,0.8415
0.3325960636138916,34,101,-166,-10,-98,0.47250000000000003,0.558
0.34293270111083984,34,101,-167,0,-76,0.25200000000000006,0.4635
0.3534095287322998,34,101,-168,16,-43,0.12150000000000001,0.36000000000000004
0.36396145820617676,34,101,-168,0,-27,0.07650000000000001,0.27
0.3744328022003174,34,101,-169,5,-10,0.009000000000000001,0.108
0.38475656509399414,34,102,-169,0,-5,0.06300000000000001,0.03150000000000001
0.3952939510345459,34,102,-169,10,5,0.054,-0.018000000000000002
0.4055607318878174,34,102,-169,10,5,0.06300000000000001,-0.045000000000000005
0.4157078266143799,34,102,-169,5,10,0.022500000000000003,-0.108
0.4258449077606201,34,102,-169,10,10,0.0135,-0.117
0.43613672256469727,34,102,-169,5,0,0.036000000000000004,-0.135
0.44669127464294434,34,102,-169,21,0,0.018000000000000002,-0.135
0.4568748474121094,34,102,-169,16,0,0.036000000000000004,-0.0855
0.4673950672149658,34,103,-169,0,0,-0.018000000000000002,-0.081
0.47753262519836426,34,103,-169,5,0,-0.009000000000000001,-0.081
0.4880239963531494,34,103,-169,0,0,0.0405,-0.081
0.4984128475189209,34,103,-169,0,0,0.0405,-0.09000000000000001
0.5088272094726562,34,103,-169,0,5,0.036000000000000004,-0.0855
0.5193471908569336,34,103,-169,0,5,0.054,-0.07650000000000001
0.5296282768249512,34,103,-169,0,0,0.0585,-0.0855
0.5402505397796631,34,103,-169,0,0,0.081,-0.0855
0.5504553318023682,34,103,-169,0,0,0.18450000000000003,-0.0045000000000000005
0.5609548091888428,34,103,-169,10,0,0.3285,0.18450000000000003
0.5717251300811768,34,103,-168,38,21,0.531,0.378
0.5818605422973633,34,104,-168,65,49,0.7470000000000001,0.5805
0.5920522212982178,34,105,-167,115,87,1.0170000000000001,0.9810000000000001
0.6024270057678223,34,106,-166,164,115,1.1475000000000002,1.1115000000000002
0.6127710342407227,34,108,-165,219,153,1.1520000000000001,1.125
0.6234622001647949,34,111,-163,269,192,1.1115000000000002,1.197
0.6337261199951172,34,114,-161,296,236,0.9450000000000001,1.1744999999999999
0.6438591480255127,34,117,-158,324,285,0.873,1.1655
0.6547622680664062,34,121,-155,351,335,0.864,1.0170000000000001
0.6651864051818848,34,125,-151,368,384,0.7965,0.8415
0.6756577491760254,34,129,-146,384,411,0.6615,0.6435
0.6859548091888428,34,133,-142,379,422,0.5355,0.405
0.6965134143829346,34,137,-137,384,439,0.36900000000000005,0.12150000000000001
0.7074739933013916,34,142,-132,384,444,0.29250000000000004,-0.027
0.7178933620452881,34,146,-128,373,444,0.0855,-0.279
0.7282965183258057,34,149,-123,346,433,-0.0585,-0.42300000000000004
0.738776683807373,34,153,-119,329,401,-0.24300000000000002,-0.765
0.7489988803863525,34,156,-115,307,357,-0.3375,-0.8595
0.759479284286499,34,159,-111,269,313,-0.5265,-0.9810000000000001
0.769986629486084,34,162,-108,247,269,-0.6300000000000001,-1.0080000000000002
0.7804248332977295,34,165,-106,225,203,-0.6795,-1.0935000000000001
0.7909016609191895,34,167,-104,192,159,-0.783,-1.08
0.8013279438018799,34,169,-102,148,109,-0.8550000000000001,-0.918
0.811485767364502,34,170,-101,115,82,-0.8145,-0.8145
0.8218770027160645,34,171,-101,76,43,-0.6615,-0.6120000000000001
0.8322417736053467,34,172,-101,60,43,-0.49500000000000005,-0.6120000000000001
0.8424172401428223,34,172,-100,32,32,-0.31050000000000005,-0.49050000000000005
0.8534767627716064,34,173,-100,21,0,-0.24750000000000003,-0.28350000000000003
0.8641269207000732,34,173,-100,21,0,-0.24750000000000003,-0.29250000000000004
0.8747704029083252,34,173,-100,5,-21,-0.0945,-0.24300000000000002
0.8852617740631104,34,173,-100,0,-16,-0.036000000000000004,-0.081
0.8954126834869385,34,173,-101,-10,-21,-0.03150000000000001,-0.0855
0.9056639671325684,34,173,-101,-10,-16,0.009000000000000001,0.0
0.9162912368774414,34,173,-101,-21,-10,0.0405,-0.009000000000000001
0.9265651702880859,34,172,-101,-10,-10,0.0945,0.018000000000000002
0.9368035793304443,34,172,-101,-10,-21,0.099,0.0
0.947277307510376,34,172,-101,-5,-21,0.108,-0.018000000000000002
0.9579646587371826,34,172,-102,0,-21,0.10350000000000001,0.0135
0.9682319164276123,34,172,-102,0,-5,0.07200000000000001,0.018000000000000002
0.9789559841156006,34,172,-102,5,-5,0.0495,0.027
0.9891312122344971,34,172,-102,16,0,0.0585,-0.027
0.9997129440307617,34,172,-102,5,0,0.03150000000000001,-0.036000000000000004
0.010402202606201172,35,173,-102,0,0,0.022500000000000003,-0.06300000000000001
0.020558595657348633,35,172,-102,-10,0,0.03150000000000001,-0.06300000000000001
0.03093433380126953,35,172,-102,0,0,0.009000000000000001,-0.10350000000000001
0.04140162467956543,35,172,-102,-5,-10,-0.03150000000000001,-0.20700000000000002
0.05191993713378906,35,172,-102,-16,-32,-0.2295,-0.36000000000000004
0.06283855438232422,35,172,-102,-32,-38,-0.3825,-0.5130000000000001
0.07308650016784668,35,172,-103,-65,-60,-0.5850000000000001,-0.639
0.08326458930969238,35,171,-104,-93,-93,-0.7470000000000001,-0.8550000000000001
0.09355497360229492,35,169,-105,-131,-131,-0.8415,-0.9675
0.10407328605651855,35,168,-106,-175,-170,-0.9225,-1.0215
0.11429953575134277,35,166,-106,-192,-170,-0.9765,-1.0215
0.12444090843200684,35,166,-108,-192,-214,-0.9765,-1.1025
0.13455867767333984,35,164,-111,-230,-252,-0.9315,-1.1115000000000002
0.14479494094848633,35,161,-114,-269,-296,-1.044,-1.2825
0.15517449378967285,35,158,-117,-329,-318,-1.1205,-1.1564999999999999
0.16551899909973145,35,154,-121,-379,-362,-1.0215,-1.143
0.17618966102600098,35,149,-125,-444,-379,-0.9675,-0.9225
0.1866607666015625,35,144,-129,-466,-390,-0.42750000000000005,-0.6210000000000001
0.19732141494750977,35,139,-134,-483,-384,-0.0045000000000000005,-0.48150000000000004
0.20756173133850098,35,134,-138,-472,-379,0.23850000000000002,-0.261
0.2178053855895996,35,129,-142,-450,-362,0.48600000000000004,-0.1125
0.2285463809967041,35,124,-145,-428,-346,0.6435,0.0045000000000000005
0.23887395858764648,35,120,-149,-395,-335,0.7020000000000001,0.14400000000000002
0.24916887283325195,35,116,-153,-368,-313,0.8775,0.2745
0.2597203254699707,35,112,-156,-307,-291,0.9585,0.49500000000000005
0.27021360397338867,35,109,-159,-269,-252,1.098,0.6705
0.2809739112854004,35,106,-161,-214,-219,1.0305,0.774
0.2911233901977539,35,104,-164,-159,-186,1.08,0.801
0.3015265464782715,35,103,-166,-104,-148,0.9765,0.7875
0.3121647834777832,35,102,-167,-71,-126,0.8055,0.7515
0.3225686550140381,35,101,-168,-43,-98,0.5715,0.6030000000000001
0.33292198181152344,35,101,-169,-27,-65,0.41850000000000004,0.5130000000000001
0.34323668479919434,35,101,-170,-5,-43,0.28800000000000003,0.37350000000000005
0.35350751876831055,35,101,-170,0,-16,0.21150000000000002,0.234
0.3638589382171631,35,101,-170,0,-16,0.21150000000000002,0.234
0.37452244758605957,35,101,-170,0,-5,0.099,0.135
0.3847334384918213,35,101,-170,10,0,0.07200000000000001,0.009000000000000001
0.3949272632598877,35,101,-170,5,5,0.081,0.0
0.40546464920043945,35,101,-170,27,16,0.07200000000000001,-0.045000000000000005
0.4157886505126953,35,101,-170,32,5,0.036000000000000004,-0.0675
0.42658209800720215,35,102,-170,21,0,0.045000000000000005,-0.099
0.437147855758667,35,102,-170,27,0,-0.0495,-0.0945
0.4478626251220703,35,102,-170,16,0,-0.03150000000000001,-0.0855
0.45826220512390137,35,102,-170,10,0,-0.054,-0.07200000000000001
0.46875762939453125,35,102,-170,10,0,-0.0135,-0.081
0.47933387756347656,35,103,-170,10,0,0.009000000000000001,-0.081
0.4897420406341553,35,103,-170,0,0,0.018000000000000002,-0.0675
0.5004267692565918,35,103,-170,0,0,0.009000000000000001,-0.0855
0.5111169815063477,35,103,-170,-5,0,0.045000000000000005,-0.0675
0.521428108215332,35,103,-170,0,0,0.054,-0.07650000000000001
0.531672477722168,35,103,-170,0,0,0.12150000000000001,-0.036000000000000004
0.5419590473175049,35,103,-170,5,0,0.21150000000000002,0.054
0.552513599395752,35,103,-170,21,5,0.36450000000000005,0.2295
0.5629360675811768,35,103,-170,38,32,0.54,0.41400000000000003
0.573521614074707,35,104,-169,71,60,0.6975,0.5985
0.5838091373443604,35,105,-169,98,87,0.8370000000000001,0.756
0.5942373275756836,35,106,-167,137,120,0.9135000000000001,0.8460000000000001
0.6047277450561523,35,108,-166,197,148,1.044,0.9810000000000001
0.6153638362884521,35,110,-164,241,181,1.053,1.0215
0.6256241798400879,35,113,-162,274,219,0.9675,1.125
0.6358921527862549,35,116,-159,307,258,0.9315,1.08
0.646392822265625,35,120,-156,329,318,0.873,1.0035
0.6567976474761963,35,120,-156,329,318,0.873,1.0035
0.6673684120178223,35,123,-153,351,362,0.8280000000000001,0.9675
0.677844762802124,35,127,-148,373,384,0.7155,0.675
0.6879944801330566,35,132,-144,390,428,0.7695,0.7335
0.6985790729522705,35,136,-139,395,455,0.5895,0.4635
0.7091150283813477,35,140,-134,395,472,0.387,0.28350000000000003
0.7193152904510498,35,144,-129,390,477,0.17550000000000002,-0.054
0.7300388813018799,35,149,-124,368,472,0.027,-0.396
0.7407264709472656,35,152,-119,351,444,-0.17550000000000002,-0.684
0.7511615753173828,35,156,-114,313,411,-0.34650000000000003,-0.9225
0.7613911628723145,35,159,-110,280,357,-0.6525,-1.3860000000000001
0.7716202735900879,35,162,-107,258,274,-0.7245,-1.377
0.7821087837219238,35,165,-104,225,214,-0.7875,-1.3545
0.7925119400024414,35,167,-102,197,159,-0.882,-1.1475000000000002
0.8032255172729492,35,169,-100,159,120,-0.8775,-1.0080000000000002
0.8136346340179443,35,170,-99,109,76,-0.8370000000000001,-0.8370000000000001
0.824225902557373,35,171,-99,71,65,-0.684,-0.657
0.834500789642334,35,172,-98,49,32,-0.459,-0.468
0.8450939655303955,35,172,-98,38,16,-0.28350000000000003,-0.40950000000000003
0.8556516170501709,35,173,-98,21,0,-0.162,-0.25650000000000006
0.8661758899688721,35,173,-98,10,-5,-0.1125,-0.18450000000000003
0.8768153190612793,35,173,-98,5,-21,-0.0675,-0.108
0.8876533508300781,35,173,-98,0,-10,-0.0135,-0.09000000000000001
0.8984897136688232,35,173,-98,-21,-5,0.0135,-0.022500000000000003
0.908583402633667,35,173,-98,-16,0,0.054,-0.0495
0.9192156791687012,35,173,-98,-5,0,0.162,-0.081
0.9297447204589844,35,172,-98,0,-10,0.12150000000000001,-0.108
0.9402713775634766,35,172,-98,0,-10,0.0675,-0.108
0.9509983062744141,35,172,-98,0,0,0.045000000000000005,-0.0675
0.9614324569702148,35,172,-98,16,0,0.0675,-0.06300000000000001
0.9717381000518799,35,172,-98,5,0,0.0495,-0.06300000000000001
0.982180118560791,35,172,-98,5,0,0.0495,-0.1125
0.9927170276641846,35,173,-98,0,0,-0.0,-0.108
0.010329484939575195,36,173,-98,0,0,0.03150000000000001,-0.0945
0.020492076873779297,36,173,-98,0,0,0.045000000000000005,-0.10350000000000001
0.031106948852539062,36,173,-98,0,0,0.0495,-0.108
0.04149889945983887,36,173,-98,0,0,0.009000000000000001,-0.1395
0.051779985427856445,36,172,-98,-5,-5,-0.07650000000000001,-0.234
0.06204724311828613,36,172,-98,-5,-21,-0.24300000000000002,-0.405
0.0723271369934082,36,172,-99,-38,-43,-0.6255000000000001,-0.8280000000000001
0.08285093307495117,36,171,-99,-76,-71,-0.8325,-0.9810000000000001
0.09342265129089355,36,170,-100,-115,-104,-0.9450000000000001,-1.08
0.10374665260314941,36,169,-102,-159,-137,-1.0125,-1.2060000000000002
0.11427187919616699,36,167,-103,-203,-197,-1.071,-1.2825
0.12459802627563477,36,164,-106,-241,-241,-1.0350000000000001,-1.2825
0.13506674766540527,36,162,-109,-269,-296,-0.9405,-1.1835
0.14519286155700684,36,159,-112,-307,-329,-0.8505,-1.098
0.1556868553161621,36,155,-116,-357,-340,-0.918,-0.909
0.16632485389709473,36,151,-119,-395,-368,-0.81,-0.8190000000000001
0.1764669418334961,36,147,-123,-417,-379,-0.5175000000000001,-0.792
0.18674159049987793,36,142,-127,-450,-379,-0.30150000000000005,-0.5985
0.19743561744689941,36,137,-131,-455,-379,-0.09000000000000001,-0.4635
0.20767879486083984,36,132,-136,-461,-384,0.18000000000000002,-0.30150000000000005
0.21838712692260742,36,127,-140,-444,-373,0.35550000000000004,-0.14850000000000002
0.22870111465454102,36,123,-144,-417,-357,0.7155,0.0
0.2394723892211914,36,118,-147,-395,-335,0.7515,0.21150000000000002
0.24968171119689941,36,114,-151,-351,-313,0.918,0.378
0.26006460189819336,36,111,-151,-313,-313,1.071,0.378
0.2702507972717285,36,111,-154,-313,-280,1.071,0.522
0.2807309627532959,36,108,-157,-258,-252,0.9720000000000001,0.6120000000000001
0.2913031578063965,36,105,-160,-208,-214,1.107,0.864
0.3018760681152344,36,103,-162,-137,-181,1.2015,0.8865
0.3125452995300293,36,102,-164,-82,-148,1.1475000000000002,0.936
0.3230760097503662,36,101,-165,-27,-126,1.0350000000000001,0.8325
0.33359265327453613,36,101,-167,0,-104,0.7245,0.7290000000000001
0.3441474437713623,36,101,-167,10,-76,0.21150000000000002,0.49050000000000005
0.35434436798095703,36,101,-168,10,-38,0.07650000000000001,0.405
0.3645784854888916,36,102,-168,5,-21,0.03150000000000001,0.2655
0.37487244606018066,36,102,-169,10,0,0.027,0.09000000000000001
0.3854691982269287,36,102,-169,16,0,0.036000000000000004,0.022500000000000003
0.39594578742980957,36,102,-168,0,5,0.022500000000000003,-0.06300000000000001
0.4063863754272461,36,102,-168,10,16,-0.0045000000000000005,-0.081
0.4167511463165283,36,102,-168,5,0,0.054,-0.1125
0.4271688461303711,36,102,-168,10,0,0.027,-0.171
0.43764233589172363,36,102,-168,16,-5,0.036000000000000004,-0.099
0.4482572078704834,36,102,-168,10,0,0.018000000000000002,-0.0945
0.4588053226470947,36,102,-168,0,0,-0.0,-0.07200000000000001
0.46927356719970703,36,102,-168,0,0,0.0135,-0.099
0.47968602180480957,36,102,-168,0,0,0.054,-0.099
0.49025750160217285,36,102,-168,0,0,0.06300000000000001,-0.099
0.500525951385498,36,102,-168,0,0,0.06300000000000001,-0.099
0.5112061500549316,36,102,-168,0,0,0.06300000000000001,-0.099
0.5216395854949951,36,102,-168,0,0,0.06300000000000001,-0.09000000000000001
0.5321230888366699,36,102,-168,10,0,0.108,-0.054
0.5423252582550049,36,102,-168,21,0,0.2205,0.022500000000000003
0.5525786876678467,36,103,-168,21,0,0.333,0.022500000000000003
0.5630707740783691,36,103,-168,21,16,0.333,0.2205
0.5735862255096436,36,103,-168,38,32,0.48150000000000004,0.40950000000000003
0.5839986801147461,36,104,-168,65,49,0.684,0.6210000000000001
0.594757080078125,36,105,-167,104,76,0.9045000000000001,0.801
0.605198860168457,36,106,-166,159,104,1.071,0.9990000000000001
0.6154553890228271,36,108,-165,214,142,1.2060000000000002,1.1880000000000002
0.6256260871887207,36,111,-163,269,170,1.2105,1.2285
0.6361374855041504,36,114,-161,324,219,1.125,1.278
0.6467156410217285,36,117,-158,346,280,1.0395,1.3365
0.6573014259338379,36,122,-155,379,351,0.9135000000000001,1.2735
0.6679353713989258,36,126,-151,384,390,0.7020000000000001,0.9765
0.6782875061035156,36,130,-146,401,439,0.7065,0.9315
0.6885800361633301,36,134,-141,395,461,0.47700000000000004,0.31050000000000005
0.6987996101379395,36,138,-136,384,472,0.279,-0.009000000000000001
0.7089180946350098,36,143,-131,379,455,0.17550000000000002,-0.29700000000000004
0.7190515995025635,36,147,-126,368,444,0.0675,-0.5985
0.7291085720062256,36,150,-122,346,422,-0.07650000000000001,-0.7065
0.7394843101501465,36,154,-117,329,384,-0.2655,-0.8055
0.7497475147247314,36,157,-114,307,346,-0.36450000000000005,-0.927
0.7604975700378418,36,160,-110,274,313,-0.5535,-1.0170000000000001
0.7709929943084717,36,163,-107,236,263,-0.666,-0.9945
0.7813260555267334,36,165,-104,208,203,-0.7380000000000001,-1.116
0.7919402122497559,36,168,-102,181,153,-0.7695,-1.0485
0.8022232055664062,36,169,-101,153,109,-0.7695,-0.9495
0.8125002384185791,36,171,-100,109,76,-0.7695,-0.7965
0.8230619430541992,36,172,-99,82,43,-0.684,-0.6075
0.8334541320800781,36,172,-99,43,38,-0.4635,-0.45
0.8435664176940918,36,173,-99,27,38,-0.34650000000000003,-0.45
0.8539755344390869,36,173,-99,27,5,-0.34650000000000003,-0.30600000000000005
0.8644442558288574,36,173,-99,16,0,-0.15300000000000002,-0.28800000000000003
0.8749620914459229,36,173,-99,0,-21,-0.07200000000000001,-0.28350000000000003
0.8852481842041016,36,173,-99,0,-10,-0.07200000000000001,-0.12600000000000003
0.8957028388977051,36,173,-99,-16,-21,-0.0405,-0.09000000000000001
0.9060845375061035,36,173,-99,-16,-16,0.03150000000000001,-0.0045000000000000005
0.9165952205657959,36,173,-100,-21,-16,0.03150000000000001,-0.045000000000000005
0.9270596504211426,36,173,-100,-16,-5,0.12150000000000001,-0.018000000000000002
0.9376039505004883,36,172,-100,-10,-5,0.15750000000000003,-0.0045000000000000005
0.9478754997253418,36,172,-100,-5,-16,0.1125,-0.0495
0.9580206871032715,36,172,-100,0,-21,0.10350000000000001,-0.06300000000000001
0.968271017074585,36,172,-100,10,-10,0.0855,-0.0135
0.9785590171813965,36,173,-100,5,0,0.0585,0.0
0.9888615608215332,36,173,-100,16,0,0.022500000000000003,-0.022500000000000003
0.9992637634277344,36,173,-100,0,0,0.022500000000000003,-0.07650000000000001
0.010416746139526367,37,173,-100,0,0,0.022500000000000003,-0.081
0.02086806297302246,37,173,-100,0,0,0.045000000000000005,-0.09000000000000001
0.031010866165161133,37,173,-100,-5,0,0.0135,-0.12600000000000003
0.04115724563598633,37,172,-100,0,-5,-0.07650000000000001,-0.23850000000000002
0.05179309844970703,37,172,-101,-16,-16,-0.20700000000000002,-0.3915
0.062018632888793945,37,172,-101,-32,-38,-0.432,-0.54
0.07244086265563965,37,172,-101,-54,-38,-0.5715,-0.54
0.08329629898071289,37,172,-102,-54,-71,-0.5715,-0.7200000000000001
0.09378385543823242,37,170,-102,-131,-93,-0.8460000000000001,-0.8505
0.10428094863891602,37,170,-104,-131,-126,-0.8460000000000001,-1.0845
0.11437678337097168,37,168,-105,-181,-181,-1.1385,-1.1564999999999999
0.12455487251281738,37,166,-108,-203,-241,-0.9900000000000001,-1.305
0.13496112823486328,37,164,-110,-247,-291,-1.197,-1.3005
0.14536595344543457,37,161,-114,-280,-335,-1.107,-1.215
0.15567421913146973,37,157,-117,-346,-351,-1.116,-0.9990000000000001
0.16605472564697266,37,153,-121,-406,-368,-0.9630000000000001,-0.7965
0.17662644386291504,37,148,-125,-433,-379,-0.5670000000000001,-0.7155
0.18677759170532227,37,143,-130,-466,-384,-0.23850000000000002,-0.5670000000000001
0.1972048282623291,37,139,-134,-461,-384,-0.018000000000000002,-0.4635
0.20767855644226074,37,133,-138,-461,-368,0.25200000000000006,-0.28350000000000003
0.21805691719055176,37,128,-142,-455,-368,0.3915,-0.1125
0.22875761985778809,37,123,-146,-428,-340,0.5715,-0.03150000000000001
0.23927712440490723,37,119,-149,-395,-329,0.8550000000000001,0.2025
0.24987030029296875,37,115,-153,-357,-313,0.8955,0.261
0.26013708114624023,37,111,-156,-318,-285,0.9585,0.47250000000000003
0.27030229568481445,37,108,-159,-263,-258,1.0575,0.6615
0.2807588577270508,37,106,-162,-203,-214,1.107,0.7695
0.2913174629211426,37,104,-164,-148,-175,1.0395,0.8415
0.3019249439239502,37,102,-166,-109,-159,0.918,0.774
0.31229686737060547,37,101,-166,-65,-159,0.7515,0.774
0.32265186309814453,37,101,-167,-43,-120,0.6075,0.7110000000000001
0.33296656608581543,37,101,-168,-43,-104,0.6075,0.6525
0.34347057342529297,37,100,-169,-27,-60,0.4005,0.6615
0.35401010513305664,37,100,-170,-16,-21,0.279,0.49050000000000005
0.364168643951416,37,100,-170,0,0,0.28350000000000003,0.40950000000000003
0.3747389316558838,37,100,-170,5,16,0.216,0.21150000000000002
0.3853471279144287,37,100,-170,10,10,0.15300000000000002,0.027
0.3957688808441162,37,100,-169,27,16,0.07650000000000001,-0.0405
0.40625572204589844,37,101,-169,32,0,0.0585,-0.15300000000000002
0.41669559478759766,37,101,-169,32,0,0.036000000000000004,-0.1305
0.42694830894470215,37,101,-169,27,-10,-0.027,-0.15300000000000002
0.4371473789215088,37,102,-169,32,-10,-0.0675,-0.0855
0.44794774055480957,37,102,-170,21,-10,-0.054,-0.0405
0.458085298538208,37,102,-170,16,0,-0.081,-0.0405
0.46849799156188965,37,102,-170,0,0,-0.03150000000000001,-0.03150000000000001
0.4787938594818115,37,102,-170,0,16,-0.0135,-0.07200000000000001
0.48909926414489746,37,102,-169,0,0,0.0495,-0.07650000000000001
0.4992060661315918,37,102,-169,10,0,0.0675,-0.14850000000000002
0.509519100189209,37,102,-169,0,0,0.06300000000000001,-0.0855
0.5199971199035645,37,102,-170,0,0,0.022500000000000003,-0.09000000000000001
0.5306131839752197,37,102,-170,0,0,0.09000000000000001,-0.0585
0.5411643981933594,37,102,-170,0,0,0.2025,0.03150000000000001
0.5518920421600342,37,102,-170,5,5,0.35550000000000004,0.21150000000000002
0.5624024868011475,37,103,-169,32,32,0.5535,0.396
0.5726666450500488,37,103,-169,71,60,0.765,0.5985
0.582913875579834,37,104,-168,104,87,0.8684999999999999,0.7200000000000001
0.5936219692230225,37,105,-167,142,98,0.909,0.8190000000000001
0.6042091846466064,37,107,-166,192,142,0.9810000000000001,0.936
0.6144814491271973,37,110,-164,230,175,0.9945,1.1475000000000002
0.6246867179870605,37,112,-164,269,175,1.0035,1.1475000000000002
0.6351168155670166,37,116,-162,307,208,0.9405,1.0935000000000001
0.6457459926605225,37,116,-160,307,247,0.9405,1.0845
0.6560037136077881,37,119,-156,329,329,0.8955,1.2420000000000002
0.6662144660949707,37,123,-152,346,373,0.756,1.215
0.6766414642333984,37,127,-148,368,422,0.8325,1.0845
0.68703293800354,37,131,-144,379,455,0.7290000000000001,0.6525
0.6972775459289551,37,135,-138,384,477,0.6345,0.4545
0.7074596881866455,37,139,-133,384,488,0.441,0.081
0.7179946899414062,37,143,-128,379,472,0.1125,-0.5355
0.7281386852264404,37,147,-123,357,455,-0.036000000000000004,-0.7110000000000001
0.738417387008667,37,151,-118,340,411,-0.2745,-0.891
0.748981237411499,37,155,-114,324,357,-0.405,-1.089
0.7593517303466797,37,158,-110,291,329,-0.531,-1.1340000000000001
0.7698607444763184,37,161,-107,236,263,-0.6975,-1.08
0.7804958820343018,37,164,-104,219,197,-0.7785,-1.1744999999999999
0.7909829616546631,37,166,-102,186,164,-0.7065,-1.071
0.8015356063842773,37,168,-101,153,126,-0.8280000000000001,-0.909
0.8120474815368652,37,169,-100,126,82,-0.7605,-0.8550000000000001
0.8226535320281982,37,170,-99,98,49,-0.6525,-0.675
0.8333964347839355,37,171,-98,71,38,-0.549,-0.49500000000000005
0.8437974452972412,37,172,-98,43,21,-0.41400000000000003,-0.333
0.8543283939361572,37,172,-98,27,0,-0.28350000000000003,-0.29250000000000004
0.8649933338165283,37,173,-98,21,0,-0.1395,-0.21150000000000002
0.8753228187561035,37,173,-98,0,-10,-0.07200000000000001,-0.1125
0.8857507705688477,37,173,-98,0,-10,-0.045000000000000005,-0.1125
0.8962423801422119,37,173,-98,0,-10,-0.045000000000000005,-0.099
0.9067254066467285,37,173,-98,0,-16,0.03150000000000001,-0.0675
0.9173822402954102,37,172,-98,-21,-10,0.03150000000000001,-0.0495
0.9275221824645996,37,172,-98,0,-16,0.0495,-0.054
0.9377439022064209,37,172,-99,-10,-5,0.0495,-0.036000000000000004
0.94842529296875,37,172,-99,-5,-5,0.171,-0.0585
0.9587545394897461,37,172,-99,0,-5,0.0495,-0.027
0.9693503379821777,37,172,-99,5,-10,0.10350000000000001,-0.054
0.9796180725097656,37,172,-99,10,-5,0.081,-0.0675
0.9899733066558838,37,172,-99,5,-10,0.027,-0.0495
0.010272026062011719,38,172,-99,0,0,0.018000000000000002,-0.045000000000000005
0.020453929901123047,38,172,-99,0,-10,0.0135,-0.03150000000000001
0.03128957748413086,38,172,-99,0,-5,0.009000000000000001,-0.12150000000000001
0.04143357276916504,38,172,-99,-10,0,-0.0585,-0.18000000000000002
0.05161643028259277,38,172,-99,-16,-16,-0.2295,-0.378
0.062358856201171875,38,172,-99,-38,-38,-0.387,-0.6075
0.07283568382263184,38,171,-100,-49,-54,-0.5535,-0.7425
0.0835123062133789,38,171,-101,-93,-82,-0.6975,-0.882
0.09403038024902344,38,169,-102,-131,-115,-0.9,-1.044
0.1042170524597168,38,168,-103,-164,-164,-0.927,-1.1520000000000001
0.1148684024810791,38,166,-105,-186,-214,-0.9810000000000001,-1.1835
0.12505483627319336,38,164,-108,-230,-258,-0.9810000000000001,-1.1880000000000002
0.13547658920288086,38,161,-111,-269,-296,-1.062,-1.1205
0.14607453346252441,38,158,-114,-318,-313,-0.9315,-0.9990000000000001
0.15619850158691406,38,154,-118,-351,-340,-0.7875,-0.8460000000000001
0.16667842864990234,38,150,-118,-401,-340,-0.5985,-0.8460000000000001
0.17704105377197266,38,150,-122,-401,-362,-0.5985,-0.8415
0.18763208389282227,38,145,-126,-433,-368,-0.5130000000000001,-0.7065
0.1981356143951416,38,140,-130,-444,-379,-0.1935,-0.7110000000000001
0.20830178260803223,38,135,-134,-472,-390,-0.1665,-0.558
0.2185521125793457,38,130,-138,-472,-379,0.0585,-0.387
0.2288217544555664,38,125,-142,-466,-368,0.29700000000000004,-0.18450000000000003
0.239149808883667,38,120,-146,-444,-357,0.6120000000000001,0.022500000000000003
0.24973726272583008,38,116,-150,-406,-340,0.8460000000000001,0.2295
0.2602229118347168,38,112,-154,-351,-318,1.2015,0.5940000000000001
0.27038025856018066,38,108,-157,-291,-280,1.2555,0.7290000000000001
0.2808060646057129,38,105,-160,-236,-236,1.2735,0.909
0.2912600040435791,38,103,-162,-175,-192,1.1475000000000002,0.909
0.3016932010650635,38,102,-164,-126,-170,1.08,0.8775
0.31241631507873535,38,100,-166,-82,-137,0.8865,0.7425
0.32279491424560547,38,100,-167,-49,-120,0.684,0.7020000000000001
0.3332185745239258,38,99,-168,-27,-87,0.49050000000000005,0.5625
0.3435697555541992,38,99,-169,-21,-49,0.324,0.48150000000000004
0.35380077362060547,38,99,-169,0,-32,0.225,0.3285
0.36391401290893555,38,99,-170,5,-21,0.20700000000000002,0.15300000000000002
0.37441420555114746,38,99,-170,21,-10,0.0945,0.0675
0.3849794864654541,38,99,-170,16,0,0.0675,0.03150000000000001
0.3951573371887207,38,100,-170,16,0,-0.0,-0.018000000000000002
0.4054439067840576,38,100,-170,16,5,0.009000000000000001,-0.06300000000000001
0.4159069061279297,38,100,-170,16,5,0.0045000000000000005,-0.07650000000000001
0.4261322021484375,38,100,-170,10,10,0.0045000000000000005,-0.099
0.4364326000213623,38,100,-170,10,10,-0.0,-0.099
0.44697070121765137,38,100,-170,10,0,-0.0,-0.099
0.45761871337890625,38,101,-170,10,-5,0.022500000000000003,-0.12600000000000003
0.4683365821838379,38,101,-170,16,-10,0.0405,-0.12600000000000003
0.4786953926086426,38,101,-170,16,0,0.0405,-0.081
0.4890403747558594,38,101,-170,5,0,0.022500000000000003,-0.054
0.5000357627868652,38,101,-170,16,0,0.0045000000000000005,-0.0405
0.5105366706848145,38,101,-170,5,10,-0.0,-0.06300000000000001
0.5208413600921631,38,101,-170,0,10,0.036000000000000004,-0.07200000000000001
0.531404972076416,38,101,-170,10,0,0.0045000000000000005,-0.0675
0.5419881343841553,38,101,-170,16,0,0.07200000000000001,-0.0855
0.5521495342254639,38,101,-170,10,0,0.2205,0.0
0.562309980392456,38,102,-170,32,10,0.5040000000000001,0.42300000000000004
0.5724883079528809,38,102,-169,65,43,0.756,0.6210000000000001
0.582817554473877,38,103,-169,93,71,0.8775,0.8235
0.5935859680175781,38,104,-168,131,115,0.9495,0.9135000000000001
0.6039962768554688,38,106,-166,175,148,1.0395,1.0125
0.6142468452453613,38,108,-165,230,181,1.1115000000000002,1.053
0.6250507831573486,38,111,-162,280,214,1.08,1.0125
0.6355953216552734,38,114,-160,313,258,0.9405,1.1295000000000002
0.6460256576538086,38,118,-157,340,307,0.81,1.044
0.6566267013549805,38,122,-153,362,357,0.7785,0.9495
0.6672210693359375,38,126,-149,362,379,0.6975,0.666
0.6777293682098389,38,130,-145,368,406,0.6030000000000001,0.47250000000000003
0.688014030456543,38,134,-140,379,439,0.5805,0.30600000000000005
0.6984930038452148,38,138,-135,390,444,0.45,0.0945
0.7087881565093994,38,142,-131,384,450,0.25650000000000006,-0.216
0.7192785739898682,38,146,-126,379,439,0.036000000000000004,-0.4365
0.729438304901123,38,146,-121,379,428,0.036000000000000004,-0.5760000000000001
0.7400457859039307,38,154,-121,335,428,-0.324,-0.5760000000000001
0.7505133152008057,38,154,-117,335,373,-0.324,-0.8055
0.7606375217437744,38,157,-113,296,351,-0.48600000000000004,-0.9675
0.7712376117706299,38,160,-110,263,291,-0.5985,-1.125
0.7818005084991455,38,163,-107,230,241,-0.8190000000000001,-1.1564999999999999
0.7919270992279053,38,165,-104,203,175,-0.81,-1.2600000000000002
0.8024020195007324,38,167,-103,170,115,-0.873,-1.1520000000000001
0.8133225440979004,38,169,-102,126,65,-0.864,-1.098
0.8238348960876465,38,170,-101,93,27,-0.7380000000000001,-0.6210000000000001
0.834324836730957,38,171,-101,71,16,-0.54,-0.3915
0.8448488712310791,38,172,-101,38,0,-0.387,-0.20700000000000002
0.8552041053771973,38,172,-101,27,-10,-0.28350000000000003,-0.15750000000000003
0.8655350208282471,38,172,-101,16,-21,-0.1305,-0.07200000000000001
0.8759965896606445,38,172,-101,0,-16,-0.07200000000000001,-0.03150000000000001
0.886237621307373,38,172,-102,-5,-16,-0.027,0.0135
0.896841287612915,38,172,-102,-5,-16,0.0495,0.0
0.9071941375732422,38,172,-102,-10,-16,0.0675,0.0045000000000000005
0.9178466796875,38,172,-102,-5,-5,0.09000000000000001,0.009000000000000001
0.9281847476959229,38,172,-102,0,0,0.108,0.009000000000000001
0.9383273124694824,38,172,-102,0,0,0.0855,-0.027
0.9488599300384521,38,172,-102,0,0,0.0585,-0.0585
0.9593753814697266,38,172,-102,0,0,0.06300000000000001,-0.0675
0.9695312976837158,38,172,-102,0,0,0.06300000000000001,-0.06300000000000001
0.9799785614013672,38,172,-102,0,0,0.0495,-0.0675
0.9901463985443115,38,172,-102,0,-5,0.054,-0.0675
0.010219335556030273,39,172,-102,0,0,0.054,-0.06300000000000001
0.020605087280273438,39,172,-102,0,0,0.054,-0.0405
0.030908823013305664,39,172,-102,0,0,0.0495,-0.0405
0.041292667388916016,39,172,-102,0,0,0.03150000000000001,-0.099
0.05181002616882324,39,172,-102,0,-5,-0.0675,-0.21150000000000002
0.06214451789855957,39,172,-102,-10,-10,-0.23850000000000002,-0.36000000000000004
0.0725088119506836,39,172,-103,-32,-27,-0.41400000000000003,-0.558
0.08292531967163086,39,171,-103,-71,-65,-0.6300000000000001,-0.756
0.09346532821655273,39,170,-104,-104,-104,-0.8415,-0.9450000000000001
0.10404133796691895,39,169,-105,-137,-148,-0.9855,-1.107
0.11475944519042969,39,167,-107,-186,-197,-1.0215,-1.215
0.12499833106994629,39,165,-110,-230,-241,-1.1205,-1.2555
0.13544821739196777,39,162,-113,-252,-280,-1.116,-1.1475000000000002
0.14597439765930176,39,159,-116,-307,-313,-0.909,-1.071
0.15657472610473633,39,156,-119,-357,-346,-0.9900000000000001,-0.9675
0.16716980934143066,39,152,-123,-401,-357,-0.8190000000000001,-0.873
0.17757868766784668,39,147,-127,-433,-362,-0.558,-0.675
0.18780779838562012,39,142,-131,-455,-379,-0.29250000000000004,-0.5850000000000001
0.19826412200927734,39,137,-135,-466,-379,-0.027,-0.4545
0.20845675468444824,39,133,-139,-461,-373,0.21150000000000002,-0.25200000000000006
0.21877646446228027,39,128,-143,-439,-362,0.405,-0.10350000000000001
0.22898149490356445,39,123,-147,-422,-351,0.6975,0.0
0.2395014762878418,39,119,-151,-390,-335,0.7290000000000001,0.198
0.24972224235534668,39,115,-154,-346,-313,0.9225,0.3825
0.2601301670074463,39,111,-157,-313,-285,0.9720000000000001,0.5265
0.27077245712280273,39,108,-160,-252,-241,0.9945,0.684
0.28139805793762207,39,105,-163,-203,-208,1.0845,0.774
0.2919883728027344,39,104,-165,-153,-186,0.9945,0.7470000000000001
0.30216503143310547,39,102,-165,-104,-186,0.9315,0.7470000000000001
0.31261539459228516,39,101,-166,-71,-159,0.7875,0.7695
0.32285070419311523,39,101,-168,-71,-120,0.7875,0.7695
0.33323073387145996,39,101,-169,-49,-76,0.5805,0.7785
0.34368085861206055,39,100,-170,-27,-38,0.441,0.666
0.3543074131011963,39,100,-170,-16,-10,0.42300000000000004,0.49500000000000005
0.36449456214904785,39,100,-170,0,10,0.324,0.29700000000000004
0.3751189708709717,39,100,-170,16,16,0.20700000000000002,0.108
0.385361909866333,39,100,-170,16,21,0.1665,-0.0135
0.3958277702331543,39,100,-169,27,10,0.07650000000000001,-0.117
0.4063894748687744,39,101,-169,32,0,0.0135,-0.18450000000000003
0.4169924259185791,39,101,-169,27,-5,-0.036000000000000004,-0.135
0.42749643325805664,39,102,-169,27,-5,-0.0675,-0.081
0.43787217140197754,39,102,-170,27,-16,-0.054,-0.0675
0.4481379985809326,39,102,-170,27,0,-0.06300000000000001,-0.0585
0.45856404304504395,39,102,-170,21,0,-0.0585,-0.0135
0.46900415420532227,39,102,-170,0,10,-0.06300000000000001,-0.054
0.47940754890441895,39,102,-170,0,10,-0.036000000000000004,-0.07650000000000001
0.4896674156188965,39,102,-169,0,0,0.045000000000000005,-0.117
0.4999580383300781,39,102,-169,0,0,0.06300000000000001,-0.1305
0.5102806091308594,39,102,-170,0,-5,0.06300000000000001,-0.081
0.5208039283752441,39,102,-170,0,-10,0.06300000000000001,-0.081
0.5309925079345703,39,102,-170,16,0,0.099,-0.022500000000000003
0.5413446426391602,39,102,-170,10,0,0.20700000000000002,0.09000000000000001
0.5514812469482422,39,102,-170,5,10,0.28350000000000003,0.2025
0.5621259212493896,39,103,-169,32,27,0.5085000000000001,0.40950000000000003
0.5723011493682861,39,103,-169,65,60,0.756,0.5760000000000001
0.5827202796936035,39,104,-169,98,60,0.864,0.5760000000000001
0.5933530330657959,39,105,-168,137,87,0.918,0.7425
0.6038022041320801,39,107,-167,192,104,1.0125,0.81
0.6141934394836426,39,110,-166,230,142,1.0350000000000001,1.0755000000000001
0.6249086856842041,39,110,-164,230,181,1.0350000000000001,1.2015
0.6354496479034424,39,112,-162,269,219,0.9855,1.2510000000000001
0.6458191871643066,39,115,-159,296,280,0.9315,1.2375
0.6564722061157227,39,119,-156,335,340,1.107,1.2555
0.6671783924102783,39,122,-152,357,384,1.0260000000000002,1.098
0.6781353950500488,39,126,-147,384,422,0.8955,0.8280000000000001
0.6886634826660156,39,130,-142,395,461,0.7155,0.6795
0.6992177963256836,39,135,-137,406,488,0.5850000000000001,0.30150000000000005
0.7094674110412598,39,139,-132,401,488,0.3285,0.03150000000000001
0.7202024459838867,39,144,-126,390,494,0.171,-0.35100000000000003
0.7306466102600098,39,148,-121,362,483,-0.1935,-0.7380000000000001
0.7409801483154297,39,152,-116,351,444,-0.198,-0.7875
0.7511608600616455,39,155,-112,329,384,-0.49050000000000005,-1.2555
0.7618920803070068,39,159,-108,291,329,-0.666,-1.2240000000000002
0.772406816482544,39,162,-105,258,269,-0.765,-1.2645
0.7827053070068359,39,164,-102,214,197,-0.8460000000000001,-1.2465
0.7932078838348389,39,167,-100,181,148,-0.8865,-1.1295000000000002
0.8037064075469971,39,168,-98,142,109,-0.8190000000000001,-0.8865
0.8143539428710938,39,170,-98,115,76,-0.765,-0.8055
0.8250157833099365,39,171,-97,82,43,-0.6345,-0.6615
0.8354372978210449,39,172,-97,60,16,-0.48600000000000004,-0.49500000000000005
0.8459815979003906,39,172,-96,38,10,-0.3375,-0.324
0.8565082550048828,39,173,-96,21,0,-0.24750000000000003,-0.18450000000000003
0.8671503067016602,39,173,-96,10,0,-0.12150000000000001,-0.171
0.8774282932281494,39,173,-97,0,-21,-0.054,-0.12600000000000003
0.8877642154693604,39,173,-97,0,-21,-0.054,-0.12600000000000003
0.8982043266296387,39,173,-97,-16,-5,-0.009000000000000001,-0.108
0.9085497856140137,39,173,-97,-21,-10,0.036000000000000004,-0.036000000000000004
0.9195334911346436,39,172,-97,-10,0,0.0405,-0.018000000000000002
0.9297728538513184,39,172,-97,0,0,0.1125,-0.07200000000000001
0.9403491020202637,39,172,-97,0,0,0.14400000000000002,-0.081
0.9507362842559814,39,172,-97,0,-5,0.099,-0.108
0.9609622955322266,39,172,-97,16,-5,0.0675,-0.1125
0.9713273048400879,39,172,-97,10,0,0.0675,-0.099
0.9818592071533203,39,172,-97,0,0,-0.0,-0.099
0.9922397136688232,39,172,-97,0,-10,0.0135,-0.12600000000000003
0.010314702987670898,40,172,-97,-5,0,0.06300000000000001,-0.06300000000000001
0.02056598663330078,40,172,-97,-10,0,0.0585,-0.06300000000000001
0.030992984771728516,40,172,-97,0,0,0.054,-0.15750000000000003
0.04138350486755371,40,172,-97,0,-10,-0.0135,-0.2655
0.05197620391845703,40,172,-97,-10,-21,-0.2205,-0.4005
0.06235384941101074,40,172,-98,-27,-32,-0.41850000000000004,-0.5625
0.0727391242980957,40,172,-98,-49,-60,-0.6030000000000001,-0.7605
0.0832369327545166,40,171,-99,-87,-87,-0.7515,-0.9315
0.09377050399780273,40,170,-100,-131,-115,-0.9045000000000001,-1.0260000000000002
0.10442924499511719,40,168,-102,-170,-148,-0.9630000000000001,-1.1295000000000002
0.11489439010620117,40,166,-103,-203,-203,-0.9900000000000001,-1.2240000000000002
0.12510204315185547,40,164,-106,-230,-252,-0.9630000000000001,-1.2420000000000002
0.13547730445861816,40,161,-106,-263,-252,-0.9945,-1.2420000000000002
0.1461493968963623,40,161,-109,-263,-302,-0.9945,-1.161
0.15651273727416992,40,158,-112,-318,-329,-0.9315,-1.062
0.16698312759399414,40,154,-116,-351,-351,-0.8145,-1.1880000000000002
0.17750883102416992,40,150,-120,-411,-384,-0.9315,-0.9630000000000001
0.18766117095947266,40,145,-124,-455,-401,-0.7155,-0.8325
0.1982717514038086,40,140,-129,-483,-401,-0.49950000000000006,-0.6795
0.2087876796722412,40,135,-133,-505,-395,-0.117,-0.441
0.21892070770263672,40,130,-137,-494,-384,0.20700000000000002,-0.2655
0.22962617874145508,40,124,-141,-488,-373,0.5085000000000001,-0.0675
0.24006867408752441,40,119,-145,-450,-346,1.08,0.24300000000000002
0.2505300045013428,40,115,-149,-395,-329,1.2645,0.387
0.26088786125183105,40,111,-152,-335,-307,1.3545,0.54
0.2715620994567871,40,107,-155,-274,-274,1.233,0.7155
0.28220677375793457,40,105,-158,-214,-241,1.2375,0.8325
0.29255247116088867,40,103,-160,-159,-197,1.143,0.891
0.30295372009277344,40,101,-162,-120,-153,0.9945,0.891
0.3131535053253174,40,100,-164,-76,-126,0.8415,0.7695
0.3235783576965332,40,99,-165,-49,-115,0.6615,0.5985
0.3340034484863281,40,99,-166,-27,-93,0.4635,0.47700000000000004
0.34459424018859863,40,99,-167,-16,-65,0.3375,0.4365
0.35492944717407227,40,99,-168,5,-60,0.216,0.342
0.365405797958374,40,99,-168,21,-43,0.171,0.2025
0.3755788803100586,40,99,-169,21,-16,0.07650000000000001,0.1935
0.38613176345825195,40,99,-169,16,0,0.009000000000000001,0.10350000000000001
0.39656782150268555,40,100,-169,10,0,-0.0,0.0045000000000000005
0.4070858955383301,40,100,-169,0,10,0.0135,-0.06300000000000001
0.41758131980895996,40,100,-169,16,10,0.036000000000000004,-0.081
0.42812371253967285,40,100,-169,5,5,0.0675,-0.135
0.43833017349243164,40,100,-169,16,5,0.022500000000000003,-0.135
0.4488494396209717,40,100,-168,16,0,0.022500000000000003,-0.135
0.45940065383911133,40,100,-169,0,-5,0.054,-0.1125
0.4700357913970947,40,100,-169,5,-5,0.022500000000000003,-0.1125
0.48033595085144043,40,100,-169,16,0,0.0045000000000000005,-0.10350000000000001
0.49088191986083984,40,100,-169,16,0,0.07200000000000001,-0.06300000000000001
0.5010883808135986,40,101,-169,5,0,0.06300000000000001,-0.06300000000000001
0.5115411281585693,40,101,-169,10,5,0.0135,-0.081
0.5222911834716797,40,101,-169,0,10,-0.0,-0.0855
0.5329179763793945,40,101,-169,5,0,0.0405,-0.081
0.543328046798706,40,101,-169,5,0,0.07200000000000001,-0.06300000000000001
0.5537018775939941,40,101,-169,21,5,0.378,0.24300000000000002
0.5639204978942871,40,101,-168,49,32,0.5940000000000001,0.441
0.5746595859527588,40,102,-168,71,49,0.7380000000000001,0.6525
0.5849037170410156,40,103,-167,104,65,0.8370000000000001,0.7380000000000001
0.5950965881347656,40,104,-166,148,98,0.9675,0.9450000000000001
0.6054074764251709,40,106,-165,203,137,1.0215,1.0935000000000001
0.6159088611602783,40,109,-163,241,164,1.044,1.1385
0.6261439323425293,40,112,-161,285,208,0.9720000000000001,1.1385
0.6365582942962646,40,115,-159,307,263,0.9315,1.08
0.6469738483428955,40,118,-156,329,313,0.81,1.1205
0.6570794582366943,40,122,-152,357,351,0.8190000000000001,0.8415
0.6676032543182373,40,126,-148,373,384,0.7335,0.6525
0.6778819561004639,40,130,-148,384,384,0.5715,0.6525
0.6883573532104492,40,135,-143,390,422,0.49500000000000005,0.47250000000000003
0.6991331577301025,40,135,-139,390,444,0.49500000000000005,0.333
0.7097618579864502,40,139,-134,390,455,0.36900000000000005,0.29250000000000004
0.7199878692626953,40,143,-129,379,466,0.189,-0.027
0.7302825450897217,40,147,-124,362,455,0.054,-0.37350000000000005
0.7408244609832764,40,150,-119,335,433,-0.14850000000000002,-0.549
0.7513713836669922,40,154,-115,324,401,-0.30150000000000005,-0.7875
0.7618741989135742,40,157,-111,296,346,-0.441,-1.0080000000000002
0.772085428237915,40,160,-107,263,296,-0.5715,-1.161
0.7824232578277588,40,163,-105,230,225,-0.774,-1.3005
0.7930266857147217,40,165,-102,203,164,-0.873,-1.215
0.8033528327941895,40,167,-101,175,120,-0.8865,-1.0485
0.8135879039764404,40,169,-100,137,71,-0.8415,-0.8550000000000001
0.8243069648742676,40,170,-99,98,49,-0.765,-0.6435
0.8345797061920166,40,171,-99,65,38,-0.5940000000000001,-0.432
0.8449797630310059,40,172,-99,38,10,-0.40950000000000003,-0.3285
0.855396032333374,40,172,-99,21,5,-0.25650000000000006,-0.28350000000000003
0.865889310836792,40,172,-99,16,-16,-0.12600000000000003,-0.14850000000000002
0.8760571479797363,40,172,-99,0,-16,-0.045000000000000005,-0.12600000000000003
0.8865141868591309,40,172,-99,-10,-16,-0.027,-0.03150000000000001
0.8971538543701172,40,172,-99,-5,-16,0.0405,-0.018000000000000002
0.9075899124145508,40,172,-99,-16,-10,0.10350000000000001,-0.0135
0.9181022644042969,40,172,-99,0,-21,0.07650000000000001,-0.009000000000000001
0.9283974170684814,40,172,-99,-10,-10,0.12600000000000003,-0.036000000000000004
0.9389991760253906,40,172,-100,0,-5,0.06300000000000001,0.0
0.9496612548828125,40,172,-100,0,0,0.108,-0.0405
0.9601247310638428,40,172,-100,16,0,0.06300000000000001,-0.0405
0.9705653190612793,40,172,-100,16,-5,0.06300000000000001,-0.06300000000000001
0.9810123443603516,40,172,-100,0,0,0.0495,-0.07650000000000001
0.9916143417358398,40,172,-100,0,0,-0.0,-0.07200000000000001
0.010356664657592773,41,172,-100,0,0,0.045000000000000005,-0.07650000000000001
0.021169185638427734,41,172,-100,0,-5,0.0405,-0.081
0.032094717025756836,41,172,-100,-10,0,0.0585,-0.0855
0.04232430458068848,41,172,-100,-5,0,0.027,-0.12150000000000001
0.0525665283203125,41,172,-100,-5,-5,-0.2025,-0.396
0.06288981437683105,41,171,-100,-27,-38,-0.42300000000000004,-0.5985
0.07312870025634766,41,171,-101,-65,-60,-0.6300000000000001,-0.8145
0.08366584777832031,41,170,-101,-93,-87,-0.7695,-0.8865
0.09431219100952148,41,169,-103,-137,-120,-0.8415,-1.0215
0.10489082336425781,41,167,-104,-159,-164,-0.9,-1.0935000000000001
0.11522603034973145,41,165,-106,-197,-225,-0.9585,-1.1655
0.1256260871887207,41,163,-109,-230,-274,-1.0035,-1.1520000000000001
0.1360161304473877,41,160,-112,-280,-296,-1.0215,-1.0485
0.14635109901428223,41,157,-115,-324,-324,-0.9945,-0.9045000000000001
0.15690326690673828,41,153,-119,-373,-329,-0.8505,-0.9
0.16736936569213867,41,149,-123,-395,-351,-0.5985,-0.7695
0.17788076400756836,41,145,-127,-417,-368,-0.40950000000000003,-0.7425
0.18831968307495117,41,140,-127,-444,-368,-0.2205,-0.7425
0.19870662689208984,41,136,-135,-450,-379,-0.0585,-0.41850000000000004
0.20913434028625488,41,131,-135,-444,-379,0.23850000000000002,-0.41850000000000004
0.21933388710021973,41,131,-139,-444,-379,0.23850000000000002,-0.333
0.229752779006958,41,126,-143,-439,-373,0.387,-0.10350000000000001
0.23984456062316895,41,121,-147,-422,-357,0.5445,0.0
0.25027894973754883,41,117,-151,-390,-335,0.7515,0.2655
0.26084208488464355,41,113,-154,-346,-318,1.0080000000000002,0.47700000000000004
0.27140045166015625,41,109,-158,-291,-274,1.1744999999999999,0.6210000000000001
0.2817656993865967,41,106,-160,-241,-230,1.2240000000000002,0.909
0.2923099994659424,41,104,-163,-170,-203,1.2510000000000001,0.9135000000000001
0.3024730682373047,41,102,-165,-109,-170,1.098,0.8145
0.31311535835266113,41,101,-166,-76,-137,0.8684999999999999,0.8325
0.3237266540527344,41,101,-168,-54,-109,0.6030000000000001,0.7245
0.33428144454956055,41,100,-169,-21,-76,0.459,0.558
0.3447890281677246,41,100,-169,-10,-54,0.3375,0.4455
0.3549995422363281,41,100,-170,-16,-32,0.1935,0.28800000000000003
0.3655812740325928,41,100,-170,0,-5,0.12600000000000003,0.17550000000000002
0.3761727809906006,41,100,-170,10,-5,0.171,0.07200000000000001
0.38681936264038086,41,100,-170,16,10,0.0855,-0.027
0.3974635601043701,41,100,-170,16,5,0.036000000000000004,-0.045000000000000005
0.40773534774780273,41,100,-170,16,0,0.009000000000000001,-0.1125
0.4180915355682373,41,101,-170,21,0,0.0045000000000000005,-0.0945
0.4284672737121582,41,101,-170,21,0,0.0045000000000000005,-0.07650000000000001
0.43874120712280273,41,101,-170,21,0,-0.022500000000000003,-0.07200000000000001
0.44913506507873535,41,101,-170,21,0,-0.018000000000000002,-0.07650000000000001
0.45942068099975586,41,101,-170,16,0,-0.022500000000000003,-0.07650000000000001
0.4696929454803467,41,101,-170,16,0,-0.022500000000000003,-0.07650000000000001
0.48007631301879883,41,101,-170,16,0,-0.022500000000000003,-0.07200000000000001
0.49019360542297363,41,101,-170,5,0,-0.0,-0.081
0.5003368854522705,41,101,-170,5,0,-0.0,-0.07650000000000001
0.510735034942627,41,101,-170,0,0,-0.0,-0.081
0.5212411880493164,41,102,-170,0,0,0.036000000000000004,-0.07650000000000001
0.5316226482391357,41,102,-170,10,0,0.108,-0.0405
0.5422146320343018,41,102,-170,16,0,0.216,0.045000000000000005
0.5528554916381836,41,102,-170,27,21,0.324,0.2205
0.5632507801055908,41,102,-170,38,32,0.5040000000000001,0.40950000000000003
0.573638916015625,41,103,-169,71,54,0.6795,0.549
0.5841777324676514,41,104,-168,104,87,0.8775,0.765
0.5948696136474609,41,105,-167,137,120,0.9225,0.8684999999999999
0.6054201126098633,41,107,-166,192,148,1.0260000000000002,0.9720000000000001
0.6160323619842529,41,109,-164,241,175,1.089,1.044
0.6263420581817627,41,112,-162,280,214,1.0125,1.1385
0.6373615264892578,41,115,-160,307,258,0.9045000000000001,1.116
0.6477282047271729,41,119,-156,335,318,0.8775,1.0395
0.658350944519043,41,122,-153,357,362,0.8055,0.9945
0.6685073375701904,41,126,-149,373,384,0.666,0.6930000000000001
0.6790707111358643,41,130,-144,379,422,0.5760000000000001,0.49950000000000006
0.6892051696777344,41,135,-140,384,439,0.48150000000000004,0.261
0.6996567249298096,41,139,-135,373,439,0.36450000000000005,0.022500000000000003
0.7098302841186523,41,143,-130,368,439,0.2025,-0.2295
0.720482587814331,41,147,-125,357,433,0.099,-0.36000000000000004
0.7310712337493896,41,151,-125,335,433,-0.036000000000000004,-0.36000000000000004
0.741767168045044,41,155,-121,324,422,-0.25650000000000006,-0.558
0.7522695064544678,41,158,-116,307,384,-0.35550000000000004,-0.7695
0.7630355358123779,41,161,-113,269,346,-0.558,-0.9945
0.7738180160522461,41,161,-109,269,285,-0.558,-1.1835
0.7844665050506592,41,164,-106,247,225,-0.7470000000000001,-1.2105
0.7951464653015137,41,166,-104,225,164,-0.774,-1.2825
0.8053176403045654,41,169,-103,181,82,-0.9495,-1.1700000000000002
0.8154795169830322,41,170,-102,137,49,-1.0035,-1.0665
0.8258895874023438,41,172,-102,76,10,-0.9810000000000001,-0.8415
0.8362488746643066,41,172,-102,38,0,-0.8190000000000001,-0.459
0.8468730449676514,41,173,-102,10,-16,-0.3285,-0.1125
0.8572075366973877,41,173,-102,0,-10,-0.12150000000000001,-0.06300000000000001
0.8675243854522705,41,173,-102,-10,-5,-0.009000000000000001,-0.0045000000000000005
0.8782110214233398,41,173,-102,-5,-5,0.027,-0.0135
0.8887460231781006,41,173,-102,0,0,0.099,-0.03150000000000001
0.8992078304290771,41,172,-102,-5,-16,0.07200000000000001,-0.036000000000000004
0.9096083641052246,41,172,-103,0,-16,0.0495,-0.06300000000000001
0.9202659130096436,41,172,-103,0,-5,0.0675,0.0
0.9306306838989258,41,172,-103,0,0,0.045000000000000005,0.0135
0.9411721229553223,41,172,-103,0,0,0.0585,-0.018000000000000002
0.9521257877349854,41,172,-103,5,0,0.07650000000000001,-0.045000000000000005
0.9623687267303467,41,172,-103,5,0,0.0675,-0.0585
0.9725449085235596,41,172,-103,0,-10,0.045000000000000005,-0.054
0.9831154346466064,41,172,-103,0,0,0.03150000000000001,-0.054
0.99336838722229,41,173,-103,0,0,0.0495,-0.018000000000000002
0.010714054107666016,42,173,-103,0,0,0.0405,-0.0585
0.02111959457397461,42,173,-103,0,-10,0.0495,-0.054
0.03168368339538574,42,172,-103,-10,0,0.0135,-0.0945
0.04223465919494629,42,172,-103,-16,-5,-0.081,-0.15750000000000003
0.05266737937927246,42,172,-103,-10,-5,-0.1935,-0.15750000000000003
0.06309342384338379,42,172,-103,-10,-21,-0.1935,-0.36450000000000005
0.07343530654907227,42,172,-104,-16,-43,-0.36450000000000005,-0.5445
0.08375930786132812,42,172,-104,-54,-76,-0.6255000000000001,-0.7515
0.09414911270141602,42,171,-105,-98,-115,-0.8505,-0.9045000000000001
0.10488080978393555,42,169,-107,-148,-142,-1.0935000000000001,-1.044
0.11530184745788574,42,167,-109,-192,-203,-1.1025,-1.125
0.12567782402038574,42,165,-111,-247,-241,-1.1655,-1.1880000000000002
0.13628339767456055,42,162,-114,-285,-263,-1.0845,-1.107
0.14652204513549805,42,159,-117,-313,-296,-0.864,-1.0080000000000002
0.1572873592376709,42,155,-121,-362,-335,-0.8280000000000001,-1.0845
0.16765069961547852,42,151,-124,-406,-357,-0.792,-0.9810000000000001
0.17802762985229492,42,147,-128,-433,-373,-0.48150000000000004,-0.7065
0.18827366828918457,42,142,-132,-455,-379,-0.20700000000000002,-0.5805
0.19872093200683594,42,137,-137,-455,-379,-0.027,-0.3915
0.20887136459350586,42,132,-141,-466,-368,0.25650000000000006,-0.25200000000000006
0.21943306922912598,42,127,-145,-439,-362,0.459,-0.0945
0.22996258735656738,42,122,-148,-417,-346,0.7380000000000001,0.0
0.2404778003692627,42,118,-152,-390,-329,0.783,0.23850000000000002
0.2505793571472168,42,114,-155,-346,-307,0.909,0.3825
0.26082634925842285,42,110,-159,-307,-269,1.0305,0.549
0.27153491973876953,42,107,-161,-263,-230,0.9855,0.6345
0.2817087173461914,42,105,-164,-197,-203,1.0935000000000001,0.7245
0.2919645309448242,42,103,-164,-148,-203,1.044,0.7245
0.3021368980407715,42,103,-166,-148,-186,1.044,0.7200000000000001
0.3127017021179199,42,102,-168,-98,-164,0.9,0.7605
0.3229410648345947,42,101,-169,-76,-104,0.7785,0.8415
0.3332645893096924,42,100,-170,-32,-65,0.801,0.801
0.34390902519226074,42,100,-171,-16,-32,0.5445,0.7155
0.35422754287719727,42,100,-171,0,-5,0.4455,0.42750000000000005
0.36440253257751465,42,100,-171,21,16,0.24300000000000002,0.24300000000000002
0.374753475189209,42,100,-171,10,21,0.081,-0.0135
0.3856692314147949,42,100,-170,27,10,0.0045000000000000005,-0.1395
0.39591550827026367,42,101,-170,21,5,0.022500000000000003,-0.162
0.40620923042297363,42,101,-170,21,0,-0.022500000000000003,-0.12150000000000001
0.4167764186859131,42,101,-170,32,-10,-0.022500000000000003,-0.09000000000000001
0.42694616317749023,42,101,-170,32,0,-0.018000000000000002,-0.081
0.43755006790161133,42,102,-170,10,-10,-0.0675,-0.0405
0.4479825496673584,42,102,-170,5,0,-0.07200000000000001,-0.0585
0.458280086517334,42,102,-170,10,10,0.0045000000000000005,-0.0405
0.46875929832458496,42,102,-170,0,0,0.03150000000000001,-0.06300000000000001
0.47930192947387695,42,102,-170,10,0,0.018000000000000002,-0.12150000000000001
0.4898500442504883,42,102,-170,0,0,0.0585,-0.07200000000000001
0.5004587173461914,42,102,-170,0,-5,0.027,-0.07200000000000001
0.5109121799468994,42,102,-170,0,0,0.06300000000000001,-0.07650000000000001
0.5210633277893066,42,102,-170,0,0,0.06300000000000001,-0.054
0.5313270092010498,42,102,-170,0,0,0.10350000000000001,-0.054
0.5420126914978027,42,102,-170,21,0,0.216,-0.03150000000000001
0.5522496700286865,42,102,-170,21,0,0.216,0.0405
0.5629022121429443,42,102,-170,21,5,0.36900000000000005,0.2295
0.5733139514923096,42,102,-170,27,27,0.47250000000000003,0.41400000000000003
0.5835959911346436,42,103,-170,65,54,0.6975,0.6345
0.5940895080566406,42,104,-169,104,93,0.927,0.8550000000000001
0.60467529296875,42,105,-167,148,131,1.125,1.0260000000000002
0.6151883602142334,42,107,-166,208,170,1.215,1.1520000000000001
0.6256487369537354,42,110,-164,263,208,1.1925,1.1880000000000002
0.6360116004943848,42,113,-161,307,241,1.215,1.1385
0.6462225914001465,42,117,-158,351,296,1.116,1.116
0.6564991474151611,42,120,-155,368,357,0.8684999999999999,1.0755000000000001
0.666663408279419,42,125,-151,384,390,0.6075,0.8460000000000001
0.6769356727600098,42,129,-146,390,417,0.5625,0.5130000000000001
0.6873898506164551,42,133,-142,384,439,0.441,0.35550000000000004
0.6979546546936035,42,137,-137,390,455,0.3375,0.07650000000000001
0.7083508968353271,42,142,-132,390,450,0.24300000000000002,-0.135
0.7186160087585449,42,146,-127,368,444,0.0495,-0.333
0.7289514541625977,42,149,-123,351,428,-0.12600000000000003,-0.6255000000000001
0.7395703792572021,42,153,-118,335,390,-0.216,-0.774
0.7500200271606445,42,157,-114,313,351,-0.37350000000000005,-0.9495
0.760350227355957,42,160,-111,274,302,-0.5625,-0.9405
0.770806074142456,42,162,-108,236,263,-0.684,-1.0305
0.7813098430633545,42,165,-105,208,208,-0.7335,-1.0260000000000002
0.7917745113372803,42,167,-105,186,208,-0.7425,-1.0260000000000002
0.8020613193511963,42,167,-103,186,148,-0.7425,-1.0395
0.8126604557037354,42,169,-102,142,104,-0.783,-0.9540000000000001
0.8231072425842285,42,170,-101,115,54,-0.765,-1.044
0.8335621356964111,42,171,-100,76,27,-0.792,-0.7875
0.8440964221954346,42,172,-100,38,0,-0.6300000000000001,-0.5895
0.8547053337097168,42,172,-100,5,-21,-0.5175000000000001,-0.342
0.8652679920196533,42,172,-101,-5,-21,-0.29700000000000004,-0.216
0.875495195388794,42,172,-101,-21,-10,-0.12600000000000003,-0.09000000000000001
0.8859121799468994,42,172,-101,-21,-10,0.0045000000000000005,0.0
0.8964400291442871,42,171,-101,-21,-21,0.06300000000000001,0.018000000000000002
0.9070372581481934,42,171,-101,-16,-21,0.162,-0.022500000000000003
0.9175195693969727,42,171,-102,-5,-16,0.15300000000000002,0.009000000000000001
0.9277632236480713,42,171,-102,0,-16,0.135,0.018000000000000002
0.9382789134979248,42,171,-102,-5,-5,0.099,0.009000000000000001
0.9488646984100342,42,171,-102,0,-16,0.06300000000000001,0.0045000000000000005
0.9591972827911377,42,171,-102,10,-5,0.0945,-0.03150000000000001
0.9697239398956299,42,171,-102,5,0,0.06300000000000001,0.0
0.9802646636962891,42,171,-102,0,0,0.027,-0.03150000000000001
0.9909477233886719,42,171,-102,0,0,0.03150000000000001,-0.0585
0.010499954223632812,43,171,-102,0,0,0.0585,-0.06300000000000001
0.021093130111694336,43,171,-102,0,0,0.07200000000000001,-0.0675
0.031569480895996094,43,171,-102,0,0,0.03150000000000001,-0.10350000000000001
0.04172468185424805,43,171,-102,-10,-10,-0.054,-0.21150000000000002
0.05220842361450195,43,171,-102,-16,-21,-0.24750000000000003,-0.378
0.06276440620422363,43,171,-103,-32,-38,-0.37350000000000005,-0.5175000000000001
0.0728754997253418,43,170,-103,-54,-60,-0.5715,-0.6885
0.08345794677734375,43,169,-104,-87,-87,-0.7335,-0.8190000000000001
0.09361863136291504,43,168,-106,-120,-137,-0.8865,-0.9540000000000001
0.10420846939086914,43,168,-106,-120,-137,-0.8865,-0.9540000000000001
0.11489415168762207,43,167,-107,-153,-192,-0.9405,-1.0665
0.12536883354187012,43,165,-110,-186,-230,-1.0215,-1.0395
0.13581061363220215,43,162,-112,-236,-269,-1.287,-1.2915
0.14611268043518066,43,160,-115,-291,-302,-1.215,-1.161
0.156721830368042,43,156,-119,-362,-335,-1.2285,-1.116
0.16714811325073242,43,152,-122,-395,-362,-1.0350000000000001,-1.0080000000000002
0.1772782802581787,43,148,-126,-450,-373,-0.81,-0.8370000000000001
0.18738126754760742,43,143,-130,-483,-384,-0.5805,-0.6795
0.19791936874389648,43,137,-134,-499,-390,-0.24300000000000002,-0.558
0.2082958221435547,43,132,-139,-499,-373,0.3825,-0.25650000000000006
0.21896052360534668,43,127,-142,-466,-368,0.7155,-0.07650000000000001
0.22948384284973145,43,122,-146,-444,-357,0.8280000000000001,-0.0045000000000000005
0.24017810821533203,43,117,-150,-406,-335,0.9495,0.23850000000000002
0.25046873092651367,43,113,-154,-357,-318,1.071,0.41850000000000004
0.26070117950439453,43,110,-157,-307,-291,1.107,0.5175000000000001
0.2709536552429199,43,107,-160,-263,-241,1.098,0.7335
0.2812037467956543,43,104,-162,-208,-208,1.089,0.8460000000000001
0.29144859313964844,43,102,-164,-148,-192,1.053,0.7335
0.3015744686126709,43,101,-166,-109,-159,0.9585,0.756
0.31195640563964844,43,100,-168,-71,-131,0.7605,0.7875
0.3222208023071289,43,99,-169,-43,-82,0.5895,0.6615
0.3325064182281494,43,99,-169,-27,-82,0.42300000000000004,0.6615
0.34286999702453613,43,99,-170,0,-60,0.31050000000000005,0.5445
0.35317254066467285,43,99,-170,0,-38,0.31050000000000005,0.31050000000000005
0.363466739654541,43,99,-171,5,-16,0.225,0.31500000000000006
0.374375581741333,43,99,-171,16,0,0.099,0.216
0.3846719264984131,43,99,-171,21,16,0.0945,0.10350000000000001
0.39486217498779297,43,99,-170,21,21,0.07200000000000001,0.018000000000000002
0.40519285202026367,43,100,-170,32,10,0.018000000000000002,-0.036000000000000004
0.41572022438049316,43,100,-170,27,16,-0.0,-0.17550000000000002
0.42621421813964844,43,100,-170,16,10,-0.054,-0.117
0.43662333488464355,43,100,-170,21,0,-0.036000000000000004,-0.14850000000000002
0.44693827629089355,43,100,-170,16,-10,-0.0,-0.12150000000000001
0.4574730396270752,43,101,-170,5,-5,-0.009000000000000001,-0.07650000000000001
0.4683113098144531,43,101,-170,0,-5,0.009000000000000001,-0.0405
0.4785268306732178,43,101,-170,16,0,0.0495,-0.0495
0.48905253410339355,43,101,-170,5,0,0.0675,-0.0585
0.4992828369140625,43,101,-170,5,5,0.009000000000000001,-0.0675
0.5097677707672119,43,101,-170,10,0,0.045000000000000005,-0.07650000000000001
0.5199353694915771,43,101,-170,10,0,0.045000000000000005,-0.099
0.5301883220672607,43,101,-170,16,0,0.0585,-0.0585
0.5406866073608398,43,102,-170,21,0,0.15300000000000002,0.018000000000000002
0.5512375831604004,43,102,-170,21,5,0.28350000000000003,0.2025
0.5615577697753906,43,102,-170,38,27,0.441,0.387
0.5720982551574707,43,103,-170,71,54,0.675,0.5850000000000001
0.5825340747833252,43,104,-169,98,82,0.8280000000000001,0.7425
0.5933365821838379,43,105,-168,137,120,0.891,0.864
0.6034612655639648,43,107,-168,175,120,0.9855,0.864
0.6136443614959717,43,107,-166,175,148,0.9855,0.9495
0.6238501071929932,43,109,-165,236,170,1.053,1.0305
0.6342153549194336,43,112,-162,269,225,1.053,1.2420000000000002
0.6445555686950684,43,115,-160,318,263,1.2420000000000002,1.2735
0.6548352241516113,43,119,-157,351,329,1.089,1.2825
0.6652171611785889,43,123,-153,379,384,0.9810000000000001,1.1520000000000001
0.6757786273956299,43,127,-148,395,417,0.5760000000000001,0.639
0.6864838600158691,43,131,-144,395,439,0.4365,0.36900000000000005
0.6967153549194336,43,135,-139,390,450,0.29250000000000004,0.081
0.7071459293365479,43,140,-134,384,444,0.1935,-0.108
0.7173974514007568,43,144,-129,373,439,0.07650000000000001,-0.3285
0.7278585433959961,43,148,-124,357,428,-0.03150000000000001,-0.5535
0.738483190536499,43,151,-120,340,406,-0.24300000000000002,-0.639
0.7488529682159424,43,155,-116,313,362,-0.41400000000000003,-0.8775
0.7595679759979248,43,158,-112,274,324,-0.5265,-1.0215
0.7697515487670898,43,161,-109,247,280,-0.6615,-1.1025
0.7799172401428223,43,163,-106,219,225,-0.7065,-1.0755000000000001
0.7901363372802734,43,165,-104,175,153,-0.7695,-1.116
0.8008010387420654,43,167,-103,153,109,-0.81,-0.9945
0.8112223148345947,43,169,-102,126,65,-0.7020000000000001,-0.7785
0.8214831352233887,43,170,-102,98,65,-0.6300000000000001,-0.7785
0.8320517539978027,43,171,-101,54,32,-0.5445,-0.5985
0.842496395111084,43,171,-101,54,21,-0.5445,-0.3915
0.8527915477752686,43,172,-101,38,0,-0.41400000000000003,-0.3825
0.8630883693695068,43,172,-101,27,-21,-0.198,-0.234
0.873577356338501,43,172,-101,5,-21,-0.1935,-0.18450000000000003
0.8842768669128418,43,172,-101,0,-27,-0.12600000000000003,-0.081
0.894737720489502,43,172,-101,0,-21,-0.07650000000000001,0.0045000000000000005
0.9048449993133545,43,172,-102,-10,-21,0.018000000000000002,0.018000000000000002
0.9153327941894531,43,172,-102,-21,-10,0.027,0.045000000000000005
0.925912618637085,43,172,-102,-16,-16,0.0495,0.022500000000000003
0.9361693859100342,43,171,-102,-16,-10,0.09000000000000001,0.027
0.9466836452484131,43,171,-102,-5,0,0.1305,0.009000000000000001
0.9570579528808594,43,171,-102,0,0,0.1395,-0.009000000000000001
0.9673616886138916,43,171,-102,0,0,0.0855,-0.054
0.9774558544158936,43,171,-102,0,0,0.06300000000000001,-0.06300000000000001
0.9880311489105225,43,171,-102,5,0,0.0675,-0.0675
0.9982094764709473,43,171,-102,0,0,0.054,-0.06300000000000001
0.010073661804199219,44,171,-102,5,0,0.07200000000000001,-0.06300000000000001
0.020619630813598633,44,171,-102,0,0,0.0585,-0.06300000000000001
0.03101205825805664,44,171,-102,0,0,0.027,-0.099
0.041259050369262695,44,171,-102,-10,0,-0.0495,-0.2025
0.05156517028808594,44,171,-102,-21,-16,-0.2205,-0.36000000000000004
0.06199932098388672,44,171,-103,-32,-38,-0.36900000000000005,-0.5535
0.07237839698791504,44,170,-103,-60,-65,-0.531,-0.6930000000000001
0.08272242546081543,44,170,-104,-87,-87,-0.7065,-0.8145
0.09317541122436523,44,169,-104,-126,-87,-0.8280000000000001,-0.8145
0.10338139533996582,44,167,-105,-148,-126,-0.936,-0.9135000000000001
0.11378622055053711,44,165,-107,-175,-175,-0.9855,-1.0485
0.12428069114685059,44,163,-109,-208,-225,-1.0170000000000001,-1.2600000000000002
0.13476204872131348,44,163,-111,-208,-269,-1.0170000000000001,-1.314
0.14524316787719727,44,161,-115,-252,-318,-1.08,-1.215
0.15562701225280762,44,157,-118,-307,-357,-1.062,-1.1475000000000002
0.16610288619995117,44,154,-122,-379,-384,-1.1835,-0.9990000000000001
0.17631077766418457,44,149,-126,-439,-395,-1.0350000000000001,-0.7515
0.18666672706604004,44,144,-131,-488,-390,-0.8415,-0.5670000000000001
0.19706964492797852,44,139,-135,-527,-384,-0.4365,-0.4455
0.20744013786315918,44,133,-139,-516,-368,-0.022500000000000003,-0.29250000000000004
0.21808838844299316,44,128,-143,-494,-362,0.6075,-0.10350000000000001
0.22830867767333984,44,122,-147,-461,-351,0.9675,-0.03150000000000001
0.2387096881866455,44,118,-151,-417,-340,1.044,0.1935
0.24898791313171387,44,114,-154,-368,-318,1.0935000000000001,0.36900000000000005
0.25943994522094727,44,110,-157,-324,-291,1.089,0.531
0.26983141899108887,44,107,-160,-274,-252,1.1295000000000002,0.6975
0.280200719833374,44,104,-163,-214,-225,1.143,0.783
0.2902989387512207,44,102,-165,-164,-197,1.089,0.792
0.300795316696167,44,101,-167,-115,-170,0.9900000000000001,0.8370000000000001
0.31122517585754395,44,100,-168,-82,-131,0.8370000000000001,0.8055
0.3222188949584961,44,99,-169,-60,-93,0.6435,0.7200000000000001
0.33261704444885254,44,98,-170,-38,-49,0.48600000000000004,0.5670000000000001
0.34296607971191406,44,98,-171,-10,-38,0.396,0.378
0.3532137870788574,44,98,-171,0,-21,0.29700000000000004,0.15750000000000003
0.3638319969177246,44,98,-171,10,-10,0.14400000000000002,0.117
0.374225378036499,44,98,-171,16,0,0.099,0.022500000000000003
0.384685754776001,44,98,-171,21,0,0.06300000000000001,0.0
0.3951725959777832,44,99,-171,27,5,0.03150000000000001,-0.0585
0.40564584732055664,44,99,-171,21,0,0.0045000000000000005,-0.0495
0.415752649307251,44,99,-171,21,0,-0.027,-0.07650000000000001
0.42647361755371094,44,99,-171,16,0,-0.009000000000000001,-0.0675
0.43674707412719727,44,99,-171,16,0,-0.0045000000000000005,-0.0585
0.4468522071838379,44,100,-171,21,0,0.0135,-0.0585
0.45719432830810547,44,100,-171,21,-16,0.0135,-0.054
0.46761012077331543,44,100,-171,21,0,0.009000000000000001,-0.0675
0.4776804447174072,44,100,-171,0,0,-0.009000000000000001,-0.054
0.48822021484375,44,100,-171,0,5,-0.0135,0.0
0.4987642765045166,44,100,-171,5,0,-0.0045000000000000005,-0.054
0.5092408657073975,44,100,-171,0,5,0.0585,-0.0585
0.5196952819824219,44,100,-171,5,0,0.07200000000000001,-0.07650000000000001
0.5302224159240723,44,100,-171,5,0,0.0585,-0.0675
0.540799617767334,44,100,-171,5,0,0.12150000000000001,-0.06300000000000001
0.5514957904815674,44,100,-171,10,0,0.189,0.018000000000000002
0.5620431900024414,44,100,-171,16,16,0.342,0.216
0.5724987983703613,44,101,-171,38,27,0.54,0.4005
0.5832104682922363,44,101,-171,71,54,0.756,0.6525
0.5938708782196045,44,102,-170,109,98,1.1025,0.9540000000000001
0.6043562889099121,44,104,-168,153,142,1.1115000000000002,1.0305
0.6149969100952148,44,106,-167,214,170,1.197,1.107
0.6252896785736084,44,108,-165,269,219,1.2285,1.143
0.6357851028442383,44,111,-162,313,252,1.0845,1.179
0.6461811065673828,44,115,-159,340,291,0.9405,1.0350000000000001
0.6563699245452881,44,118,-156,357,351,0.7875,0.9900000000000001
0.6666908264160156,44,122,-152,368,379,0.7155,0.7965
0.6772363185882568,44,126,-147,379,417,0.5895,0.5085000000000001
0.6878416538238525,44,131,-143,384,433,0.49050000000000005,0.37350000000000005
0.6982772350311279,44,135,-138,390,444,0.3915,0.108
0.708745002746582,44,139,-133,379,444,0.25650000000000006,-0.099
0.7191083431243896,44,143,-128,373,444,0.0675,-0.35100000000000003
0.7297420501708984,44,147,-124,351,422,-0.027,-0.47700000000000004
0.7399759292602539,44,151,-119,329,406,-0.27,-0.783
0.7502579689025879,44,154,-115,302,346,-0.396,-0.8325
0.7606687545776367,44,157,-111,280,313,-0.5040000000000001,-1.071
0.7708287239074707,44,160,-108,247,269,-0.648,-0.9945
0.7813436985015869,44,163,-106,219,214,-0.783,-1.107
0.7914705276489258,44,165,-106,192,214,-0.756,-1.107
0.802300214767456,44,167,-103,164,109,-0.8235,-0.9630000000000001
0.8125946521759033,44,168,-103,131,109,-0.792,-0.9630000000000001
0.8232536315917969,44,168,-102,131,43,-0.792,-1.071
0.8336760997772217,44,170,-101,98,27,-0.6975,-0.5940000000000001
0.8442947864532471,44,171,-101,71,0,-0.549,-0.6075
0.8548810482025146,44,171,-101,16,-10,-0.40950000000000003,-0.28350000000000003
0.8654022216796875,44,171,-101,16,-16,-0.40950000000000003,-0.21150000000000002
0.87591552734375,44,171,-102,-5,-5,-0.28350000000000003,-0.07650000000000001
0.8864953517913818,44,171,-102,-16,-27,-0.0135,-0.027
0.8966748714447021,44,171,-102,-16,-16,-0.0,-0.0045000000000000005
0.9070451259613037,44,171,-102,-21,-21,0.0585,-0.036000000000000004
0.9172172546386719,44,170,-102,-16,-10,0.15750000000000003,0.045000000000000005
0.9278044700622559,44,170,-102,0,-10,0.14400000000000002,0.009000000000000001
0.9382753372192383,44,170,-102,0,-10,0.15300000000000002,-0.009000000000000001
0.9484813213348389,44,170,-102,0,0,0.0675,-0.0135
0.9590320587158203,44,170,-103,10,0,0.07200000000000001,-0.0135
0.9691934585571289,44,170,-103,10,0,0.06300000000000001,-0.054
0.9797544479370117,44,171,-103,0,0,0.045000000000000005,-0.054
0.9901297092437744,44,171,-103,5,0,0.027,-0.054
0.010146617889404297,45,171,-103,5,0,0.0405,-0.054
0.02058577537536621,45,171,-103,0,0,0.0495,-0.054
0.03113102912902832,45,171,-103,0,0,0.018000000000000002,-0.09000000000000001
0.041496992111206055,45,171,-103,-5,-10,-0.0495,-0.189
0.05160689353942871,45,171,-103,-16,-10,-0.216,-0.36000000000000004
0.062278032302856445,45,170,-103,-27,-38,-0.3915,-0.5040000000000001
0.07280969619750977,45,170,-104,-65,-60,-0.5535,-0.7155
0.0833737850189209,45,169,-104,-87,-98,-0.7380000000000001,-0.8190000000000001
0.09352755546569824,45,168,-106,-109,-131,-0.7965,-0.9450000000000001
0.10369634628295898,45,166,-106,-148,-131,-0.9630000000000001,-0.9450000000000001
0.11413788795471191,45,166,-107,-148,-175,-0.9630000000000001,-1.0260000000000002
0.12460994720458984,45,164,-110,-197,-214,-1.0845,-1.1025
0.13472938537597656,45,162,-112,-225,-269,-1.0215,-1.305
0.14504623413085938,45,159,-116,-285,-302,-1.1655,-1.2465
0.15563249588012695,45,156,-119,-346,-335,-1.1835,-1.1835
0.1659071445465088,45,152,-123,-384,-362,-1.062,-1.0170000000000001
0.17641782760620117,45,148,-127,-444,-384,-0.801,-0.864
0.18682503700256348,45,143,-131,-466,-384,-0.4005,-0.5670000000000001
0.19710588455200195,45,138,-135,-483,-379,-0.009000000000000001,-0.34650000000000003
0.2072741985321045,45,132,-139,-472,-368,0.2295,-0.24300000000000002
0.2183542251586914,45,127,-143,-461,-368,0.49050000000000005,-0.1125
0.2286376953125,45,122,-147,-422,-357,0.756,-0.022500000000000003
0.2389233112335205,45,118,-151,-390,-346,0.8460000000000001,0.225
0.24974560737609863,45,114,-155,-346,-307,0.918,0.41400000000000003
0.25992751121520996,45,110,-158,-313,-280,1.0035,0.5895
0.2703096866607666,45,107,-161,-269,-241,1.0080000000000002,0.657
0.2806663513183594,45,105,-163,-208,-219,1.1115000000000002,0.7515
0.29119014739990234,45,103,-165,-148,-186,1.08,0.756
0.30160045623779297,45,101,-167,-104,-142,0.9495,0.8190000000000001
0.3121345043182373,45,100,-169,-71,-120,0.756,0.7515
0.3227498531341553,45,100,-170,-49,-93,0.5985,0.6030000000000001
0.333035945892334,45,99,-171,-27,-54,0.42750000000000005,0.49950000000000006
0.3432576656341553,45,99,-171,-16,-54,0.3285,0.49950000000000006
0.35353732109069824,45,99,-171,-16,-27,0.3285,0.3825
0.3638122081756592,45,99,-171,0,-16,0.2295,0.198
0.37447166442871094,45,99,-171,10,0,0.1665,0.189
0.38477492332458496,45,99,-171,27,5,0.17550000000000002,0.0675
0.39534854888916016,45,99,-171,27,10,0.09000000000000001,0.022500000000000003
0.405977725982666,45,100,-171,27,10,0.036000000000000004,-0.045000000000000005
0.41640424728393555,45,100,-171,32,0,-0.0135,-0.0945
0.4265718460083008,45,100,-171,21,0,-0.018000000000000002,-0.1125
0.4369239807128906,45,101,-171,21,-10,-0.0405,-0.12150000000000001
0.44747495651245117,45,101,-171,16,-10,-0.018000000000000002,-0.0675
0.45760631561279297,45,101,-171,21,-5,-0.018000000000000002,-0.022500000000000003
0.46811795234680176,45,101,-171,10,0,-0.0,-0.027
0.4785490036010742,45,101,-171,10,0,-0.009000000000000001,-0.036000000000000004
0.48902392387390137,45,101,-171,5,0,0.0135,-0.054
0.49924731254577637,45,101,-171,16,10,0.022500000000000003,-0.07200000000000001
0.510145902633667,45,101,-171,16,0,0.0405,-0.0585
0.5204446315765381,45,102,-171,0,-5,0.0045000000000000005,-0.117
0.5309185981750488,45,102,-171,10,-5,0.027,-0.0405
0.5414693355560303,45,102,-171,5,0,0.2025,0.07200000000000001
0.5518980026245117,45,102,-171,10,10,0.31500000000000006,0.25650000000000006
0.5623002052307129,45,102,-171,38,38,0.5355,0.41850000000000004
0.5725178718566895,45,103,-171,65,60,0.7380000000000001,0.6075
0.5831897258758545,45,104,-170,104,82,0.8505,0.7065
0.5938043594360352,45,105,-169,142,120,0.9225,0.8505
0.6039402484893799,45,107,-167,186,159,0.9720000000000001,0.9585
0.6144325733184814,45,109,-165,230,181,1.0305,1.0305
0.6246612071990967,45,112,-165,274,181,1.0170000000000001,1.0305
0.6349728107452393,45,112,-163,274,225,1.0170000000000001,1.0035
0.6454493999481201,45,115,-160,307,263,0.936,1.071
0.6560957431793213,45,119,-157,335,324,0.873,1.1564999999999999
0.6669654846191406,45,122,-153,357,379,0.9810000000000001,1.071
0.6771049499511719,45,126,-149,384,428,0.8235,1.0125
0.6875178813934326,45,131,-144,395,472,0.675,0.7290000000000001
0.6977100372314453,45,135,-139,395,494,0.5850000000000001,0.4005
0.7078664302825928,45,139,-133,401,494,0.36450000000000005,0.0585
0.7184715270996094,45,143,-128,384,477,0.0405,-0.5715
0.7288644313812256,45,148,-123,351,461,-0.18000000000000002,-0.6885
0.7392861843109131,45,151,-118,340,422,-0.29700000000000004,-0.9495
0.7497329711914062,45,155,-114,318,379,-0.3915,-1.1295000000000002
0.7602646350860596,45,158,-110,285,318,-0.5625,-1.1925
0.770662784576416,45,161,-107,252,263,-0.7200000000000001,-1.1115000000000002
0.7811522483825684,45,163,-105,214,208,-0.774,-1.1385
0.7916965484619141,45,165,-103,186,153,-0.8055,-1.0350000000000001
0.8020205497741699,45,167,-101,159,120,-0.801,-0.9585
0.8125314712524414,45,169,-100,131,76,-0.756,-0.7875
0.8230290412902832,45,170,-100,93,54,-0.6795,-0.666
0.8336572647094727,45,171,-99,60,32,-0.558,-0.4635
0.843940019607544,45,172,-99,43,5,-0.3825,-0.3285
0.8542463779449463,45,172,-99,27,0,-0.23850000000000002,-0.24750000000000003
0.8645186424255371,45,172,-99,5,-10,-0.15300000000000002,-0.1125
0.8751523494720459,45,172,-99,5,-16,-0.07200000000000001,-0.099
0.885488748550415,45,172,-99,0,-16,0.0135,-0.0495
0.8956120014190674,45,172,-99,0,-10,0.0135,-0.022500000000000003
0.9061896800994873,45,172,-99,-5,-10,0.045000000000000005,-0.018000000000000002
0.916358470916748,45,172,-100,-10,-5,0.0675,-0.0405
0.926755428314209,45,172,-100,0,-21,0.09000000000000001,-0.0405
0.9372701644897461,45,172,-100,-10,-21,0.10350000000000001,-0.0405
0.9477252960205078,45,172,-100,0,-5,0.0495,-0.0585
0.9582674503326416,45,172,-100,0,-5,0.0495,0.0
0.96866774559021,45,172,-100,0,-10,0.108,0.0045000000000000005
0.9792449474334717,45,172,-100,0,0,0.054,-0.0495
0.9895648956298828,45,172,-100,0,0,0.0585,-0.0585
0.010192394256591797,46,172,-100,10,0,0.054,-0.081
0.020717859268188477,46,172,-100,5,0,0.0675,-0.0855
0.030999422073364258,46,172,-100,0,0,-0.009000000000000001,-0.12150000000000001
0.04140019416809082,46,172,-100,-10,0,-0.099,-0.234
0.05186891555786133,46,172,-100,-16,-21,-0.24300000000000002,-0.387
0.062490224838256836,46,172,-100,-32,-32,-0.3915,-0.5760000000000001
0.07267880439758301,46,171,-101,-60,-54,-0.5535,-0.7065
0.0830378532409668,46,170,-102,-93,-82,-0.7200000000000001,-0.9
0.09359025955200195,46,169,-103,-126,-126,-0.8370000000000001,-1.0305
0.10411930084228516,46,168,-104,-170,-159,-0.8865,-1.0935000000000001
0.11455154418945312,46,166,-106,-175,-219,-0.9765,-1.125
0.12511038780212402,46,163,-109,-230,-269,-0.9315,-1.1385
0.13542914390563965,46,161,-112,-263,-296,-1.1205,-1.098
0.14587140083312988,46,157,-115,-313,-318,-0.9315,-0.9135000000000001
0.15612459182739258,46,154,-119,-379,-329,-0.891,-0.891
0.1664564609527588,46,149,-123,-406,-351,-0.648,-0.8145
0.1770017147064209,46,145,-127,-417,-368,-0.387,-0.756
0.18712639808654785,46,140,-131,-450,-384,-0.1665,-0.5895
0.1972646713256836,46,140,-131,-450,-384,-0.1665,-0.5895
0.20769333839416504,46,135,-135,-461,-379,-0.045000000000000005,-0.4365
0.21801495552062988,46,130,-139,-461,-362,0.234,-0.234
0.22829961776733398,46,125,-143,-450,-357,0.31500000000000006,-0.1395
0.2389833927154541,46,120,-147,-422,-351,0.5805,-0.027
0.2495412826538086,46,116,-151,-395,-340,0.774,0.14400000000000002
0.259920597076416,46,112,-154,-351,-324,0.9720000000000001,0.36000000000000004
0.2705554962158203,46,109,-157,-302,-285,1.1025,0.5535
0.2811777591705322,46,106,-160,-236,-252,1.2465,0.774
0.2918374538421631,46,103,-163,-164,-219,1.179,0.9315
0.30216407775878906,46,102,-165,-126,-186,1.0755000000000001,0.9495
0.3124046325683594,46,101,-167,-71,-148,1.0935000000000001,0.9540000000000001
0.322742223739624,46,100,-168,-43,-115,0.6885,0.774
0.3330533504486084,46,100,-169,-32,-71,0.432,0.639
0.3435544967651367,46,99,-170,-21,-43,0.30150000000000005,0.47250000000000003
0.35379934310913086,46,99,-170,-10,-21,0.24300000000000002,0.261
0.3644144535064697,46,99,-170,16,-16,0.2025,0.135
0.37493038177490234,46,99,-170,16,0,0.1395,0.045000000000000005
0.3851766586303711,46,100,-170,27,10,0.027,0.0045000000000000005
0.39548635482788086,46,100,-170,16,16,0.018000000000000002,-0.0585
0.40565967559814453,46,100,-170,16,0,-0.03150000000000001,-0.1125
0.4159862995147705,46,100,-170,16,0,-0.0,-0.162
0.4261455535888672,46,100,-170,10,0,-0.0045000000000000005,-0.07650000000000001
0.43642544746398926,46,100,-170,16,0,0.009000000000000001,-0.081
0.44674229621887207,46,100,-170,5,0,0.027,-0.07650000000000001
0.4571826457977295,46,101,-170,5,0,0.0135,-0.07650000000000001
0.46758008003234863,46,101,-170,5,0,0.0135,-0.07200000000000001
0.47812652587890625,46,101,-170,0,0,0.054,-0.07200000000000001
0.48868632316589355,46,101,-170,10,0,0.045000000000000005,-0.0675
0.4987642765045166,46,101,-170,16,0,0.0585,-0.07650000000000001
0.5090949535369873,46,101,-170,10,0,0.0675,-0.07650000000000001
0.5196659564971924,46,101,-170,16,0,0.036000000000000004,-0.07200000000000001
0.5300369262695312,46,101,-170,16,0,-0.0,-0.07200000000000001
0.5406534671783447,46,101,-170,16,0,0.045000000000000005,-0.0585
0.5511274337768555,46,102,-170,16,0,0.28350000000000003,0.1935
0.5614204406738281,46,102,-170,32,21,0.47700000000000004,0.396
0.5718014240264893,46,102,-170,60,60,0.6975,0.6075
0.5822250843048096,46,103,-169,98,87,0.864,0.765
0.592735767364502,46,105,-168,131,120,0.936,0.8325
0.6028552055358887,46,106,-166,181,142,0.9945,0.9315
0.6133604049682617,46,109,-165,230,181,1.0575,1.0080000000000002
0.6237761974334717,46,111,-163,274,214,1.0260000000000002,1.0350000000000001
0.6340255737304688,46,115,-160,307,252,0.936,1.1115000000000002
0.6446008682250977,46,118,-157,335,302,0.8235,1.044
0.6553351879119873,46,122,-154,351,351,0.801,0.8684999999999999
0.665869951248169,46,126,-150,368,373,0.7290000000000001,0.657
0.6763491630554199,46,130,-145,379,401,0.6615,0.42300000000000004
0.6864781379699707,46,134,-141,379,433,0.5445,0.333
0.6967473030090332,46,138,-136,384,450,0.387,0.12600000000000003
0.7071561813354492,46,142,-131,384,444,0.2745,-0.108
0.7173738479614258,46,146,-127,373,433,0.09000000000000001,-0.396
0.7275314331054688,46,150,-122,351,417,-0.054,-0.648
0.7380576133728027,46,150,-122,351,417,-0.054,-0.648
0.748549222946167,46,153,-118,329,390,-0.216,-0.7155
0.7588901519775391,46,157,-113,302,357,-0.35100000000000003,-0.882
0.7693924903869629,46,160,-110,269,313,-0.5805,-1.1205
0.7801032066345215,46,162,-107,225,252,-0.6975,-1.1700000000000002
0.7905275821685791,46,165,-104,208,186,-0.8055,-1.2645
0.8011155128479004,46,167,-103,181,126,-0.8775,-1.2240000000000002
0.8115444183349609,46,169,-102,137,60,-0.81,-1.1340000000000001
0.8219215869903564,46,170,-101,98,32,-0.774,-0.6885
0.8328826427459717,46,171,-101,71,27,-0.6075,-0.3825
0.843555212020874,46,172,-101,43,5,-0.396,-0.234
0.8539175987243652,46,172,-101,16,-5,-0.41850000000000004,-0.23850000000000002
0.8642232418060303,46,172,-101,0,-5,-0.28350000000000003,-0.20700000000000002
0.8746273517608643,46,172,-101,0,-27,-0.03150000000000001,-0.06300000000000001
0.8849380016326904,46,172,-101,-10,-27,0.036000000000000004,-0.0495
0.8955373764038086,46,172,-101,-5,-27,0.0585,0.036000000000000004
0.9058856964111328,46,172,-102,-16,-10,0.0945,0.0495
0.9164621829986572,46,172,-102,0,-5,0.081,0.0495
0.9269585609436035,46,172,-102,0,-16,0.135,-0.009000000000000001
0.9376494884490967,46,172,-102,0,-10,0.06300000000000001,-0.03150000000000001
0.9482502937316895,46,172,-102,5,0,0.0405,0.0
0.9587650299072266,46,172,-102,5,-5,0.054,-0.0135
0.9692850112915039,46,172,-102,0,0,0.027,-0.054
0.9794068336486816,46,172,-102,0,0,0.022500000000000003,-0.0405
0.9898583889007568,46,172,-102,0,0,0.0495,-0.06300000000000001
0.010253429412841797,47,172,-102,0,0,0.054,-0.0675
0.0204010009765625,47,172,-102,0,0,0.054,-0.0675
0.03082132339477539,47,172,-102,0,0,0.054,-0.0675
0.04112362861633301,47,172,-102,0,0,0.03150000000000001,-0.0945
0.05169367790222168,47,172,-102,0,0,-0.0405,-0.20700000000000002
0.06230521202087402,47,172,-102,-21,-5,-0.2205,-0.36450000000000005
0.07280492782592773,47,172,-103,-27,-38,-0.432,-0.558
0.0833578109741211,47,171,-103,-54,-71,-0.6345,-0.7695
0.0935218334197998,47,170,-104,-98,-104,-0.7875,-0.9810000000000001
0.10429239273071289,47,169,-106,-131,-148,-1.0215,-1.08
0.11494231224060059,47,167,-107,-181,-203,-1.08,-1.2060000000000002
0.12523460388183594,47,165,-110,-225,-247,-1.1925,-1.2195
0.1356203556060791,47,162,-113,-263,-274,-1.1564999999999999,-1.107
0.14609694480895996,47,159,-116,-318,-307,-0.9450000000000001,-1.0350000000000001
0.15652799606323242,47,155,-119,-368,-340,-0.9315,-0.9945
0.1672525405883789,47,151,-123,-406,-362,-0.7785,-0.9315
0.17796111106872559,47,147,-127,-422,-368,-0.47700000000000004,-0.7110000000000001
0.1884610652923584,47,142,-131,-455,-373,-0.24300000000000002,-0.54
0.19896268844604492,47,137,-135,-461,-373,-0.0495,-0.41400000000000003
0.20955228805541992,47,132,-139,-450,-368,0.225,-0.27
0.22010254859924316,47,128,-143,-444,-362,0.3825,-0.1305
0.23053455352783203,47,123,-147,-417,-351,0.6930000000000001,-0.018000000000000002
0.24088168144226074,47,119,-150,-395,-329,0.765,0.234
0.2514376640319824,47,115,-154,-346,-302,0.9405,0.41400000000000003
0.26210999488830566,47,111,-157,-307,-285,1.0170000000000001,0.5085000000000001
0.2725672721862793,47,108,-160,-252,-236,1.0125,0.6615
0.28324174880981445,47,106,-162,-203,-208,1.0755000000000001,0.8055
0.29381346702575684,47,104,-164,-153,-192,1.0260000000000002,0.7515
0.30428218841552734,47,102,-166,-98,-153,0.936,0.7785
0.31504368782043457,47,102,-168,-71,-115,0.7875,0.8055
0.32550764083862305,47,101,-169,-38,-82,0.5445,0.6300000000000001
0.33563780784606934,47,101,-170,-16,-60,0.42300000000000004,0.468
0.34626126289367676,47,101,-170,-5,-32,0.25200000000000006,0.324
0.35654139518737793,47,101,-170,-5,-32,0.25200000000000006,0.324
0.36715173721313477,47,101,-170,5,0,0.108,0.081
0.3778388500213623,47,101,-170,16,16,0.099,0.06300000000000001
0.3882558345794678,47,101,-170,16,16,0.0585,0.06300000000000001
0.39862704277038574,47,101,-170,16,10,0.0585,-0.0405
0.40911102294921875,47,101,-170,27,5,-0.0,-0.15750000000000003
0.41951775550842285,47,101,-170,21,0,-0.0,-0.15750000000000003
0.429934024810791,47,102,-170,16,0,-0.0,-0.1305
0.44046950340270996,47,102,-170,16,-10,-0.0405,-0.0945
0.4511139392852783,47,102,-170,16,0,-0.022500000000000003,-0.07650000000000001
0.46132445335388184,47,102,-170,5,0,-0.0045000000000000005,-0.07200000000000001
0.4719538688659668,47,102,-170,0,0,-0.0045000000000000005,-0.07650000000000001
0.4827699661254883,47,102,-170,0,10,0.03150000000000001,-0.0675
0.49308133125305176,47,102,-170,0,0,0.06300000000000001,-0.0675
0.5034081935882568,47,102,-170,10,0,0.06300000000000001,-0.1305
0.5137674808502197,47,102,-170,5,0,0.06300000000000001,-0.07650000000000001
0.523951530456543,47,102,-170,0,0,0.027,-0.06300000000000001
0.5344414710998535,47,102,-170,0,0,0.10350000000000001,-0.018000000000000002
0.5451326370239258,47,102,-170,0,0,0.25200000000000006,0.0945
0.5557577610015869,47,103,-170,27,21,0.42750000000000005,0.279
0.5662500858306885,47,103,-170,49,38,0.639,0.48150000000000004
0.576655387878418,47,104,-169,82,60,0.7380000000000001,0.6255000000000001
0.5870208740234375,47,105,-168,115,98,0.8415,0.7785
0.597297191619873,47,106,-167,159,131,0.9450000000000001,0.8955
0.6075491905212402,47,108,-166,203,153,1.0125,0.9720000000000001
0.6178300380706787,47,111,-164,252,192,1.0035,1.0260000000000002
0.6279852390289307,47,114,-164,280,192,0.9405,1.0260000000000002
0.638587236404419,47,114,-161,280,230,0.9405,1.0665
0.6492199897766113,47,120,-159,324,280,0.8550000000000001,0.9990000000000001
0.6597726345062256,47,124,-155,351,340,0.936,1.2555
0.6704552173614502,47,124,-151,351,395,0.936,1.161
0.68082594871521,47,128,-147,379,433,0.765,0.927
0.6912035942077637,47,132,-142,379,472,0.6255000000000001,0.7020000000000001
0.702049970626831,47,136,-137,384,483,0.6030000000000001,0.20700000000000002
0.7125604152679443,47,141,-131,395,488,0.3375,0.0045000000000000005
0.7227704524993896,47,145,-126,384,488,0.23850000000000002,-0.42750000000000005
0.7334635257720947,47,149,-121,346,472,0.027,-0.558
0.7440831661224365,47,153,-116,346,417,-0.36000000000000004,-1.062
0.7545506954193115,47,157,-112,324,362,-0.4455,-1.233
0.7650654315948486,47,160,-108,280,296,-0.7020000000000001,-1.233
0.7758116722106934,47,162,-105,241,247,-0.8235,-1.2510000000000001
0.7862992286682129,47,165,-103,214,192,-0.8370000000000001,-1.08
0.7964746952056885,47,167,-101,181,153,-0.8370000000000001,-1.0755000000000001
0.8071925640106201,47,169,-100,137,98,-0.8550000000000001,-0.9495
0.8178801536560059,47,170,-99,104,65,-0.7785,-0.801
0.8282349109649658,47,171,-98,82,49,-0.6030000000000001,-0.5445
0.8387057781219482,47,172,-98,49,21,-0.441,-0.41400000000000003
0.8489315509796143,47,172,-98,27,10,-0.34650000000000003,-0.342
0.8592841625213623,47,172,-98,16,0,-0.171,-0.21150000000000002
0.8695728778839111,47,172,-98,5,-16,-0.0675,-0.1665
0.8801620006561279,47,172,-98,0,-10,-0.018000000000000002,-0.10350000000000001
0.8907256126403809,47,172,-98,-5,-21,0.022500000000000003,-0.045000000000000005
0.9012925624847412,47,172,-98,-10,-21,0.0405,-0.0585
0.9117288589477539,47,172,-98,-5,-5,0.081,-0.009000000000000001
0.9222965240478516,47,172,-98,-5,0,0.108,0.0
0.9327476024627686,47,172,-98,0,0,0.081,-0.0675
0.943488359451294,47,172,-98,0,0,0.0675,-0.10350000000000001
0.9538102149963379,47,172,-98,0,0,0.045000000000000005,-0.108
0.9642252922058105,47,172,-98,5,0,0.0405,-0.10350000000000001
0.974644660949707,47,172,-98,5,0,0.0405,-0.10350000000000001
0.9851868152618408,47,172,-98,16,0,0.054,-0.108
0.995743989944458,47,172,-98,5,0,0.0405,-0.10350000000000001
0.010100126266479492,48,172,-98,0,0,-0.0045000000000000005,-0.12150000000000001
0.020406246185302734,48,172,-98,-5,0,0.0135,-0.117
0.03101372718811035,48,172,-98,-5,0,0.018000000000000002,-0.108
0.04154396057128906,48,172,-98,0,-5,0.0405,-0.1395
0.05203056335449219,48,172,-98,0,-10,-0.045000000000000005,-0.24750000000000003
0.062323570251464844,48,172,-98,-5,-21,-0.20700000000000002,-0.41400000000000003
0.07288217544555664,48,172,-99,-43,-43,-0.6255000000000001,-0.801
0.08329105377197266,48,171,-99,-87,-71,-0.8550000000000001,-0.9990000000000001
0.09392547607421875,48,170,-100,-126,-98,-0.936,-1.107
0.10430669784545898,48,168,-101,-164,-148,-0.9720000000000001,-1.2015
0.11446809768676758,48,166,-103,-186,-197,-0.9720000000000001,-1.323
0.12485742568969727,48,164,-106,-219,-247,-1.0170000000000001,-1.2645
0.13530540466308594,48,161,-109,-269,-296,-1.125,-1.1700000000000002
0.14591360092163086,48,158,-112,-318,-329,-1.0665,-1.089
0.15625524520874023,48,154,-116,-362,-346,-0.8055,-0.9315
0.16661334037780762,48,150,-120,-390,-368,-0.5895,-0.8055
0.17728614807128906,48,146,-124,-433,-379,-0.36450000000000005,-0.6885
0.18735980987548828,48,141,-128,-455,-379,-0.25650000000000006,-0.5355
0.19743919372558594,48,136,-132,-455,-379,-0.009000000000000001,-0.4365
0.20803618431091309,48,131,-136,-461,-379,0.2745,-0.31500000000000006
0.21843695640563965,48,131,-136,-461,-379,0.2745,-0.31500000000000006
0.22881245613098145,48,126,-140,-439,-373,0.48150000000000004,-0.14400000000000002
0.23977184295654297,48,122,-144,-417,-357,0.6435,-0.009000000000000001
0.25003600120544434,48,117,-148,-384,-346,0.8684999999999999,0.20700000000000002
0.2602500915527344,48,113,-151,-340,-307,0.9990000000000001,0.432
0.2706596851348877,48,110,-155,-291,-285,1.116,0.6075
0.28119468688964844,48,107,-158,-236,-252,1.1564999999999999,0.765
0.2919633388519287,48,105,-160,-175,-214,1.2060000000000002,0.8145
0.30246639251708984,48,103,-162,-120,-181,1.0755000000000001,0.927
0.3129277229309082,48,102,-164,-76,-153,0.8775,0.8415
0.3234517574310303,48,101,-166,-49,-120,0.648,0.7200000000000001
0.33370208740234375,48,101,-167,-27,-87,0.4455,0.6075
0.34410953521728516,48,100,-168,-10,-65,0.324,0.47250000000000003
0.3547635078430176,48,100,-168,0,-43,0.20700000000000002,0.3195
0.36530017852783203,48,100,-169,0,-32,0.12150000000000001,0.2205
0.3758265972137451,48,100,-169,10,-16,0.07200000000000001,0.108
0.38638949394226074,48,101,-169,10,0,0.081,0.06300000000000001
0.396531343460083,48,101,-169,21,10,0.045000000000000005,0.0
0.4071364402770996,48,101,-169,10,10,0.03150000000000001,-0.06300000000000001
0.4174625873565674,48,101,-169,27,10,-0.009000000000000001,-0.1395
0.42798805236816406,48,101,-169,16,0,0.0135,-0.135
0.4385859966278076,48,101,-169,21,0,-0.045000000000000005,-0.135
0.44916796684265137,48,102,-169,5,0,-0.0045000000000000005,-0.09000000000000001
0.4595913887023926,48,102,-169,10,0,-0.018000000000000002,-0.09000000000000001
0.4700918197631836,48,102,-169,5,0,0.027,-0.081
0.48062610626220703,48,102,-169,5,0,0.018000000000000002,-0.081
0.49085450172424316,48,102,-169,5,0,0.018000000000000002,-0.09000000000000001
0.5016722679138184,48,102,-169,10,0,0.036000000000000004,-0.0855
0.5120680332183838,48,102,-169,5,0,0.036000000000000004,-0.09000000000000001
0.5223848819732666,48,102,-169,5,0,0.036000000000000004,-0.081
0.5325889587402344,48,102,-169,5,0,0.018000000000000002,-0.081
0.5431098937988281,48,102,-169,0,0,0.09000000000000001,-0.045000000000000005
0.5534887313842773,48,102,-169,5,0,0.21150000000000002,0.054
0.5637593269348145,48,102,-169,27,16,0.5940000000000001,0.4005
0.5742671489715576,48,103,-168,60,60,0.8055,0.666
0.5849730968475342,48,104,-168,98,76,0.936,0.8190000000000001
0.5955483913421631,48,105,-167,142,98,1.0080000000000002,0.8595
0.6062591075897217,48,107,-165,197,126,1.0665,1.053
0.6164286136627197,48,109,-164,241,164,1.053,1.1880000000000002
0.6265954971313477,48,113,-162,280,197,1.0125,1.2195
0.6372115612030029,48,116,-159,313,269,0.9315,1.1115000000000002
0.6478936672210693,48,119,-156,335,329,0.8460000000000001,1.1880000000000002
0.6584768295288086,48,123,-152,351,362,0.7515,0.8190000000000001
0.6691296100616455,48,127,-148,373,395,0.6885,0.558
0.6796483993530273,48,131,-143,384,428,0.5895,0.42750000000000005
0.6900267601013184,48,135,-138,390,439,0.441,0.28350000000000003
0.7003848552703857,48,140,-133,379,444,0.28350000000000003,0.027
0.7109172344207764,48,144,-129,384,439,0.1305,-0.2295
0.7212085723876953,48,148,-129,368,439,0.0585,-0.2295
0.7314877510070801,48,148,-124,368,428,0.0585,-0.41400000000000003
0.741858959197998,48,152,-119,340,411,-0.18450000000000003,-0.54
0.7521748542785645,48,155,-115,324,373,-0.3285,-0.6930000000000001
0.7623324394226074,48,159,-111,285,340,-0.5175000000000001,-0.9135000000000001
0.772489070892334,48,162,-108,258,291,-0.5805,-1.0935000000000001
0.7826800346374512,48,164,-105,219,225,-0.81,-1.197
0.79329514503479,48,166,-103,197,148,-0.8865,-1.1880000000000002
0.80368971824646,48,168,-101,159,109,-0.8505,-1.0485
0.8139934539794922,48,170,-100,126,76,-0.8235,-0.7965
0.8245134353637695,48,171,-100,82,54,-0.7020000000000001,-0.5985
0.8349628448486328,48,172,-99,54,32,-0.5670000000000001,-0.45
0.8451566696166992,48,172,-99,32,16,-0.3375,-0.34650000000000003
0.8558206558227539,48,173,-99,16,0,-0.2205,-0.25650000000000006
0.8663468360900879,48,173,-99,5,-10,-0.099,-0.18000000000000002
0.876767635345459,48,173,-99,0,-21,-0.036000000000000004,-0.0855
0.8873646259307861,48,173,-100,-5,-5,0.0135,-0.045000000000000005
0.8979401588439941,48,173,-100,-16,-10,0.0405,0.0
0.9082009792327881,48,172,-100,-10,-10,0.0675,-0.045000000000000005
0.9185981750488281,48,172,-100,-16,-5,0.12150000000000001,-0.036000000000000004
0.9289805889129639,48,172,-100,-5,-5,0.0945,-0.036000000000000004
0.9394843578338623,48,172,-100,0,-10,0.12150000000000001,-0.0585
0.9500901699066162,48,172,-100,5,0,0.09000000000000001,-0.0585
0.9606466293334961,48,172,-100,0,-5,0.0585,-0.0405
0.9711747169494629,48,172,-100,10,-5,0.0495,-0.07650000000000001
0.9817097187042236,48,173,-101,0,-5,0.0585,-0.06300000000000001
0.9919934272766113,48,173,-101,0,-5,0.022500000000000003,-0.06300000000000001
0.010421991348266602,49,173,-101,0,0,0.0405,-0.054
0.020531892776489258,49,172,-101,0,0,0.0405,-0.054
0.030671358108520508,49,172,-101,-5,-5,0.054,-0.054
0.040960073471069336,49,172,-101,0,-10,0.009000000000000001,-0.12150000000000001
0.05115461349487305,49,172,-101,-5,-10,-0.0585,-0.216
0.06166219711303711,49,172,-101,-16,-21,-0.198,-0.3375
0.07228922843933105,49,172,-101,-32,-38,-0.42300000000000004,-0.5040000000000001
0.08246636390686035,49,172,-102,-60,-60,-0.6030000000000001,-0.7380000000000001
0.09288311004638672,49,171,-102,-87,-93,-0.783,-0.918
0.10351157188415527,49,169,-104,-142,-137,-1.0665,-1.2105
0.1140749454498291,49,168,-106,-181,-186,-1.1520000000000001,-1.278
0.12441730499267578,49,165,-108,-230,-252,-1.0935000000000001,-1.305
0.13469982147216797,49,163,-111,-263,-291,-1.062,-1.2600000000000002
0.14516806602478027,49,160,-114,-307,-302,-0.9630000000000001,-0.9900000000000001
0.1553795337677002,49,156,-118,-357,-340,-0.9495,-0.8505
0.16606760025024414,49,152,-121,-401,-362,-0.792,-0.9315
0.17625784873962402,49,147,-125,-439,-373,-0.531,-0.7245
0.18648171424865723,49,143,-129,-455,-379,-0.30600000000000005,-0.6120000000000001
0.1969740390777588,49,138,-133,-455,-373,-0.0045000000000000005,-0.459
0.20745372772216797,49,133,-137,-455,-373,0.20700000000000002,-0.30150000000000005
0.2178661823272705,49,128,-141,-450,-357,0.333,-0.18450000000000003
0.22862720489501953,49,123,-145,-428,-351,0.5805,-0.018000000000000002
0.2392737865447998,49,119,-149,-395,-335,0.8055,0.14400000000000002
0.24948406219482422,49,115,-152,-351,-318,0.9495,0.30600000000000005
0.26041722297668457,49,111,-156,-313,-291,0.9450000000000001,0.5085000000000001
0.2709054946899414,49,108,-159,-263,-252,0.9990000000000001,0.6885
0.2810022830963135,49,106,-159,-208,-252,1.0755000000000001,0.6885
0.2912628650665283,49,106,-161,-208,-219,1.0755000000000001,0.7785
0.301804780960083,49,104,-164,-153,-186,1.0350000000000001,0.8145
0.3121602535247803,49,102,-165,-109,-142,0.9405,0.9450000000000001
0.32280898094177246,49,101,-167,-71,-120,1.0305,0.891
0.33332085609436035,49,101,-168,-32,-93,0.7785,0.774
0.3435249328613281,49,101,-169,0,-60,0.6075,0.5670000000000001
0.35367488861083984,49,101,-169,27,-27,0.41400000000000003,0.48600000000000004
0.3643639087677002,49,101,-169,32,-5,0.234,0.37350000000000005
0.37479686737060547,49,101,-169,27,10,0.081,0.20700000000000002
0.3853189945220947,49,102,-169,21,21,-0.054,-0.036000000000000004
0.3961946964263916,49,102,-169,21,10,-0.0495,-0.1395
0.406646728515625,49,102,-169,16,0,-0.036000000000000004,-0.18450000000000003
0.4170241355895996,49,102,-169,10,0,-0.027,-0.1395
0.4271430969238281,49,103,-169,10,0,-0.0135,-0.081
0.4375152587890625,49,103,-169,0,0,0.009000000000000001,-0.081
0.44806337356567383,49,103,-169,10,0,0.0045000000000000005,-0.081
0.45853686332702637,49,103,-169,21,0,0.045000000000000005,-0.081
0.4691338539123535,49,103,-169,0,0,0.0135,-0.0855
0.47974371910095215,49,103,-169,0,0,-0.03150000000000001,-0.0855
0.49031853675842285,49,103,-169,0,0,0.036000000000000004,-0.081
0.5008831024169922,49,103,-169,0,0,0.054,-0.07650000000000001
0.5112931728363037,49,103,-169,0,0,0.0585,-0.07650000000000001
0.5217368602752686,49,103,-169,0,0,0.054,-0.07650000000000001
0.5320379734039307,49,103,-169,0,0,0.099,-0.036000000000000004
0.5421602725982666,49,103,-169,16,0,0.216,0.0405
0.5528013706207275,49,103,-169,16,21,0.37350000000000005,0.225
0.5631108283996582,49,104,-169,38,32,0.49050000000000005,0.40950000000000003
0.5732405185699463,49,104,-169,38,32,0.49050000000000005,0.40950000000000003
0.5838768482208252,49,105,-168,104,54,0.8280000000000001,0.54
0.5944371223449707,49,105,-168,104,87,0.8280000000000001,0.7515
0.604804277420044,49,107,-167,153,115,1.0665,0.9765
0.6154863834381104,49,109,-165,197,142,0.9990000000000001,1.1564999999999999
0.6258461475372314,49,111,-164,252,170,1.233,1.197
0.6368842124938965,49,114,-161,296,225,1.1385,1.2735
0.6474606990814209,49,118,-159,340,280,1.116,1.215
0.6580235958099365,49,121,-155,368,351,1.0260000000000002,1.35
0.6683921813964844,49,125,-151,384,401,0.9045000000000001,1.1925
0.6788895130157471,49,130,-147,401,444,0.7245,0.9630000000000001
0.6891787052154541,49,134,-141,406,483,0.5850000000000001,0.47700000000000004
0.6998865604400635,49,139,-136,390,488,0.27,-0.022500000000000003
0.7105216979980469,49,143,-131,384,472,0.1125,-0.4365
0.7208342552185059,49,147,-126,373,461,0.022500000000000003,-0.675
0.7312655448913574,49,151,-121,351,444,-0.1935,-0.6885
0.7419402599334717,49,154,-116,313,395,-0.342,-0.9225
0.7524397373199463,49,157,-113,296,346,-0.4365,-1.098
0.7627897262573242,49,160,-109,269,307,-0.54,-1.116
0.7733538150787354,49,163,-106,241,252,-0.675,-1.0395
0.7837188243865967,49,166,-104,197,186,-0.756,-1.1340000000000001
0.7940199375152588,49,168,-102,170,126,-0.8415,-1.0485
0.804537296295166,49,170,-101,148,98,-0.756,-0.8775
0.8148167133331299,49,171,-100,109,60,-0.7155,-0.666
0.8252837657928467,49,172,-99,65,43,-0.6525,-0.5535
0.8357751369476318,49,173,-99,43,16,-0.4545,-0.378
0.8461010456085205,49,173,-99,32,10,-0.25200000000000006,-0.31500000000000006
0.8563530445098877,49,173,-99,10,-10,-0.162,-0.162
0.8666548728942871,49,173,-99,10,-10,-0.162,-0.162
0.8771712779998779,49,173,-99,0,-21,-0.10350000000000001,-0.14400000000000002
0.8877019882202148,49,173,-99,-10,-10,-0.022500000000000003,-0.054
0.8984270095825195,49,173,-99,-16,-21,-0.018000000000000002,-0.054
0.909003734588623,49,173,-99,-16,-10,0.036000000000000004,0.0
0.9193987846374512,49,173,-100,-10,-16,0.09000000000000001,-0.03150000000000001
0.929943323135376,49,173,-100,-16,-10,0.117,0.0
0.9403388500213623,49,172,-100,-5,-16,0.117,-0.036000000000000004
0.9504613876342773,49,172,-100,0,0,0.09000000000000001,-0.009000000000000001
0.9608948230743408,49,172,-100,0,-5,0.12150000000000001,-0.036000000000000004
0.9712100028991699,49,172,-100,0,0,0.054,-0.07650000000000001
0.9817368984222412,49,173,-100,5,-10,0.0405,-0.06300000000000001
0.9924871921539307,49,173,-100,0,0,0.0585,-0.081
