trajectory_num,mode,time,target,torque1,torque2,theta1,theta2,omega1,omega2,eff_x,eff_y,power1,power2
0,go,0.01,"(np.float64(0.0), np.float64(0.0))",-0.0,-0.0,2.4962642392103733,-2.85273156834336,1.0950392172170559e-05,-1.2562240244733301e-05,0.027401705199275525,0.19811360436187153,0.0,0.0
0,go,0.02,"(np.float64(0.0), np.float64(0.0))",0.00883557239166443,0.008842711712455464,2.4962700820601964,-2.8527259162091574,0.0009949149859606687,0.0009791938784866636,0.027401746602799218,0.1981136218657453,8.790643382007288e-06,8.658729178058712e-06
0,go,0.03,"(np.float64(0.0), np.float64(0.0))",0.03307497104484743,0.03307988733752798,2.4962989551889914,-2.8526973601723564,0.004240228673779077,0.004196771359884503,0.027400947862317268,0.19811376531060373,0.0001402454406087748,0.00013882872376634343
0,go,0.04,"(np.float64(0.0), np.float64(0.0))",0.06946476274264478,0.06947819015244788,2.4963741145930505,-2.852622968866083,0.009858355571868978,0.009756955919738753,0.027396731949705738,0.1981143772617062,0.0006848083308325088,0.0006778956387006611
0,go,0.05,"(np.float64(0.0), np.float64(0.0))",0.11525280755686929,0.11528407852681458,2.4966902002043634,-2.8524841361737123,0.05341566248825813,0.01677137558386,0.027385632484969932,0.19811589828837117,0.006156305069281896,0.001933472579812417
0,go,0.060000000000000005,"(np.float64(0.0), np.float64(0.0))",0.15710374322438045,0.16820423212137137,2.497637505060569,-2.852034161784919,0.13568475510844585,0.07289699701597932,0.027350779927664354,0.19810990013222932,0.02131658292602022,0.012261583407026702
0,go,0.07,"(np.float64(0.0), np.float64(0.0))",0.19216326983250692,0.21140519836636576,2.4995704715794442,-2.8508161484044363,0.2505216350595904,0.17033241228177926,0.027243759827887806,0.1980941278244954,0.0481410565568369,0.036009157406651136
0,go,0.08,"(np.float64(0.0), np.float64(0.0))",0.21983815197820092,0.24472949180069864,2.5027728732084165,-2.8484587674136033,0.38960093712836363,0.3008121198307245,0.027003610391818172,0.19808219403322977,0.0856491500272747,0.07361759721366407
0,go,0.09,"(np.float64(0.0), np.float64(0.0))",0.24040078565607506,0.2683790162174047,2.5074560871765668,-2.8446818305988932,0.5467452350753536,0.45433368629803916,0.02658006666410405,0.19808425475499788,0.13143798406583043,0.1219336277630947
0,go,0.09999999999999999,"(np.float64(0.0), np.float64(0.0))",0.2536956899059845,0.28330450620328085,2.513767999166094,-2.83929787453875,0.7154136163624173,0.6223209819567875,0.025934905239630823,0.19810697188710835,0.1814973509711988,0.17630633849320854
0,go,0.10999999999999999,"(np.float64(0.0), np.float64(0.0))",0.25989183863504073,0.2902617541784621,2.521791289303394,-2.832200361193418,0.8890963583505977,0.7971482283378389,0.025041585682862688,0.19815291317269035,0.23106888729545588,0.2313816430975944
0,go,0.11999999999999998,"(np.float64(0.0), np.float64(0.0))",0.2593695332066931,0.2899515635074341,2.531544978096145,-2.8233552093432173,1.061566773044055,0.9719410479591367,0.023884771334109045,0.19822150118626902,0.27533807839217206,0.2818158264928057
0,go,0.12999999999999998,"(np.float64(0.0), np.float64(0.0))",0.2526481684984013,0.2830785994863203,2.5429880563278098,-2.8127936569492156,1.2270435048975359,1.1405053840228703,0.02245969491067963,0.19830962153631498,0.3100102941802216,0.32285266681580205
0,go,0.13999999999999999,"(np.float64(0.0), np.float64(0.0))",0.24033961266579312,0.27037267789323405,2.556024462250398,-2.800605534435688,1.3802964663370823,1.297314776594488,0.020771391701478736,0.19841213974536528,0.3317399180834173,0.35075847021831436
0,go,0.15,"(np.float64(0.0), np.float64(0.0))",0.22311768721389755,0.2525927931471535,2.5705089437679303,-2.7869325318212663,1.5167173236661773,1.4375235852341635,0.01883382481593536,0.1985224335410879,0.33840646141364994,0.36310809760920754
0,go,0.16,"(np.float64(0.0), np.float64(0.0))",0.20169775095832354,0.23052335884027197,2.5862535142855294,-2.771961279767213,1.6323674307812341,1.5569905257118584,0.016668922396670477,0.19863297104303163,0.3292448395261918,0.3589226856695784
0,go,0.17,"(np.float64(0.0), np.float64(0.0))",0.17682269344426305,0.20496724239554737,2.6030343145274104,-2.7559161822096385,1.7240108774721805,1.6523044028204603,0.0143055418314737,0.19873592438641713,0.3048442468818383,0.33866827704413144
0,go,0.18000000000000002,"(np.float64(0.0), np.float64(0.0))",0.149253150408622,0.1767379918451932,2.6205987533920325,-2.7390520013488473,1.7891370898337675,1.7208074886315634,0.011778372750747945,0.19882378713903556,0.26703434717060354,0.30413205989291264
0,go,0.19000000000000003,"(np.float64(0.0), np.float64(0.0))",0.11976068618663664,0.14665262039065158,2.638672836226496,-2.7216462314192382,1.8259756032204117,1.7606139897339466,0.00912678921508088,0.1988899547219329,0.21868009120173426,0.258198655090923
0,go,0.20000000000000004,"(np.float64(0.0), np.float64(0.0))",0.08912321190388964,0.11552573753609563,2.656968610578911,-2.7039913166238105,1.8335047271139484,1.7706224039367633,0.00639366156108892,0.19892922596448534,0.16340783032135978,0.2045524591127292
0,go,0.21000000000000005,"(np.float64(0.0), np.float64(0.0))",0.058122165607658725,0.08416541988127296,2.6751916748031808,-2.6863867756466457,1.8114554470370865,1.7505215862288381,0.003624139223512124,0.1989381885788486,0.10528571348358501,0.14733338431618215
0,go,0.22000000000000006,"(np.float64(0.0), np.float64(0.0))",0.02754108357312019,0.05337091308431641,2.6930487077738845,-2.6691312932716507,1.7603117917744644,1.7007910919272013,0.00086441678425625,0.1989154600415068,0.04848089417200947,0.09077277354182627
0,go,0.23000000000000007,"(np.float64(0.0), np.float64(0.0))",-0.0018347806488048235,0.02393203093152125,2.7102549901674116,-2.652514831494476,1.6813088712407689,1.6226968548226164,-0.0018395041132476808,0.19886176667855385,0.0,0.0388344313220971
0,go,0.24000000000000007,"(np.float64(0.0), np.float64(0.0))",-0.029218133317457436,-0.003370034396053094,2.7265418997765254,-2.6368108006052444,1.5764297742222042,1.518283513112502,-0.0044430449577201325,0.19877985636388168,0.0,0.0
0,go,0.25000000000000006,"(np.float64(0.0), np.float64(0.0))",-0.05381895997052059,-0.02776086040972201,2.7416643750074057,-2.62226831718876,1.448402463666741,1.3903647610215373,-0.006904262466452843,0.19867425300845798,0.0,0.0
0,go,0.26000000000000006,"(np.float64(0.0), np.float64(0.0))",-0.07484382506621758,-0.048470297956130885,2.755408351602234,-2.6091045624682936,1.3006976975792808,1.2425130359966547,-0.009185035348539844,0.19855087299210591,0.0,0.0
0,go,0.2700000000000001,"(np.float64(0.0), np.float64(0.0))",-0.09149546324230792,-0.06472971532637745,2.7675981870709436,-2.5974972419870723,1.137528816368199,1.0790497026521064,-0.011252222304114101,0.19841653412404284,0.0,0.0
0,go,0.2800000000000001,"(np.float64(0.0), np.float64(0.0))",-0.10297292313600558,-0.07576933058754244,2.778104094423925,-2.587577136913885,0.9638539500359863,0.9050366997992986,-0.013078791970573739,0.1982783960510392,0.0,0.0
0,go,0.2900000000000001,"(np.float64(0.0), np.float64(0.0))",-0.10847244273767986,-0.08081592786516138,2.786849610467316,-2.579420728673121,0.785380790412101,0.7262703883353155,-0.014644929411064211,0.1981433768004751,0.0,0.0
0,go,0.3000000000000001,"(np.float64(0.0), np.float64(0.0))",-0.10718911499479308,-0.07909118988866937,2.7938191229128226,-2.5730428724796695,0.6085735420189179,0.5492780744737417,-0.01593912678129525,0.19801759288499043,0.0,0.0
0,go,0.3100000000000001,"(np.float64(0.0), np.float64(0.0))",-0.09831924229448241,-0.06981080379660848,2.7990654737629126,-2.5683894920403194,0.44066104503133974,0.38131738987012936,-0.016959267531947264,0.19790586953847666,0.0,0.0
0,go,0.3200000000000001,"(np.float64(0.0), np.float64(0.0))",-0.08106308833943213,-0.05218441131030401,2.802717643340656,-2.5653302673278975,0.2896041306016366,0.23043712715396297,-0.017713713629793515,0.19781136247249262,0.0,0.0
0,go,0.3300000000000001,"(np.float64(0.0), np.float64(0.0))",-0.054615448120151934,-0.025433999685891828,2.8049826962687523,-2.5636429977151107,0.16187203512969756,0.11186322143626033,-0.01822240380631507,0.19773532216079476,0.0,0.0
0,go,0.34000000000000014,"(np.float64(0.0), np.float64(0.0))",-0.019912331419951485,0.006868330077223296,2.8061201595525347,-2.562885386710672,0.07083912701058265,0.04954372599343233,-0.01851819765538809,0.19767792794364356,0.0,0.0003402826633784009
0,go,0.35000000000000014,"(np.float64(0.0), np.float64(0.0))",0.0067150630455135515,0.025109612107408464,2.806595240618583,-2.5625350760900587,0.03080507470063871,0.024462716654286894,-0.018655636478939586,0.19764747507650465,0.00020685801873654344,0.0006142493262825849
0,go,0.36000000000000015,"(np.float64(0.0), np.float64(0.0))",0.018440230098867742,0.03242372853678411,2.8068123892053247,-2.562349183290931,0.015177802654995295,0.01429195235890577,-0.01870999298751619,0.19764235716012954,0.00027988217335331896,0.000463398383545812
0,go,0.37000000000000016,"(np.float64(0.0), np.float64(0.0))",0.022998122560515737,0.03536342214592188,2.806928441946177,-2.562230248521113,0.009025834118779,0.010131964085968942,-0.018730728901169058,0.19764757503714023,0.000207577239274564,0.0003583009231394392
0,go,0.38000000000000017,"(np.float64(0.0), np.float64(0.0))",0.02477408147686921,0.03654005776591209,2.807004577402265,-2.5621387743201747,0.006592109892987877,0.008423861444575546,-0.018738784384905643,0.1976560158166005,0.00016331346759335724,0.0003078083837968301
0,go,0.3900000000000002,"(np.float64(0.0), np.float64(0.0))",0.025458517470953696,0.0369976040377671,2.8070649276955755,-2.5620585606567405,0.005633837081874345,0.007727499687819544,-0.018742880253299732,0.19766456378410027,0.0001434291397774048,0.00028589897365191634
0,go,0.4000000000000002,"(np.float64(0.0), np.float64(0.0))",0.02570978913830157,0.03715838436673342,2.8071191127062463,-2.5619828938832407,0.005266195461867407,0.007451858029096115,-0.01874650824399257,0.1976720241021611,0.00013539277488569166,0.00027689900489148196
0,go,0.4100000000000002,"(np.float64(0.0), np.float64(0.0))",0.025787570617901184,0.037195676800250564,2.8071709905563678,-2.5619089801423622,0.005135188112800284,0.007350769167364538,-0.018750918745929407,0.19767809420402735,0.00013242402609504403,0.0002734168341825383
0,go,0.4200000000000002,"(np.float64(0.0), np.float64(0.0))",0.025795746112548416,0.037181655214242944,2.8072220995979724,-2.5618356685244916,0.005097326379409283,0.007320403958634778,-0.018756421476205015,0.19768285438836694,0.0001314893371360375,0.0002721847360189375
0,go,0.4300000000000002,"(np.float64(0.0), np.float64(0.0))",0.025776439207602923,0.0371467778061395,2.8072730335926206,-2.5617625036803333,0.005094005992676446,0.007316739514984229,-0.01876295697757896,0.19768652080841012,0.0001313053357933894,0.00027179329702852004
0,go,0.4400000000000002,"(np.float64(0.0), np.float64(0.0))",0.02574687492683387,0.03710397823273968,2.807324000644999,-2.561689324536737,0.005101436930536219,0.007321308457500736,-0.018770345712737696,0.19768933167058605,0.0001313460585976473,0.0002716496696422802
0,go,0.45000000000000023,"(np.float64(0.0), np.float64(0.0))",0.025714065414048835,0.037058700063826895,2.8073750540343343,-2.5616160917468833,0.005110300435858764,0.007326689392860619,-0.01877839241397533,0.19769150018422826,0.00013140659969311454,0.0002715175846708437
0,go,0.46000000000000024,"(np.float64(0.0), np.float64(0.0))",0.025680774328850953,0.03701314610930677,2.80742618848236,-2.5615428129761937,0.005117312523103194,0.007330232390422017,-0.018786925354198625,0.1976931998152196,0.000131416548076016,0.00027131496248186313
0,go,0.47000000000000025,"(np.float64(0.0), np.float64(0.0))",0.02564799003386225,0.036968115947624565,2.8074773801117456,-2.561469510854826,0.005121660148431244,0.0073312999449178925,-0.018795806988532865,0.19769456412803532,0.00013136028844379399,0.00027102434641053825
0,go,0.48000000000000026,"(np.float64(0.0), np.float64(0.0))",0.025615970768632406,0.03692381440845532,2.807528602466221,-2.5613962097838003,0.005123479408252667,0.007330045016535435,-0.0188049327857282,0.19769569232750744,0.0001312428987554904,0.00027065322179617717
0,go,0.49000000000000027,"(np.float64(0.0), np.float64(0.0))",0.025584691578000796,0.036880210244354526,2.807579832306191,-2.561322931075371,0.005123209253292195,0.007326875450749391,-0.018814225935728374,0.19769665624769425,0.00013107572863504057,0.0002702167070578374
0,go,0.5000000000000002,"(np.float64(0.0), np.float64(0.0))",0.025554034720506824,0.03683719388903281,2.8076310511120277,-2.5612496916951972,0.005121326995255982,0.00732222902148634,-0.018823631311542938,0.19769750692662472,0.00013087056785184023,0.0002697303701643953
0,go,0.5100000000000002,"(np.float64(0.0), np.float64(0.0))",0.02552386811441574,0.03679464418970739,2.807682244892417,-2.5611765044604877,0.0051182510027160955,0.007316488954877468,-0.01883311003369051,0.19769828009739113,0.00013063756356980174,0.00026920760781264054
0,go,0.5200000000000002,"(np.float64(0.0), np.float64(0.0))",0.02549407464394425,0.03675245386886435,2.8077334034296206,-2.5611033787307114,0.005114315230785233,0.0073099614720507035,-0.01884263505094369,0.19769900048527575,0.0001303847342462997,0.00026865902178471924
0,go,0.5300000000000002,"(np.float64(0.0), np.float64(0.0))",0.02546456025320121,0.03671053667584657,2.8077845194377375,-2.5610303211753562,0.00510977272357781,0.007302878929378415,-0.018852187745717813,0.19769968503488292,0.0001301181153997112,0.0002680926047762134
0,go,0.5400000000000003,"(np.float64(0.0), np.float64(0.0))",0.025435253400493286,0.03666882690543517,2.807835587815324,-2.560957336456922,0.00510484774422307,0.007295389007601688,-0.018861755419498583,0.1977003452656928,0.00012984309594525032,0.0002675133567275608
0,go,0.5500000000000003,"(np.float64(0.0), np.float64(0.0))",0.02540608986774794,0.03662728305090767,2.807886607773914,-2.560884429432308,0.005100130335775963,0.00728733445306143,-0.01887132947668632,0.19770098895587898,0.0001295743696479516,0.00026691526169891243
0,go,0.5600000000000003,"(np.float64(0.0), np.float64(0.0))",0.025376893115127856,0.03658595520250139,2.807937580733295,-2.560811604666821,0.005095366520334535,0.007278997847305362,-0.01888090415103849,0.19770162108654432,0.00012930457156893043,0.000266309089160618
0,go,0.5700000000000003,"(np.float64(0.0), np.float64(0.0))",0.025347738484131715,0.03654476132493582,2.8079885050930318,-2.560738863755342,0.0050903933777481395,0.0072705836055540875,-0.01889047560057483,0.19770224479449933,0.00012902996012051574,0.0002657017425579655
0,go,0.5800000000000003,"(np.float64(0.0), np.float64(0.0))",0.025318675811065654,0.03650364105057399,2.8080393787239624,-2.560666207053277,0.005085221920784552,0.007262161571813719,-0.01890004126391054,0.1977028623704881,0.00012875108523966865,0.00026509533926876024
0,go,0.5900000000000003,"(np.float64(0.0), np.float64(0.0))",0.025289703069596374,0.03646257363945709,2.8080901998620704,-2.560593634501784,0.00507989954852543,0.007253754079509481,-0.018909599448001913,0.19770347542508956,0.0001284691512055848,0.0002644905422866267
0,go,0.6000000000000003,"(np.float64(0.0), np.float64(0.0))",0.025260807098409273,0.036421552356252454,2.8081409672240967,-2.5605211459180546,0.005074470925528925,0.00724536688855413,-0.018919149040103028,0.19770408505741863,0.00012818523117627255,0.0002638875094717322
0,go,0.6100000000000003,"(np.float64(0.0), np.float64(0.0))",0.02523197526809248,0.036380575363301464,2.808191679923822,-2.5604487410953327,0.0050689700157355985,0.007237000192685841,-0.018928689311560137,0.197704692007394,0.00012790012607174296,0.00026328623091423446
0,go,0.6200000000000003,"(np.float64(0.0), np.float64(0.0))",0.02520319792119527,0.03633964247842884,2.8082423373643595,-2.560376419835268,0.005063420854152948,0.007228652523570338,-0.018938219786709842,0.19770529677039714,0.00012761439794552434,0.00026268664830733846
0,go,0.6300000000000003,"(np.float64(0.0), np.float64(0.0))",0.025174468205347595,0.03629875402312471,2.8082929391504234,-2.5603041819563894,0.0050578400243024855,0.0072203221111024,-0.01894774015617598,0.19770589967774704,0.00012732843287953743,0.0002620886962786346
0,go,0.6400000000000003,"(np.float64(0.0), np.float64(0.0))",0.025145781382664347,0.036257910419537895,2.8083434850252282,-2.5602320272944157,0.005052238904613268,0.007212007329099374,-0.01895725021983477,0.1977065009514037,0.00012704249498839682,0.00026149231568353584
0,go,0.6500000000000004,"(np.float64(0.0), np.float64(0.0))",0.02511713419368824,0.036217112056954555,2.808393974827085,-2.5601599557000623,0.00504662532804196,0.007203706813130173,-0.018966749849387454,0.19770710074058945,0.00012675676558969584,0.00026089745687658247
0,go,0.6600000000000004,"(np.float64(0.0), np.float64(0.0))",0.02508852438554559,0.036176359255133274,2.8084444084599625,-2.560087967036351,0.005041004724982236,0.007195419463761132,-0.01897623896381226,0.19770769914613762,0.00012647136997036735,0.0002603040795124011
0,go,0.6700000000000004,"(np.float64(0.0), np.float64(0.0))",0.02505995038673701,0.03613565226171735,2.8084947858735165,-2.5600160611761122,0.005035380891082456,0.007187144413499847,-0.01898571751326078,0.19770829623664093,0.00012618639530884995,0.000259712151280975
0,go,0.6800000000000004,"(np.float64(0.0), np.float64(0.0))",0.025031411088774505,0.03609499126065235,2.8085451070494565,-2.5599442379998654,0.005029756500658948,0.007178880986051666,-0.01899518546847978,0.19770889205915895,0.00012590190264443005,0.0002591216464527982
0,go,0.6900000000000004,"(np.float64(0.0), np.float64(0.0))",0.025002905700337585,0.03605437638313868,2.8085953719921526,-2.559872497394103,0.005024133451601253,0.007170628658037117,-0.01900464281385203,0.19770948664632765,0.0001256179349162977,0.00025853254454059085
0,go,0.7000000000000004,"(np.float64(0.0), np.float64(0.0))",0.02497443364943723,0.03601380771808572,2.808645580722106,-2.5598008392499305,0.005018513099187937,0.007162387026217407,-0.01901408954281089,0.19771008002108886,0.00012533452241450074,0.00025794482916470545
0,go,0.7100000000000004,"(np.float64(0.0), np.float64(0.0))",0.0249459945171893,0.03597328532112805,2.8086957332713642,-2.559729263462001,0.0050128964162372315,0.00715415578067981,-0.019023525654811108,0.19771067219984673,0.00012505168651469188,0.00025735848713019237
0,go,0.7200000000000004,"(np.float64(0.0), np.float64(0.0))",0.024917587992519447,0.03593280922203163,2.8087458296802814,-2.559657769927694,0.00500728410393337,0.007145934683446834,-0.019032951153323763,0.197711263194578,0.00012476944226330361,0.0002567735076933941
0,go,0.7300000000000004,"(np.float64(0.0), np.float64(0.0))",0.0248892138408603,0.03589237943061738,2.8087958699952065,-2.559586358546484,0.005001676669280034,0.007137723551649874,-0.019042366044505488,0.19771185301424968,0.00012448780018455265,0.0002561898819866711
0,go,0.7400000000000004,"(np.float64(0.0), np.float64(0.0))",0.024860871882301263,0.03585199594143038,2.8088458542668295,-2.5595150292194546,0.004996074479681996,0.007129522244454382,-0.019051770336313334,0.19771244166577367,0.00012420676755380905,0.00025560760257251617
0,go,0.7500000000000004,"(np.float64(0.0), np.float64(0.0))",0.02483256197620684,0.03581165873737142,2.808895782548987,-2.559443781848933,0.00499047780169128,0.007121330652984339,-0.019061164037914358,0.1977130291546521,0.00012392634930138318,0.0002550266631006575
0,go,0.7600000000000005,"(np.float64(0.0), np.float64(0.0))",0.024804284010309523,0.035771367792499495,2.8089456548977996,-2.5593726163382087,0.00498488682871499,0.007113148692576787,-0.019070547159289825,0.1977136154854157,0.00012364654865869778,0.00025444705804490117
0,go,0.7700000000000005,"(np.float64(0.0), np.float64(0.0))",0.02477603789291492,0.035731123074187125,2.8089954713710434,-2.5593015325913226,0.00497930170090775,0.007104976296881294,-0.019079919710970034,0.1977142006619218,0.0001233673676219461,0.0002538687825030478
0,go,0.7800000000000005,"(np.float64(0.0), np.float64(0.0))",0.02474782354731077,0.03569092454476416,2.809045232027694,-2.5592305305129077,0.004973722519542785,0.007096813413373617,-0.019089281703855793,0.19771478468755938,0.00012308880728693078,0.000253291832044988
0,go,0.7900000000000005,"(np.float64(0.0), np.float64(0.0))",0.024719640907729813,0.035650772162767505,2.809094936927591,-2.559159610008068,0.004968149357431784,0.007088659999937152,-0.01909863314909732,0.197715367565389,0.0001228108680916823,0.00025271620259708293
0,go,0.8000000000000005,"(np.float64(0.0), np.float64(0.0))",0.024691489916424995,0.03561066588389449,2.8091445861311928,-2.5590887709822874,0.004962582266495711,0.007080516022304333,-0.019107974058012595,0.19771594929823982,0.00012253354999260834,0.00025214189035584124
0,go,0.8100000000000005,"(np.float64(0.0), np.float64(0.0))",0.02466337052154478,0.03557060566171608,2.8091941796993978,-2.5590180133413627,0.004957021283302423,0.007072381452097201,-0.01911730444203097,0.1977165298887771,0.00012225685259327105,0.0002515688917217845
0,go,0.8200000000000005,"(np.float64(0.0), np.float64(0.0))",0.024635282675579767,0.03553059144822342,2.8092437176934104,-2.558947336991351,0.004951466433110168,0.007064256265367082,-0.0191266243126558,0.19771710933954859,0.00012198077523831367,0.00025099720325031034
0,go,0.8300000000000005,"(np.float64(0.0), np.float64(0.0))",0.02460722633422986,0.03549062319423551,2.809293200174645,-2.558876741838532,0.0049459177328364376,0.007056140441491224,-0.019135933681437456,0.19771768765301748,0.00012170531708238723,0.0002504268216145716
0,go,0.8400000000000005,"(np.float64(0.0), np.float64(0.0))",0.024579201455571152,0.03545070084970684,2.809342627204652,-2.558806227789378,0.00494037519324016,0.007048033962339784,-0.01914523255995615,0.19771826483158542,0.00012143047714075617,0.00024985774357748163
0,go,0.8500000000000005,"(np.float64(0.0), np.float64(0.0))",0.024551207999445778,0.03541082436395992,2.8093919988450673,-2.5587357947505334,0.0049348388205274546,0.007039936811657353,-0.01915452095980874,0.19771884087760874,0.00012115625432650921,0.0002492899659709745
0,go,0.8600000000000005,"(np.float64(0.0), np.float64(0.0))",0.024523245927010544,0.03537099368585777,2.8094413151575695,-2.558665442628797,0.004929308617531336,0.007031848974594739,-0.019163798892600253,0.19771941579340974,0.00012088264747785331,0.00024872348568029596
0,go,0.8700000000000006,"(np.float64(0.0), np.float64(0.0))",0.024495315200408086,0.03533120876393482,2.8094905762038533,-2.558595171331112,0.004923784584593554,0.007023770437355244,-0.019173066369938124,0.19771998958128537,0.00012060965537852949,0.00024815829963215194
0,go,0.8800000000000006,"(np.float64(0.0), np.float64(0.0))",0.02446741578251909,0.035291469546495535,2.809539782045608,-2.558524980764554,0.0049182667202086645,0.007015701186932786,-0.01918232340342743,0.1977205622435125,0.00012033727677267189,0.00024759440478595103
0,go,0.8900000000000006,"(np.float64(0.0), np.float64(0.0))",0.02443954763678186,0.03525177598168741,2.809588932744499,-2.558454870836326,0.0049127550214984345,0.0070076412109209155,-0.01919157000466834,0.19772113378235256,0.00012006551037575027,0.0002470317981274248
0,go,0.9000000000000006,"(np.float64(0.0), np.float64(0.0))",0.024411710727060127,0.03521212801755425,2.80963802836216,-2.5583848414537536,0.004907249484571621,0.006999590497356573,-0.019200806185253994,0.1977217042000542,0.00011979435488287733,0.00024647047666337586
0,go,0.9100000000000006,"(np.float64(0.0), np.float64(0.0))",0.024383905017541785,0.035172525602080125,2.8096870689601787,-2.558314892524279,0.00490175010477962,0.006991549034622553,-0.019210031956768348,0.19772227349885596,0.00011952380897467174,0.0002459104374184603
0,go,0.9200000000000006,"(np.float64(0.0), np.float64(0.0))",0.024356130472668037,0.035132968683215665,2.809736054600097,-2.5582450239554606,0.004896256876920694,0.00698351681135018,-0.019219247330786116,0.19772284168098742,0.00011925387132197855,0.000245351677431876
0,go,0.9300000000000006,"(np.float64(0.0), np.float64(0.0))",0.024328387057074814,0.03509345720890627,2.8097849853434,-2.558175235654968,0.004890769795378312,0.006975493816367784,-0.019228452318871214,0.1977234087486702,0.00011898454058901417,0.00024479419375569313
0,go,0.9400000000000006,"(np.float64(0.0), np.float64(0.0))",0.02430067473555577,0.03505399112710533,2.8098338612515157,-2.5581055275305826,0.004885288854233718,0.0069674800386511394,-0.0192376469325769,0.19772397470411965,0.00011871581543596951,0.00024423798345316056
0,go,0.9500000000000006,"(np.float64(0.0), np.float64(0.0))",0.024272993473029632,0.03501457038578919,2.8098826823858123,-2.5580358994901955,0.004879814047340847,0.006959475467290257,-0.0192468311834445,0.19772453954954447,0.0001184476945207027,0.0002436830435976078
0,go,0.9600000000000006,"(np.float64(0.0), np.float64(0.0))",0.02424534323451953,0.03497519493296518,2.8099314488075953,-2.557966351441806,0.004874345368388617,0.006951480091462019,-0.019256005083004207,0.19772510328714782,0.00011818017650017256,0.0002431293712715107
0,go,0.9700000000000006,"(np.float64(0.0), np.float64(0.0))",0.024217723985135414,0.03493586471667985,2.8099801605781067,-2.5578968832935214,0.004868882810942301,0.006943493900414333,-0.019265168642773944,0.1977256659191272,0.0001179132600313709,0.00024257696356596686
0,go,0.9800000000000006,"(np.float64(0.0), np.float64(0.0))",0.02419013569006243,0.03489657968502349,2.8100288177585235,-2.5578274949535564,0.0048634263684793795,0.006935516883449072,-0.01927432187425962,0.19772622744767554,0.00011764694377214375,0.00024202581758010633
0,go,0.9900000000000007,"(np.float64(0.0), np.float64(0.0))",0.024162578314551222,0.034857339786134096,2.810077420409957,-2.5577581863302323,0.004857976034416544,0.006927549029909783,-0.01928346478895529,0.19772678787498005,0.00011738122638180273,0.00024147593042066892
0,back,0.0,"(np.float64(0.0), np.float64(0.0))",0.024135051823910125,0.034818144968201424,2.8101259685934523,-2.557688957331977,0.004852531802118977,0.006919590329179804,-0.01929259739834263,0.19772734720322327,0.0001171161065213135,0.000240927299201947
0,back,0.010000000000000009,"(np.float64(0.0), np.float64(0.0))",0.02410755618349728,0.03477899517946268,2.810174462369989,-2.557619807867324,0.004847093664922425,0.006911640770668461,-0.019301719713891052,0.19772790543458357,0.00011685158285379108,0.00024037992104525613
0,back,0.020000000000000018,"(np.float64(0.0), np.float64(0.0))",0.019282599542280704,0.029942398551770714,2.8102199261924015,-2.5575541412683847,0.004330388587931159,0.006320517261792011,-0.01931083174705761,0.1977284625712339,8.350114900353894e-05,0.00018925144690592292
0,back,0.030000000000000027,"(np.float64(0.0), np.float64(0.0))",0.005863837830871618,0.016533840704011097,2.810253613025472,-2.5575018947396573,0.002679024740133964,0.004441613076859517,-0.019319461577106734,0.19772901427980183,1.5709366621038546e-05,7.343692308164784e-05
0,back,0.040000000000000036,"(np.float64(0.0), np.float64(0.0))",-0.014722682426543222,-0.003995553269657233,2.810262302067137,-2.557475925684479,-0.0004257556563797443,0.0012780388191116856,-0.019326206327003465,0.19772957251191753,6.268265320183435e-06,0.0
0,back,0.050000000000000044,"(np.float64(0.0), np.float64(0.0))",-0.0411877437504206,-0.03045334444327242,2.8102316956985307,-2.557487596363161,-0.004945255838185227,-0.002918458410103559,-0.019329107245177474,0.19773029408701984,0.00020368393024344455,8.887681920624888e-05
0,back,0.06000000000000005,"(np.float64(0.0), np.float64(0.0))",-0.0723983458688825,-0.06177220886146581,2.8101498432894263,-2.557548236104331,-0.010503087598421851,-0.00831517758223321,-0.019326155847947196,0.19773159049478525,0.0007604061686417156,0.0005136468863298882
0,back,0.07000000000000006,"(np.float64(0.0), np.float64(0.0))",-0.10737533491813868,-0.09681025928791487,2.809872422124156,-2.557666039056364,-0.04504768426388568,-0.014207709904666355,-0.019315563155033938,0.19773366133885414,0.004837010185121291,0.001375452079758226
0,back,0.08000000000000007,"(np.float64(0.0), np.float64(0.0))",-0.13661532195143314,-0.1347416365520608,2.809088955424484,-2.557907139046598,-0.11141129400403683,-0.03385832428305116,-0.019287251294573426,0.19774528669456337,0.015220489799387265,0.004562126024808695
0,back,0.09000000000000008,"(np.float64(0.0), np.float64(0.0))",-0.15810421960659507,-0.17056985284141554,2.807559979642376,-2.5585387233999737,-0.19412141750173453,-0.09219689870511637,-0.019214832304512708,0.19778328149495297,0.030691415223037765,0.015726011444566593
0,back,0.10000000000000009,"(np.float64(0.0), np.float64(0.0))",-0.1754176150270031,-0.19573314784175266,2.805125878108942,-2.5598716484708883,-0.29247937033825705,-0.174140570980814,-0.019059489487787573,0.19784889683170187,0.05130603358933664,0.034085082125034895
0,back,0.1100000000000001,"(np.float64(0.0), np.float64(0.0))",-0.18780400518197035,-0.2137045280424791,2.8016587493828973,-2.562115324293132,-0.40077867861653627,-0.27438451942685227,-0.018783708827658063,0.19793585936294567,0.0752678410357232,0.058637214226277906
0,back,0.1200000000000001,"(np.float64(0.0), np.float64(0.0))",-0.19609190303537982,-0.22514310558784148,2.7970749527914562,-2.565417832361606,-0.5158722078865915,-0.38595905874342085,-0.018360377390842675,0.19804127962131365,0.1011583629675448,0.08689602111525391
0,back,0.13000000000000012,"(np.float64(0.0), np.float64(0.0))",-0.20042873003911227,-0.2313044026914001,2.791323023240755,-2.5698656215309086,-0.6344627581819425,-0.5034926786610001,-0.017770611449265394,0.19816218304624256,0.12716456487951913,0.11646007329717568
0,back,0.14000000000000012,"(np.float64(0.0), np.float64(0.0))",-0.20108789035490265,-0.23306312634936124,2.7843840218453364,-2.5754965701080823,-0.7533380756816824,-0.6226378077361221,-0.017002955794149538,0.19829629810057336,0.1514871643628515,0.1451139140542931
0,back,0.15000000000000013,"(np.float64(0.0), np.float64(0.0))",-0.1983999815799364,-0.23107910579272722,2.7762701048953726,-2.5823086766350785,-0.8694896652213431,-0.7397650812650444,-0.016052363864186153,0.19844127545525345,0.17250673356385954,0.17094425347541065
0,back,0.16000000000000014,"(np.float64(0.0), np.float64(0.0))",-0.19271779622044724,-0.22588530149024014,2.7670222000189386,-2.5902663911957373,-0.9801713153404858,-0.8517946583811694,-0.014919381587199382,0.19859436418325627,0.1888964558109155,0.19240789321620655
0,back,0.17000000000000015,"(np.float64(0.0), np.float64(0.0))",-0.18439887372133087,-0.21793611508149419,2.7567072494750042,-2.599305623622532,-1.0829265503619026,-0.9560992188079998,-0.01360945306192582,0.19875234280095444,0.19969043620966093,0.20836854937946692
0,back,0.18000000000000016,"(np.float64(0.0), np.float64(0.0))",-0.17379711466470435,-0.20763498927352736,2.745415256349089,-2.609337977037983,-1.175600294376561,-1.0504456097561752,-0.012132304400231442,0.19891159492001972,0.20431593916162338,0.21810926291414734
0,back,0.19000000000000017,"(np.float64(0.0), np.float64(0.0))",-0.16125901313834243,-0.19535087749338895,2.7332562525835296,-2.620254506484047,-1.2563426718831476,-1.1329580678428806,-0.01050138032498707,0.1990682656448343,0.20259657943146472,0.2213243527163212
0,back,0.20000000000000018,"(np.float64(0.0), np.float64(0.0))",-0.14712220120849945,-0.1814285259812077,2.720357247629948,-2.631929172389665,-1.3236089773583697,-1.202093928428595,-0.008733317367009358,0.1992184587784046,0.19473226628829426,0.21809412952575938
0,back,0.2100000000000002,"(np.float64(0.0), np.float64(0.0))",-0.13171513108682617,-0.16619519275516434,2.7068591862261484,-2.6442220885340944,-1.3761578068248193,-1.2566268222586339,-0.00684744265297399,0.19935844778174808,0.18126080592209026,0.2088453369465833
0,back,0.2200000000000002,"(np.float64(0.0), np.float64(0.0))",-0.11535731417267467,-0.14996524368755856,2.6929139290349133,-2.656982625069025,-1.413048297495376,-1.295634512042258,-0.004865290527758165,0.199484880885904,0.16300545639533714,0.19430014532842826
0,back,0.2300000000000002,"(np.float64(0.0), np.float64(0.0))",-0.09835984138957936,-0.13304344356432554,2.678681262985313,-2.670052404615403,-1.4336369029781824,-1.318489695865016,-0.0028101315727507847,0.1995949655600575,0.1410122983871818,0.17541640944196202
0,back,0.2400000000000002,"(np.float64(0.0), np.float64(0.0))",-0.08102606067507806,-0.1157274212497719,2.6643259450731973,-2.6832682160749894,-1.4375738911894345,-1.3248527718468235,-0.0007065103703108311,0.19968662107267102,0.11648094933242319,0.15332179482144528
0,back,0.2500000000000002,"(np.float64(0.0), np.float64(0.0))",-0.06365235773369207,-0.09830959584873697,2.650014781987976,-2.6964648627308088,-1.424799655209896,-1.3146659562013054,0.0014202102201738842,0.1997585908271894,0.09069185735226143,0.12924427883024367
0,back,0.26000000000000023,"(np.float64(0.0), np.float64(0.0))",-0.0465290144025692,-0.08107873627504958,2.6359137471625136,-2.70947795637243,-1.395540900949295,-1.288148395959796,0.00354429941558132,0.19981050883846216,0.06493314267964415,0.10444144407915243
0,back,0.27000000000000024,"(np.float64(0.0), np.float64(0.0))",-0.029941126428627004,-0.06432125480568486,2.6221851361813044,-2.722146666402989,-1.3503067800906212,-1.2457920806535123,0.005640103846503486,0.1998429172851881,0.04042970602012553,0.08013090985461888
0,back,0.28000000000000025,"(np.float64(0.0), np.float64(0.0))",-0.014169560676690375,-0.048322287958421056,2.6089847607243266,-2.734316431468269,-1.289885051049102,-1.188358466389295,0.007682487746617991,0.1998572345740447,0.018277104496796114,0.057424200010691144
0,back,0.29000000000000026,"(np.float64(0.0), np.float64(0.0))",0.0005080729453584842,-0.03336658613820054,2.5964591803282246,-2.745841640638017,-1.2153383635532216,-1.1168757971615717,0.009647267656845343,0.19985567577552332,0.0,0.03726633249166297
0,back,0.30000000000000027,"(np.float64(0.0), np.float64(0.0))",0.01381646395765121,-0.019739212381272787,2.584742970252435,-2.7565882912286375,-1.1280007688137557,-1.0326371495938087,0.011511641352475052,0.19984112960218578,0.0,0.02038344400862435
0,back,0.3100000000000003,"(np.float64(0.0), np.float64(0.0))",0.0254816897928489,-0.007726038085665545,2.5739560227201737,-2.7664366307016706,-1.0294745553079672,-0.937199241993163,0.013254610948599005,0.19981699824119756,0.0,0.007240837037496057
0,back,0.3200000000000003,"(np.float64(0.0), np.float64(0.0))",0.03523038194027066,0.002385980997761994,2.5642008778467753,-2.775283790445838,-0.9216274999279305,-0.8323820382704411,0.014857400524652523,0.19978700825683465,0.0,0.0
0,back,0.3300000000000003,"(np.float64(0.0), np.float64(0.0))",0.04278899888687571,0.010308762364022991,2.5555600797509257,-2.7830464194087208,-0.8065906064113533,-0.7202691435157142,0.016303869057697762,0.19975500236915242,0.0,0.0
0,back,0.3400000000000003,"(np.float64(0.0), np.float64(0.0))",0.047883230133232216,0.01575329175915472,2.5480935527378468,-2.7896633252651033,-0.6867563788629792,-0.6032089336345673,0.017580919885759827,0.1997247231096298,0.0,0.0
0,back,0.3500000000000003,"(np.float64(0.0), np.float64(0.0))",0.05023754869351084,0.01843004292558336,2.541835992101942,-2.7950981299079842,-0.5647776496528246,-0.4838162913611638,0.01867890825838714,0.19969960006557705,0.0,0.0
0,back,0.3600000000000003,"(np.float64(0.0), np.float64(0.0))",0.04957492113683647,0.018049587854120416,2.5367942640509304,-2.7993419444016885,-0.4435669508605469,-0.3649747426407627,0.019592048703344384,0.1996825525599782,0.0,0.0
0,back,0.37000000000000033,"(np.float64(0.0), np.float64(0.0))",0.04561667521959653,0.014323338824058687,2.532944809501088,-2.8024160661071096,-0.326186078403633,-0.24999467327806335,0.020318823896334298,0.1996758190754485,0.0,0.0
0,back,0.38000000000000034,"(np.float64(0.0), np.float64(0.0))",0.03804942300023091,0.007011127826304905,2.530237381731624,-2.804383490935074,-0.21496284530767387,-0.14381351836990963,0.02086239644102683,0.19968082341926205,0.0,0.0
0,back,0.39000000000000035,"(np.float64(0.0), np.float64(0.0))",0.02625634038114672,-0.003713333101337323,2.528594843859591,-2.805381501230599,-0.11279207525096503,-0.064108187861506,0.02123105235402184,0.1996970809531556,0.0,0.00023805505605288183
0,back,0.40000000000000036,"(np.float64(0.0), np.float64(0.0))",0.009706082840647518,-0.013910675323249841,2.527840728312,-2.8058237106074713,-0.047037032690117,-0.029760335634140933,0.02144054658475182,0.19971996719979376,0.0,0.0004139863665174772
0,back,0.41000000000000036,"(np.float64(0.0), np.float64(0.0))",-0.0048348250591942095,-0.01921656982547852,2.52752516733285,-2.80603739455194,-0.020476149573822672,-0.015225199177699992,0.02153376074217697,0.19973028881736588,9.89986010753267e-05,0.00029257610310509007
0,back,0.4200000000000004,"(np.float64(0.0), np.float64(0.0))",-0.012613753406592588,-0.023448900395729628,2.527380692734678,-2.8061553032991635,-0.010112677067367494,-0.009265321855811803,0.021570395759765534,0.19972969720038425,0.00012755881480827746,0.00021726160933130777
0,back,0.4300000000000004,"(np.float64(0.0), np.float64(0.0))",-0.015636110399625928,-0.025166118343961912,2.5273032536224496,-2.8062337893719014,-0.006033652943618429,-0.006803629405622146,0.02158376474782875,0.19972483974798572,9.43428635394457e-05,0.00017122094279034618
0,back,0.4400000000000004,"(np.float64(0.0), np.float64(0.0))",-0.016813354169413573,-0.02585753443537609,2.5272522806560174,-2.8062959675779946,-0.004420058047593796,-0.00578625126630065,0.021588346391976015,0.19971875034086803,7.431600140356117e-05,0.00014961819137010758
0,back,0.4500000000000004,"(np.float64(0.0), np.float64(0.0))",-0.017266848858361647,-0.02612544095351661,2.5272117729226604,-2.8063514320050147,-0.003784851794347864,-0.005371630184428702,0.02159025215827934,0.1997127859740485,6.535246388430345e-05,0.0001403362072074196
0,back,0.4600000000000004,"(np.float64(0.0), np.float64(0.0))",-0.017433106094321252,-0.026216548621866138,2.527175350559066,-2.806404200292683,-0.003541432020707213,-0.005209860377587592,0.021591950213053074,0.1997074644352605,6.173816014281535e-05,0.00013658455790215897
0,back,0.4700000000000004,"(np.float64(0.0), np.float64(0.0))",-0.017484278608256767,-0.026233418591317482,2.5271404538888973,-2.8064559555630932,-0.0034550335756096096,-0.005153327743732914,0.021594321746163436,0.199702901758489,6.0408769636839985e-05,0.0001351894038395952
0,back,0.4800000000000004,"(np.float64(0.0), np.float64(0.0))",-0.01748926013968486,-0.026219325219227745,2.5271060621072974,-2.806507390444352,-0.0034304286729864614,-0.0051390838026329115,0.02159757328377665,0.19969903896361718,5.999565945249415e-05,0.00013474330955009792
0,back,0.49000000000000044,"(np.float64(0.0), np.float64(0.0))",-0.01747600654151185,-0.026192737472802596,2.527071781548604,-2.8065587742546745,-0.00342868913031151,-0.005140256809519792,0.021601644818291396,0.19969575584116564,5.9919793670134524e-05,0.00013463739715453775
0,back,0.5000000000000004,"(np.float64(0.0), np.float64(0.0))",-0.01745596006909825,-0.026161555284542937,2.5270374748129782,-2.806610196552284,-0.00343400217741429,-0.00514558942012261,0.02160639046413386,0.19969292455544652,5.9943804886140294e-05,0.0001346166220860969
0,back,0.5100000000000005,"(np.float64(0.0), np.float64(0.0))",-0.017433782113592027,-0.026129102122796483,2.527003107409705,-2.806661673084267,-0.0034401767845907163,-0.005150638333351341,0.021611654994548687,0.1996904319821361,5.997529249479216e-05,0.00013458155500972746
0,back,0.5200000000000005,"(np.float64(0.0), np.float64(0.0))",-0.017411309289475027,-0.026096701529637924,2.5269686837087564,-2.806713191994829,-0.0034450397724285517,-0.005153913863414988,0.02161730276228524,0.19968818653296588,5.998265299229618e-05,0.00013450015180300402
0,back,0.5300000000000005,"(np.float64(0.0), np.float64(0.0))",-0.017389196172554626,-0.026064807524281572,2.526934220325244,-2.806764733629956,-0.0034480642355567363,-0.005155162423782303,0.02162322538577878,0.19968611787174492,5.995906540766569e-05,0.0001343683163322946
0,back,0.5400000000000005,"(np.float64(0.0), np.float64(0.0))",-0.01736761080350878,-0.02603350797509518,2.5268997354479135,-2.8068162785596336,-0.0034493548922492822,-0.005154600606562027,0.02162934059508878,0.199684173848525,5.9907053291764496e-05,0.00013419233599936298
0,back,0.5500000000000005,"(np.float64(0.0), np.float64(0.0))",-0.01734653268010266,-0.02600274956245482,2.526865244990139,-2.8068678103725184,-0.0034492165027058814,-0.0051525799143464545,0.021635587986308477,0.19968231675712816,5.9831946784936973e-05,0.00013398124511328576
0,back,0.5600000000000005,"(np.float64(0.0), np.float64(0.0))",-0.017325879922301123,-0.025972436682388574,2.526830758069425,-2.8069193141931574,-0.0034492759315771656,-0.005148714167908148,0.021641924239625646,0.1996805198453835,5.976174060938932e-05,0.00013372465272171134
0,back,0.5700000000000005,"(np.float64(0.0), np.float64(0.0))",-0.017305169941211163,-0.025942694113936658,2.526796264319829,-2.8069707689799577,-0.0034501679443470824,-0.005143043970484462,0.021648318919879186,0.19967876470799956,5.970574260264544e-05,0.00013342441654080466
0,back,0.5800000000000005,"(np.float64(0.0), np.float64(0.0))",-0.017284206087622746,-0.025913522301083618,2.5267617644544416,-2.8070221636106045,-0.003450322226195694,-0.005136823789250587,0.02165475133353212,0.1996770401010039,5.9636080426271684e-05,0.00013311319781948196
0,back,0.5900000000000005,"(np.float64(0.0), np.float64(0.0))",-0.01726345988383559,-0.02588455157706567,2.52672726784739,-2.8070734953087326,-0.0034494948965914122,-0.005130503158592188,0.02166120710828434,0.19967533781010316,5.955021676680144e-05,0.0001328007736248778
0,back,0.6000000000000005,"(np.float64(0.0), np.float64(0.0))",-0.017243010118486068,-0.025855648747386335,2.5266927837717468,-2.8071247639347825,-0.003447835136405084,-0.0051242221921755406,0.02166767626583424,0.1996736515583537,5.9451056143904654e-05,0.00013249008910445277
0,back,0.6100000000000005,"(np.float64(0.0), np.float64(0.0))",-0.0172228176011559,-0.025826771861681405,2.526658319539815,-2.8071759701125196,-0.00344555041631535,-0.005118015257158667,0.021674152004349606,0.1996719768637713,5.9342086355786056e-05,0.00013218181243124157
0,back,0.6200000000000006,"(np.float64(0.0), np.float64(0.0))",-0.0172028244780237,-0.02579791023554419,2.5266238804988777,-2.807227114599328,-0.003442817026774167,-0.0051118822955299025,0.02168062972971574,0.1996703106160315,5.922617702154741e-05,0.000131875880594748
0,back,0.6300000000000006,"(np.float64(0.0), np.float64(0.0))",-0.0171829810703237,-0.025769063431947827,2.526589470450114,-2.8072781980904913,-0.0034397667249949164,-0.005105813536885018,0.02168710635415634,0.19966865068561748,5.910544652191701e-05,0.0001315720329036879
0,back,0.6400000000000006,"(np.float64(0.0), np.float64(0.0))",-0.017163250131599257,-0.02574023396484329,2.52655509207025,-2.8073292211723637,-0.0034364935555072354,-0.005099797811825332,0.021693579807608623,0.19966699562332496,5.898139846879956e-05,0.0001312699888497799
0,back,0.6500000000000006,"(np.float64(0.0), np.float64(0.0))",-0.017143605054527312,-0.02571142483323773,2.52652074724117,-2.8073801843242387,-0.0034330636110256013,-0.005093825119911722,0.02170004870403576,0.19966534444497763,5.885508667449229e-05,0.0001309695016842684
0,back,0.6600000000000006,"(np.float64(0.0), np.float64(0.0))",-0.017124027140423638,-0.0256826387496868,2.526486437287415,-2.8074310879339803,-0.0034295232287884685,-0.0050878872153208195,0.0217065121159776,0.1996636964820931,5.872724884848704e-05,0.00013067036935023455
0,back,0.6700000000000006,"(np.float64(0.0), np.float64(0.0))",-0.017104503282841795,-0.025653877955219118,2.5264521631423804,-2.807481932315553,-0.003425905001790764,-0.005081977540424443,0.021712969423110476,0.1996620512799063,5.859840334983425e-05,0.00013037243159321328
0,back,0.6800000000000006,"(np.float64(0.0), np.float64(0.0))",-0.017085024263920383,-0.02562514422874451,2.5264179254636927,-2.807532717724727,-0.0034222319798943393,-0.005076090975436519,0.02171942021082454,0.19966040852825884,5.8468916413259076e-05,0.0001300755633637892
0,back,0.6900000000000006,"(np.float64(0.0), np.float64(0.0))",-0.017065583563276684,-0.02559643895273647,2.5263837247134275,-2.8075834443720864,-0.0034185205601047564,-0.0050702235653307705,0.02172586420239142,0.19965876801491528,5.8339048281247136e-05,0.0001297796679667149
0,back,0.7000000000000006,"(np.float64(0.0), np.float64(0.0))",-0.01704617653905446,-0.02556776318735249,2.5263495612141846,-2.807634112433427,-0.0034147824720829906,-0.005064372275487087,0.021732301213608335,0.19965712959406154,5.820898486159547e-05,0.00012948467103224731
0,back,0.7100000000000006,"(np.float64(0.0), np.float64(0.0))",-0.017026799865915248,-0.02553911773750112,2.526315435188552,-2.8076847220579157,-0.0034110261487380815,-0.005058534788432758,0.021738731122460733,0.19965549316503592,5.807885957196697e-05,0.00012919051554102952
0,back,0.7200000000000006,"(np.float64(0.0), np.float64(0.0))",-0.01700745114753924,-0.025510503208924288,2.5262813467870653,-2.807735273374415,-0.0034072576792328374,-0.0050527093404656755,0.0217451538488114,0.19965385865795293,5.794876852663041e-05,0.00012889715784371132
0,back,0.7300000000000006,"(np.float64(0.0), np.float64(0.0))",-0.01698812864749868,-0.025481920053414743,2.526247296108138,-2.807785766496357,-0.003403481476805847,-0.005046894592825896,0.021751569340784954,0.19965222602396604,5.7818781177356526e-05,0.00012860456453240063
0,back,0.7400000000000007,"(np.float64(0.0), np.float64(0.0))",-0.016968831100870493,-0.02545336860454158,2.5262132832123516,-2.80783620152547,-0.003399700750209758,-0.0050410895313026905,0.021757977565624934,0.1996505952286579,5.7688947823812086e-05,0.00012831271000874312
0,back,0.7500000000000007,"(np.float64(0.0), np.float64(0.0))",-0.0169495575813774,-0.025424849105530705,2.526179308132743,-2.807886578554623,-0.003395917838724341,-0.005035293388655873,0.021764378503544318,0.19964896624754097,5.7559304949084914e-05,0.00012802157460865195
0,back,0.7600000000000007,"(np.float64(0.0), np.float64(0.0))",-0.01693030740705776,-0.02539636173083288,2.5261453708822477,-2.807936897669986,-0.003392134451616271,-0.005029505585005146,0.02177077214357788,0.19964733906298654,5.742987903193477e-05,0.00012773114316403492
0,back,0.7700000000000007,"(np.float64(0.0), np.float64(0.0))",-0.016911080072893082,-0.025367906602710356,2.5261114714590995,-2.807987158952667,-0.0033883518401648352,-0.005023725682251738,0.021777158480779574,0.19964571366212122,5.7300689284162154e-05,0.00012744140390499945
0,back,0.7800000000000007,"(np.float64(0.0), np.float64(0.0))",-0.016891875202439635,-0.02533948380392795,2.5260776098507622,-2.8080373624799484,-0.0033845709217509797,-0.005017953349376924,0.02178353751432434,0.19964409003538097,5.7171749624023634e-05,0.00012715234762540256
0,back,0.7900000000000007,"(np.float64(0.0), np.float64(0.0))",-0.016872692512961415,-0.02531109338742145,2.5260437860367984,-2.8080875083262233,-0.0033807923697421137,-0.005012188336071535,0.021789909246215558,0.19964246817551468,5.704307010482484e-05,0.00012686396704965114
0,back,0.8000000000000007,"(np.float64(0.0), np.float64(0.0))",-0.01685353179018574,-0.025282735383648103,2.5260099999909693,-2.8081375965636965,-0.0033770166787818103,-0.005006430452779341,0.021796273680405973,0.19964084807689353,5.691465795183671e-05,0.00012657625635425763
0,back,0.8100000000000007,"(np.float64(0.0), np.float64(0.0))",-0.016834392869976407,-0.025254409806151835,2.5259762516827733,-2.808187627262915,-0.003373244212361877,-0.0050006795556105255,0.021802630822195343,0.19963922973503184,5.678651831727396e-05,0.00012628921080663346
0,back,0.8200000000000007,"(np.float64(0.0), np.float64(0.0))",-0.01681527562498477,-0.025226116655771312,2.5259425410785767,-2.8082376004931655,-0.003369475237565415,-0.00499493553496609,0.02180898067781685,0.1996376131462522,5.665865483122349e-05,0.00012600282649311207
0,back,0.8300000000000007,"(np.float64(0.0), np.float64(0.0))",-0.016796179954905784,-0.025197855923814433,2.5259088681424444,-2.808287516322772,-0.003365709950519199,-0.004989198306960329,0.021815323254152502,0.199635998307451,5.6531070004937514e-05,0.00012571710011412526
0,back,0.8400000000000007,"(np.float64(0.0), np.float64(0.0))",-0.016777105779340256,-0.02516962759445222,2.5258752328367526,-2.80833737481932,-0.003361948495025731,-0.004983467806991644,0.021821658558536072,0.19963438521593385,5.640376552574046e-05,0.00012543202883092116
0,back,0.8500000000000008,"(np.float64(0.0), np.float64(0.0))",-0.016758053032573227,-0.02514143164651414,2.525841635122641,-2.808387176049824,-0.003358190976283028,-0.004977743984893546,0.02182798659861633,0.19963277386929917,5.627674247405984e-05,0.00012514761015004799
0,back,0.8600000000000008,"(np.float64(0.0), np.float64(0.0))",-0.01673902165972901,-0.025113268054841223,2.5258080749603455,-2.8084369200808528,-0.0033544374709751374,-0.004972026801302834,0.02183430738226161,0.19963116426535582,5.615000148285943e-05,0.00012486384183697284
0,back,0.8700000000000008,"(np.float64(0.0), np.float64(0.0))",-0.016720011613944145,-0.02508513679130105,2.5257745523094455,-2.808486606978625,-0.0033506880346866877,-0.004966316224944333,0.02184062091749324,0.19962955640206403,5.60235428546651e-05,0.00012458072185158643
0,back,0.8800000000000008,"(np.float64(0.0), np.float64(0.0))",-0.01670102285429064,-0.025057037825545293,2.5257410671290454,-2.808536236809076,-0.003346942707402949,-0.004960612230585278,0.02184692721243832,0.19962795027749394,5.5897366648338044e-05,0.0001242982482996379
0,back,0.8900000000000008,"(np.float64(0.0), np.float64(0.0))",-0.01668205534423575,-0.02502897112558235,2.52570761937791,-2.8085858096379135,-0.0033432015175475886,-0.004954914797514961,0.021853226275296955,0.19962634588979533,5.5771472742661815e-05,0.00012401641939672266
0,back,0.9000000000000008,"(np.float64(0.0), np.float64(0.0))",-0.016663109050511084,-0.02500093665820098,2.5256742090145643,-2.8086353255306555,-0.0033394644849779084,-0.004949223908401965,0.021859518114318646,0.1996247432371762,5.564586088349572e-05,0.0001237352334412114
0,back,0.9100000000000008,"(np.float64(0.0), np.float64(0.0))",-0.01664418394227457,-0.02497293438928965,2.525640835997368,-2.8086847845526597,-0.0033357316232057563,-0.004943539548435757,0.021865802737785697,0.19962314231788725,5.5520530718698735e-05,0.00012345468879394476
0,back,0.9200000000000008,"(np.float64(0.0), np.float64(0.0))",-0.016625279990488365,-0.024944964284077026,2.5256075002845697,-2.8087341867691458,-0.0033320029410281097,-0.004937861704696048,0.021872080154001328,0.19962154313021047,5.539548182372302e-05,0.0001231747838633546
0,back,0.9300000000000008,"(np.float64(0.0), np.float64(0.0))",-0.016606397167462754,-0.02491702630730729,2.5255742018343494,-2.808783532245211,-0.0033282784437507714,-0.004932190365668621,0.02187835037128104,0.19961994567245078,5.5270713720830156e-05,0.00012289551709401258
0,back,0.9400000000000008,"(np.float64(0.0), np.float64(0.0))",-0.016587535446513795,-0.02488912042337635,2.5255409406048464,-2.8088328210458435,-0.0033245581340860665,-0.004926525520894297,0.021884613397946687,0.19961834994293082,5.514622589314839e-05,0.00012261688695837505
0,back,0.9500000000000008,"(np.float64(0.0), np.float64(0.0))",-0.016568694801711355,-0.024861246596429156,2.5255077165541833,-2.8088820532359304,-0.0033208420128179035,-0.0049208671607057705,0.021890869242321864,0.1996167559399857,5.502201779508067e-05,0.00012233889195057635
0,back,0.9600000000000009,"(np.float64(0.0), np.float64(0.0))",-0.01654987520769395,-0.024833404790433573,2.525474529640482,-2.8089312288802657,-0.0033171300793030808,-0.004915215276022117,0.021897117912729067,0.19961516366196058,5.4898088860153924e-05,0.00012206153058157992
0,back,0.9700000000000009,"(np.float64(0.0), np.float64(0.0))",-0.01653107663952772,-0.024805594969237513,2.525441379821877,-2.808980348043555,-0.003313422331836116,-0.004909569858205538,0.021903359417486792,0.199613573107208,5.477443850670549e-05,0.00012178480137582342
0,back,0.9800000000000009,"(np.float64(0.0), np.float64(0.0))",-0.01651229907260466,-0.024777817096608964,2.525408267056523,-2.809029410790419,-0.003309718767926263,-0.004903930898950576,0.02190959376490871,0.19961198427408602,5.465106614221107e-05,0.00012150870286860655
0,back,0.9900000000000009,"(np.float64(0.0), np.float64(0.0))",-0.016493542482565415,-0.024750071136267118,2.5253751913026043,-2.809078417185396,-0.003306019384497883,-0.004898298390200751,0.021915820963301774,0.1996103971609576,5.4527971166400596e-05,0.00012123323360413129
1,go,0.0,"(np.float64(0.0), np.float64(0.0))",-0.016474806845242607,-0.024722357051905754,2.325268650973353,-3.0376304295653003,-0.0033023241780425748,-0.00489267232408673,0.05428808999063761,0.1924910471935317,5.440515297362597e-05,0.0001209583921340497
1,go,0.009999999999999787,"(np.float64(0.0), np.float64(0.0))",0.0009906972534127723,0.001467801697226019,2.3252471630833558,-3.03766182130525,-0.0013123001940967432,-0.0018993362227590158,0.05428808999063761,0.1924910471935317,0.0,0.0
1,go,0.019999999999999574,"(np.float64(0.0), np.float64(0.0))",0.022745826028556865,0.022927879147127104,2.325253563196519,-3.037659221284015,0.0020395732695798465,0.0018034277303944015,0.05429180326279576,0.19248946273403328,4.6391778762358104e-05,4.1348773053060555e-05
1,go,0.02999999999999936,"(np.float64(0.0), np.float64(0.0))",0.08327983804845215,0.08335890407533654,2.3253233924442016,-3.037591430769195,0.010854986450505241,0.01032514332237891,0.054291224797271914,0.19248947099024505,0.000904001513616219,0.0008606926317742852
1,go,0.03999999999999915,"(np.float64(0.0), np.float64(0.0))",0.17347326147502476,0.17364166001830866,2.325942507883615,-3.0371966672525823,0.11243371054697598,0.06819379969808302,0.054281341967294866,0.1924920463092096,0.019504242468322813,0.011841284582531171
1,go,0.049999999999998934,"(np.float64(0.0), np.float64(0.0))",0.2594455863741506,0.272861616387345,2.3279776669207,-3.0357368905921045,0.2937929301423837,0.2230033431856217,0.05420549333492142,0.19249872028489456,0.07622327903337062,0.06084905268141056
1,go,0.05999999999999872,"(np.float64(0.0), np.float64(0.0))",0.3376537785440322,0.35937994081555175,2.332181533509845,-3.03230761667377,0.5460927448939651,0.4620597094506908,0.05394418267520798,0.19253189362307813,0.18439027874892958,0.1660549910356403
1,go,0.06999999999999851,"(np.float64(0.0), np.float64(0.0))",0.4038742894981425,0.43003824191810197,2.33920830747367,-3.0261495804209253,0.8584079672485303,0.7689064742630709,0.05337511015892604,0.19262913172352844,0.346688907872045,0.33065918839153735
1,go,0.0799999999999983,"(np.float64(0.0), np.float64(0.0))",0.45507480376802834,0.48340053607723127,2.349588010920202,-3.016668575354782,1.21677908437896,1.1269073747141825,0.052391126344894096,0.19281770647441598,0.5537255030527964,0.5447476290462211
1,go,0.08999999999999808,"(np.float64(0.0), np.float64(0.0))",0.4897270426814576,0.5187030590226894,2.3637037086419435,-3.0034370946277424,1.6057476270087787,1.5193033789506887,0.05090473988110922,0.1931132513190223,0.7863780366677775,0.7880673102452306
1,go,0.09999999999999787,"(np.float64(0.0), np.float64(0.0))",0.5073724856850016,0.5358507937410482,2.3817818130259054,-2.9861942520120355,2.0094250353182526,1.929484845853801,0.04885096273744814,0.19351973703624262,1.0195269749670939,1.0339159861620832
1,go,0.10999999999999766,"(np.float64(0.0), np.float64(0.0))",0.508320191835583,0.5353484393744911,2.403891435370685,-2.964842774180337,2.412226381691828,2.341300515003669,0.04618871741903052,0.19402948909996584,1.2261833770924442,1.2534115768139065
1,go,0.11999999999999744,"(np.float64(0.0), np.float64(0.0))",0.4934397363953946,0.5182185738092637,2.4299499249409333,-2.9394429721964466,2.7993727111614772,2.73935457971192,0.042901234267990515,0.1946238014306192,1.3813217326679805,1.419584423456186
1,go,0.12999999999999723,"(np.float64(0.0), np.float64(0.0))",0.46401984947561226,0.48592157886971554,2.4597327089636547,-2.9102037872594275,3.157250167521804,3.109298876448406,0.03899569446777054,0.19527437178148446,1.465026747490319,1.510875419221642
1,go,0.13999999999999702,"(np.float64(0.0), np.float64(0.0))",0.42166743841348336,0.44027527514616005,2.4928863252634006,-2.8774708822102255,3.473690694357072,3.438134039518741,0.034502248383245004,0.1959455675397321,1.4647422569303008,1.5137254102384925
1,go,0.1499999999999968,"(np.float64(0.0), np.float64(0.0))",0.36822822209249384,0.38337009470497685,2.5289440439151067,-2.841711691954623,3.738208927838704,3.7145155821465243,0.029472463506310415,0.19659738651224098,1.3765140273083336,1.4240341905106253
1,go,0.1599999999999966,"(np.float64(0.0), np.float64(0.0))",0.3057189543208193,0.31748095122711917,2.5673436895570902,-2.80349748458128,3.9422037752515506,3.929041620847353,0.023977221728448322,0.1971888768567143,1.2052064158894902,1.2473958711975597
1,go,0.16999999999999638,"(np.float64(0.0), np.float64(0.0))",0.2362689210950369,0.24498282357612655,2.6074472868890823,-2.7634827593415823,4.079119281244215,4.074492320346817,0.018104079949988264,0.19768171115418637,0.963769111597533,0.9981806332778067
1,go,0.17999999999999616,"(np.float64(0.0), np.float64(0.0))",0.1620725576356139,0.16827922532004047,2.6485620861284906,-2.722382578369397,4.144557923652978,4.145998552562892,0.011954123611811626,0.19804357358059466,0.6717191029553875,0.6976854246032925
1,go,0.18999999999999595,"(np.float64(0.0), np.float64(0.0))",0.08535550857536078,0.0897506702779272,2.689962483639901,-2.680948583609781,4.136345354080741,4.141132460697762,0.005638374512791533,0.1982510236472603,0.35305986134089246,0.3716694140573062
1,go,0.19999999999999574,"(np.float64(0.0), np.float64(0.0))",0.008354717617449034,0.011725777658959574,2.7309123801934194,-2.6399444481495915,4.05455305993192,4.059928089576737,-0.0007261451455389534,0.19829154847260763,0.0338746458806951,0.04760581408974133
1,go,0.20999999999999552,"(np.float64(0.0), np.float64(0.0))",-0.06668912182066027,-0.06352698203149078,2.7706876107613625,-2.600121376292787,3.9014904906206365,3.9048507066186517,-0.007020552546492559,0.19816460279883902,0.0,0.0
1,go,0.2199999999999953,"(np.float64(0.0), np.float64(0.0))",-0.13752999813830158,-0.1337921190284082,2.8085982022323224,-2.5621940617758954,3.681679173937739,3.6807366098591765,-0.013128285400650919,0.19788154826823393,0.0,0.0
1,go,0.2299999999999951,"(np.float64(0.0), np.float64(0.0))",-0.20190950688074666,-0.19689082757543946,2.8440103300950046,-2.526817309633309,3.4018189153517375,3.394721734665789,-0.018939164763576155,0.19746452155637206,0.0,0.0
1,go,0.23999999999999488,"(np.float64(0.0), np.float64(0.0))",-0.2575472203303881,-0.25066093061080735,2.8763679291203905,-2.494563377187621,3.0707528248539364,3.0561702956266794,-0.02435321081722641,0.19694436490654804,0.0,0.0
1,go,0.24999999999999467,"(np.float64(0.0), np.float64(0.0))",-0.3021304977601853,-0.2929364035303934,2.9052139709161144,-2.4659000094650914,2.699436398392052,2.6766081922877785,-0.02928413642499353,0.19635782802620666,0.0,0.0
1,go,0.25999999999999446,"(np.float64(0.0), np.float64(0.0))",-0.3333053121869764,-0.32152791045016293,2.9302114781951167,-2.4411691116144683,2.300917276849098,2.2696632616996117,-0.033662507491576454,0.19574429308173713,0.0,0.0
1,go,0.26999999999999424,"(np.float64(0.0), np.float64(0.0))",-0.34867012241693557,-0.3342050123095303,2.9511644260238605,-2.4205659715143364,1.8903352306607506,1.8510165363594782,-0.03743862071043194,0.1951422908488025,0.0,0.0
1,go,0.27999999999999403,"(np.float64(0.0), np.float64(0.0))",-0.34577574497031616,-0.32868134648020786,2.9680387848096026,-2.4041188812790826,1.484953128425073,1.4383733700475538,-0.04058519754792331,0.19458607702475822,0.0,0.0
1,go,0.2899999999999938,"(np.float64(0.0), np.float64(0.0))",-0.32213460624734563,-0.30260552740407093,2.9809840522796596,-2.39166890114489,1.1042253037174157,1.0514662152155223,-0.04310002182391473,0.19410253132178423,0.0,0.0
1,go,0.2999999999999936,"(np.float64(0.0), np.float64(0.0))",-0.275241507550831,-0.2535614572687254,2.9903556320141518,-2.3828494042664166,0.7698972689765531,0.7120973526158547,-0.045008653418283945,0.19370862648002296,0.0,0.0
1,go,0.3099999999999934,"(np.float64(0.0), np.float64(0.0))",-0.20260430216228562,-0.1790807538089262,2.996738266538488,-2.377065009086336,0.5061117299905225,0.4442188052196202,-0.04636733037971508,0.1934096751809364,0.0,0.0
1,go,0.3199999999999932,"(np.float64(0.0), np.float64(0.0))",-0.1272982211810754,-0.10218782669810146,3.0008437412786217,-2.3735942773914256,0.3143062497652218,0.24924248031372986,-0.047266126334353314,0.1931984750797832,0.0,0.0
1,go,0.32999999999999297,"(np.float64(0.0), np.float64(0.0))",-0.07221986195756555,-0.04577736824328067,3.003282988556612,-2.371802947513963,0.17125767863479058,0.11575519924619804,-0.04781415131913899,0.19305849646266385,0.0,0.0
1,go,0.33999999999999275,"(np.float64(0.0), np.float64(0.0))",-0.03076883898523042,-0.006805981849498651,3.004464504117529,-2.3710303223580924,0.07164683073569876,0.049694174543513325,-0.0481072314878041,0.19297252095609646,0.0,0.0
1,go,0.34999999999999254,"(np.float64(0.0), np.float64(0.0))",-0.0015944939520530395,0.012548750467784385,3.004938956805972,-2.3706873435367433,0.030094476289784587,0.02306518825184962,-0.04823149495781123,0.19293801536513505,0.0,0.00028943929186493283
1,go,0.3599999999999923,"(np.float64(0.0), np.float64(0.0))",0.010586540768655521,0.020331659062474007,3.005145414135063,-2.370519174874512,0.013845529218818594,0.012239983503719711,-0.048273796283171966,0.1929391035145766,0.00014657625953863428,0.00024885917152793523
1,go,0.3699999999999921,"(np.float64(0.0), np.float64(0.0))",0.015337350492490737,0.023478319289574237,3.0052467561766214,-2.3704222879386063,0.007456709887995259,0.007815688349755347,-0.048284676494880885,0.19295223640938425,0.00011436617307300463,0.0001834992265433616
1,go,0.3799999999999919,"(np.float64(0.0), np.float64(0.0))",0.017193191066802616,0.024747475674220126,3.005306746060106,-2.3703545404387385,0.004949161201336675,0.0060124035981392425,-0.04828474297182325,0.1929677271489469,8.509187415498783e-05,0.00014879181178854446
1,go,0.3899999999999917,"(np.float64(0.0), np.float64(0.0))",0.01790946174270933,0.025247812599784265,3.005350595255219,-2.370298595535654,0.0039832614784965975,0.0052923384620517855,-0.0482822996774675,0.19298173920452666,7.133806906034261e-05,0.00013361996970451395
1,go,0.3999999999999915,"(np.float64(0.0), np.float64(0.0))",0.01817292214249374,0.025430265198759884,3.005388345663304,-2.370247269836988,0.0036320508811211226,0.00502131567722767,-0.048280462409427544,0.19299307901065055,6.600497788018995e-05,0.00012769338931859024
1,go,0.40999999999999126,"(np.float64(0.0), np.float64(0.0))",0.018255635076855205,0.02548077661500735,3.0054239934770752,-2.3701975934829704,0.003523624917283911,0.004934337113087023,-0.048280180514227666,0.19300168910471205,6.432601063764919e-05,0.0001257307417217107
1,go,0.41999999999999105,"(np.float64(0.0), np.float64(0.0))",0.018266774177743722,0.025477064371839088,3.0054590971844424,-2.3701483660128715,0.0035073756982688213,0.004919674758495635,-0.048281536575069645,0.19300794181567152,6.406843983678276e-05,0.0001253388705107052
1,go,0.42999999999999083,"(np.float64(0.0), np.float64(0.0))",0.018250586719027965,0.02545192659615714,3.005494226492654,-2.3700991337824617,0.003522333018877311,0.004930304256400106,-0.04828430565649511,0.19301231762242727,6.428464421431594e-05,0.0001254857420306166
1,go,0.4399999999999906,"(np.float64(0.0), np.float64(0.0))",0.018225021937918397,0.025419198408539942,3.00552955332975,-2.370049755229529,0.003544354444020819,0.004946902439432296,-0.048288190388084656,0.1930152693125379,6.459593749803798e-05,0.00012574629461561975
1,go,0.4499999999999904,"(np.float64(0.0), np.float64(0.0))",0.018197219408117707,0.02538459182187064,3.0055650957916233,-2.370000213972189,0.0035645391127924037,0.004962077415470244,-0.04829291294520652,0.19301717446191494,6.486470032430061e-05,0.00012596030978023496
1,go,0.4599999999999902,"(np.float64(0.0), np.float64(0.0))",0.018169838530362307,0.025350314574655242,3.005600818980637,-2.369950538471,0.0035802390351647533,0.00497352247942358,-0.04829824446393499,0.1930183279636798,6.50523651690437e-05,0.00012608035939750705
1,go,0.46999999999999,"(np.float64(0.0), np.float64(0.0))",0.01814369464024246,0.025317075754755867,3.005636675817986,-2.3699007682676227,0.003591264383430925,0.004981007058736209,-0.04830400823954939,0.19301895088452792,6.515880434534932e-05,0.0001261045330409983
1,go,0.47999999999998977,"(np.float64(0.0), np.float64(0.0))",0.01811887293335316,0.025284968258935725,3.0056726224426993,-2.36985094073486,0.003599099431028775,0.0049845492324062605,-0.04831007311797217,0.19301920434245207,6.521162526531402e-05,0.00012603416912649473
1,go,0.48999999999998956,"(np.float64(0.0), np.float64(0.0))",0.018094954444245834,0.025254009087176937,3.0057086624552682,-2.369801111855251,0.0036105036571476424,0.004981055022060251,-0.04831634431422416,0.19301920336484968,6.533189919686957e-05,0.0001257916087908379
1,go,0.49999999999998934,"(np.float64(0.0), np.float64(0.0))",0.018069909168868793,0.025225160022515528,3.0057448177512716,-2.3697513382523403,0.0036210554772415082,0.004974294968141809,-0.04832275415647433,0.19301902536799095,6.543214356918889e-05,0.00012547738657057091
1,go,0.5099999999999891,"(np.float64(0.0), np.float64(0.0))",0.018045050445238645,0.025197323876944573,3.005781063954585,-2.3697016372005657,0.0036284586494495477,0.004966810692557632,-0.04832925511125169,0.1930187219506537,6.547571936777957e-05,0.00012515033765584603
1,go,0.5199999999999889,"(np.float64(0.0), np.float64(0.0))",0.018021081771588173,0.025169748528555067,3.0058173689125782,-2.3696520110047543,0.003632832727755761,0.004959404482396612,-0.04833581487254365,0.19301833159278986,6.546757564938828e-05,0.00012482696367331153
1,go,0.5299999999999887,"(np.float64(0.0), np.float64(0.0))",0.017997986573300373,0.02514219467411654,3.005853705339398,-2.3696024575284182,0.0036348315683796275,0.0049522849882961345,-0.04834241163702707,0.19301788176945817,6.541964976390488e-05,0.00012451131325744638
1,go,0.5399999999999885,"(np.float64(0.0), np.float64(0.0))",0.01797558506502128,0.025114598436545045,3.005890052692177,-2.369552973728863,0.003635092218100616,0.004945467444807747,-0.04834903073620361,0.19301739155865888,6.534290938566451e-05,0.00012420342895735307
1,go,0.5499999999999883,"(np.float64(0.0), np.float64(0.0))",0.01795369845843777,0.0250869534198584,3.005926396164646,-2.3695035567610745,0.0036341128413571815,0.004938911637163437,-0.048355662323700505,0.193016874026071,6.524576611766334e-05,0.00012390224618631575
1,go,0.5599999999999881,"(np.float64(0.0), np.float64(0.0))",0.017932186187979232,0.0250592699814786,3.0059627252472656,-2.3694542042529596,0.003632255589971113,0.00493256795353414,-0.04836229979983536,0.19301633805928417,6.513428352169034e-05,0.0001236065520496014
1,go,0.5699999999999878,"(np.float64(0.0), np.float64(0.0))",0.01791094591382334,0.025031561581698458,3.0059990325049033,-2.369404914311873,0.0036297768849665943,0.004926391499887126,-0.04836893874506354,0.1930157896854992,6.501273746588284e-05,0.00012331527220498043
1,go,0.5799999999999876,"(np.float64(0.0), np.float64(0.0))",0.017889905170742074,0.0250038405531407,3.0060353126683843,-2.369355685455545,0.003626856963483498,0.004920345352686534,-0.048375576201210996,0.19301523298835754,6.488412714456533e-05,0.00012302753066496095
1,go,0.5899999999999874,"(np.float64(0.0), np.float64(0.0))",0.0178690130490984,0.024976117083503897,3.0060715619905896,-2.369306516531837,0.003623622642614551,0.0049144003187458945,-0.0483822101886425,0.19301467073566056,6.475056028588784e-05,0.00012274263775620634
1,go,0.5999999999999872,"(np.float64(0.0), np.float64(0.0))",0.017848233752035935,0.024948399239461495,3.0061077777972334,-2.3692574066469776,0.003620163550831979,0.004908533745639151,-0.04838883938263108,0.19301410480559214,6.461352527584959e-05,0.00012246005956657486
1,go,0.609999999999987,"(np.float64(0.0), np.float64(0.0))",0.01782754199558442,0.024920693280477746,3.006143958174152,-2.3692083551066174,0.0036165433866828926,0.004902728230162089,-0.04839546289674204,0.1930135364749204,6.447407910494237e-05,0.00012217938646140892
1,go,0.6199999999999868,"(np.float64(0.0), np.float64(0.0))",0.01780691981867808,0.024893004010904766,3.0061801017488023,-2.3691593613691606,0.003612807674131288,0.004896970480126335,-0.04840208013796493,0.19301296661350897,6.43329765735607e-05,0.0001219003058030671
1,go,0.6299999999999866,"(np.float64(0.0), np.float64(0.0))",0.01778635438765324,0.024865335093441403,3.006216207536675,-2.3691104250094557,0.003608989116542813,0.004891250382123782,-0.048408690709860674,0.19301239581553345,6.419075940801406e-05,0.00012162257977743115
1,go,0.6399999999999864,"(np.float64(0.0), np.float64(0.0))",0.017765836482206084,0.02483768930701921,3.0062522748326255,-2.3690615456908315,0.003605111315367011,0.004885560262384385,-0.048415294347808724,0.19301182448803567,6.40478181289612e-05,0.00012134602788782259
1,go,0.6499999999999861,"(np.float64(0.0), np.float64(0.0))",0.017745359444988645,0.024810068751766515,3.0062883031335095,-2.3690127231436846,0.0036011913718863053,0.004879894310419625,-0.04842189087569529,0.1930112529107476,6.390443532431427e-05,0.00012107051334286514
1,go,0.6599999999999859,"(np.float64(0.0), np.float64(0.0))",0.017724918447502458,0.02478247500906781,3.006324292082797,-2.368963957149156,0.003597241720805267,0.004874248133857711,-0.048428480176925026,0.19301068127656754,6.376081613722677e-05,0.00012079593256532413
1,go,0.6699999999999857,"(np.float64(0.0), np.float64(0.0))",0.017704509973254352,0.02475490926531914,3.006360241430717,-2.368915247526721,0.0035932714311377708,0.004868618416768558,-0.04843506217499938,0.19301010971899846,6.361710988918861e-05,0.00012052220715456738
1,go,0.6799999999999855,"(np.float64(0.0), np.float64(0.0))",0.01768413145140243,0.024727372406984836,3.006396151005463,-2.3688665941247806,0.0035892871346931495,0.004863002658533562,-0.04844163682048813,0.19300953833078782,6.347342550674124e-05,0.0001202492777537167
1,go,0.6899999999999853,"(np.float64(0.0), np.float64(0.0))",0.017663780995488366,0.02469986509329124,3.006432020692301,-2.3688179968135405,0.00358529369221161,0.004857398974962076,-0.04844820408227679,0.19300896717662525,6.332984258373175e-05,0.00011997709938585444
1,go,0.6999999999999851,"(np.float64(0.0), np.float64(0.0))",0.017643457216129966,0.024672387811618644,3.006467850418371,-2.3687694554796312,0.003581294673470533,0.004851805947212568,-0.04845476394167508,0.19300839630181443,6.318641934973148e-05,0.0001197056379163462
1,go,0.7099999999999849,"(np.float64(0.0), np.float64(0.0))",0.01762315908611024,0.024644940919597912,3.006503640141589,-2.3687209700220486,0.0035772927046866243,0.004846222507279381,-0.048461316388443976,0.19300782573821557,6.304319843227396e-05,0.000119434867375126
1,go,0.7199999999999847,"(np.float64(0.0), np.float64(0.0))",0.01760288584281465,0.024617524677028296,3.0065393898425294,-2.3686725403490962,0.003573289720774445,0.004840647851358732,-0.0484678614181103,0.19300725550832942,6.290021103809559e-05,0.00011916476793362758
1,go,0.7299999999999844,"(np.float64(0.0), np.float64(0.0))",0.017582636917424035,0.024590139270033062,3.0065750995184706,-2.368624166376083,0.003569287149085097,0.004835081374411556,-0.04847439903014633,0.19300668562811601,6.275747999639082e-05,0.00011889532437872304
1,go,0.7399999999999842,"(np.float64(0.0), np.float64(0.0))",0.01756241188336616,0.024562784829309386,3.006610769179019,-2.3685758480235926,0.003565286043588807,0.004829522620816239,-0.048480929226733,0.19300611610894458,6.261502197952358e-05,0.00011862652496339162
1,go,0.749999999999984,"(np.float64(0.0), np.float64(0.0))",0.017542210418686036,0.0245354614438936,3.006646398842888,-2.3685275852161802,0.0035612871831316095,0.004823971247170423,-0.048487452011916815,0.19300554695895047,6.247284912786437e-05,0.00011835836054140124
1,go,0.7599999999999838,"(np.float64(0.0), np.float64(0.0))",0.017522032278501763,0.024508169171539945,3.006681988535522,-2.3684793778813984,0.0035572911435134895,0.0048184269943206985,-0.04849396739103329,0.19300497818398088,6.233097024067182e-05,0.00011809082391752642
1,go,0.7699999999999836,"(np.float64(0.0), np.float64(0.0))",0.01750187727480689,0.02448090804652576,3.0067175382873415,-2.3684312259490623,0.003553298350490845,0.004812889666307173,-0.04850047537031085,0.19300440978825797,6.218939165106454e-05,0.00011782390935893997
1,go,0.7799999999999834,"(np.float64(0.0), np.float64(0.0))",0.017481745261621908,0.024453678085528164,3.006753048132447,-2.3683831293507005,0.0035493091188088305,0.004807359114551358,-0.048506975956598725,0.19300384177484503,6.20481178697677e-05,0.00011755761222876862
1,go,0.7899999999999832,"(np.float64(0.0), np.float64(0.0))",0.017461636124063096,0.02442647929203783,3.0067885181076592,-2.368335088019143,0.0035453236809786202,0.00480183522600183,-0.04851346915717836,0.1930032741459759,6.190715205927262e-05,0.0001172919287117115
1,go,0.799999999999983,"(np.float64(0.0), np.float64(0.0))",0.017441549770284906,0.024399311659668285,3.0068239482518058,-2.3682871018882117,0.003541342208545063,0.004796317914216416,-0.04851995497963252,0.19300270690328847,6.176649638394938e-05,0.00011702685560781646
1,go,0.8099999999999827,"(np.float64(0.0), np.float64(0.0))",0.017421486125527054,0.024372175174645017,3.006859338605195,-2.368239170892489,0.0035373648278188797,0.004790807112682278,-0.048526433431754334,0.1930021400479907,6.162615226877401e-05,0.00011676239017822779
1,go,0.8199999999999825,"(np.float64(0.0), np.float64(0.0))",0.017401445127711405,0.02434506981767167,3.0068946892092225,-2.3681912949671458,0.003533391631512881,0.004785302769812084,-0.04853290452148312,0.19300157358097958,6.148612059048607e-05,0.0001164985300297728
1,go,0.8299999999999823,"(np.float64(0.0), np.float64(0.0))",0.017381426724186647,0.024317995565326763,3.0069300001060824,-2.36814347404781,0.0035294226873809737,0.004779804845191207,-0.048539368256860255,0.19300100750292654,6.13464018193943e-05,0.00011623527302848715
1,go,0.8399999999999821,"(np.float64(0.0), np.float64(0.0))",0.017361430869310326,0.024290952391111443,3.006965271338549,-2.3680957080704697,0.003525458044612557,0.004774313306768207,-0.04854582464599658,0.193000441814338,6.120699612419487e-05,0.00011597261723495635
1,go,0.8499999999999819,"(np.float64(0.0), np.float64(0.0))",0.017341457522660825,0.024263940266234265,3.0070005029498175,-2.3680479969714026,0.003521497738590016,0.00476882812875372,-0.048552273697051146,0.19299987651560058,6.106790344990492e-05,0.00011571056085601797
1,go,0.8599999999999817,"(np.float64(0.0), np.float64(0.0))",0.01732150664770655,0.024236959160198357,3.007035694983382,-2.3680003406871184,0.0035175417944152947,0.0047633492900389885,-0.048558715418214354,0.1929993116070123,6.092912357555015e-05,0.0001154491022084348
1,go,0.8699999999999815,"(np.float64(0.0), np.float64(0.0))",0.0173015782108202,0.024210009041242278,3.0070708474829493,-2.3679527391543207,0.0035135902295431233,0.004757876773021579,-0.048565149817696995,0.1929987470888065,6.0790656157214045e-05,0.00011518823969196907
1,go,0.8799999999999812,"(np.float64(0.0), np.float64(0.0))",0.017281672180541528,0.02418308987666888,3.0071059604923702,-2.3679051923098746,0.0035096430557259094,0.004752410562723998,-0.048571576903722186,0.19299818296116827,6.06525007597692e-05,0.00011492797176918497
1,go,0.889999999999981,"(np.float64(0.0), np.float64(0.0))",0.01726178852703413,0.024156201633090506,3.0071410340555915,-2.3678577000907857,0.003505700280475021,0.004746950646128734,-0.048577996684519315,0.19299761922424774,6.051465688072404e-05,0.00011466829695021494
1,go,0.8999999999999808,"(np.float64(0.0), np.float64(0.0))",0.017241927221676615,0.024129344276615713,3.0071760682166184,-2.367810262434181,0.0035017619081337812,0.004741497011694967,-0.0485844091683196,0.19299705587816793,6.037712396768209e-05,0.00011440921378173246
1,go,0.9099999999999806,"(np.float64(0.0), np.float64(0.0))",0.017222088236762842,0.02410251777298306,3.0072110630194873,-2.3677628792772984,0.003497827940693461,0.004736049648975589,-0.04859081436335405,0.19299649292303223,6.0239901431637245e-05,0.00011415072083816433
1,go,0.9199999999999804,"(np.float64(0.0), np.float64(0.0))",0.017202271545273637,0.024075722087669327,3.0072460185082455,-2.367715550557475,0.0034938983783842016,0.004730608548353955,-0.048597212277849744,0.1929959303589292,6.0102988656556255e-05,0.00011389281671572265
1,go,0.9299999999999802,"(np.float64(0.0), np.float64(0.0))",0.017182477120711494,0.024048957185961856,3.0072809347269356,-2.3676682762121417,0.00348997322012867,0.004725173700832082,-0.04860360292002949,0.192995368185936,5.9966385006756695e-05,0.00011363550002754367
1,go,0.93999999999998,"(np.float64(0.0), np.float64(0.0))",0.017162704936974083,0.024022223033018337,3.0073158117195846,-2.3676210561788156,0.003486052463873014,0.004719745097876141,-0.04860998629810992,0.1929948064041208,5.9830089832264045e-05,0.00011337876940017562
1,go,0.9499999999999797,"(np.float64(0.0), np.float64(0.0))",0.01714295496826136,0.02399551959390944,3.007350649530195,-2.3675738903950987,0.003482136106844864,0.004714322731295771,-0.04861636242030118,0.19299424501354562,5.9694102472998424e-05,0.00011312262347082035
1,go,0.9599999999999795,"(np.float64(0.0), np.float64(0.0))",0.017123227189003484,0.02396884683365342,3.007385448202739,-2.367526778798673,0.003478224145720437,0.004708906593174091,-0.048622731294805654,0.1929936840142666,5.95584222614486e-05,0.00011286706088577052
1,go,0.9699999999999793,"(np.float64(0.0), np.float64(0.0))",0.01710352157381443,0.02394220471723445,3.007420207781153,-2.3674797213272987,0.003474316576779775,0.004703496675787112,-0.04862909292981801,0.1929931234063363,5.9423048525213975e-05,0.00011261208029852674
1,go,0.9799999999999791,"(np.float64(0.0), np.float64(0.0))",0.017083838097448345,0.023915593209626006,3.0074549283093353,-2.3674327179188124,0.003470413396003928,0.004698092971559469,-0.04863544733352476,0.19299256318980335,5.928798058854699e-05,0.0001123576803688193
1,go,0.9899999999999789,"(np.float64(0.0), np.float64(0.0))",0.017064176734771706,0.02388901227580252,3.007489609831142,-2.367385768511126,0.00346651459914802,0.004692695473038117,-0.04864179451410405,0.192992003364714,5.915321777352811e-05,0.00011210385976201048
1,go,0.9999999999999787,"(np.float64(0.0), np.float64(0.0))",0.017044537460744365,0.023862461880747053,3.007524252390387,-2.367338873042225,0.0034626201818101845,0.004687304172848965,-0.048648134479725214,0.19299144393111173,5.901875940119316e-05,0.00011185061714807502
1,back,0.0,"(np.float64(0.0), np.float64(0.0))",0.01702492025039884,0.023835941989463188,3.0075588560308386,-2.3672920314501686,0.003458730139462556,0.004681919063689545,-0.048654467238548965,0.19299088488903815,5.888460479200087e-05,0.00011159795120146579
1,back,0.009999999999999787,"(np.float64(0.0), np.float64(0.0))",0.01700532507883823,0.023809452566982588,3.0075934207962196,-2.3672452436730893,0.0034548444674875737,0.004676540138312776,-0.048660792798727176,0.19299032623853346,5.8750753266451945e-05,0.00011134586060074823
1,back,0.019999999999999574,"(np.float64(0.0), np.float64(0.0))",0.002779190863322475,0.009576432520468364,3.0076190350456686,-2.3672085329030077,0.001919109430666885,0.002953668555213268,-0.04866711116840272,0.19298976797963566,5.333571395425403e-06,2.828560760682915e-05
1,back,0.02999999999999936,"(np.float64(0.0), np.float64(0.0))",-0.03647256482852004,-0.02962584011987005,3.0076072069072524,-2.367208499774091,-0.003400875092826153,-0.0021088782110002735,-0.048672024831166616,0.1929893860610158,0.00012403863729680098,6.247728871137167e-05
1,back,0.03999999999999915,"(np.float64(0.0), np.float64(0.0))",-0.0958213568182175,-0.08905898019715103,3.0074734478315337,-2.3672816512964783,-0.02339796729344833,-0.011025719013472136,-0.048671457085891406,0.19299011874478397,0.002242024972846495,0.0009819392912801665
1,back,0.049999999999998934,"(np.float64(0.0), np.float64(0.0))",-0.16791500960542483,-0.16451307293580242,3.006747515133448,-2.367632177562956,-0.12132233634642581,-0.05872291336330975,-0.048657336424035025,0.19299642552956825,0.02037184127296267,0.009660686929140983
1,back,0.05999999999999872,"(np.float64(0.0), np.float64(0.0))",-0.22967070629662112,-0.2415621658969054,3.004759498005406,-2.3688389704522934,-0.27566968742595954,-0.1820356333543323,-0.04858492149216359,0.1930327057335715,0.0633132518156889,0.04397292186348746
1,back,0.06999999999999851,"(np.float64(0.0), np.float64(0.0))",-0.28352603198711973,-0.30519661545718,3.000987405845793,-2.371591237450716,-0.47815343253541787,-0.3677659641121809,-0.04836279194547549,0.19312255537207162,0.135568945407788,0.11224092752738433
1,back,0.0799999999999983,"(np.float64(0.0), np.float64(0.0))",-0.32826173478752263,-0.3555702376597804,2.994988206202081,-2.376441075913636,-0.721205216897245,-0.6015960720477105,-0.047896497507845026,0.19327485861419685,0.23674407563650118,0.2139096583131948
1,back,0.08999999999999808,"(np.float64(0.0), np.float64(0.0))",-0.362716049951029,-0.39348067245965107,2.986400971970395,-2.383806211690748,-0.9959252172118856,-0.8709131635235889,-0.04710781964330041,0.19349814396377282,0.36123806083371574,0.34268749723722386
1,back,0.09999999999999787,"(np.float64(0.0), np.float64(0.0))",-0.38640735799390863,-0.4195261122269037,2.974956613213676,-2.3939835377108474,-1.2928159623656725,-1.1641380897366829,-0.04593516286996352,0.1937987793076587,0.4995536003900719,0.48838632688248496
1,back,0.10999999999999766,"(np.float64(0.0), np.float64(0.0))",-0.3993257368524435,-0.43430445640961823,2.9604815412239875,-2.4071582064057937,-1.6022530679962164,-1.470490235122481,-0.044333142105236256,0.19417862944122827,0.6398208870016774,0.6386404622205207
1,back,0.11999999999999744,"(np.float64(0.0), np.float64(0.0))",-0.40179979922911113,-0.4384842488365549,2.9428974185570946,-2.423411316001521,-1.9147937139972877,-1.7799333473014345,-0.0422721004302318,0.19463386716963413,0.7693637298492743,0.7804727367706042
1,back,0.12999999999999723,"(np.float64(0.0), np.float64(0.0))",-0.3944098586402758,-0.4328221762370545,2.9222183030684654,-2.4427274172209827,-2.2213887971495527,-2.083190617087988,-0.03973750139335344,0.1951546289518271,0.8761376414688473,0.9016510964046354
1,back,0.13999999999999702,"(np.float64(0.0), np.float64(0.0))",-0.3779284293269826,-0.41815989949497506,2.898545935213068,-2.4650023013212126,-2.5135427009196967,-2.3717849420972845,-0.036729199102339016,0.19572534577912665,0.9499392450048826,0.9917853530110957
1,back,0.1499999999999968,"(np.float64(0.0), np.float64(0.0))",-0.3532753269735102,-0.39541316102285756,2.872063560088888,-2.490051238890044,-2.7834470491923384,-2.6380886160045014,-0.03326059438627044,0.19632562445881196,0.9833231664168756,1.0431349587127554
1,back,0.1599999999999966,"(np.float64(0.0), np.float64(0.0))",-0.32147969509232077,-0.3655577939845046,2.8430284811115776,-2.51761773170629,-3.0241004182719338,-2.875376058542304,-0.02935767462104194,0.19693155599280932,0.972186880394621,1.0511161288365845
1,back,0.16999999999999638,"(np.float64(0.0), np.float64(0.0))",-0.2836454829066857,-0.32961451145804604,2.8117634730838454,-2.547382786437788,-3.2294158195354123,-3.077875078747634,-0.02505792582769481,0.19751731641595088,0.9160092096386121,1.0145122904102963
1,back,0.17999999999999616,"(np.float64(0.0), np.float64(0.0))",-0.24091990767494703,-0.2886338225214924,2.7786471921542004,-2.578974674410661,-3.3943124544997056,-3.240812343079342,-0.02040910419787173,0.19805691720958515,0.8177574431579919,0.9354080546578246
1,back,0.18999999999999595,"(np.float64(0.0), np.float64(0.0))",-0.1944660334239133,-0.24368239523429736,2.7441037622693183,-2.611979101095325,-3.5147871497324408,-3.3604493846633567,-0.015467859992819771,0.1985259636416986,0.6835067153378098,0.8188823551183875
1,back,0.19999999999999574,"(np.float64(0.0), np.float64(0.0))",-0.14544095162548398,-0.1958320114506152,2.7085917567798656,-2.645949678887911,-3.587962522401562,-3.4341068855675925,-0.010298216995456577,0.19890329063717022,0.5218366836546551,0.6725080589371093
1,back,0.20999999999999552,"(np.float64(0.0), np.float64(0.0))",-0.09498057977367126,-0.146151857746388,2.6725928101764733,-2.6804185823768876,-3.612111729717676,-3.460176647512049,-0.004969922225965456,0.1991723646943386,0.3430804662958634,0.5057112451645547
1,back,0.2199999999999953,"(np.float64(0.0), np.float64(0.0))",-0.044191262871890916,-0.09570440032475416,2.636600083031119,-2.7149072670155423,-3.586662400798293,-3.43812217037793,0.00044330895483704613,0.19932236379347365,0.15849914098640472,0.32904342055926206
1,back,0.2299999999999951,"(np.float64(0.0), np.float64(0.0))",0.0058524678830698534,-0.045544639538233914,2.6011067674900867,-2.748937146674312,-3.512184290605732,-3.3684698022395576,0.005865619342826825,0.19934887247282312,0.0,0.15341574293842672
1,back,0.23999999999999488,"(np.float64(0.0), np.float64(0.0))",0.05410522870822855,0.003277782373823618,2.5665947708782983,-2.782040147891648,-3.3903660069753565,-3.252792940268114,0.01122087021408312,0.19925415454327722,0.0,0.0
1,back,0.24999999999999467,"(np.float64(0.0), np.float64(0.0))",0.09954473190188108,0.049714314828484304,2.533523662369436,-2.813769084018055,-3.223985883152146,-3.0936918740586754,0.016434496269164336,0.19904699060070685,0.0,0.0
1,back,0.25999999999999446,"(np.float64(0.0), np.float64(0.0))",0.14116382032407007,0.09271181710533151,2.5023199216183936,-2.8437078180363278,-3.016881039900478,-2.894771829506022,0.02143531811712321,0.19874209164409196,0.0,0.0
1,back,0.26999999999999424,"(np.float64(0.0), np.float64(0.0))",0.17796177757165452,0.13120620992295834,2.4733664938130486,-2.8714812084843366,-2.773917416131563,-2.6606218461768782,0.02615728127260765,0.19835912391246902,0.0,0.0
1,back,0.27999999999999403,"(np.float64(0.0), np.float64(0.0))",0.2089357448570439,0.16411624692587773,2.4469926327186786,-2.896764860306342,-2.500962541732042,-2.396797395662412,0.030541100882599218,0.19792140320305907,0.0,0.0
1,back,0.2899999999999938,"(np.float64(0.0), np.float64(0.0))",0.23307278775174634,0.19033829142267755,2.4234639978270462,-2.919294733100127,-2.2048623788546347,-2.109809974319271,0.034535805430221875,0.19745433828916015,0.0,0.0
1,back,0.2999999999999936,"(np.float64(0.0), np.float64(0.0))",0.24934303100565844,0.20874309987816114,2.4029729580079655,-2.9388766921244964,-1.8934236639361095,-1.8071269432061212,0.03810018895027442,0.1969837208004999,0.0,0.0
1,back,0.3099999999999934,"(np.float64(0.0), np.float64(0.0))",0.25669431968314677,0.21817564522043584,2.3856290379392933,-2.955396117786967,-1.575403535434742,-1.4971842394795818,0.0412041971332785,0.19653397102934883,0.0,0.0
1,back,0.3199999999999932,"(np.float64(0.0), np.float64(0.0))",0.2540489803478503,0.21745883667386684,2.371449425001592,-2.9688277085317987,-1.2605083246584203,-1.1894129151641262,0.043830284749181506,0.19612645383006483,0.0,0.0
1,back,0.32999999999999297,"(np.float64(0.0), np.float64(0.0))",0.2403032948959091,0.2054015038444635,2.3603494383436914,-2.9792456090537374,-0.9594027241148786,-0.894277654386205,0.04597478705444054,0.19577797488144286,0.0,0.0
1,back,0.33999999999999275,"(np.float64(0.0), np.float64(0.0))",0.21433011034328867,0.1808101695399517,2.3521328571170717,-2.9868339601924174,-0.6837289517875247,-0.6233217686852239,0.04764934454385901,0.19549955437501323,0.0,0.0
1,back,0.34999999999999254,"(np.float64(0.0), np.float64(0.0))",0.1749845318894904,0.14250301902130144,2.3464820191951983,-2.991897893881982,-0.4461333947613647,-0.38920951018836647,0.04888240881011177,0.19529555213444344,0.0,0.0
1,back,0.3599999999999923,"(np.float64(0.0), np.float64(0.0))",0.12111199749529204,0.08932333164650966,2.34294763616921,-2.994874891881304,-0.26002354350037427,-0.20612708806522323,0.04972083947153501,0.19516318434155763,0.0,0.0
1,back,0.3699999999999921,"(np.float64(0.0), np.float64(0.0))",0.06739967193258957,0.03618480380916052,2.3410300358079636,-2.9962950401673303,-0.12614358729914596,-0.08762134397940553,0.050231581224002175,0.19509242565698495,0.0,0.0
1,back,0.3799999999999919,"(np.float64(0.0), np.float64(0.0))",0.028386245288968805,0.0014851695550308734,2.340195695111376,-2.996883248014281,-0.05090854555989313,-0.03798814113080447,0.05049244487381674,0.19506644622748442,0.0,0.0
1,back,0.3899999999999917,"(np.float64(0.0), np.float64(0.0))",0.006316337185145524,-0.01305186659137897,2.339861256183352,-2.9971473414830787,-0.020887376412937628,-0.017955183691391995,0.05059645349151294,0.1950536710431047,0.0,0.00023434866216375173
1,back,0.3999999999999915,"(np.float64(0.0), np.float64(0.0))",-0.002489350202126605,-0.018903297741924133,2.3397210023741213,-2.9972798502335705,-0.00907033224471139,-0.00980334252910785,0.0506292023505336,0.19504129198793657,2.257923340672776e-05,0.00018531550269379322
1,back,0.40999999999999126,"(np.float64(0.0), np.float64(0.0))",-0.005950311167056145,-0.02126934484031432,2.3396574462600035,-2.9973586921420856,-0.004389689547123863,-0.0064765858409338035,0.050634055657553675,0.19502957904240914,2.6120018732160755e-05,0.0001377527376387182
1,back,0.41999999999999105,"(np.float64(0.0), np.float64(0.0))",-0.007316370307861728,-0.022220066701657444,2.339624292776127,-2.9974156771083416,-0.0025384788780219063,-0.005131199639111887,0.050629375742324345,0.19501901466414379,1.857245149029363e-05,0.00011401559824058673
1,back,0.42999999999999083,"(np.float64(0.0), np.float64(0.0))",-0.007851841418266448,-0.022589491582450456,2.339603094743822,-2.9974639229125204,-0.001820563050152703,-0.0046057262753676715,0.050622767966680665,0.1950098464004878,1.429477236175449e-05,0.00010404101492848891
1,back,0.4399999999999906,"(np.float64(0.0), np.float64(0.0))",-0.008054497347244179,-0.022718186109066417,2.3395864394778543,-2.997508862911839,-0.0015587110844502404,-0.0044189938413910545,0.05061713210356593,0.19500206426522812,1.2554634294824557e-05,0.0001003915245035403
1,back,0.4499999999999904,"(np.float64(0.0), np.float64(0.0))",-0.008123059777374283,-0.022747241839668145,2.3395713489972416,-2.997552727312118,-0.001478726251890993,-0.0043691735403668,0.05061333505030405,0.19499550558271175,1.2011781738483158e-05,9.938664716220268e-05
1,back,0.4599999999999902,"(np.float64(0.0), np.float64(0.0))",-0.008138000938774464,-0.0227358692898082,2.339556650812701,-2.997596397559244,-0.001468427097346022,-0.0043711234765419745,0.05061140764870921,0.19498994924130233,1.195006109672379e-05,9.938129201227034e-05
1,back,0.46999999999999,"(np.float64(0.0), np.float64(0.0))",-0.008132271774413604,-0.022709082160680023,2.3395418933429726,-2.9976401761836344,-0.0014983233643842187,-0.004380382280628571,0.05061107976296492,0.19498517369808385,1.2184772805126211e-05,9.947446110598116e-05
1,back,0.47999999999998977,"(np.float64(0.0), np.float64(0.0))",-0.008114448412465072,-0.022680037344819725,2.3395265058305785,-2.997683900242349,-0.0015859580666161572,-0.00436197702663028,0.05061201366455646,0.19498098646294498,1.2869174915889652e-05,9.892980186122045e-05
1,back,0.48999999999998956,"(np.float64(0.0), np.float64(0.0))",-0.008078925494359061,-0.02265932448579048,2.339510205285497,-2.99772739785398,-0.0016741455199973377,-0.004337872438966253,0.05061391304680124,0.19497726393714465,1.3525296922773498e-05,9.829325917250368e-05
1,back,0.49999999999998934,"(np.float64(0.0), np.float64(0.0))",-0.008042688931295672,-0.022640457295111206,2.3394930945862815,-2.9977706596977485,-0.0017463172765284864,-0.00431560564511108,0.05061653194791507,0.19497390738039003,1.404508663046606e-05,9.770728531067826e-05
1,back,0.5099999999999891,"(np.float64(0.0), np.float64(0.0))",-0.008010770984807156,-0.022621180227006547,2.3394753486725466,-2.9978137151996473,-0.0018011289356384063,-0.004296747991563417,0.050619670426323524,0.19497082272665683,1.4428431417508742e-05,9.719751070718447e-05
1,back,0.5199999999999889,"(np.float64(0.0), np.float64(0.0))",-0.00798367993883322,-0.022601004221931523,2.3394571293509148,-2.997856598423334,-0.0018410628962012966,-0.004281269890067816,0.05062317713854572,0.19496793491292683,1.469845691053248e-05,9.676099886065103e-05
1,back,0.5299999999999887,"(np.float64(0.0), np.float64(0.0))",-0.00796076815768526,-0.022579917718168165,2.3394385979885914,-2.997899356426541,-0.0018621785346800521,-0.004272583710412725,0.05062694148235078,0.1949651877544981,1.4824371582805956e-05,9.647458862510497e-05
1,back,0.5399999999999885,"(np.float64(0.0), np.float64(0.0))",-0.007943314648747639,-0.022556868770140515,2.339419928863636,-2.9979420553566394,-0.0018706624812383113,-0.004268484798552004,0.050630883051891715,0.19496253804891822,1.4859260690082883e-05,9.628365144827724e-05
1,back,0.5499999999999883,"(np.float64(0.0), np.float64(0.0))",-0.007929567989806985,-0.022532479085639726,2.3394012048290533,-2.9979847209557366,-0.0018739305422990904,-0.0042655679060380255,0.05063494285648509,0.19495995075692474,1.4859459643336511e-05,9.611381963117785e-05
1,back,0.5599999999999881,"(np.float64(0.0), np.float64(0.0))",-0.007917353150739067,-0.02250775479393556,2.33938246136495,-2.99802735804515,-0.0018748470861076505,-0.004262663757896681,0.05063908100933727,0.19495740419547353,1.4843826484348367e-05,9.59429906317344e-05
1,back,0.5699999999999878,"(np.float64(0.0), np.float64(0.0))",-0.00790583210913442,-0.02248304378472997,2.3393637152710567,-2.998069964615667,-0.001874579072990709,-0.00425943007042339,0.05064327057043616,0.1949548850492828,1.4820107426361384e-05,9.576495277132454e-05
1,back,0.5799999999999876,"(np.float64(0.0), np.float64(0.0))",-0.007894664856733591,-0.02245844994866174,2.339344975464007,-2.998112536992229,-0.0018736446800267821,-0.004255821151413716,0.05064749320359355,0.19495238481566154,1.479179680941329e-05,9.557914631948092e-05
1,back,0.5899999999999874,"(np.float64(0.0), np.float64(0.0))",-0.007883701290392953,-0.022433989198427564,2.33932624718181,-2.99815507162604,-0.0018723017025771764,-0.004251887224814152,0.05065173642292703,0.19494989794912432,1.4760667348612607e-05,9.538679207441284e-05
1,back,0.5999999999999872,"(np.float64(0.0), np.float64(0.0))",-0.007872867214309593,-0.022409648596120775,2.3393075337287117,-2.998197565614379,-0.0018706943647652998,-0.004247699593610942,0.050655991753702403,0.19494742079747404,1.4727728332354439e-05,9.518945523470624e-05
1,back,0.609999999999987,"(np.float64(0.0), np.float64(0.0))",-0.007862121343794218,-0.022385408492478207,2.339288837275133,-2.998240016755271,-0.0018689112805408865,-0.00424332445890694,0.050660253472285074,0.19494495094780295,1.4693607268398288e-05,9.49885513787559e-05
1,back,0.6199999999999868,"(np.float64(0.0), np.float64(0.0))",-0.007851438396914347,-0.022361250348354296,2.339270159272695,-2.9982824234498247,-0.0018670102251853017,-0.004238815535408054,0.05066451773511407,0.19494248680665277,1.465871576945158e-05,9.478521536775295e-05
1,back,0.6299999999999866,"(np.float64(0.0), np.float64(0.0))",-0.007840801912058196,-0.02233715900867175,2.3392515006963777,-2.998324784571904,-0.0018650300370949937,-0.0042342136752210645,0.050668781976542066,0.19494002732411245,1.4623331080900396e-05,9.458030414010532e-05
1,back,0.6399999999999864,"(np.float64(0.0), np.float64(0.0))",-0.00783020082269489,-0.022313122893480176,2.3392328621984078,-2.9983670993480094,-0.0018629971459532939,-0.0042295487981474835,0.05067304449429423,0.1949375718105679,1.4587641784921715e-05,9.437444211703618e-05
1,back,0.6499999999999861,"(np.float64(0.0), np.float64(0.0))",-0.007819627591255459,-0.022289133490939084,2.339214244210964,-2.998409367259711,-0.0018609295771908566,-0.004224842280421125,0.05067730416581087,0.1949351198145881,1.4551776267184977e-05,9.416807356646996e-05
1,back,0.6599999999999859,"(np.float64(0.0), np.float64(0.0))",-0.007809077069417949,-0.022265184699235906,2.3391956470162767,-2.998451587969226,-0.0018588395912410888,-0.0042201091257488945,0.050681560255440045,0.19493267104161258,1.451582162768702e-05,9.39615091357301e-05
1,back,0.6699999999999857,"(np.float64(0.0), np.float64(0.0))",-0.007798545748390479,-0.022241272219928717,2.339177070794795,-2.9984937612647333,-0.0018567354867590313,-0.004215359724008264,0.05068581228425928,0.19493022529995815,1.4479836636150371e-05,9.375496312659139e-05
1,back,0.6799999999999855,"(np.float64(0.0), np.float64(0.0))",-0.007788031246846202,-0.02221739306314648,2.3391585156582524,-2.9985358870211916,-0.001854622849030676,-0.004210601193356812,0.050690059942752885,0.19492778246510759,1.4443860699365832e-05,9.354858174496191e-05
1,back,0.6899999999999853,"(np.float64(0.0), np.float64(0.0))",-0.007777531956239024,-0.02219354516846698,2.3391399816722562,-2.9985779651727595,-0.0018525054153307717,-0.004205838367636834,0.05069430303259653,0.19492534245619164,1.4407920066840921e-05,9.334246378341951e-05
1,back,0.6999999999999851,"(np.float64(0.0), np.float64(0.0))",-0.007767046794751298,-0.02216972712524218,2.3391214688716326,-2.998619995693657,-0.001850385672190756,-0.0042010745049802945,0.050698541428074784,0.19492290522057312,1.4372032104242937e-05,9.3136675408225e-05
1,back,0.7099999999999849,"(np.float64(0.0), np.float64(0.0))",-0.007756575037319147,-0.022145937971500666,2.339102977270778,-2.9986619785850217,-0.0018482652649484106,-0.004196311787172932,0.05070277505065139,0.1949204707237901,1.43362082164429e-05,9.293126054780885e-05
1,back,0.7199999999999847,"(np.float64(0.0), np.float64(0.0))",-0.007746116198979126,-0.022122177052024055,2.339084506870605,-2.998703913865968,-0.0018461452766006978,-0.004191551666705264,0.050707003852297095,0.19491803894302412,1.4300455832745465e-05,9.272624809356036e-05
1,back,0.7299999999999844,"(np.float64(0.0), np.float64(0.0))",-0.0077356699553797065,-0.0220984439195965,2.3390660576631714,-2.9987458015675474,-0.0018440264163413769,-0.004186795105295089,0.05071122780461537,0.19491560986288112,1.4264779745818499e-05,9.252165683720464e-05
1,back,0.7399999999999842,"(np.float64(0.0), np.float64(0.0))",-0.007725236088997243,-0.022074738267071965,2.3390476296347487,-2.9987876417286956,-0.0018419091461964964,-0.0041820427363463645,0.05071544689178352,0.1949131834726756,1.4229183008851272e-05,9.231749882655545e-05
1,back,0.749999999999984,"(np.float64(0.0), np.float64(0.0))",-0.007714814452987038,-0.022051059881067682,2.33902922276785,-2.998829434393529,-0.001839793765562191,-0.0041772949747484744,0.05071966110599237,0.19491075976469452,1.4193667533074638e-05,9.211378162906172e-05
1,back,0.7599999999999838,"(np.float64(0.0), np.float64(0.0))",-0.007704404947038115,-0.022027408610647076,2.3390108370425584,-2.998871179609547,-0.0018376804673231888,-0.004172552090614877,0.050723870444515165,0.19490833873308994,1.4158234483520092e-05,9.19105098491836e-05
1,back,0.7699999999999836,"(np.float64(0.0), np.float64(0.0))",-0.007694007501334882,-0.022003784346276246,2.338992472437396,-2.9989128774264455,-0.0018355693749094633,-0.004167814258523578,0.05072807490783156,0.19490592037317825,1.412288453977399e-05,9.170768613988805e-05
1,back,0.7799999999999834,"(np.float64(0.0), np.float64(0.0))",-0.0076836220659615845,-0.021980187005764568,2.3389741289298898,-2.9989545278953336,-0.0018334605666439799,-0.004163081590234249,0.05073227449843175,0.1949035046809988,1.4087618066936114e-05,9.150531187360454e-05
1,back,0.7899999999999832,"(np.float64(0.0), np.float64(0.0))",-0.007673248603937455,-0.02195661652491854,2.338955806496938,-2.99899613106822,-0.001831354091677033,-0.004158354156340577,0.050736469220060615,0.19490109165303576,1.405243522727594e-05,9.130338758557121e-05
1,back,0.799999999999983,"(np.float64(0.0), np.float64(0.0))",-0.007662887086656492,-0.021933072851354884,2.338937505115048,-2.999037686997677,-0.0018292499803592738,-0.004153632000533077,0.05074065907723818,0.19489868128604687,1.4017336052761722e-05,9.110191326541091e-05
1,back,0.8099999999999827,"(np.float64(0.0), np.float64(0.0))",-0.007652537490917843,-0.02190955594042288,2.3389192247604873,-2.9990791957366207,-0.001827148250971785,-0.0041489151489727365,0.05074484407496144,0.19489627357695588,1.398232049202655e-05,9.090088854848609e-05
1,back,0.8199999999999825,"(np.float64(0.0), np.float64(0.0))",-0.007642199796997638,-0.02188606575252469,2.338900965409381,-2.999120657338169,-0.0018250489140764514,-0.0041442036164267984,0.05074902421851643,0.1948938685227874,1.3947388440665816e-05,9.070031284096752e-05
1,back,0.8299999999999823,"(np.float64(0.0), np.float64(0.0))",-0.007631873987402506,-0.02186260225135964,2.338882727037776,-2.9991620718555474,-0.0018229519753178546,-0.004139497410273023,0.05075319951336214,0.19489146612062633,1.3912539760712351e-05,9.050018540133239e-05
1,back,0.8399999999999821,"(np.float64(0.0), np.float64(0.0))",-0.007621560046067102,-0.021839165402778613,2.3388645096216787,-2.999203439342031,-0.0018208574372167996,-0.00413479653310747,0.050757369965059695,0.19488906636759423,1.3877774293075697e-05,9.030050539336961e-05
1,back,0.8499999999999819,"(np.float64(0.0), np.float64(0.0))",-0.007611257957838964,-0.021815755174038224,2.3388463131370805,-2.9992447598509027,-0.0018187653003196873,-0.0041301009844413785,0.05076153557922758,0.19488666926083462,1.3843091865499594e-05,9.010127192062737e-05
1,back,0.8599999999999817,"(np.float64(0.0), np.float64(0.0))",-0.007600967708149167,-0.021792371533314946,2.3388281375599744,-2.999286033435432,-0.0018166755639273172,-0.004125410761796004,0.05076569636151572,0.19488427479750467,1.3808492297595215e-05,8.990248404859437e-05
1,back,0.8699999999999815,"(np.float64(0.0), np.float64(0.0))",-0.007590689282803254,-0.021769014449391028,2.338809982866365,-2.9993272601488554,-0.0018145882265620263,-0.004120725861415438,0.0507698523175894,0.19488188297476997,1.3773975404065337e-05,8.970414081913196e-05
1,back,0.8799999999999812,"(np.float64(0.0), np.float64(0.0))",-0.007580422667847244,-0.02174568389145107,2.3387918490322734,-2.9993684400443685,-0.0018125032862578647,-0.0041160462787240195,0.05077400345311946,0.19487949378980177,1.3739540996696741e-05,8.950624125971604e-05
1,back,0.889999999999981,"(np.float64(0.0), np.float64(0.0))",-0.007570167849483496,-0.021722379828950627,2.338773736033742,-2.999409573175118,-0.001810420740747342,-0.004111372008624425,0.05077814977377694,0.19487710723977564,1.3705188885643624e-05,8.930878438945544e-05
1,back,0.8999999999999808,"(np.float64(0.0), np.float64(0.0))",-0.00755992481401789,-0.021699102231530813,2.3387556438468375,-2.9994506595941974,-0.0018083405875755243,-0.004106703045683838,0.05078229128522964,0.19487472332187034,1.3670918880207898e-05,8.911176922283256e-05
1,back,0.9099999999999806,"(np.float64(0.0), np.float64(0.0))",-0.007549693547826659,-0.021675851068965347,2.3387375724476516,-2.999491699354645,-0.001806262824175743,-0.004102039384260147,0.0507864279931404,0.1948723420332678,1.3636730789358765e-05,8.891519477225327e-05
1,back,0.9199999999999804,"(np.float64(0.0), np.float64(0.0))",-0.00753947403733501,-0.021652626311123784,2.3387195218123016,-2.9995326925094425,-0.0018041874479102177,-0.004097381018577435,0.050790559903166305,0.1948699633711526,1.3602624422004797e-05,8.871906004954895e-05
1,back,0.9299999999999802,"(np.float64(0.0), np.float64(0.0))",-0.007529266269004676,-0.0216294279279502,2.3387014919169316,-2.9995736391115124,-0.0018021144561025017,-0.004092727942778656,0.05079468702095759,0.19486758733271156,1.3568599587218274e-05,8.852336406703884e-05
1,back,0.93999999999998,"(np.float64(0.0), np.float64(0.0))",-0.007519070229324972,-0.021606255889447906,2.3386834827377125,-2.9996145392137192,-0.0018000438460505565,-0.004088080150955489,0.050798809352157956,0.19486521391513473,1.3534656094318363e-05,8.83281058381171e-05
1,back,0.9499999999999797,"(np.float64(0.0), np.float64(0.0))",-0.007508885904809148,-0.02158311016567077,2.3386654942508427,-2.999655392868868,-0.0017979756150416307,-0.004083437637172119,0.05080292690240408,0.1948628431156144,1.350079375297666e-05,8.813328437773221e-05
1,back,0.9599999999999795,"(np.float64(0.0), np.float64(0.0))",-0.007498713281989917,-0.02155999072671661,2.3386475264325477,-2.999696200129704,-0.0017959097603551747,-0.004078800395474107,0.05080703967732571,0.1948604749313457,1.3467012373230678e-05,8.79388987025498e-05
1,back,0.9699999999999793,"(np.float64(0.0), np.float64(0.0))",-0.0074885523474188575,-0.02153689754272429,2.33862957925908,-2.9997369610489137,-0.0017938462792692698,-0.0040741684199003545,0.05081114768254599,0.1948581093595264,1.3433311765530474e-05,8.774494783119684e-05
1,back,0.9799999999999791,"(np.float64(0.0), np.float64(0.0))",-0.00747840308766394,-0.021513830583870602,2.3386116527067187,-2.9997776756791232,-0.0017917851690597022,-0.004069541704486851,0.05081525092368058,0.1948557463973571,1.3399691740726531e-05,8.755143078432611e-05
1,back,0.9899999999999789,"(np.float64(0.0), np.float64(0.0))",-0.007468265489310083,-0.02149078982036896,2.3385937467517715,-2.9998183440728994,-0.0017897264270053145,-0.00406492024327086,0.0508193494063387,0.194853386042041,1.3366152110110032e-05,8.735834658469711e-05
1,back,0.9999999999999791,"(np.float64(0.0), np.float64(0.0))",-0.007458139538958067,-0.02146777522246807,2.3385758613705723,-2.999858966282749,-0.001787670050386364,-0.004060304030292058,0.05082344313612264,0.19485102829078405,1.3332692685397702e-05,8.716569425719108e-05
2,go,0.0,"(np.float64(0.0), np.float64(0.0))",-0.007448025223224246,-0.0214447867604519,2.159375862013011,-3.2264006653814206,-0.0017856160364850223,-0.004055693059594127,0.08014976664480888,0.18323759130743428,1.3299313278734152e-05,8.69734728288408e-05
2,go,0.009999999999999787,"(np.float64(0.0), np.float64(0.0))",0.0005356848109455066,0.001216707917878238,2.1593640434981514,-3.226426567584183,-0.000732185172573457,-0.0015605328957783234,0.08014976664480888,0.18323759130743428,0.0,0.0
2,go,0.019999999999999574,"(np.float64(0.0), np.float64(0.0))",0.017595622707761355,0.017852577237464355,2.1593707486684734,-3.2264250978934994,0.001678929393138307,0.0013669192618101273,0.08015206498010859,0.18323575886355262,2.9541808154632388e-05,2.4403031698843057e-05
2,go,0.02999999999999936,"(np.float64(0.0), np.float64(0.0))",0.0656741628086029,0.06577935734852612,2.159426145189399,-3.2263720508452782,0.008305088367986496,0.008121470604736792,0.0801514483774643,0.18323571830696472,0.0005454297256189793,0.000534225117104532
2,go,0.03999999999999915,"(np.float64(0.0), np.float64(0.0))",0.13909617918546102,0.1391642656985833,2.1598490275966085,-3.226172770786254,0.0759442263340683,0.03149832424428725,0.08014388356130114,0.18323862141333044,0.010563551714264773,0.004383441164192119
2,go,0.049999999999998934,"(np.float64(0.0), np.float64(0.0))",0.21603787530328358,0.2295188085232764,2.161302109893374,-3.2252962495665036,0.21403981908804104,0.14313142003229118,0.08009569448252654,0.18324364255797307,0.046240707746079586,0.03285135298805609
2,go,0.05999999999999872,"(np.float64(0.0), np.float64(0.0))",0.28888833412963616,0.31065395308562876,2.164462978934434,-3.222910729846073,0.41734739059603565,0.3332308463620685,0.07992000103639658,0.18327641131470346,0.12056679242263932,0.10351947971244639
2,go,0.06999999999999851,"(np.float64(0.0), np.float64(0.0))",0.3546532098879056,0.38084648198974086,2.169952280330437,-3.2182914761853527,0.6797165762217469,0.5899624021509744,0.07951153530459665,0.18338577603052014,0.24106366557105977,0.22468510536541533
2,go,0.0799999999999983,"(np.float64(0.0), np.float64(0.0))",0.41086941341620686,0.43927600311025344,2.1783173817405217,-3.2108295217074323,0.9925618539542287,0.9019653372731811,0.07877289182831537,0.1836111852772843,0.4078133067134767,0.3962117283013547
2,go,0.08999999999999808,"(np.float64(0.0), np.float64(0.0))",0.45607991069349746,0.4852810913299252,2.1900127411698085,-3.2000289035630907,1.3458595490104563,1.2579540820154334,0.07761769133824636,0.18398167671178625,0.6138195029186797,0.6104613297633837
2,go,0.09999999999999787,"(np.float64(0.0), np.float64(0.0))",0.48955261635031616,0.5184833268519036,2.205389128168598,-3.1855063469731775,1.728881311587269,1.646643001264827,0.07597292579798581,0.18451566746973258,0.8463783694467137,0.8537569414331908
2,go,0.10999999999999766,"(np.float64(0.0), np.float64(0.0))",0.5110730334936819,0.5388158952388207,2.2246890768611705,-3.166990981293845,2.1306989376901257,2.056806644861594,0.07378028781514084,0.18522036547765253,1.0889427695470582,1.1082401136842548
2,go,0.11999999999999744,"(np.float64(0.0), np.float64(0.0))",0.5208017515111875,0.5465115578160974,2.248046576500925,-3.144323268246794,2.5405234281705384,2.477375189576802,0.07099687100397502,0.18609135639820593,1.323109051146423,1.3539141741505678
2,go,0.12999999999999723,"(np.float64(0.0), np.float64(0.0))",0.5191791298966881,0.5420795918867817,2.275489597465862,-3.117452934509294,2.947932411057008,2.8975401298371724,0.06759549029776445,0.18711266844158753,1.5305049841668235,1.5706973710577068
2,go,0.13999999999999702,"(np.float64(0.0), np.float64(0.0))",0.5068617718237337,0.5262790589381189,2.3069445606623917,-3.0864357854086935,3.3430322009845943,3.306875663453812,0.0635647583181177,0.1882574550864343,1.6944552246548477,1.7403394121878397
2,go,0.1499999999999968,"(np.float64(0.0), np.float64(0.0))",0.48467744054441164,0.5000866930096385,2.3422422658323416,-3.051429195484898,3.716588372428018,3.695484481564272,0.05890897273498295,0.18948933151736053,1.8013465399055324,1.848062613453915
2,go,0.1599999999999966,"(np.float64(0.0), np.float64(0.0))",0.4535885463052152,0.464656673918024,2.3811250606682877,-3.012686028385917,4.060143575289343,4.054166868202943,0.05364781637324291,0.19076432631093676,1.8416346221059523,1.8837956924878314
2,go,0.16999999999999638,"(np.float64(0.0), np.float64(0.0))",0.41465871607153726,0.4212724651933214,2.4232551537226876,-2.9705468063984406,4.366128089802833,4.374600613842953,0.04781583982600009,0.192033350287491,1.8104530679215165,1.842898784829838
2,go,0.17999999999999616,"(np.float64(0.0), np.float64(0.0))",0.3690208551807398,0.3712943576047218,2.46822398696027,-2.9254301091156023,4.6279605310772505,4.649512970347698,0.04146168035052973,0.1932450343290164,1.7078139529208376,1.7263379315000704
2,go,0.18999999999999595,"(np.float64(0.0), np.float64(0.0))",0.31784752831802965,0.3161083377457599,2.515562542574379,-2.87782137054765,4.840133340224051,4.87282613499574,0.03464696917655377,0.19434874928021761,1.5384244189199037,1.5403409696575991
2,go,0.19999999999999574,"(np.float64(0.0), np.float64(0.0))",0.26232534395819374,0.2570819369632457,2.564752408565403,-2.8282604068416486,4.998278534403533,5.039762740861142,0.02744489205130679,0.19529759848635495,1.3111751357362633,1.2956319672557786
2,go,0.20999999999999552,"(np.float64(0.0), np.float64(0.0))",0.2036348058746994,0.1955313167449889,2.615237395201015,-2.7773281076343745,5.099211812516543,5.146905092895373,0.01993839372816257,0.1960511708464044,1.0383770075557803,1.0063811299753216
2,go,0.2199999999999953,"(np.float64(0.0), np.float64(0.0))",0.1429363274260373,0.13270172857696305,2.6664354907802563,-2.7256327500166417,5.140956186495172,5.1922094972906,0.012218052424872144,0.19657786082047143,0.734829396755786,0.689015175424187
2,go,0.2299999999999951,"(np.float64(0.0), np.float64(0.0))",0.08136218458006786,0.06976121938291921,2.7177509688633648,-2.673796349048729,5.122748622425978,5.174983487494028,0.004379688837566648,0.19685660053992013,0.41679801897511076,0.3610131583740553
2,go,0.23999999999999488,"(np.float64(0.0), np.float64(0.0))",0.020013475109157505,0.007805489899339865,2.7685864972807703,-2.622441360583439,5.045033582418015,5.095837743446645,-0.003478191688077392,0.19687790432781024,0.10096865402658667,0.03977551003514764
2,go,0.24999999999999467,"(np.float64(0.0), np.float64(0.0))",-0.0400389935056336,-0.05212944353235621,2.818355130558748,-2.572177929617946,4.909445537404753,4.956625228954873,-0.01125700382427039,0.19664419035125288,0.0,0.0
2,go,0.25999999999999446,"(np.float64(0.0), np.float64(0.0))",-0.09775043750050738,-0.10905042529618525,2.8664920741567865,-2.5235917627220785,4.718779610261652,4.760377718410315,-0.018860611146599426,0.19616940692218734,0.0,0.0
2,go,0.26999999999999424,"(np.float64(0.0), np.float64(0.0))",-0.15209413243661968,-0.16198917919055822,2.9124660985491806,-2.4772326170094305,4.476949801595721,4.5112467889556855,-0.02619767436559614,0.19547803994976565,0.0,0.0
2,go,0.27999999999999403,"(np.float64(0.0), np.float64(0.0))",-0.20204951351590877,-0.20998529682539024,2.955790466407721,-2.4336033534798607,4.1889323813707495,4.214450768011198,-0.03318374708910937,0.19460360571638097,0.0,0.0
2,go,0.2899999999999938,"(np.float64(0.0), np.float64(0.0))",-0.24658553350829543,-0.2520706740045403,2.996033261295464,-2.393149486487828,3.86070313181537,3.8762295771879343,-0.039743087087797196,0.19358673798034895,0.0,0.0
2,go,0.2999999999999936,"(np.float64(0.0), np.float64(0.0))",-0.2846418169703071,-0.28725601834875975,3.0328270971730236,-2.3562491508191954,3.4991779993975607,3.503807542215562,-0.045810187365565525,0.19247296959018922,0.0,0.0
2,go,0.3099999999999934,"(np.float64(0.0), np.float64(0.0))",-0.31511046567126566,-0.3145194961579939,3.065878290147011,-2.3232034132867914,3.1121671862831346,3.105362536592221,-0.05133105767727389,0.1913103007318772,0.0,0.0
2,go,0.3199999999999932,"(np.float64(0.0), np.float64(0.0))",-0.3368215732098575,-0.33279707267896175,3.0949756863681466,-2.294226855864284,2.7083549826040083,2.6900032779286205,-0.05626430573222743,0.19014664153060873,0.0,0.0
2,go,0.32999999999999297,"(np.float64(0.0), np.float64(0.0))",-0.3485362555635029,-0.3409751352580863,3.11999943405565,-2.269438339943203,2.29731125569724,2.2677564933892143,-0.06058207971823498,0.18902722166271357,0.0,0.0
2,go,0.33999999999999275,"(np.float64(0.0), np.float64(0.0))",-0.3489491452046688,-0.3378859685496085,3.140930031432403,-2.24885183345596,1.8895370958590507,1.849567977200948,-0.06427094313111475,0.18799207243715563,0.0,0.0
2,go,0.34999999999999254,"(np.float64(0.0), np.float64(0.0))",-0.33670129771821816,-0.32230735962442775,3.1578579883854196,-2.232367136321498,1.4965428944830388,1.4473227257834569,-0.06733276030125021,0.18707369977307142,0.0,0.0
2,go,0.3599999999999923,"(np.float64(0.0), np.float64(0.0))",-0.3104031963691006,-0.2929679873717346,3.170994396164064,-2.219760294778046,1.1309512483531448,1.0738875465429378,-0.06978567369682082,0.18629507579293864,0.0,0.0
2,go,0.3699999999999921,"(np.float64(0.0), np.float64(0.0))",-0.2686657493392291,-0.2485597406675602,3.180682583968023,-2.2106734878054777,0.8066086323725823,0.7431736973998858,-0.0716652477456926,0.1856680751621117,0.0,0.0
2,go,0.3799999999999919,"(np.float64(0.0), np.float64(0.0))",-0.21013456962888144,-0.1877563625096314,3.1874108366604608,-2.204604231994989,0.538681013534482,0.4702092302551099,-0.07302583436035694,0.18519246044263288,0.0,0.0
2,go,0.3899999999999917,"(np.float64(0.0), np.float64(0.0))",-0.13821040682777322,-0.11392574708735109,3.19180285545601,-2.2009164928826483,0.33913094550696365,0.26671065614637524,-0.07394218121958274,0.18485546849637655,0.0,0.0
2,go,0.3999999999999915,"(np.float64(0.0), np.float64(0.0))",-0.08098059769684732,-0.05508881832213497,3.194459994841499,-2.198983482893703,0.19010745038979152,0.12593706117579637,-0.07450802767853298,0.18463294066310945,0.0,0.0
2,go,0.40999999999999126,"(np.float64(0.0), np.float64(0.0))",-0.03786783279298911,-0.014016545824328552,3.1957987446430556,-2.1981455234734217,0.08296605576393687,0.05351068801658136,-0.07481518599948433,0.18449792857167593,0.0,0.0
2,go,0.41999999999999105,"(np.float64(0.0), np.float64(0.0))",-0.006528664286166597,0.0072085904712672275,3.1963451627637753,-2.197779225856441,0.034347330389214,0.024280139729073273,-0.07494964147081626,0.184437011595511,0.0,0.00017502558389203443
2,go,0.42999999999999083,"(np.float64(0.0), np.float64(0.0))",0.007729102453818406,0.015757976387331098,3.1965781330768963,-2.1976053648665097,0.015346403665982975,0.012321476042665138,-0.0749983476779317,0.18442699770096074,0.0001186139262320368,0.00019416152853738306
2,go,0.4399999999999906,"(np.float64(0.0), np.float64(0.0))",0.013289598282915129,0.019241258899294875,3.1966881797610944,-2.1975104941097188,0.007871201433506721,0.007399235084346957,-0.07501293222760745,0.18443636240025826,0.00010460510505521002,0.00014237059791466576
2,go,0.4499999999999904,"(np.float64(0.0), np.float64(0.0))",0.015466130942139136,0.020661008732715768,3.1967497988555036,-2.197448160529024,0.0049288664596367285,0.005375839952608201,-0.07501514613989382,0.18445097726688198,7.623049406105938e-05,0.00011107027620652036
2,go,0.4599999999999902,"(np.float64(0.0), np.float64(0.0))",0.016311859977654636,0.021230627123820487,3.1967924304145647,-2.197399132445409,0.0037872380852537204,0.004558631479776906,-0.07501386421165945,0.1844651063246765,6.177689734869954e-05,9.678260514205351e-05
2,go,0.46999999999999,"(np.float64(0.0), np.float64(0.0))",0.016628769554532852,0.021446372815501036,3.1968278111002135,-2.1973553830185977,0.003365134802509502,0.004245548389635523,-0.07501252664346572,0.18447676311416533,5.595805115086893e-05,9.105161357037347e-05
2,go,0.47999999999998977,"(np.float64(0.0), np.float64(0.0))",0.01673417212796684,0.02151404808645654,3.1968606283505894,-2.197313562923692,0.0032289299265876093,0.004141374157418152,-0.07501228807223,0.18448558458488223,5.403346918066039e-05,8.909772276670256e-05
2,go,0.48999999999998956,"(np.float64(0.0), np.float64(0.0))",0.016755343240517903,0.021520208299178323,3.1968927264477096,-2.197272300321768,0.0032027837784347635,0.004120710361300412,-0.07501336989551252,0.18449185029497156,5.36637415328373e-05,8.867854531576724e-05
2,go,0.49999999999998934,"(np.float64(0.0), np.float64(0.0))",0.01674392822669161,0.021501649876859145,3.19692479349376,-2.1972310649513,0.0032151914903936173,0.004130266757593208,-0.07501564396182717,0.18449603676718576,5.383493555022036e-05,8.880754971979943e-05
2,go,0.5099999999999891,"(np.float64(0.0), np.float64(0.0))",0.016720965685473644,0.02147404173569053,3.196957049336793,-2.1971896822250967,0.003237542114096733,0.004147833761234103,-0.07501888098494655,0.18449862546689294,5.413483059508727e-05,8.907075530144735e-05
2,go,0.5199999999999889,"(np.float64(0.0), np.float64(0.0))",0.0166949069925429,0.021443941998876382,3.1969895299977207,-2.197148122773257,0.0032590349862120197,0.004164703091689993,-0.0750228509503355,0.1845000304338042,5.4409285980253e-05,8.930765154074135e-05
2,go,0.5299999999999887,"(np.float64(0.0), np.float64(0.0))",0.016668970734351793,0.021413945528635927,3.197022205837814,-2.1971064110938334,0.0032762342553344674,0.004177989242121903,-0.07502735836299095,0.1845005805981467,5.4611452921051076e-05,8.946723405002533e-05
2,go,0.5399999999999885,"(np.float64(0.0), np.float64(0.0))",0.016644205449559104,0.021384932675852078,3.197055029925637,-2.1970645866109444,0.0032886491208118053,0.004187229022343396,-0.0750322496391124,0.18450052519119414,5.4736951618303606e-05,8.954361074118743e-05
2,go,0.5499999999999883,"(np.float64(0.0), np.float64(0.0))",0.01662078653722216,0.02135706605205221,3.19708795674135,-2.197022688008865,0.0032968536253594133,0.004192872501640009,-0.07503740953258047,0.18450004717283336,5.479630035156581e-05,8.954745496535908e-05
2,go,0.5599999999999881,"(np.float64(0.0), np.float64(0.0))",0.016598569096430024,0.021330233847015604,3.197120948309464,-2.196980747841084,0.0033019096514969757,0.004195490526943024,-0.0750427541356051,0.1844992778292017,5.480697550054173e-05,8.949079404263342e-05
2,go,0.5699999999999878,"(np.float64(0.0), np.float64(0.0))",0.01657725734772043,0.021304284338756148,3.1971539927242767,-2.1969388032303216,0.0033084591795998456,0.004193228251379556,-0.07504822365631415,0.184498309754741,5.484517924465465e-05,8.93337269646953e-05
2,go,0.5799999999999876,"(np.float64(0.0), np.float64(0.0))",0.016555465840401837,0.021279796254967714,3.197187107096037,-2.196896899764894,0.003314962565029276,0.004187964566275726,-0.07505377566779489,0.18449720595340297,5.488074950755303e-05,8.911903269337168e-05
2,go,0.5899999999999874,"(np.float64(0.0), np.float64(0.0))",0.016533646201716868,0.021256233281242206,3.1972202769665508,-2.1968550538608285,0.0033193518034239284,0.004181952443745334,-0.07505938001827109,0.18449600750292466,5.488098833684207e-05,8.889255671531174e-05
2,go,0.5999999999999872,"(np.float64(0.0), np.float64(0.0))",0.016512427507890177,0.021232929375562072,3.197253480000325,-2.1968132685485324,0.0033216021508288805,0.004175920318563448,-0.07506501675260455,0.18449474424020476,5.4847714725613985e-05,8.866702120203235e-05
2,go,0.609999999999987,"(np.float64(0.0), np.float64(0.0))",0.016491830583404043,0.021209667825739017,3.197286696809618,-2.1967715427329164,0.003322161099781793,0.004170071815235832,-0.07507067275011228,0.18449343727964235,5.478851802837659e-05,8.844583801062853e-05
2,go,0.6199999999999868,"(np.float64(0.0), np.float64(0.0))",0.01647173281314242,0.021186386887367695,3.197319912768173,-2.196729874340288,0.003321484904734375,0.004164436392029114,-0.07507633934636185,0.1844921011616517,5.471061189367043e-05,8.822936056936245e-05
2,go,0.6299999999999866,"(np.float64(0.0), np.float64(0.0))",0.016452006096523787,0.02116307647875272,3.1973531173785217,-2.1966882613287764,0.0033199324442725834,0.004158991095795729,-0.07508201080738802,0.18449074576928975,5.461954881321966e-05,8.80170466347766e-05
2,go,0.6399999999999864,"(np.float64(0.0), np.float64(0.0))",0.016432549068453026,0.021139742260715695,3.1973863032353647,-2.19664670196336,0.0033177635902309336,0.004153701796537486,-0.07508768333411373,0.18448937777979238,5.451931299399669e-05,8.780818540667421e-05
2,go,0.6499999999999861,"(np.float64(0.0), np.float64(0.0))",0.016413288210559734,0.02111639343124347,3.197419465133001,-2.1966051948473466,0.0033151610529976775,0.004148536266832036,-0.0750933544075093,0.18448800169439927,5.4412693827273575e-05,8.76021239742073e-05
2,go,0.6599999999999859,"(np.float64(0.0), np.float64(0.0))",0.016394171833147897,0.021093038820546958,3.197452599403743,-2.196563738881345,0.0033122522840431296,0.0041434675719720345,-0.07509902235631064,0.1844866205471138,5.4301633099339664e-05,8.739832234728357e-05
2,go,0.6699999999999857,"(np.float64(0.0), np.float64(0.0))",0.016375163901389173,0.02106968584940387,3.197485703452665,-2.1965223332077524,0.003309126331940189,0.00413847426445905,-0.07510468607118964,0.1844852363852751,5.418748605592335e-05,8.719635264799494e-05
2,go,0.6799999999999855,"(np.float64(0.0), np.float64(0.0))",0.0163562392576668,0.0210463404375023,3.1975187754360426,-2.1964809771591405,0.0033058457610521314,0.004133539646414699,-0.07511034481560613,0.1844838505930566,5.407120421671225e-05,8.699588261035663e-05
2,go,0.6899999999999853,"(np.float64(0.0), np.float64(0.0))",0.016337380238906626,0.021023007193748472,3.1975518140395582,-2.196439670215219,0.003302454829777581,0.004128650868942379,-0.07511599810056392,0.18448246410854044,5.3953460275889996e-05,8.679665691825151e-05
2,go,0.6999999999999851,"(np.float64(0.0), np.float64(0.0))",0.016318574356179588,0.02099968966063736,3.1975848183245907,-2.196398411968528,0.0032989850611947935,0.0041237981111153935,-0.07512164560163212,0.1844810775692473,5.3834733021032904e-05,8.65984805565458e-05
2,go,0.7099999999999849,"(np.float64(0.0), np.float64(0.0))",0.016299812715734927,0.020976390539970795,3.197617787620906,-2.196357202097663,0.0032954590487698915,0.004118973898205257,-0.07512728710392652,0.18447969140974396,5.37153653073232e-05,8.640120511269938e-05
2,go,0.7199999999999847,"(np.float64(0.0), np.float64(0.0))",0.016281088941673252,0.02095311188132478,3.197650721451139,-2.1963160403466224,0.0032918930755826176,0.0041141725577414955,-0.07513292246559913,0.18447830592719422,5.359560395003891e-05,8.62047179014337e-05
2,go,0.7299999999999844,"(np.float64(0.0), np.float64(0.0))",0.016262398435489527,0.0209298552328396,3.197683619477244,-2.196274926508987,0.0032882989330269285,0.004109389794141134,-0.0751385515935805,0.184476921325461,5.3475627423879004e-05,8.600893348668245e-05
2,go,0.7399999999999842,"(np.float64(0.0), np.float64(0.0))",0.016243737862593196,0.02090662175933854,3.1977164814622636,-2.1962338604158558,0.00328468519490424,0.00410462235977001,-0.07514417442744332,0.1844755377448481,5.335556526716532e-05,8.58137871406352e-05
2,go,0.749999999999984,"(np.float64(0.0), np.float64(0.0))",0.016225104793018367,0.020883412333771056,3.1977493072428667,-2.196192841926675,0.0032810581173179027,0.0040998678023736945,-0.07514979092865211,0.18447415528220898,5.323551178546652e-05,8.561922983092165e-05
2,go,0.7599999999999838,"(np.float64(0.0), np.float64(0.0))",0.01620649744793244,0.020860227607481466,3.197782096709524,-2.1961518709222863,0.003277422278895336,0.00409512427207151,-0.07515540107338814,0.1844727740045833,5.311553579871419e-05,8.542522439633355e-05
2,go,0.7699999999999836,"(np.float64(0.0), np.float64(0.0))",0.016187914519464764,0.020837068063938893,3.197814849792132,-2.196110947299666,0.0032737810391758816,0.004090390374377582,-0.07516100484775182,0.18447139395847384,5.29956876176237e-05,8.523174263898617e-05
2,go,0.7799999999999834,"(np.float64(0.0), np.float64(0.0))",0.016169355041815884,0.020813934059674816,3.197847566449543,-2.1960700709679495,0.0032701368685835322,0.004085665058597051,-0.07516660224454774,0.18447001517617878,5.2876004063459143e-05,8.503876311955647e-05
2,go,0.7899999999999832,"(np.float64(0.0), np.float64(0.0))",0.016150818298546855,0.02079082585537917,3.1978802466619247,-2.1960292418454332,0.0032664915870924574,0.004080947533254255,-0.0751721932611255,0.18446863768013155,5.275651209686222e-05,8.48462694888284e-05
2,go,0.799999999999983,"(np.float64(0.0), np.float64(0.0))",0.01613230375556524,0.020767743639472265,3.197912890425156,-2.1959884598573147,0.0032628465375496817,0.004076237202125586,-0.07517777789792489,0.18446726148588422,5.2637231451545766e-05,8.465424922742386e-05
2,go,0.8099999999999827,"(np.float64(0.0), np.float64(0.0))",0.016113811012489352,0.020744687545939753,3.1979454977467174,-2.1959477249339896,0.0032592027119946964,0.004071533615928487,-0.07518335615749386,0.184465886604169,5.25181765524753e-05,8.446269269522673e-05
2,go,0.8199999999999825,"(np.float64(0.0), np.float64(0.0))",0.016095339767218938,0.020721657667803806,3.197978068642664,-2.1959070370097726,0.0032555608440033826,0.00406683643588168,-0.07518892804382324,0.18446451304232672,5.2399357917088495e-05,8.427159241529151e-05
2,go,0.8299999999999823,"(np.float64(0.0), np.float64(0.0))",0.0160768897900484,0.02069865406728767,3.198010603135393,-2.195866396021935,0.003251921476378146,0.00406214540625083,-0.07519449356189448,0.18446314080530263,5.2280783181622935e-05,8.408094253500766e-05
2,go,0.8399999999999821,"(np.float64(0.0), np.float64(0.0))",0.01605846090469844,0.020675676783474282,3.198043101251996,-2.1958258019099812,0.0032482850108900316,0.0040574603336726,-0.07520005271737057,0.18446176989634183,5.216245785469552e-05,8.389073842078239e-05
2,go,0.8499999999999819,"(np.float64(0.0), np.float64(0.0))",0.016040052974383278,0.020652725838075547,3.1980755630230373,-2.195785254615106,0.0032446517449009004,0.004052781071612355,-0.07520560551638564,0.18446040031747826,5.204438587163558e-05,8.370097635375199e-05
2,go,0.8599999999999817,"(np.float64(0.0), np.float64(0.0))",0.016021665891555154,0.02062980123976861,3.198107988481654,-2.195744754079788,0.003241021898378395,0.004048107508677585,-0.07521115196539918,0.18445903206987996,5.192657000303246e-05,8.351165330123346e-05
2,go,0.8699999999999815,"(np.float64(0.0), np.float64(0.0))",0.016003299570341818,0.020606902987458035,3.198140377662883,-2.1957043002474803,0.0032373956338603146,0.004043439559839222,-0.07521669207109646,0.18445766515409295,5.180901215638325e-05,8.332276674525687e-05
2,go,0.8799999999999812,"(np.float64(0.0), np.float64(0.0))",0.01598495394095981,0.020584031072725013,3.1981727306031655,-2.1956638930623855,0.003233773071227873,0.004038777159838089,-0.0752222258403186,0.18445629957021514,5.16917135990937e-05,8.313431455391931e-05
2,go,0.889999999999981,"(np.float64(0.0), np.float64(0.0))",0.01596662894558012,0.02056118548166848,3.1982050473399757,-2.1956235324692814,0.0032301542986479847,0.0040341202582369175,-0.07522775328001469,0.18445493531802065,5.157467512348297e-05,8.29462948849656e-05
2,go,0.8999999999999808,"(np.float64(0.0), np.float64(0.0))",0.015948324535268003,0.02053836619628638,3.198237327911547,-2.1955832184133923,0.003226539380697845,0.00402946881570973,-0.07523327439720762,0.18445357239704863,5.145789716919187e-05,8.275870611356283e-05
2,go,0.9099999999999806,"(np.float64(0.0), np.float64(0.0))",0.01593004066771024,0.020515573195511068,3.1982695723566676,-2.195542950840293,0.003222928364388307,0.0040248228012627505,-0.07523878919897106,0.1844522108066674,5.1341379913822585e-05,8.257154677826785e-05
2,go,0.9199999999999804,"(np.float64(0.0), np.float64(0.0))",0.015911777305530728,0.020492806455985467,3.1983017807145275,-2.1955027296958343,0.0032193212836488815,0.004020182190137865,-0.07524429769241185,0.18445085054612106,5.122512334037632e-05,8.238481554029503e-05
2,go,0.9299999999999802,"(np.float64(0.0), np.float64(0.0))",0.015893534415036624,0.020470065952647793,3.1983339530246053,-2.1954625549260918,0.003215718162657293,0.004015546962258376,-0.07524979988465885,0.18444949161456217,5.110912728725202e-05,8.219851115338346e-05
2,go,0.93999999999998,"(np.float64(0.0), np.float64(0.0))",0.015875311965287422,0.020447351659166144,3.1983660893265835,-2.195422426477323,0.003212119018325308,0.0040109171010495005,-0.07525529578285475,0.18444813401107696,5.0993391485547055e-05,8.201263244092236e-05
2,go,0.9499999999999797,"(np.float64(0.0), np.float64(0.0))",0.015857109927400113,0.02042466354826754,3.1983981896602858,-2.195382344295938,0.003208523862140055,0.0040062925925635285,-0.07526078539414903,0.1844467777347028,5.087791558664122e-05,8.182717827902657e-05
2,go,0.9599999999999795,"(np.float64(0.0), np.float64(0.0))",0.01583892827403433,0.020402001591982293,3.1984302540656295,-2.1953423083284753,0.0032049327015438328,0.00400167342482234,-0.07526626872569486,0.18444542278444126,5.0762699182859836e-05,8.164214758381862e-05
2,go,0.9699999999999793,"(np.float64(0.0), np.float64(0.0))",0.015820766979006938,0.020379365761827088,3.1984622825825912,-2.195302318521586,0.0032013455409612567,0.003997059587322075,-0.07527174578464504,0.18444406915926723,5.064774182283095e-05,8.145753930185421e-05
2,go,0.9799999999999791,"(np.float64(0.0), np.float64(0.0))",0.015802626017004686,0.020356756028943487,3.198494275251179,-2.19526237482202,0.003197762382566467,0.003992451070664708,-0.07527721657815079,0.18444271685813657,5.053304302294375e-05,8.127335240301567e-05
2,go,0.9899999999999789,"(np.float64(0.0), np.float64(0.0))",0.015784505363370522,0.02033417236420126,3.1985262321114147,-2.1952224771766184,0.0031941832268522503,0.003987847866282418,-0.07528268111335906,0.18444136587999074,5.04186022758375e-05,8.108958587519891e-05
2,go,0.9999999999999787,"(np.float64(0.0), np.float64(0.0))",0.01576640499394329,0.020311614738274936,3.1985581532033187,-2.195182625532303,0.0031906080730543553,0.003983249966231675,-0.07528813939741194,0.1844400162237609,5.0304419056719967e-05,8.090623872034442e-05
2,back,0.0,"(np.float64(0.0), np.float64(0.0))",0.015748324884940275,0.02028908312170078,3.1985900385668984,-2.195142819836073,0.003187036919475462,0.00397865736303554,-0.07529359143744599,0.18443866788837032,5.0190492828198815e-05,8.07233099513949e-05
2,back,0.009999999999999787,"(np.float64(0.0), np.float64(0.0))",0.015730265012870667,0.020266577484926503,3.198621888242141,-2.1951030600350014,0.0031834697637169976,0.003974070049572468,-0.07529903724059107,0.184437320872737,5.007682304372914e-05,8.054079859018614e-05
2,back,0.019999999999999574,"(np.float64(0.0), np.float64(0.0))",-0.0016566506926208244,0.0028752217512489874,3.198642697236737,-2.1950755219893314,0.001287154088929702,0.0018829844147852251,-0.0753044768139705,0.18443597517577484,0.0,5.413997746653324e-06
2,back,0.02999999999999936,"(np.float64(0.0), np.float64(0.0))",-0.04990613895969075,-0.045319872958465166,3.1986175840518705,-2.1950930713333596,-0.005229011427046962,-0.004361005294668395,-0.07530823099306089,0.18443506513499186,0.0002609597709000165,0.0001976402059255656
2,back,0.03999999999999915,"(np.float64(0.0), np.float64(0.0))",-0.12337932337584562,-0.11887924842108008,3.1983028221640653,-2.1951973223148054,-0.05787469483624644,-0.014671276927038185,-0.0753054393808752,0.1844363068614841,0.007140540689479632,0.0017441103744638327
2,back,0.049999999999998934,"(np.float64(0.0), np.float64(0.0))",-0.20488392817237544,-0.21321078329447446,3.197066047062142,-2.195816978426041,-0.18883504532775147,-0.10867130702452144,-0.07528079276830912,0.1844570462865623,0.038689265863358295,0.02316989449233254
2,back,0.05999999999999872,"(np.float64(0.0), np.float64(0.0))",-0.2800047439943738,-0.2997899666290919,3.194181718872629,-2.1977989886409497,-0.3872564879897138,-0.28694155955534156,-0.07516319422030565,0.18453231930712868,0.1084336537797201,0.08602220056359544
2,back,0.06999999999999851,"(np.float64(0.0), np.float64(0.0))",-0.3474013829173808,-0.3737733533762043,3.189007743034382,-2.201913451576363,-0.6468253865206331,-0.5351354033947708,-0.07483519078012577,0.18469268799290986,0.22470803378333734,0.20001935423719133
2,back,0.0799999999999983,"(np.float64(0.0), np.float64(0.0))",-0.40464686790877347,-0.43506706251674393,3.180976230812674,-2.2087938413837422,-0.9589401892126254,-0.8401834033815165,-0.07418914280542283,0.18496552878277517,0.3880321440767355,0.36553612528451696
2,back,0.08999999999999808,"(np.float64(0.0), np.float64(0.0))",-0.45027666121123705,-0.4835075700793787,3.1696117606171397,-2.218945803322297,-1.3136632142985596,-1.1895468274713406,-0.07313319721674286,0.18537509724257512,0.5915118860903772,0.5751548960463019
2,back,0.09999999999999787,"(np.float64(0.0), np.float64(0.0))",-0.4835203013993951,-0.5190865955205579,3.154541610250312,-2.2327514427279,-1.7003581040591382,-1.5710367660145041,-0.07159157600409671,0.18593869263804552,0.8221576629615786,0.8155041263080963
2,back,0.10999999999999766,"(np.float64(0.0), np.float64(0.0))",-0.5041225223668081,-0.54200900842993,3.135500654636083,-2.250472942321549,-2.108111175692434,-1.9728468942281456,-0.06950473569693545,0.186664191797188,1.0627463233197272,1.0693007889246644
2,back,0.11999999999999744,"(np.float64(0.0), np.float64(0.0))",-0.5122260025721882,-0.5526870452735544,3.1123327583907137,-2.2722568271123764,-2.526009163985952,-2.383644038992182,-0.0668293370881641,0.18754863840950414,1.2938875765292392,1.31740918089451
2,back,0.12999999999999723,"(np.float64(0.0), np.float64(0.0))",-0.5082950936503884,-0.5517167962833245,3.0849898094770527,-2.298139156689147,-2.9433351389968543,-2.7926614253498263,-0.0635380767610719,0.18857776847018043,1.496082810120885,1.5407582146980288
2,back,0.13999999999999702,"(np.float64(0.0), np.float64(0.0))",-0.4930626811708695,-0.5398533320019173,3.0535289698150403,-2.3280516180068282,-3.349732415776968,-3.1897859508679858,-0.05961943478656079,0.18972641793818035,1.6516280461279655,1.7220165739489863
2,back,0.1499999999999968,"(np.float64(0.0), np.float64(0.0))",-0.4674855779564998,-0.5179870811727323,3.0181083004722478,-2.3618284871936335,-3.7353682401817787,-3.5656454623773066,-0.05507735270933334,0.1909597492641696,1.7462307806417323,1.8469582855536184
2,back,0.1599999999999966,"(np.float64(0.0), np.float64(0.0))",-0.43269900932518174,-0.48711968650365356,2.978980699680305,-2.399214484655848,-4.091108269287356,-3.9117003433185054,-0.049930811212520354,0.19223518807718634,1.7702184951626978,1.9054662449335444
2,back,0.16999999999999638,"(np.float64(0.0), np.float64(0.0))",-0.3899668476446302,-0.4483380312702524,2.9364860672545388,-2.439873558863651,-4.408695727173514,-4.220337255642053,-0.04421324820960604,0.19350490957773617,1.7192451749502058,1.892137696491058
2,back,0.17999999999999616,"(np.float64(0.0), np.float64(0.0))",-0.34062938011921245,-0.402787062344396,2.891041719402438,-2.483398587968875,-4.68091985393257,-4.484958261080136,-0.03797175232615441,0.19471867584549696,1.5944588282327659,1.8064831627176985
2,back,0.18999999999999595,"(np.float64(0.0), np.float64(0.0))",-0.28605323884239964,-0.35164344871200093,2.843131241396527,-2.5293219145953403,-4.901757023879928,-4.700057634940804,-0.031265980917292074,0.19582680942737618,1.402163472699335,1.652744475895755
2,back,0.19999999999999574,"(np.float64(0.0), np.float64(0.0))",-0.22758859280731542,-0.296092432330591,2.7932921132693798,-2.5771265609959295,-5.066472167588447,-4.861280574587881,-0.024166778153610874,0.1967830955560803,1.1530712711188837,1.4393883895711788
2,back,0.20999999999999552,"(np.float64(0.0), np.float64(0.0))",-0.166537512583436,-0.23730970236107918,2.742102534887878,-2.6262579296419095,-5.1716750093586805,-4.965461222477654,-0.016754498665525752,0.19754743025761126,0.8612778919485127,1.1783521247916526
2,back,0.2199999999999953,"(np.float64(0.0), np.float64(0.0))",-0.10413540999007277,-0.1764491837731673,2.690167896326145,-2.6761357853758496,-5.2153329611172925,-5.010640800555731,-0.00911706880737495,0.1980880672321577,0.5431008361406895,0.8841234794385882
2,back,0.2299999999999951,"(np.float64(0.0), np.float64(0.0))",-0.041545268020613424,-0.11463662360454441,2.638107290775522,-2.7261663360647432,-5.196748693534393,-4.996069131165371,-0.001347836928706131,0.19838335511006228,0.215900317308659,0.5727324964916879
2,back,0.23999999999999488,"(np.float64(0.0), np.float64(0.0))",0.02013750687669358,-0.05296810216651239,2.586540368190763,-2.775754265565978,-5.116514116921112,-4.922193412536062,0.006456724119878521,0.198422892232767,0.0,0.2607192435585444
2,back,0.24999999999999467,"(np.float64(0.0), np.float64(0.0))",0.07987295101030192,0.007487603512172383,2.536074707138286,-2.8243146052336283,-4.9764529836201055,-4.790636592781987,0.01419939214764429,0.1982080556109181,0.0,0.0
2,back,0.25999999999999446,"(np.float64(0.0), np.float64(0.0))",0.13666068518355123,0.06568343891860556,2.4872937712318204,-2.8712843418908305,-4.779561888570039,-4.60416528206159,0.021784573627473283,0.19775188570115124,0.0,0.0
2,back,0.26999999999999424,"(np.float64(0.0), np.float64(0.0))",0.1895232251326302,0.12058519461702735,2.4407454376669566,-2.9161336528208155,-4.529955530261116,-4.3666461273879555,0.029120606839579385,0.19707833358688417,0.0,0.0
2,back,0.27999999999999403,"(np.float64(0.0), np.float64(0.0))",0.2374902268225037,0.17115894381656013,2.3969310446115126,-2.9583766543103067,-4.232818483880249,-4.082991535216786,0.03612191460634451,0.19622090579997756,0.0,0.0
2,back,0.2899999999999938,"(np.float64(0.0), np.float64(0.0))",0.27958437408626435,0.21635499240365802,2.356294892466151,-2.9975815781742403,-3.8943635550291047,-3.7590999507286837,0.04271094286969712,0.19522077424488427,0.0,0.0
2,back,0.2999999999999936,"(np.float64(0.0), np.float64(0.0))",0.3148089681141172,0.2550898527715669,2.319214136278219,-3.0333803632154956,-3.521796103208613,-3.4018000875893497,0.04881984523986631,0.1941244504205391,0.0,0.0
2,back,0.3099999999999934,"(np.float64(0.0), np.float64(0.0))",0.34213707318049497,0.28622905175428565,2.285989010467905,-3.0654777523369683,-3.1232840635318384,-3.018810136688664,0.054391907621530775,0.19298114931488902,0.0,0.0
2,back,0.3199999999999932,"(np.float64(0.0), np.float64(0.0))",0.3605021724521788,0.30857413564549074,2.2568333244786443,-3.0936600915354084,-2.707934434233123,-2.6187215211481827,0.05938274535877197,0.1918399859357188,0.0,0.0
2,back,0.32999999999999297,"(np.float64(0.0), np.float64(0.0))",0.36879060098082095,0.3208568602271123,2.23186515223917,-3.1178041085067885,-2.285778732451872,-2.2110134926625182,0.06376134081793679,0.19074715599988076,0.0,0.0
2,back,0.33999999999999275,"(np.float64(0.0), np.float64(0.0))",0.36583655289082556,0.32174262096493533,2.2110976035225622,-3.13788599510341,-1.8677720129161637,-1.8061012203498255,0.06751101506006854,0.1897432523202134,0.0,0.0
2,back,0.34999999999999254,"(np.float64(0.0), np.float64(0.0))",0.3504211082990311,0.30984411326805494,2.1944295136641934,-3.153991126192332,-1.4658110881961959,-1.4154159224681915,0.07063043745512716,0.1888608596485246,0.0,0.0
2,back,0.3599999999999923,"(np.float64(0.0), np.float64(0.0))",0.32127706968993913,0.2837449874487939,2.181635840095614,-3.1663247058644712,-1.092775484752813,-1.0515095132218966,0.07313476804720828,0.1881225521493078,0.0,0.0
2,back,0.3699999999999921,"(np.float64(0.0), np.float64(0.0))",0.27710079493998196,0.24203141462009892,2.172357546944801,-3.175223515685108,-0.7625885291004825,-0.728167472623622,0.07505699952924258,0.18753938870933426,0.0,0.0
2,back,0.3799999999999919,"(np.float64(0.0), np.float64(0.0))",0.2165703765362165,0.1833267807344444,2.1660908240968224,-3.1811687317063333,-0.49028804639344475,-0.460504710659831,0.07644952465142829,0.1871099620786345,0.0,0.0
2,back,0.3899999999999917,"(np.float64(0.0), np.float64(0.0))",0.14305743666775136,0.11101225299290148,2.1621984251289352,-3.184776883938963,-0.2875582057932171,-0.2605223533862556,0.07738591031725545,0.18682000744655217,0.0,0.0
2,back,0.3999999999999915,"(np.float64(0.0), np.float64(0.0))",0.0845739238684154,0.05318243715040678,2.160061988123448,-3.1866505428125573,-0.14164411426510443,-0.12076559988648272,0.07795967228415751,0.1866437592923242,0.0,0.0
2,back,0.40999999999999126,"(np.float64(0.0), np.float64(0.0))",0.04208155861327382,0.012379606424631404,2.159120100161587,-3.187451370028303,-0.05677373444173407,-0.05082782027237112,0.07826335618952344,0.1865534074560805,0.0,0.0
2,back,0.41999999999999105,"(np.float64(0.0), np.float64(0.0))",0.017185577443379323,-0.00812123113015472,2.1587527129843154,-3.1877977430025233,-0.022287788123527004,-0.02286863079624533,0.07838707820702256,0.18651278111372366,0.0,0.0001857214363264825
2,back,0.42999999999999083,"(np.float64(0.0), np.float64(0.0))",0.007060225854280284,-0.016301164188460244,2.158609117627101,-3.187961239380507,-0.008614904735820016,-0.011591746119646569,0.07842423734753376,0.18649014252512808,0.0,0.00018895895672730564
2,back,0.4399999999999906,"(np.float64(0.0), np.float64(0.0))",0.003044518052296708,-0.019586131764649628,2.1585545705986298,-3.18805076687507,-0.003157683886050343,-0.0070234528865034986,0.07842721224011269,0.18647496172661357,0.0,0.0001375622736778663
2,back,0.4499999999999904,"(np.float64(0.0), np.float64(0.0))",0.0014400800144486509,-0.02090290323785466,2.158535598738275,-3.188110357592615,-0.0009819239484044266,-0.005184265977273089,0.07841834943034001,0.18646341203554181,0.0,0.00010836621008224141
2,back,0.4599999999999902,"(np.float64(0.0), np.float64(0.0))",0.0007987351493677025,-0.021418904880096835,2.158530731423098,-3.188158008272911,-0.00013103615625782,-0.004465307057732566,0.07840701132549499,0.1864540456890739,0.0,9.56419871299989e-05
2,back,0.46999999999999,"(np.float64(0.0), np.float64(0.0))",0.0005463892008299963,-0.02160600214778153,2.1585312691649987,-3.1882011202790403,0.0001819981261458048,-0.004206622302058366,0.0783968169111496,0.1864462073884716,9.944181069736314e-08,9.088829049317875e-05
2,back,0.47999999999998977,"(np.float64(0.0), np.float64(0.0))",0.0004521562709684373,-0.02165774037080609,2.1585336845440275,-3.188242720490713,0.00027285938550153995,-0.00413095664699657,0.07838887439209002,0.18643951074007442,1.233750822471156e-07,8.946718654370736e-05
2,back,0.48999999999998956,"(np.float64(0.0), np.float64(0.0))",0.0004234486657444451,-0.021655479940320972,2.1585361370517564,-3.188283774766743,0.00018164929584438798,-0.004073735040040331,0.07838324542433334,0.1864336770582775,7.691915195872406e-08,8.821868744177603e-05
2,back,0.49999999999998934,"(np.float64(0.0), np.float64(0.0))",0.0004493401880042503,-0.02164801385678993,2.158537161693602,-3.188324204640976,3.021527120572443e-05,-0.00402008591535555,0.07837962884045824,0.1864285184616738,1.3576935644179626e-08,8.702687560110298e-05
2,back,0.5099999999999891,"(np.float64(0.0), np.float64(0.0))",0.0004941556102884937,-0.021639850669655618,2.158537038291099,-3.1883643399356263,-4.589950087836849e-05,-0.004013143845472761,0.07837765744353097,0.18642392939548658,0.0,8.684383353187804e-05
2,back,0.5199999999999889,"(np.float64(0.0), np.float64(0.0))",0.0005170640834154513,-0.021617852113830206,2.158536355199298,-3.1884045047659404,-8.702374039215092e-05,-0.0040221931588485926,0.07837692676800503,0.1864197525315186,0.0,8.695117688124843e-05
2,back,0.5299999999999887,"(np.float64(0.0), np.float64(0.0))",0.000529811210350127,-0.021591038421628992,2.1585353506962,-3.188444779833538,-0.00011215322028954497,-0.004033812051802741,0.0783770894666034,0.18641584870627045,0.0,8.709419099610306e-05
2,back,0.5399999999999885,"(np.float64(0.0), np.float64(0.0))",0.0005379527561781657,-0.021563387713184307,2.1585341414516965,-3.1884851638135046,-0.0001287561474327166,-0.004043525229949926,0.07837788735926884,0.18641213024132508,0.0,8.7192102261453e-05
2,back,0.5499999999999883,"(np.float64(0.0), np.float64(0.0))",0.0005436591810233022,-0.0215362433717601,2.158532794058457,-3.1885256304954583,-0.00014013687736824472,-0.0040502533538027295,0.07837913080641237,0.18640853869572852,0.0,8.722724194478315e-05
2,back,0.5599999999999881,"(np.float64(0.0), np.float64(0.0))",0.0005478818359477493,-0.021509944925431984,2.1585313512867907,-3.1885661501108893,-0.00014802099089987155,-0.0040541374023747275,0.07838068285812445,0.18640503435009056,0.0,8.720427224521427e-05
2,back,0.5699999999999878,"(np.float64(0.0), np.float64(0.0))",0.0005511127330069203,-0.021484467941601817,2.158529842468625,-3.1886066965740203,-0.00015346398865124044,-0.004055683968070509,0.07838244616128817,0.18640159006512352,0.0,8.71342121932793e-05
2,back,0.5799999999999876,"(np.float64(0.0), np.float64(0.0))",0.0005536509232319086,-0.021459676094014477,2.158528288252578,-3.188647249230136,-0.00015718119423843772,-0.004055438956773508,0.0783843524654706,0.18639818732817015,0.0,8.702840643140747e-05
2,back,0.5899999999999874,"(np.float64(0.0), np.float64(0.0))",0.0005556986145362515,-0.021435418003734098,2.15852670324205,-3.188687792575721,-0.00015968032846978538,-0.004053875399278598,0.07838635449609288,0.1863948135710373,0.0,8.689651371859122e-05
2,back,0.5999999999999872,"(np.float64(0.0), np.float64(0.0))",0.0005573993611222854,-0.0214115610636317,2.1585250977133095,-3.1887283153536243,-0.00016132613068645734,-0.004051367196737959,0.07838841984806133,0.1863914603113715,0.0,8.67460961241492e-05
2,back,0.609999999999987,"(np.float64(0.0), np.float64(0.0))",0.0005588564190316604,-0.021387999857651822,2.158523478835685,-3.1887688095763687,-0.0001623796389024716,-0.00404819538662454,0.0783905265102845,0.1863881218592707,0.0,8.658280235287242e-05
2,back,0.6199999999999868,"(np.float64(0.0), np.float64(0.0))",0.0005601437980711039,-0.021364654867039253,2.158521851563905,-3.1888092696746746,-0.0001630258710479017,-0.004044564570868819,0.07839265965126979,0.18638479442051084,0.0,8.641072614406704e-05
2,back,0.6299999999999866,"(np.float64(0.0), np.float64(0.0))",0.0005613140307827278,-0.021341468052782402,2.1585202192909745,-3.1888496918204003,-0.00016339450678789773,-0.004040620422767275,0.0783948093484403,0.18638147547897074,0.0,8.623277166590793e-05
2,back,0.6399999999999864,"(np.float64(0.0), np.float64(0.0))",0.0005624039852630844,-0.021318398009777417,2.158518584320801,-3.188890073415012,-0.0001635754570260989,-0.004036464948857513,0.078396969006015,0.18637816337459384,0.0,8.605096633226032e-05
2,back,0.6499999999999861,"(np.float64(0.0), np.float64(0.0))",0.0005634392524386265,-0.021295415695183312,2.158516948205708,-3.1889304127155818,-0.00016363044296880744,-0.004032168653520957,0.07839913426533668,0.18637485701717513,0.0,8.586670762981635e-05
2,back,0.6599999999999859,"(np.float64(0.0), np.float64(0.0))",0.0005644374172773496,-0.021272501003442468,2.1585153119842366,-3.1889707085675534,-0.0001636014589452362,-0.004027779754238559,0.07840130226175482,0.18637155569365996,0.0,8.5680948863685e-05
2,back,0.6699999999999857,"(np.float64(0.0), np.float64(0.0))",0.0005654104549529993,-0.02124964016204421,2.158513676346662,-3.1890109602170567,-0.00016351685189723293,-0.004023330936022581,0.07840347112216997,0.18636825893927,0.0,8.549433464330037e-05
2,back,0.6799999999999855,"(np.float64(0.0), np.float64(0.0))",0.0005663664553834274,-0.02122682381780704,2.158512041748953,-3.1890511671808595,-0.0001633956218098238,-0.004018844187960543,0.0784056396278496,0.18636496645184644,0.0,8.530729752905624e-05
2,back,0.6899999999999853,"(np.float64(0.0), np.float64(0.0))",0.0005673108449824511,-0.02120404566394397,2.1585104084905,-3.189091329157237,-0.00016325042325131183,-0.0040143342062332246,0.0784078069896671,0.18636167803524128,0.0,8.512012581930156e-05
2,back,0.6999999999999851,"(np.float64(0.0), np.float64(0.0))",0.0005682472404869198,-0.02118130147263569,2.1585087767666837,-3.1891314459654403,-0.00016308963637719063,-0.00400981075574859,0.07840997269918187,0.18635839356210468,0.0,8.493301046572805e-05
2,back,0.7099999999999849,"(np.float64(0.0), np.float64(0.0))",0.0005691780387143223,-0.021158588422859052,2.15850714670418,-3.1891715175049047,-0.00016291878177819932,-0.0040052802908538574,0.07841213643051237,0.18635511294954352,0.0,8.474607719236596e-05
2,back,0.7199999999999847,"(np.float64(0.0), np.float64(0.0))",0.0005701048198368111,-0.02113590463864884,2.1585055183845023,-3.189211543727948,-0.0001627414787975681,-0.0040007470572771976,0.07841429797600433,0.18635183614327228,0.0,8.455940828596581e-05
2,back,0.7299999999999844,"(np.float64(0.0), np.float64(0.0))",0.0005710286207492777,-0.02111324887489597,2.158503891859618,-3.1892515246216004,-0.00016256008971209543,-0.003996213835429627,0.07841645720425704,0.18634856310734121,0.0,8.437305726472828e-05
2,back,0.7399999999999842,"(np.float64(0.0), np.float64(0.0))",0.0005719501189541036,-0.021090620305258653,2.1585022671622487,-3.1892914601955815,-0.00016237614988829412,-0.003991682438376481,0.07841861403285351,0.18634529381750564,0.0,8.418705868696738e-05
2,back,0.749999999999984,"(np.float64(0.0), np.float64(0.0))",0.0005728697554286806,-0.021068018379985953,2.158500644312628,-3.1893313504743763,-0.00016219065328242405,-0.003987154043437094,0.07842076841072465,0.18634202825696417,0.0,8.400143467096801e-05
2,back,0.7599999999999838,"(np.float64(0.0), np.float64(0.0))",0.0005737878162194644,-0.021045442731190887,2.1584990233229204,-3.1893711954920394,-0.00016200424091898711,-0.003982629411836805,0.07842292030678413,0.18633876641363084,0.0,8.381619920636793e-05
2,back,0.7699999999999836,"(np.float64(0.0), np.float64(0.0))",0.0005747044863348443,-0.021022893110073125,2.158497404200097,-3.1894109952888003,-0.00016181732469113119,-0.003978109033484924,0.07842506970263663,0.18633550827839462,0.0,8.363136099116986e-05
2,back,0.7799999999999834,"(np.float64(0.0), np.float64(0.0))",0.00057561988516051,-0.021000369345522126,2.1584957869477943,-3.1894507499088536,-0.00016163016831173164,-0.003973593222004153,0.07842721658791627,0.1863322538440157,0.0,8.344692529095051e-05
2,back,0.7899999999999832,"(np.float64(0.0), np.float64(0.0))",0.0005765340896283363,-0.020977871316934415,2.1584941715675194,-3.1894904593989235,-0.0001614429400187817,-0.003969082176848868,0.07842936095731685,0.18632900310442557,0.0,8.326289515227348e-05
2,back,0.799999999999983,"(np.float64(0.0), np.float64(0.0))",0.0005774471493053779,-0.020955398936439044,2.1584925580594225,-3.189530123807338,-0.0001612557467480505,-0.003964576023758389,0.07843150280870793,0.18632575605428708,0.0,8.30792721916983e-05
2,back,0.8099999999999827,"(np.float64(0.0), np.float64(0.0))",0.0005783590961823041,-0.02093295213731741,2.1584909464227926,-3.1895697431834313,-0.00016106865621552527,-0.003960074841021487,0.07843364214194405,0.18632251268871772,0.0,8.289605710729764e-05
2,back,0.8199999999999825,"(np.float64(0.0), np.float64(0.0))",0.0005792699510005033,-0.020910530866482556,2.158489336656375,-3.1896093175771574,-0.00016088171112538,-0.003955578676460667,0.07843577895811463,0.18631927300311762,0.0,8.2713250008931e-05
2,back,0.8299999999999823,"(np.float64(0.0), np.float64(0.0))",0.0005801797273239588,-0.02088813507961518,2.1584877287585726,-3.1896488470388458,-0.00016069493828570948,-0.003951087558395135,0.07843791325907332,0.18631603699306193,0.0,8.253085063114451e-05
2,back,0.8399999999999821,"(np.float64(0.0), np.float64(0.0))",0.0005810884341535325,-0.020865764738021805,2.1584861227275733,-3.1896883316190427,-0.0001605083544336375,-0.003946601502686416,0.07844004504714411,0.18631280465423372,0.0,8.234885846977808e-05
2,back,0.8499999999999819,"(np.float64(0.0), np.float64(0.0))",0.0005819960775974918,-0.02084341980661623,2.158484518561432,-3.189727771368411,-0.00016032196994781518,-0.003942120517263003,0.07844217432493869,0.18630957598238415,0.0,8.216727286958789e-05
2,back,0.8599999999999817,"(np.float64(0.0), np.float64(0.0))",0.0005829026619364986,-0.020821100252622363,2.1584829162581207,-3.189767166337665,-0.00016013579120247083,-0.003937644605009497,0.07844430109524225,0.18630635097330633,0.0,8.198609308010032e-05
2,back,0.8699999999999815,"(np.float64(0.0), np.float64(0.0))",0.0005838081902997146,-0.020798806044745828,2.1584813158155614,-3.1898065165775327,-0.000159949822066191,-0.003933173765618337,0.07844642536094451,0.18630312962282108,0.0,8.180531829137837e-05
2,back,0.8799999999999812,"(np.float64(0.0), np.float64(0.0))",0.0005847126650944518,-0.020776537152642705,2.1584797172316454,-3.1898458221387265,-0.00015976406483493905,-0.003928707996758835,0.07844854712499655,0.18629991192676665,0.0,8.162494765654444e-05
2,back,0.889999999999981,"(np.float64(0.0), np.float64(0.0))",0.0005856160882746204,-0.020754293546584274,2.1584781205042467,-3.18988508307193,-0.0001595785208290666,-0.003924247294828796,0.07845066639038431,0.18629669788099396,0.0,8.144498030626608e-05
2,back,0.8999999999999808,"(np.float64(0.0), np.float64(0.0))",0.0005865184615121057,-0.02073207519724112,2.158476525631229,-3.1899242994277857,-0.00015939319076193828,-0.003919791655425072,0.07845278316011331,0.18629348748136296,0.0,8.126541535779083e-05
2,back,0.9099999999999806,"(np.float64(0.0), np.float64(0.0))",0.0005874197863025583,-0.02070988207554889,2.1584749326104515,-3.1899634712568896,-0.0001592080749717988,-0.003915341073645238,0.07845489743719869,0.1862902807237408,0.0,8.108625192074585e-05
2,back,0.9199999999999804,"(np.float64(0.0), np.float64(0.0))",0.0005883200640320241,-0.020687714152620468,2.15847334143977,-3.1900025986097873,-0.0001590231735680315,-0.003910895544274505,0.07845700922465959,0.18628707760400076,0.0,8.0907489100708e-05
2,back,0.9299999999999802,"(np.float64(0.0), np.float64(0.0))",0.0005892192960197558,-0.020665571399693078,2.1584717521170416,-3.190041681536971,-0.00015883848651587564,-0.003906455061904303,0.07845911852551579,0.18628387811802105,0.0,8.072912600147582e-05
2,back,0.93999999999998,"(np.float64(0.0), np.float64(0.0))",0.0005901174835412298,-0.02064345378809379,2.1584701646401223,-3.1900807200888783,-0.00015865401369755477,-0.003902019621009277,0.07846122534278563,0.18628068226168562,0.0,8.055116172654026e-05
2,back,0.9499999999999797,"(np.float64(0.0), np.float64(0.0))",0.0005910146278472844,-0.020621361289218026,2.1584685790068714,-3.190119714315891,-0.00015846975494101417,-0.0038975892159917097,0.07846332967948502,0.18627749003088254,0.0,8.037359537992507e-05
2,back,0.9599999999999795,"(np.float64(0.0), np.float64(0.0))",0.0005919107301708755,-0.020599293874515673,2.158466995215149,-3.190158664268335,-0.00015828571004303338,-0.003893163841212724,0.07846543153862699,0.1862743014215051,0.0,8.019642606677916e-05
2,back,0.9699999999999793,"(np.float64(0.0), np.float64(0.0))",0.0005928057917348104,-0.02057725151548309,2.158465413262818,-3.190197569996479,-0.00015810187878280874,-0.0038887434910092607,0.07846753092322062,0.1862711164294507,0.0,8.001965289369532e-05
2,back,0.9799999999999791,"(np.float64(0.0), np.float64(0.0))",0.0005936998137555549,-0.020555234183657716,2.158463833147742,-3.1902364315505354,-0.0001579182609277769,-0.0038843281597060924,0.07846962783627139,0.18626793505062197,0.0,7.984327496893494e-05
2,back,0.9899999999999789,"(np.float64(0.0), np.float64(0.0))",0.0005945927974444487,-0.020533241850614753,2.1584622548677896,-3.1902752489806603,-0.0001577348562387237,-0.0038799178416241246,0.07847172228078139,0.18626475728092545,0.0,7.966729140258333e-05
2,back,0.9999999999999787,"(np.float64(0.0), np.float64(0.0))",0.0005954847440092373,-0.0205112744879644,2.1584606784208296,-3.1903140223369526,-0.0001575516644735252,-0.003875512531081887,0.07847381425974836,0.18626158311627306,0.0,7.949170130656625e-05
3,go,0.0,"(np.float64(0.0), np.float64(0.0))",0.0005963756546557276,-0.02048933206735168,1.998746794246881,-3.4184134661858336,-0.00015736868538831022,-0.0038711122224006347,0.10449971296605157,0.17052803271318484,0.0,7.931650379475035e-05
3,go,0.009999999999999787,"(np.float64(0.0), np.float64(0.0))",4.721060561649307e-05,0.0011613336667201904,1.9987452488423,-3.4184379730999717,-0.00012083676652733193,-0.0014644472102388066,0.10449971296605157,0.17052803271318484,0.0,0.0
3,go,0.019999999999999574,"(np.float64(0.0), np.float64(0.0))",0.013532716175388225,0.013949576214236297,1.9987531852537925,-3.4184384307866154,0.0014556872242166413,0.0009661492280383815,0.10450065919266613,0.17052591376186002,1.9699402045462527e-05,1.3477372290846966e-05
3,go,0.02999999999999936,"(np.float64(0.0), np.float64(0.0))",0.05146929650229861,0.05163497126576813,1.9987973740848684,-3.4183975702758564,0.006545032329993087,0.006319220026440713,0.10449992214357827,0.1705257628375305,0.0003368682096095445,0.00032629274448733273
3,go,0.03999999999999915,"(np.float64(0.0), np.float64(0.0))",0.11021210930050593,0.11030066334837783,1.9990434289542836,-3.418284677088894,0.042837540529375946,0.014767418986614142,0.10449419599669581,0.17052868359347076,0.004721215698988434,0.0016288561101669694
3,go,0.049999999999998934,"(np.float64(0.0), np.float64(0.0))",0.17841579852678136,0.18693754235588753,1.9999793963081065,-3.4177858228439217,0.14383608644905993,0.0845114955023016,0.10446646956709828,0.1705349938940154,0.02566263022077618,0.015798371270020903
3,go,0.05999999999999872,"(np.float64(0.0), np.float64(0.0))",0.24289915817038593,0.26105951068600164,2.0022141762744505,-3.4162416136437757,0.30245072241483084,0.2236755344536211,0.10435840920940258,0.17056497113685784,0.07346502586258749,0.058392625576892225
3,go,0.06999999999999851,"(np.float64(0.0), np.float64(0.0))",0.3026910098158709,0.3271008838955407,2.0062954691490735,-3.4129941652955016,0.513098299524331,0.42517561686234473,0.10408501323362186,0.17066652215724432,0.15531024241782593,0.13907532008650472
3,go,0.0799999999999983,"(np.float64(0.0), np.float64(0.0))",0.356512872020815,0.38416730122652715,2.0127192287586366,-3.407466326094147,0.7709700933561434,0.6798890975558483,0.10356462500732336,0.17088709252294693,0.2748607622245545,0.26119115974136925
3,go,0.08999999999999808,"(np.float64(0.0), np.float64(0.0))",0.40299632417607323,0.4321357995682031,2.0219260902543508,-3.3991678574250774,1.069780645641648,0.9795095209012283,0.10272214740198826,0.1712660293169719,0.43111766786829053,0.4232811299993198
3,go,0.09999999999999787,"(np.float64(0.0), np.float64(0.0))",0.44136382091896026,0.47080537068911427,2.03428984477822,-3.3876898501219284,1.4024318523723642,1.3160494153079818,0.10149010474884827,0.17183320249949458,0.6189826809415219,0.6196031328192665
3,go,0.10999999999999766,"(np.float64(0.0), np.float64(0.0))",0.47123970449222863,0.5000460962920036,2.0501114382948207,-3.37270247326339,1.7614449429256056,1.6816584254570741,0.09980979775569884,0.17260871709800946,0.8300627943835929,0.8409067309463673
3,go,0.11999999999999744,"(np.float64(0.0), np.float64(0.0))",0.49252753529823734,0.5198556812140942,2.0696165448669603,-3.3539538867850975,2.1392388127813833,2.0685672710287184,0.09763190093378199,0.17360237578384238,1.053634019873542,1.0753564478178141
3,go,0.12999999999999723,"(np.float64(0.0), np.float64(0.0))",0.505331371709407,0.5303789369668125,2.0929554215868382,-3.331269466459168,2.528306176225063,2.46908049963769,0.09491677904010237,0.1748132576261849,1.2776324281331768,1.3095482906833242
3,go,0.13999999999999702,"(np.float64(0.0), np.float64(0.0))",0.5099063348896624,0.5319128144338492,2.1202042069206004,-3.3045509827496207,2.921325827000093,2.875594406530055,0.09163468660578766,0.1762296083551637,1.4896025454641293,1.5295655139476358
3,go,0.1499999999999968,"(np.float64(0.0), np.float64(0.0))",0.5066274751828034,0.524903858866318,2.1513671645755625,-3.273775496266213,3.3112398449007583,3.2806379697748307,0.0877659357893007,0.17782914293531601,1.6775650823467687,1.7220195298781715
3,go,0.1599999999999966,"(np.float64(0.0), np.float64(0.0))",0.49596858740527683,0.5099385901884913,2.1863796206304973,-3.2389937276001444,3.6913153979500444,3.6769388879897136,0.08330106292898108,0.1795798031512885,1.8307764835886309,1.8750130327507135
3,go,0.16999999999999638,"(np.float64(0.0), np.float64(0.0))",0.47848523150557104,0.48772603717242635,2.225111495665335,-3.200327653895557,4.0552020322696904,4.0575132031026016,0.07824098607040314,0.18144097073853394,1.940354283212425,1.97895483532403
3,go,0.17999999999999616,"(np.float64(0.0), np.float64(0.0))",0.45479874991631036,0.45907273214334304,2.267371407642196,-3.1579671253350337,4.396988412919796,4.41577180477507,0.07259711925622135,0.18336510070377213,1.9997448335924246,2.0271604269396324
3,go,0.18999999999999595,"(np.float64(0.0), np.float64(0.0))",0.42558010716468125,0.4248520531348071,2.312911338815641,-3.1121653798672266,4.71125822953768,4.745633681728633,0.06639139207465462,0.18529970697456538,2.0050177822071324,2.016192213108104
3,go,0.19999999999999574,"(np.float64(0.0), np.float64(0.0))",0.3915336416255492,0.3859708809183542,2.36143184730491,-3.063233441314988,4.993143142394114,5.0416349216783205,0.05965611482697927,0.18718960437488355,1.9549835176992056,1.945924271988919
3,go,0.20999999999999552,"(np.float64(0.0), np.float64(0.0))",0.3533813783521805,0.34333686147922726,2.4125877811226277,-3.0115334912730716,5.2383703362125615,5.299023573439083,0.05243363146400308,0.18897928955234,1.85114252972997,1.8193501226090143
3,go,0.2199999999999953,"(np.float64(0.0), np.float64(0.0))",0.3118486581041694,0.2978292941140033,2.4659944307537884,-2.957471393406403,5.443302733020214,5.5138327416475095,0.04477571414743975,0.19061533099374658,1.6974866529471118,1.642180913307557
3,go,0.2299999999999951,"(np.float64(0.0), np.float64(0.0))",0.2676517055356686,0.25027604118396407,2.5212340418259376,-2.90148861122763,5.604970888726714,5.682927179187617,0.03674267350586258,0.19204863582432466,1.5001800178454772,1.4223005167438287
3,go,0.23999999999999488,"(np.float64(0.0), np.float64(0.0))",0.22148747621058754,0.2014380246448269,2.57786260607243,-2.844053792191551,5.721096908584331,5.804021910746406,0.02840218487247867,0.19323646915131842,1.2671513154385379,1.16915070869605
3,go,0.24999999999999467,"(np.float64(0.0), np.float64(0.0))",0.1740257309775196,0.15200191302765553,2.6354168589837004,-2.78565428447917,5.790112298419382,5.875677043462918,0.019827859882129123,0.19414412047212098,1.007628525174359,0.8931141509390427
3,go,0.25999999999999446,"(np.float64(0.0), np.float64(0.0))",0.12590280560047526,0.10257991190550672,2.6934214100008504,-2.726787799806114,5.8111632081653015,5.897273909513808,0.011097620638637534,0.1947461412208943,0.7316417517102701,0.6049418381205696
3,go,0.26999999999999424,"(np.float64(0.0), np.float64(0.0))",0.07771908317374479,0.053715242393741924,2.751395873613348,-2.6679545221893006,5.784110420563308,5.868932133206333,0.0022919506934919176,0.1950271133590784,0.4495357588618837,0.31525111212759904
3,go,0.27999999999999403,"(np.float64(0.0), np.float64(0.0))",0.030038042443998575,0.005905609873050666,2.8088621530559568,-2.6096499067206853,5.70956413254064,5.791484724351187,-0.006507890363504298,0.19498193049848345,0.17150412974998766,0.03420224936775048
3,go,0.2899999999999938,"(np.float64(0.0), np.float64(0.0))",-0.016625223230416347,-0.040390321167226434,2.865351951663569,-2.552357624911561,5.58888071503759,5.666455319650165,-0.015221548223794928,0.19461565533430863,0.0,0.0
3,go,0.2999999999999936,"(np.float64(0.0), np.float64(0.0))",-0.06180421704953022,-0.08474700874785554,2.9204140169017956,-2.496542913830358,5.42411264122707,5.496000566140016,-0.023771107221345733,0.1939430856893571,0.0,0.0
3,go,0.3099999999999934,"(np.float64(0.0), np.float64(0.0))",-0.10506704006508717,-0.1267554153593104,2.973620752170509,-2.442646569420057,5.217933193074626,5.282841894416146,-0.032082463572001285,0.19298805141070613,0.0,0.0
3,go,0.3199999999999932,"(np.float64(0.0), np.float64(0.0))",-0.1459944466397165,-0.16600282034746366,3.024574034410021,-2.391079592681481,4.973554237477074,5.030205661015375,-0.04008652677038438,0.19178245492990775,0.0,0.0
3,go,0.32999999999999297,"(np.float64(0.0), np.float64(0.0))",-0.1841553442613102,-0.20205475132752976,3.0729102387650973,-2.3422183525102427,4.694651323279361,4.741781444107389,-0.047720247480497524,0.19036507758357768,0.0,0.0
3,go,0.33999999999999275,"(np.float64(0.0), np.float64(0.0))",-0.21908401385556406,-0.23444205159840292,3.118304593502512,-2.2964000657604906,4.385306122158541,4.4217013092207775,-0.05492747738004286,0.18878017924043233,0.0,0.0
3,go,0.34999999999999254,"(np.float64(0.0), np.float64(0.0))",-0.25026213141078624,-0.26265404823128397,3.160475069018374,-2.2539183910761498,4.049972241402244,4.074538139885643,-0.06165967104278108,0.18707592280344493,0.0,0.0
3,go,0.3599999999999923,"(np.float64(0.0), np.float64(0.0))",-0.277107521624856,-0.2861373713727951,3.1991861116820397,-2.215018917858255,3.6934856341368234,3.7053326525431554,-0.06787644357232853,0.18530266005021295,0.0,0.0
3,go,0.3699999999999921,"(np.float64(0.0), np.float64(0.0))",-0.29897619768917977,-0.30430344174653395,3.2342528699653728,-2.1798941180086544,3.321140229363695,3.3196637201206487,-0.0735460007980294,0.18351113273946035,0.0,0.0
3,go,0.3799999999999919,"(np.float64(0.0), np.float64(0.0))",-0.3151842623861041,-0.3165492730884085,3.2655453531452583,-2.148678268999899,2.938592247122134,2.923576303306244,-0.07864546234312,0.18175071053202466,0.0,0.0
3,go,0.3899999999999917,"(np.float64(0.0), np.float64(0.0))",-0.3249783742684509,-0.3222355740962186,3.29299196270055,-2.1214430058776657,2.551864162196924,2.5235528721940654,-0.0831611109015738,0.1800676196961597,0.0,0.0
3,go,0.3999999999999915,"(np.float64(0.0), np.float64(0.0))",-0.3275357320189473,-0.3206775201307932,3.3165835514488573,-2.098192818714938,2.1674278540922747,2.1265394559881825,-0.08708859449362683,0.17850308795749853,0.0,0.0
3,go,0.40999999999999126,"(np.float64(0.0), np.float64(0.0))",-0.32198813133363413,-0.3111519460637616,3.336378299152817,-2.078860287071117,1.7922856546660426,1.739972689826109,-0.09043312366572108,0.17709159074033998,0.0,0.0
3,go,0.41999999999999105,"(np.float64(0.0), np.float64(0.0))",-0.30744588098489845,-0.2929049960581883,3.352507416303818,-2.0633010132321483,1.4340551038708507,1.371813585348561,-0.09320972341872175,0.17585929666841926,0.0,0.0
3,go,0.42999999999999083,"(np.float64(0.0), np.float64(0.0))",-0.2830233282231591,-0.26516197120452206,3.3651817054502575,-2.051288176228398,1.1010545479624634,1.0305896220717279,-0.09544359449368138,0.17482278395760487,0.0,0.0
3,go,0.4399999999999906,"(np.float64(0.0), np.float64(0.0))",-0.24786515144538546,-0.22713990093060174,3.374698944178163,-2.042506639640916,0.8023794221680702,0.7254412653567346,-0.09717063294633135,0.17398809421027256,0.0,0.0
3,go,0.4499999999999904,"(np.float64(0.0), np.float64(0.0))",-0.20117035119302848,-0.17806171011781846,3.38145192929167,-2.0365466062339723,0.5479549179895997,0.4661650665332344,-0.09843814058057618,0.17335017192055402,0.0,0.0
3,go,0.4599999999999902,"(np.float64(0.0), np.float64(0.0))",-0.1422095532603911,-0.11716963276772688,3.3859368784846238,-2.0328968954819637,0.34827126559232,0.2636649450585724,-0.09930573295152861,0.17289270431740736,0.0,0.0
3,go,0.46999999999999,"(np.float64(0.0), np.float64(0.0))",-0.08499542705698154,-0.058609422776536635,3.3886828891719127,-2.030996257575845,0.19853038479028945,0.1230987786231047,-0.09984642039626668,0.17258832751519126,0.0,0.0
3,go,0.47999999999998977,"(np.float64(0.0), np.float64(0.0))",-0.04172076922874575,-0.0175799555895675,3.390095702554493,-2.0301787045415125,0.08859884630215872,0.05220021716126476,-0.10013903687871112,0.17240431928689537,0.0,0.0
3,go,0.48999999999998956,"(np.float64(0.0), np.float64(0.0))",-0.009588995711854623,0.0031990810283849154,3.3906778192203495,-2.0298222436942273,0.03644045685402843,0.02347453108912785,-0.10026816184424713,0.17231768107843515,0.0,7.509692705746079e-05
3,go,0.49999999999998934,"(np.float64(0.0), np.float64(0.0))",0.0057092511230704985,0.011602910341654837,3.3909236148372592,-2.029655864661286,0.016042873561160013,0.011589850958137986,-0.1003170313833601,0.17229621388324656,9.159279389633081e-05,0.00013447600154041747
3,go,0.5099999999999891,"(np.float64(0.0), np.float64(0.0))",0.01168104874078518,0.015068486961187112,3.391037368918772,-2.0295683925268952,0.008003708927293568,0.0066424533992098566,-0.10033314354646271,0.17230094905863158,9.349171408677363e-05,0.00010009172243628672
3,go,0.5199999999999889,"(np.float64(0.0), np.float64(0.0))",0.014024545682037554,0.01650022294823103,3.3910989726643352,-2.0295137930423417,0.004828147561984849,0.004585571718299285,-0.10033690277526834,0.17231382095251507,6.771257604267476e-05,7.566295569704106e-05
3,go,0.5299999999999887,"(np.float64(0.0), np.float64(0.0))",0.014940251844292126,0.01708452776177207,3.391140034248022,-2.0294727887705992,0.0035882144423489484,0.0037454361006611986,-0.10033674902154614,0.17232736332690454,5.3608827440019516e-05,6.398900704168958e-05
3,go,0.5399999999999885,"(np.float64(0.0), np.float64(0.0))",0.015287594829970965,0.017311965884018014,3.3911731865983046,-2.029437238878292,0.00312447426446853,0.0034199331079733074,-0.1003360450279589,0.17233882887806168,4.776569661186643e-05,5.9205765290857595e-05
3,go,0.5499999999999883,"(np.float64(0.0), np.float64(0.0))",0.015406825473165419,0.017388286846440032,3.3912034984698876,-2.0294037051447997,0.0029710758981882834,0.003310359011745084,-0.10033599698765279,0.17234752971040204,4.577484783091507e-05,5.756147206092127e-05
3,go,0.5599999999999881,"(np.float64(0.0), np.float64(0.0))",0.015434657860099706,0.017401038835213153,3.391232980174547,-2.029370761117842,0.0029384564024363524,0.003288295047407733,-0.1003369132618845,0.17235361866991156,4.535406920842455e-05,5.7219749821581035e-05
3,go,0.5699999999999878,"(np.float64(0.0), np.float64(0.0))",0.015426754686029689,0.017387891608339843,3.3912623927438736,-2.0293378470678354,0.0029490741441746873,0.0032984771023608387,-0.10033875145102185,0.17235753447619023,4.549464337309585e-05,5.735356232844115e-05
3,go,0.5799999999999876,"(np.float64(0.0), np.float64(0.0))",0.015405921821912132,0.017365088561849814,3.3912919874834215,-2.0293047743360533,0.0029715975980817125,0.003317556236157122,-0.1003413544562711,0.17235975864505546,4.578020028222873e-05,5.7609657849785554e-05
3,go,0.5899999999999874,"(np.float64(0.0), np.float64(0.0))",0.015381407942011292,0.017339521182641666,3.3913218130679086,-2.029271508002964,0.002993990858587215,0.0033362225173589194,-0.10034454862276346,0.17236071927927005,4.6051794770582595e-05,5.784850100975109e-05
3,go,0.5999999999999872,"(np.float64(0.0), np.float64(0.0))",0.015356794613167407,0.017313961498427677,3.391351844017542,-2.029238071334841,0.0030122686342971294,0.0033513023465225017,-0.1003481805737822,0.17236076258008914,4.62587907365873e-05,5.802431979728092e-05
3,go,0.609999999999987,"(np.float64(0.0), np.float64(0.0))",0.015333292710674469,0.017289375548804702,3.3913820338700646,-2.0292045044709544,0.0030257123732873327,0.003362214925507883,-0.10035212731743073,0.17236015374287808,4.6394133477924206e-05,5.8130596522902215e-05
3,go,0.6199999999999868,"(np.float64(0.0), np.float64(0.0))",0.015311145677463734,0.017265961656777084,3.3914123361396427,-2.0291708475078267,0.0030348182534373235,0.0033693790513821724,-0.10035629538918775,0.17235908885752133,4.6466544383004914e-05,5.8175569508312536e-05
3,go,0.6299999999999866,"(np.float64(0.0), np.float64(0.0))",0.015290232551671931,0.017243618241138223,3.3914427114860723,-2.029137134500098,0.0030404272470739764,0.003373509321257589,-0.10036061616445177,0.17235770932934513,4.648883966420079e-05,5.817150686868718e-05
3,go,0.6399999999999864,"(np.float64(0.0), np.float64(0.0))",0.01527032464572312,0.017222151355538444,3.391473129133785,-2.0291033921937958,0.003043374631645666,0.003375321881309362,-0.10036504045610761,0.17235611522792316,4.647331864378734e-05,5.81303043135706e-05
3,go,0.6499999999999861,"(np.float64(0.0), np.float64(0.0))",0.01525118984172405,0.017201362203741487,3.3915035660823833,-2.029069640645478,0.003044367754986317,0.003375427580704002,-0.10036953363726228,0.17235437633245895,4.643023057931957e-05,5.806195240818839e-05
3,go,0.6599999999999859,"(np.float64(0.0), np.float64(0.0))",0.01523262973556282,0.01718107956493231,3.3915340056523484,-2.0290358944385543,0.003043961344551035,0.0033743081309529927,-0.10037407167181395,0.17235254072143041,4.6367536090911875e-05,5.7974256474501404e-05
3,go,0.6699999999999857,"(np.float64(0.0), np.float64(0.0))",0.015214487916714366,0.017161167675703495,3.3915644360072528,-2.0290021639423323,0.0030425711800626644,0.0033723261097434987,-0.10037863806468977,0.17235064119284413,4.6291162454806776e-05,5.787305382646105e-05
3,go,0.6799999999999855,"(np.float64(0.0), np.float64(0.0))",0.015196646753118262,0.017141523984333197,3.391594848886299,-2.028968456403307,0.003040499668698315,0.0033697460724707606,-0.10038322160346622,0.1723486999318874,4.62053994181814e-05,5.776258312237013e-05
3,go,0.6899999999999853,"(np.float64(0.0), np.float64(0.0))",0.015179020479099812,0.01712207347209983,3.3916252386017294,-2.028934776814469,0.0030379620563125665,0.003366756777000533,-0.10038781472860078,0.17234673183527285,4.611328826749662e-05,5.764585689849315e-05
3,go,0.6999999999999851,"(np.float64(0.0), np.float64(0.0))",0.01516154793355733,0.017102762507438207,3.3916556012825754,-2.028901128574283,0.0030351090499520276,0.0033634906222999245,-0.10039241237968785,0.17234474684130607,4.601695134442131e-05,5.752498130919115e-05
3,go,0.7099999999999849,"(np.float64(0.0), np.float64(0.0))",0.015144186226957894,0.0170835534097367,3.3916859343219135,-2.0288675139700763,0.0030320447995620405,0.0033600392264835754,-0.10039701119084718,0.1723427515421864,4.591785109304676e-05,5.740140958444255e-05
3,go,0.7199999999999847,"(np.float64(0.0), np.float64(0.0))",0.015126905678472042,0.017064420065957518,3.3917162359818906,-2.028833934524374,0.0030288405132350865,0.0033564652875155967,-0.10040160893634063,0.17234075028785314,4.5816984758842006e-05,5.727613360297102e-05
3,go,0.7299999999999844,"(np.float64(0.0), np.float64(0.0))",0.01510968596838381,0.017045344580226555,3.3917465051162927,-2.028800391238646,0.0030255444389913756,0.0033528113128042073,-0.10040620415241577,0.17233874593497123,4.571502635654965e-05,5.7149824139229474e-05
3,go,0.7399999999999842,"(np.float64(0.0), np.float64(0.0))",0.015092513310015678,0.017026314801203094,3.3917767409783055,-2.028766884762445,0.0030221890150897205,0.0033491058903160724,-0.1004107958815463,0.17233674035122437,4.561242793562478e-05,5.702293119108501e-05
3,go,0.749999999999984,"(np.float64(0.0), np.float64(0.0))",0.015075378419978507,0.01700732254222911,3.3918069430887794,-2.0287334155094348,0.003018795902722888,0.0033453681116550034,-0.10041538350072299,0.17233473475257272,4.550949060622816e-05,5.689575449740457e-05
3,go,0.7599999999999838,"(np.float64(0.0), np.float64(0.0))",0.015058275087404222,0.01698836232402119,3.3918371111467946,-2.0286999837362085,0.0030153794792709136,0.0033416106468259214,-0.1004199666069164,0.17233272992745519,4.5406413691775117e-05,5.676849241408557e-05
3,go,0.7699999999999836,"(np.float64(0.0), np.float64(0.0))",0.015041199179630663,0.016969430499534175,3.3918672449694265,-2.0286665895954004,0.0030119492355890824,0.003337841856614903,-0.10042454494111556,0.17233072638503882,4.5303328371431707e-05,5.664127540426271e-05
3,go,0.7799999999999834,"(np.float64(0.0), np.float64(0.0))",0.015024147959156107,0.016950524652112584,3.391897344451461,-2.0286332331712087,0.003008511405571376,0.0033340672295367794,-0.10042911833820943,0.1723287244527692,4.520032049411306e-05,5.6514188766063884e-05
3,go,0.7899999999999832,"(np.float64(0.0), np.float64(0.0))",0.015007119618940802,0.01693164318572102,3.391927409538616,-2.028599914503008,0.003005070064858402,0.0033302903511021973,-0.10043368669407568,0.17232672434027674,4.5097445926628236e-05,5.638728792971199e-05
3,go,0.799999999999983,"(np.float64(0.0), np.float64(0.0))",0.014990112968861711,0.016912785048330863,3.3919574402098402,-2.0285666336009527,0.0030016278663773017,0.003326513552830155,-0.1004382499440622,0.1723247261810694,4.49947408074791e-05,5.626060867937582e-05
3,go,0.8099999999999827,"(np.float64(0.0), np.float64(0.0))",0.014973127225671385,0.016893949546579405,3.3919874364656715,-2.0285333904562375,0.0029981865296817554,0.003322738344012505,-0.10044280804897326,0.17232273005963097,4.48922283552191e-05,5.6134173940232065e-05
3,go,0.8199999999999825,"(np.float64(0.0), np.float64(0.0))",0.014956161873181318,0.016875136222395577,3.3920173983206134,-2.028500185047807,0.0029947471646735208,0.0033189656972816757,-0.10044736098597853,0.17232073602897036,4.478992336410797e-05,5.60079982590864e-05
3,go,0.8299999999999823,"(np.float64(0.0), np.float64(0.0))",0.014939216569718604,0.016856344771356564,3.3920473257981674,-2.0284670173467294,0.0029913104846749383,0.0033151962364928503,-0.10045190874273453,0.1723187441219482,4.4687835157828826e-05,5.588209074702722e-05
3,go,0.8399999999999821,"(np.float64(0.0), np.float64(0.0))",0.014922291087185824,0.016837574988946627,3.3920772189276045,-2.028433887319032,0.002987876946017711,0.0033114303597385777,-0.1004564513135979,0.17231675435856492,4.458596952116809e-05,5.575645700277281e-05
3,go,0.8499999999999819,"(np.float64(0.0), np.float64(0.0))",0.014905385271120711,0.016818826735354574,3.392107077741879,-2.028400794927535,0.002984446839102206,0.0033076683195326015,-0.10046098869719201,0.17231476675063456,4.448432995799679e-05,5.563110036424026e-05
3,go,0.8599999999999817,"(np.float64(0.0), np.float64(0.0))",0.014888499014630711,0.016800099912517994,3.392136902276282,-2.0283677401330285,0.002981020347557641,0.003303910274853829,-0.10046552089484996,0.17231278130477495,4.438291850720604e-05,5.5506022719539114e-05
3,go,0.8699999999999815,"(np.float64(0.0), np.float64(0.0))",0.014871632241452264,0.016781394449217762,3.3921666925675775,-2.028334722895033,0.002977597586541905,0.0033001563248033746,-0.10047004790961903,0.17231079802431382,4.4281736270087045e-05,5.538122503060624e-05
3,go,0.8799999999999812,"(np.float64(0.0), np.float64(0.0))",0.014854784894979637,0.016762710291435508,3.392196448653449,-2.0283017431722796,0.002974178627432352,0.0032964065302712986,-0.10047456974562813,0.17230881691050193,4.418078374975337e-05,5.525670766973391e-05
3,go,0.889999999999981,"(np.float64(0.0), np.float64(0.0))",0.014837956931189725,0.016744047396143224,3.392226170572144,-2.0282688009230214,0.0029707635137104,0.003292660927855869,-0.10047908640768519,0.17230683796328183,4.4080061069184775e-05,5.51324706354476e-05
3,go,0.8999999999999808,"(np.float64(0.0), np.float64(0.0))",0.014821148314089249,0.01672540572731293,3.3922558583622515,-2.028235896105226,0.0029673522711294127,0.0032889195387532932,-0.10048359790102275,0.17230486118177485,4.39795681105586e-05,5.5008513690135736e-05
3,go,0.9099999999999806,"(np.float64(0.0), np.float64(0.0))",0.014804359012798989,0.016706785253366472,3.3922855120625584,-2.028203028676702,0.0029639449142116066,0.003285182374435143,-0.10048810423113716,0.17230288656458798,4.3879304604148326e-05,5.48848364478325e-05
3,go,0.9199999999999804,"(np.float64(0.0), np.float64(0.0))",0.01478758899969023,0.016688185945547423,3.3923151317802516,-2.0281701986250393,0.0029605482810627286,0.0032814464506672417,-0.10049260540368726,0.1723009141100078,4.377937119409503e-05,5.476138853909154e-05
3,go,0.9299999999999802,"(np.float64(0.0), np.float64(0.0))",0.014770836159018964,0.016669608691680268,3.392344717940359,-2.0281374062013846,0.002957217971743371,0.0032776668573747357,-0.10049710142321408,0.17229894381157418,4.3680582147127706e-05,5.463742393412624e-05
3,go,0.93999999999998,"(np.float64(0.0), np.float64(0.0))",0.0147540835557502,0.016651067115475184,3.392374270938409,-2.028104651638981,0.002953911554580854,0.0032738758416042597,-0.10050159227608468,0.17229697563911586,4.358225789258189e-05,5.451352636628533e-05
3,go,0.9499999999999797,"(np.float64(0.0), np.float64(0.0))",0.014737343682069177,0.016632551682764105,3.392403790942075,-2.028071935002636,0.002950617242620137,0.0032700818233534767,-0.10050607795050501,0.17229500956273253,4.348426037873225e-05,5.438980493379418e-05
3,go,0.9599999999999795,"(np.float64(0.0), np.float64(0.0))",0.014720619973457815,0.01661405990643236,3.3924332780479114,-2.028039256302484,0.0029473309604182347,0.0032662882461828016,-0.10051055844648568,0.17229304556725566,4.338653900432327e-05,5.426630859375695e-05
3,go,0.9699999999999793,"(np.float64(0.0), np.float64(0.0))",0.01470391359461642,0.016595590759492296,3.392462732327082,-2.028006615525291,0.002944051150950511,0.003262496672383322,-0.10051503376796947,0.17229108364207463,4.328907374170733e-05,5.414305962907902e-05
3,go,0.9799999999999791,"(np.float64(0.0), np.float64(0.0))",0.014687224969954265,0.01657714376531654,3.392492153840152,-2.0279740126465873,0.0029407770696597856,0.0032587079080806203,-0.1005195039205538,0.17228912377858363,4.319185440857614e-05,5.402006948142635e-05
3,go,0.9899999999999789,"(np.float64(0.0), np.float64(0.0))",0.014670554286499582,0.01655871866738502,3.392521542641904,-2.0279414476357407,0.0029375082479381792,0.0032549224248292854,-0.1005239689104902,0.17228716596945104,4.3094874218417334e-05,5.38973447169108e-05
3,go,0.9999999999999787,"(np.float64(0.0), np.float64(0.0))",0.014653901651964753,0.016540315305852465,3.392550898783102,-2.0279089204583327,0.0029342443332342747,0.003251140526469007,-0.10052842874423967,0.17228521020837395,4.299812788204996e-05,5.3774889411432555e-05
3,back,0.0,"(np.float64(0.0), np.float64(0.0))",0.014637267141657171,0.016521933568915764,3.392580222311358,-2.0278764310774235,0.002930985042823244,0.0032473624212104374,-0.10053288342827768,0.17228325648993187,4.290161106000531e-05,5.36527061974323e-05
3,back,0.009999999999999787,"(np.float64(0.0), np.float64(0.0))",0.014620650811838191,0.016503573371962357,3.392609513271737,-2.027843979454314,0.0029277301483801384,0.003243588256695512,-0.10053733296901621,0.17228130480945217,4.280532017075722e-05,5.3530796782809854e-05
3,back,0.019999999999999574,"(np.float64(0.0), np.float64(0.0))",-0.004502436925606057,-0.002621254982098472,3.3926263592974863,-2.027824358018284,0.0007876590527778416,0.0010476132788465797,-0.10054177737278089,0.17227935516287787,0.0,0.0
3,back,0.02999999999999936,"(np.float64(0.0), np.float64(0.0))",-0.05782079035413649,-0.05592450249212321,3.39259264872728,-2.027854489296685,-0.006349906742241553,-0.005924349296688906,-0.10054445352541934,0.17227820074796346,0.0003671566265114666,0.0003313162870068871
3,back,0.03999999999999915,"(np.float64(0.0), np.float64(0.0))",-0.13953968402642059,-0.13769522470533582,3.392182349108305,-2.0280162545986875,-0.07536244251637557,-0.026199651360467275,-0.10054019842087095,0.1722802946393964,0.010516051416194331,0.0036075668812809987
3,back,0.049999999999998934,"(np.float64(0.0), np.float64(0.0))",-0.22767825598651217,-0.24060408736871758,3.390679616839135,-2.028875002708916,-0.2244125386861291,-0.14483301963872214,-0.10050889655596362,0.1723101910115935,0.051093855429563566,0.034847416511030294
3,back,0.05999999999999872,"(np.float64(0.0), np.float64(0.0))",-0.31183386726773976,-0.33427110751275996,3.387311892192742,-2.031363799670299,-0.4482449473876731,-0.3520205903452902,-0.10036671290051508,0.17241579277344155,0.13977795542712265,0.11767031260201573
3,back,0.06999999999999851,"(np.float64(0.0), np.float64(0.0))",-0.38879883415042704,-0.41675688240494574,3.3813609123892747,-2.0363046121108788,-0.7411560187127626,-0.6352095035389682,-0.09998891970344108,0.172645146970218,0.28816059599909416,0.26472793236889375
3,back,0.0799999999999983,"(np.float64(0.0), np.float64(0.0))",-0.45574219435355645,-0.48722299046523143,3.3721773321865895,-2.0443965896399385,-1.0949982268623757,-0.9823094220182725,-0.09926250995626967,0.17304447077816204,0.49903689472351254,0.4786037341579158
3,back,0.08999999999999808,"(np.float64(0.0), np.float64(0.0))",-0.5108231107617699,-0.5449815553787128,3.3592005776870977,-2.0562182326988308,-1.5001207890188586,-1.3812441521138845,-0.0980881715650555,0.1736541016263719,0.7662963679650141,0.7527525863767762
3,back,0.09999999999999787,"(np.float64(0.0), np.float64(0.0))",-0.5529265872666034,-0.5896344483661671,3.341970782744061,-2.0722273762119294,-1.9459955395652473,-1.81993968280612,-0.0963807453206976,0.17450422241176178,1.0759926725278446,1.0730991309310838
3,back,0.10999999999999766,"(np.float64(0.0), np.float64(0.0))",-0.5814888575632425,-0.621082875477015,3.320135564662899,-2.0927618059753526,-2.421614733310355,-2.286449515585413,-0.09406952858413567,0.17561182831464417,1.4081419847309546,1.4200746397728166
3,back,0.11999999999999744,"(np.float64(0.0), np.float64(0.0))",-0.596388098822552,-0.6394953980167118,3.2934535966366205,-2.1180412003672573,-2.91573266370364,-2.7690885168058057,-0.09109844354654237,0.17697874278725328,1.738908259981029,1.770819363198235
3,back,0.12999999999999723,"(np.float64(0.0), np.float64(0.0))",-0.5978800789066449,-0.6452726010332964,3.2617962056263834,-2.1481702799876277,-3.417022979631815,-3.2565397506119,-0.08742618536799465,0.17859065754177567,2.0429699686880882,2.101355875245663
3,back,0.13999999999999702,"(np.float64(0.0), np.float64(0.0))",-0.5865579092770102,-0.639019142874206,3.225147519096141,-2.1831429292995654,-3.914217828486123,-3.7379435772322305,-0.08302644270739046,0.18041722618658262,2.2959154259316192,2.3886175008350836
3,back,0.1499999999999968,"(np.float64(0.0), np.float64(0.0))",-0.5633163793338893,-0.6215205419322615,3.1836031075719244,-2.2228472146247538,-4.39627483876044,-4.202989473202092,-0.07788820710316449,0.18241321704035363,2.476493624727209,2.6122442951201545
3,back,0.1599999999999966,"(np.float64(0.0), np.float64(0.0))",-0.5293070363911883,-0.5937186090003137,3.137366748854622,-2.2670713916039658,-4.852588284577708,-4.6420226598152885,-0.0720161048545743,0.18452065890787167,2.5685091237364266,2.7560552365334696
3,back,0.16999999999999638,"(np.float64(0.0), np.float64(0.0))",-0.48587888406498225,-0.5566818434781832,3.0867449115547485,-2.3155110486673225,-5.273233588660922,-5.046164214598482,-0.06543062664548571,0.1866718272209461,2.5621528514725505,2.8091079974763216
3,back,0.17999999999999616,"(np.float64(0.0), np.float64(0.0))",-0.4345077107218599,-0.5115711030669772,3.032138747218129,-2.3677774719556104,-5.64921859116707,-5.407434426932529,-0.05816811031114544,0.18879284477894104,2.454629037415374,2.7662871945482213
3,back,0.18999999999999595,"(np.float64(0.0), np.float64(0.0))",-0.3767218933229241,-0.4596035673486703,2.974033667725573,-2.4234072005416656,-5.9727116437003085,-5.718866764588523,-0.0502803497072313,0.190807627421371,2.2500512386866545,2.628411566196634
3,back,0.19999999999999574,"(np.float64(0.0), np.float64(0.0))",-0.31403370487840776,-0.4020188039112267,2.9129868632036167,-2.4818726236271287,-6.23722138796235,-5.974601710170572,-0.04183374693869418,0.19264189488999034,1.9586977406086614,2.4019022333687428
3,back,0.20999999999999552,"(np.float64(0.0), np.float64(0.0))",-0.2478838808177822,-0.3400502483164958,2.8496133247020103,-2.5425933854217084,-6.437712241010864,-6.169954197053945,-0.03290798182314947,0.19422698845345246,1.5958050938899146,2.0980944568095996
3,back,0.2199999999999953,"(np.float64(0.0), np.float64(0.0))",-0.179604576237503,-0.27490411960997474,2.784570939153612,-2.6049483754340743,-6.570692813265506,-6.301472055372305,-0.023594226554319198,0.19550328283928198,1.1801264983133577,1.7323006276289816
3,back,0.2299999999999951,"(np.float64(0.0), np.float64(0.0))",-0.11038988669390433,-0.20774068156887993,2.7185452947829187,-2.6682879485283726,-6.634105426334751,-6.366880461398456,-0.013992983676461457,0.19642302267323924,0.7323381463285091,1.3226600865185
3,back,0.23999999999999488,"(np.float64(0.0), np.float64(0.0))",-0.0413258653190403,-0.13968956507277974,2.652236070715615,-2.731945628119685,-6.627206010338198,-6.3651071934492744,-0.004211672993953419,0.19695247652162157,0.27387502302477074,0.8891390554945509
3,back,0.24999999999999467,"(np.float64(0.0), np.float64(0.0))",0.02657562339149945,-0.07184115863362352,2.5863436582364927,-2.7952507818533565,-6.550618712603349,-6.296421313528639,0.005638101675149415,0.1970735746966676,0.0,0.4523422024093391
3,back,0.25999999999999446,"(np.float64(0.0), np.float64(0.0))",0.09239532421410494,-0.005203387714024482,2.5215555360970785,-2.857542283169842,-6.406306643885484,-6.16247142394308,0.015443513293616803,0.19678472958533252,0.0,0.03206572809537238
3,back,0.26999999999999424,"(np.float64(0.0), np.float64(0.0))",0.15530000065975685,0.05931196997756169,2.4585333739376067,-2.9181820249153336,-6.1974587346389916,-5.966215760035152,0.025093439720626706,0.19610069608490666,0.0,0.0
3,back,0.27999999999999403,"(np.float64(0.0), np.float64(0.0))",0.21451024058346435,0.12087043125445501,2.3979014636746845,-2.976567363379183,-5.928342821951781,-5.711779095427873,0.03448117403564213,0.19505160134869426,0.0,0.0
3,back,0.2899999999999938,"(np.float64(0.0), np.float64(0.0))",0.2692573342132516,0.1786733562287714,2.3402366041397156,-3.032141965498231,-5.604167739702863,-5.404279532157326,0.043506821890018144,0.1936813066118683,0.0,0.0
3,back,0.2999999999999936,"(np.float64(0.0), np.float64(0.0))",0.3187419811955284,0.23190650445500838,2.286059200511517,-3.0844049540649427,-5.230982891440121,-5.049665340951616,0.05207936472539522,0.1920452437837134,0.0,0.0
3,back,0.3099999999999934,"(np.float64(0.0), np.float64(0.0))",0.3621035135801681,0.279690584919869,2.235825132930469,-3.1329186016687025,-4.815627577404156,-4.654591936770252,0.060118406021441195,0.19020782774441292,0.0,0.0
3,back,0.3199999999999932,"(np.float64(0.0), np.float64(0.0))",0.3984035835403541,0.321042975850063,2.189917896411492,-3.1773150649988113,-4.365728243454717,-4.226356550592338,0.06755562283580542,0.1882395116147722,0.0,0.0
3,back,0.32999999999999297,"(np.float64(0.0), np.float64(0.0))",0.4266240648839404,0.3548561776117857,2.148640582653513,-3.2173027692989864,-3.889732286325752,-3.7728965239993175,0.07433593340727321,0.18621354450337577,0.0,0.0
3,back,0.33999999999999275,"(np.float64(0.0), np.float64(0.0))",0.44567601632553705,0.3798951425394819,2.1122074001327547,-3.252673079197342,-3.3969732893732663,-3.3028603027419012,0.08041838395110182,0.18420251117078676,0.0,0.0
3,back,0.34999999999999254,"(np.float64(0.0), np.float64(0.0))",0.45441835093612654,0.3948165862851505,2.080733859482322,-3.2833086949505157,-2.8978699100334464,-2.8258799440859352,0.08577676636980526,0.18227476777410703,0.0,0.0
3,back,0.3599999999999923,"(np.float64(0.0), np.float64(0.0))",0.45171740193393284,0.39824978854975457,2.054226435438427,-3.309193114566827,-2.403752571627111,-2.352419078142505,0.09039990978838944,0.18049081803509645,0.0,0.0
3,back,0.3699999999999921,"(np.float64(0.0), np.float64(0.0))",0.43639514383932443,0.38875066953747295,2.032574815804186,-3.330417857526987,-1.926645252490876,-1.8936328865227818,0.09429175865009978,0.17889993395828274,0.0,0.0
3,back,0.3799999999999919,"(np.float64(0.0), np.float64(0.0))",0.4071623906170389,0.3647581285656958,2.01554444858801,-3.3471906165589025,-1.4793789924002991,-1.4616324081648207,0.09747182422264425,0.17753762056734498,0.0,0.0
3,back,0.3899999999999917,"(np.float64(0.0), np.float64(0.0))",0.3626513301013645,0.3246722376592505,2.0027678747445945,-3.3598459437480916,-1.0757147994988054,-1.069717047854456,0.09997607763718497,0.17642370620265532,0.0,0.0
3,back,0.3999999999999915,"(np.float64(0.0), np.float64(0.0))",0.3014516072114492,0.2669244165541321,1.9937347766813058,-3.3688581293187014,-0.7304776811362406,-0.7325767234822655,0.10185824121098848,0.175560974996436,0.0,0.0
3,back,0.40999999999999126,"(np.float64(0.0), np.float64(0.0))",0.2221505148802137,0.1900398149244022,1.98778069855983,-3.3748558490052956,-0.45968492429431895,-0.46643409555043636,0.10319144273040212,0.17493440839465002,0.0,0.0
3,back,0.41999999999999105,"(np.float64(0.0), np.float64(0.0))",0.14448513470052587,0.11379565835681205,1.9841756242272934,-3.378538260959113,-0.2605710502254774,-0.2693243239172812,0.10407014047297594,0.17451101817329617,0.0,0.0
3,back,0.42999999999999083,"(np.float64(0.0), np.float64(0.0))",0.08691401707939539,0.05687217403915587,1.9823021359175668,-3.3805015818989363,-0.11967558204032366,-0.1283085970040406,0.1045989802313112,0.17424747348658753,0.0,0.0
3,back,0.4399999999999906,"(np.float64(0.0), np.float64(0.0))",0.045769469609685275,0.015745448529077805,1.9815301072505136,-3.381353553720659,-0.046475189657349994,-0.0536326980058736,0.10486877065196401,0.1741045409807671,0.0,0.0
3,back,0.4499999999999904,"(np.float64(0.0), np.float64(0.0))",0.02427256909502508,-0.006146138077338745,1.9812344495793395,-3.381716765420988,-0.017287602974827673,-0.023768346518051608,0.10497098352308402,0.17404017267809885,0.0,0.00014608353956997876
3,back,0.4599999999999902,"(np.float64(0.0), np.float64(0.0))",0.015693687692972857,-0.014887516503487982,1.9811294600838882,-3.3818850777838234,-0.005546128290125983,-0.011778953954478807,0.10499664310950133,0.17401003276176577,0.0,0.00017535937139112826
3,back,0.46999999999999,"(np.float64(0.0), np.float64(0.0))",0.01223423898483309,-0.0183833468548585,1.981101440959629,-3.381974902396574,-0.0007940802860114116,-0.006941846024320857,0.10499205637410046,0.17399359750236076,0.0,0.0001276143632781108
3,back,0.47999999999998977,"(np.float64(0.0), np.float64(0.0))",0.010825436058154243,-0.019780584466255562,1.9811045750856004,-3.3820330862364547,0.0011219221985593933,-0.005002061341112472,0.10497746900022681,0.1739830075687528,1.214529702272854e-05,9.894369686326683e-05
3,back,0.48999999999998956,"(np.float64(0.0), np.float64(0.0))",0.01024875483720015,-0.020327609567289618,1.9811201696187697,-3.3820787027711536,0.0018744750148355785,-0.004247476818583893,0.10496141728829601,0.1739751575947333,1.921103487550696e-05,8.634105041428682e-05
3,back,0.49999999999998934,"(np.float64(0.0), np.float64(0.0))",0.010013632272415751,-0.02052661500322884,1.9811405315269741,-3.382119571742199,0.0021241827248849126,-0.0039664520906065115,0.1049471536876112,0.17396875057836053,2.127078468641559e-05,8.141783499263201e-05
3,back,0.5099999999999891,"(np.float64(0.0), np.float64(0.0))",0.009926502814478296,-0.020586401038994957,1.9811614138579483,-3.382158314134781,0.002023721986085289,-0.003798645980061626,0.10493559110941753,0.1739631922749172,2.0088481990597226e-05,7.820044955071468e-05
3,back,0.5199999999999889,"(np.float64(0.0), np.float64(0.0))",0.009944111637533668,-0.020613497436609184,1.981181214835349,-3.3821959887045994,0.0019440509408540606,-0.0037523389134783446,0.10492672753334771,0.17395823760775303,1.9331859584905142e-05,7.734882857427475e-05
3,back,0.5299999999999887,"(np.float64(0.0), np.float64(0.0))",0.009956132364662666,-0.020604784814693064,1.9812003753917884,-3.382233511506866,0.001891265288778848,-0.0037583475275954413,0.10492017572801324,0.17395372970940923,1.8829687551774173e-05,7.743994206493777e-05
3,back,0.5399999999999885,"(np.float64(0.0), np.float64(0.0))",0.009960471726421548,-0.020580468549097942,1.9812190819464335,-3.3822711887290553,0.0018518998501160216,-0.0037793212066805676,0.10491540994030481,0.17394950413097915,1.8445796097244937e-05,7.77802012310283e-05
3,back,0.5499999999999883,"(np.float64(0.0), np.float64(0.0))",0.009961057425233344,-0.020551570112058836,1.981237441891068,-3.3823090871773434,0.001821484944595083,-0.0038011291704940784,0.10491197760206894,0.1739454643661776,1.8143916132309597e-05,7.81191726524011e-05
3,back,0.5599999999999881,"(np.float64(0.0), np.float64(0.0))",0.009959165930108857,-0.020522288653941952,1.981255533438536,-3.3823471866656347,0.0017980002162987301,-0.0038190541003281257,0.1049095153592356,0.17394154964317554,1.790658249649067e-05,7.837573063195439e-05
3,back,0.5699999999999878,"(np.float64(0.0), np.float64(0.0))",0.009955356420117021,-0.020494051482016915,1.981273418586868,-3.3823854415696366,0.001780044615812441,-0.003832129182997552,0.10490774472086419,0.17393772004359442,1.772097859412312e-05,7.853585276209125e-05
3,back,0.5799999999999876,"(np.float64(0.0), np.float64(0.0))",0.009950012011263769,-0.020467176014814955,1.98129114655993,-3.3824238047929547,0.0017664267839596242,-0.0038407777986644424,0.10490645919634058,0.17393394882842847,1.7575967717416292e-05,7.860987523905866e-05
3,back,0.5899999999999874,"(np.float64(0.0), np.float64(0.0))",0.009943460576982288,-0.020441563496124047,1.9813087555049858,-3.3824622360323984,0.0017561198905039668,-0.0038458318288882814,0.10490550943530257,0.1739302179724949,1.7461908899680644e-05,7.861481552563468e-05
3,back,0.5999999999999872,"(np.float64(0.0), np.float64(0.0))",0.009935987277985597,-0.020416988543390677,1.981326274178347,-3.3825007035880565,0.0017482742746601236,-0.0038481390753537783,0.10490478948379285,0.17392651533092485,1.7370830951452484e-05,7.856741141487208e-05
3,back,0.609999999999987,"(np.float64(0.0), np.float64(0.0))",0.009927829758721966,-0.020393215836056123,1.9813437237262934,-3.382539183695363,0.0017422173691939886,-0.0038484247521001513,0.10490422533291939,0.17392283275159376,1.7296437444046374e-05,7.848175659839916e-05
3,back,0.6199999999999868,"(np.float64(0.0), np.float64(0.0))",0.009919177101593993,-0.02037004206864841,1.9813611193786413,-3.38257765908814,0.001737436219009928,-0.0038472606214072684,0.10490376594539481,0.1739191647904566,1.7233937559083323e-05,7.836886070712049e-05
3,back,0.6299999999999866,"(np.float64(0.0), np.float64(0.0))",0.009910174055240454,-0.02034730607219,1.9813784719172036,-3.3826161175001865,0.0017335509944398633,-0.003845076629435369,0.10490337650375492,0.17391550783204304,1.717979208853422e-05,7.823695105014614e-05
3,back,0.6399999999999864,"(np.float64(0.0), np.float64(0.0))",0.009900928099474108,-0.02032488622255365,1.981395788867371,-3.382654550366647,0.0017302869483960576,-0.0038421861581698106,0.10490303347558559,0.17391185948843127,1.713144666752783e-05,7.809199651067192e-05
3,back,0.6499999999999861,"(np.float64(0.0), np.float64(0.0))",0.00989151714318682,-0.020302693644057058,1.9814130754202972,-3.3826929517909115,0.0017274490394970253,-0.003838812581089642,0.10490272108488574,0.17390821819067592,1.7087091788166434e-05,7.793823579081494e-05
3,back,0.6599999999999859,"(np.float64(0.0), np.float64(0.0))",0.009881996584100806,-0.020280664862622422,1.9814303351222358,-3.3827313177625484,0.0017249009126830649,-0.003835112432369875,0.10490242883191835,0.1739045829128732,1.704546492704641e-05,7.777862995137013e-05
3,back,0.6699999999999857,"(np.float64(0.0), np.float64(0.0))",0.009872405200981862,-0.020258755324256167,1.9814475703764614,-3.382769645584313,0.001722548446118369,-0.0038311939352601884,0.10490214977415149,0.17390095298706826,1.700569623840221e-05,7.761522053421027e-05
3,back,0.6799999999999855,"(np.float64(0.0), np.float64(0.0))",0.009862769788415916,-0.020236934180330443,1.9814647828013225,-3.382807933462039,0.0017203273659037988,-0.003827131085970209,0.1049018793485018,0.17389732797992224,1.696719277062112e-05,7.744939988627569e-05
3,back,0.6899999999999853,"(np.float64(0.0), np.float64(0.0))",0.009853108657563572,-0.020215180308481788,1.9814819734815086,-3.382846180216278,0.0017181941853847975,-0.0038229740063161935,0.10490161457237912,0.17389370761104808,1.6929554003390336e-05,7.728210885232084e-05
3,back,0.6999999999999851,"(np.float64(0.0), np.float64(0.0))",0.009843434203607662,-0.020193479379834442,1.9814991431420235,-3.3828843850823698,0.0017161197194672155,-0.003818756373100554,0.10490135350633967,0.1738900916992609,1.6892511544089176e-05,7.711397807681739e-05
3,back,0.7099999999999849,"(np.float64(0.0), np.float64(0.0))",0.009833754747073995,-0.020171821750144155,1.9815162922672915,-3.3829225475734166,0.0017140845213385978,-0.0038145006534046413,0.10490109489542036,0.1738864801273981,1.6855886798599492e-05,7.694542724628683e-05
3,back,0.7199999999999847,"(np.float64(0.0), np.float64(0.0))",0.009824075831351739,-0.020150200971424836,1.9815334211819167,-3.382960667387274,0.0017120757163383783,-0.003810221740949557,0.1049008379313638,0.17388287281941808,1.681956166632408e-05,7.677673382582579e-05
3,back,0.7299999999999844,"(np.float64(0.0), np.float64(0.0))",0.009814401124076727,-0.02012861275684687,1.9815505301049845,-3.3829987443439435,0.001710084830652202,-0.0038059294522345896,0.10490058209595919,0.17387926972556672,1.6783458484219528e-05,7.660808012390839e-05
3,back,0.7399999999999842,"(np.float64(0.0), np.float64(0.0))",0.00980473303594188,-0.020107054269459683,1.9815676191863048,-3.383036778343734,0.0017081063168955647,-0.0038016302231033573,0.10490032705841486,0.1738756708128173,1.674752643416695e-05,7.643958520835732e-05
3,back,0.749999999999984,"(np.float64(0.0), np.float64(0.0))",0.009795073141276719,-0.020085523638324738,1.981584688530441,-3.3830747693394834,0.0017061365614853392,-0.0037973282520922056,0.1049000726084824,0.17387207605873856,1.671173240875526e-05,7.627132636987636e-05
3,back,0.7599999999999838,"(np.float64(0.0), np.float64(0.0))",0.0097854224614181,-0.020064019632178503,1.981601738212546,-3.383112717318223,0.0017041732213842005,-0.0037930262652695152,0.10489981861309502,0.17386848544757866,1.6676054918680197e-05,7.610335345173626e-05
3,back,0.7699999999999836,"(np.float64(0.0), np.float64(0.0))",0.009775781654185424,-0.020042541440981436,1.9816187682887414,-3.38315062228914,0.0017022147839093774,-0.0037887260245125366,0.10489956498838744,0.17386489896777857,1.6640480056024497e-05,7.593569835481736e-05
3,back,0.7799999999999834,"(np.float64(0.0), np.float64(0.0))",0.009766151139710588,-0.0200210885306585,1.9816357788028853,-3.3831884842757085,0.0017002602763610296,-0.0037844286632920795,0.10489931168172237,0.1738613166103975,1.660499883578791e-05,7.576838130573233e-05
3,back,0.7899999999999832,"(np.float64(0.0), np.float64(0.0))",0.009756531183488732,-0.019999660547083457,1.9816527697909627,-3.383226303310576,0.0016983090755575895,-0.0037801349073128244,0.10489905866019704,0.17385773836812282,1.6569605454879544e-05,7.560141496843728e-05
3,back,0.799999999999983,"(np.float64(0.0), np.float64(0.0))",0.009746921950883329,-0.01997825725295684,1.9816697412839228,-3.383264079432248,0.0016963607835424833,-0.003775845218776401,0.10489880590332484,0.17385416423464922,1.6534296157727873e-05,7.543480712806203e-05
3,back,0.8099999999999827,"(np.float64(0.0), np.float64(0.0))",0.009737323542711805,-0.019956878486514503,1.9816866933095028,-3.383301812682952,0.001694415146868859,-0.003771559890276829,0.10489855339839665,0.17385059420429191,1.6499068500733622e-05,7.526856243486665e-05
3,back,0.8199999999999825,"(np.float64(0.0), np.float64(0.0))",0.009727736018365928,-0.019935524134641974,1.9817036258933967,-3.3833395031072637,0.001692472004426579,-0.0037672791056509143,0.1048983011375523,0.1738470282717468,1.646392087753641e-05,7.510268353263624e-05
3,back,0.8299999999999823,"(np.float64(0.0), np.float64(0.0))",0.009718159410762268,-0.019914194115442676,1.9817205390599997,-3.3833771507512274,0.001690531253864703,-0.0037630029792444838,0.10489804911594074,0.1738434664319425,1.6428852213933e-05,7.493717178566376e-05
3,back,0.8399999999999821,"(np.float64(0.0), np.float64(0.0))",0.009708593735969023,-0.019892888366986425,1.9817374328328818,-3.3834147556617955,0.0016885928300754455,-0.0037587315811649104,0.10489779733056846,0.17383990867994945,1.6393861772672676e-05,7.477202774557994e-05
3,back,0.8499999999999819,"(np.float64(0.0), np.float64(0.0))",0.009699038999376502,-0.01987160684006941,1.9817543072350872,-3.3834523178864724,0.0016866566914594048,-0.0037544649534528725,0.10489754577958263,0.17383635501092534,1.6358949029024107e-05,7.460725144983498e-05
3,back,0.8599999999999817,"(np.float64(0.0), np.float64(0.0))",0.009689495199638118,-0.019850349493576894,1.9817711622893228,-3.383489837473088,0.0016847228111998489,-0.003750203120403299,0.104897294461827,0.17383280542008106,1.6324113591841772e-05,7.444284261190812e-05
3,back,0.8699999999999815,"(np.float64(0.0), np.float64(0.0))",0.009679962331174593,-0.019829116291522286,1.981787998018077,-3.3835273144696565,0.0016827911717339566,-0.0037459460951289217,0.1048970433765676,0.17382925990266077,1.6289355153617855e-05,7.42788007420852e-05
3,back,0.8799999999999812,"(np.float64(0.0), np.float64(0.0))",0.009670440385761831,-0.019807907201163617,1.981804814443693,-3.383564748924285,0.001680861761272424,-0.0037416938837230313,0.10489679252332519,0.1738257184539302,1.625467345909161e-05,7.411512522394729e-05
3,back,0.889999999999981,"(np.float64(0.0), np.float64(0.0))",0.009660929353530679,-0.01978672219180825,1.9818216115884155,-3.383602140885118,0.0016789345716092753,-0.0037374464878840515,0.10489654190177243,0.1738221810691697,1.6220068285517503e-05,7.395181536251116e-05
3,back,0.8999999999999808,"(np.float64(0.0), np.float64(0.0))",0.009651429223596143,-0.01976556123406016,1.981838389474419,-3.383639490400303,0.001677009596754561,-0.003733203906575355,0.10489629151167207,0.17381864774366995,1.6185539430368153e-05,7.37888704146478e-05
3,back,0.9099999999999806,"(np.float64(0.0), np.float64(0.0))",0.009641939984450513,-0.01974442429934172,1.981855148123825,-3.383676797517968,0.0016750868320823664,-0.003728966137057516,0.10489604135283936,0.17381511847272998,1.615108670368151e-05,7.362628960794085e-05
3,back,0.9199999999999804,"(np.float64(0.0), np.float64(0.0))",0.009632461624208584,-0.01972331135959812,1.9818718875587136,-3.383714062286207,0.0016731662738028509,-0.0037247331755415735,0.10489579142512011,0.17381159325165524,1.6116709923326034e-05,7.346407215263109e-05
3,back,0.9299999999999802,"(np.float64(0.0), np.float64(0.0))",0.00962299413075924,-0.0197022223871094,1.9818886078011297,-3.383751284753074,0.0016712479186358517,-0.0037205050175910786,0.10489554172837715,0.1738080720757576,1.6082408912076396e-05,7.33022172489358e-05
3,back,0.93999999999998,"(np.float64(0.0), np.float64(0.0))",0.009613537491859638,-0.01968115735437435,1.9819053088730871,-3.3837884649665764,0.0016693317636101716,-0.0037162816583753673,0.10489529226248329,0.17380455494035463,1.6048183495818556e-05,7.314072409166087e-05
3,back,0.9499999999999797,"(np.float64(0.0), np.float64(0.0))",0.009604091695192907,-0.019660116234037753,1.9819219907965706,-3.3838256029746705,0.0016674178059403035,-0.003712063092824067,0.10489504302731606,0.1738010418407693,1.601403350244805e-05,7.297959187300283e-05
3,back,0.9599999999999795,"(np.float64(0.0), np.float64(0.0))",0.009594656728403782,-0.019639098998846666,1.9819386535935382,-3.3838626988252627,0.0016655060429568097,-0.003707849315722023,0.10489479402275556,0.1737975327723304,1.5979958761252712e-05,7.281881978427068e-05
3,back,0.9699999999999793,"(np.float64(0.0), np.float64(0.0))",0.009585232579118301,-0.01961810562162196,1.9819552972859211,-3.3838997525662062,0.0016635964720561449,-0.0037036403217696953,0.10489454524868326,0.1737940277303715,1.5945959102458827e-05,7.265840701697582e-05
3,back,0.9799999999999791,"(np.float64(0.0), np.float64(0.0))",0.00957581923495872,-0.019597136075241536,1.9819719218956249,-3.383936764245301,0.0016616890906744738,-0.0036994361056188595,0.10489429670498106,0.17379052671023232,1.5912034357001693e-05,7.24983527634744e-05
3,back,0.9899999999999789,"(np.float64(0.0), np.float64(0.0))",0.009566416683550969,-0.01957619033262987,1.98198852744453,-3.383973733910294,0.0016597838962754774,-0.003695236661893741,0.1048940483915307,0.1737870297072573,1.5878184356418958e-05,7.233865621734371e-05
3,back,0.9999999999999787,"(np.float64(0.0), np.float64(0.0))",0.009557024912527648,-0.01955526836675167,1.9820051139544907,-3.384010661608877,0.0016578808863366113,-0.0036910419852047706,0.10489380030821374,0.1737835367167967,1.5844408932722414e-05,7.217931657362714e-05
4,go,0.0,"(np.float64(0.0), np.float64(0.0))",0.009547643909532805,-0.019534370150608566,1.8435254748388283,-3.6128165945117727,0.0016559800583460815,-0.0036868520701575035,0.1268786568244225,0.15460209044645726,1.5810707918375744e-05,7.202033302899413e-05
4,go,0.009999999999999787,"(np.float64(0.0), np.float64(0.0))",-0.0004967940175038244,0.001106055621047251,1.843535366190655,-3.612839664707367,0.0005601687938753274,-0.001363310036110522,0.1268786568244225,0.15460209044645726,0.0,0.0
4,go,0.019999999999999574,"(np.float64(0.0), np.float64(0.0))",0.016645128388085212,0.017241948965533466,1.8435498426724595,-3.612837195267046,0.0020941172799617434,0.0013944318243790687,0.12687809277131343,0.15460003420264626,3.4856850984671e-05,2.4042722351859627e-05
4,go,0.02999999999999936,"(np.float64(0.0), np.float64(0.0))",0.06405093169810047,0.06428781848811815,1.843606648820132,-3.612785103017054,0.008257926207663916,0.007942689291064786,0.12687656602886183,0.15460025650034612,0.0005289278674950353,0.0005106181674514928
4,go,0.03999999999999915,"(np.float64(0.0), np.float64(0.0))",0.1373130960141998,0.13743747658113067,1.8440153373694275,-3.6126093166125526,0.07315599084237205,0.026959939406992456,0.12686966452780518,0.1546049105828287,0.010045275594552556,0.0037053060408772276
4,go,0.049999999999998934,"(np.float64(0.0), np.float64(0.0))",0.21635192006658752,0.23038028627602847,1.8454099361523473,-3.611792626789269,0.20505196799133296,0.13565578560556596,0.12682533212423996,0.1546206373068219,0.04436338698835733,0.03125241872280983
4,go,0.05999999999999872,"(np.float64(0.0), np.float64(0.0))",0.29477157308493857,0.31610672395527767,1.8484694478321788,-3.6095031945579543,0.4059909218261476,0.3213970217174493,0.12666773424307512,0.15469354239505265,0.11967458268489785,0.10159575962408614
4,go,0.06999999999999851,"(np.float64(0.0), np.float64(0.0))",0.3681452933096344,0.3945018071659632,1.8538530494931669,-3.6049994820519,0.6698306808142935,0.5785900055179023,0.12630490166387887,0.15489726163274467,0.24659501245617022,0.2282548027849771
4,go,0.0799999999999983,"(np.float64(0.0), np.float64(0.0))",0.434649003257512,0.463527483163109,1.862161274776987,-3.5976112967379295,0.9909488114418461,0.8985162780977529,0.12564574885144034,0.1552959023349717,0.4307149131724146,0.4164869889677355
4,go,0.08999999999999808,"(np.float64(0.0), np.float64(0.0))",0.49247665042217315,0.5222647117239902,1.873929901123487,-3.586754665468705,1.361989487561949,1.2726093512794248,0.12460479077041355,0.15594438075959907,0.6707480207447206,0.664638955983203
4,go,0.09999999999999787,"(np.float64(0.0), np.float64(0.0))",0.5405239562240053,0.5699434954537169,1.8896162705057602,-3.571931642754696,1.7746084310233172,1.6921993695847939,0.12310331700231646,0.15688550760102843,0.9592183698851983,0.9644580237057336
4,go,0.10999999999999766,"(np.float64(0.0), np.float64(0.0))",0.5781772834795996,0.6060235082570695,1.9095918401518148,-3.55273164723047,2.2199647436092116,2.148451169723516,0.12107078508363636,0.15814841383167186,1.2835331848804599,1.3020119151948497
4,go,0.11999999999999744,"(np.float64(0.0), np.float64(0.0))",0.6051746984860625,0.6302176214707816,1.9341387730087167,-3.52883314388619,2.6890322403861076,2.632353177219765,0.11844563307624827,0.15974707790142556,1.6273342752949638,1.658955358218495
4,go,0.12999999999999723,"(np.float64(0.0), np.float64(0.0))",0.6215187588369393,0.6425003863134257,1.9634490253284926,-3.5000053969145735,3.1727863641796823,3.134716115905446,0.11517588491187358,0.1616792712921611,1.9719462431197214,2.0140563154521702
4,go,0.13999999999999702,"(np.float64(0.0), np.float64(0.0))",0.6274251286268868,0.6431136148446366,1.9976249308902005,-3.4661101672161707,3.662317647491318,3.6461903470016566,0.1112197590942413,0.16392611064137866,2.297830121049758,2.344914654471855
4,go,0.1499999999999968,"(np.float64(0.0), np.float64(0.0))",0.6232923314424859,0.6325663388428464,2.036680759670398,-3.4271030535298146,4.148914698811508,4.157325361308716,0.10654637510011397,0.16645232924314202,2.585986715578224,2.629784083181568
4,go,0.1599999999999966,"(np.float64(0.0), np.float64(0.0))",0.6096800613649522,0.6116219089255568,2.0805450919939608,-3.3830339723200473,4.624145120287624,4.658686575498001,0.10113657102205278,0.16920732663424348,2.819249080697403,2.849354776391952
4,go,0.16999999999999638,"(np.float64(0.0), np.float64(0.0))",0.587287625278319,0.5812673856932501,2.12906405091956,-3.3340462043370596,5.079946054887293,5.141026957951048,0.09498378769598301,0.17212700372243508,2.9833894551167233,2.9883112996267283
4,go,0.17999999999999616,"(np.float64(0.0), np.float64(0.0))",0.5569289813881492,0.5426656220126336,2.1820054871933348,-3.280373536500471,5.508723534023765,5.595496195943534,0.08809492904473881,0.17513633475562584,3.0679677865527806,3.0364834236410227
4,go,0.18999999999999595,"(np.float64(0.0), np.float64(0.0))",0.5195045660607327,0.4970949400907247,2.2390641704418925,-3.222335237950125,5.903453933616129,6.013863390686406,0.08049107433061728,0.17815256787167358,3.066871274042773,2.989461061907061
4,go,0.19999999999999574,"(np.float64(0.0), np.float64(0.0))",0.4759718843882245,0.44588345069199153,2.2998679667343067,-3.1603288513886447,6.257779659326794,6.388729302319451,0.07220790070613246,0.18108889012902113,2.978527176536076,2.8486286668552365
4,go,0.20999999999999552,"(np.float64(0.0), np.float64(0.0))",0.42731724017921835,0.3903451965448316,2.3639849076795714,-3.094821004824405,6.5660916690153,6.713707460786142,0.06329567891094821,0.18385834831742628,2.8058041707673755,2.6206634583250685
4,go,0.2199999999999953,"(np.float64(0.0), np.float64(0.0))",0.3745308798631326,0.3317244482239052,2.430931017132426,-3.026336592248338,6.82360842515381,6.983582007690078,0.0538187311746912,0.18637778766159704,2.555652067314341,2.316624888127383
4,go,0.2299999999999951,"(np.float64(0.0), np.float64(0.0))",0.31858275284107956,0.27114600209829687,2.5001789766895937,-2.9554463028632174,7.026448305051909,7.194472825512812,0.04385428577330781,0.1885715626916282,2.2385052437189747,1.9507525438426367
4,go,0.23999999999999488,"(np.float64(0.0), np.float64(0.0))",0.2603997312196954,0.2095623012027511,2.571166433184409,-2.8827542063824114,7.1714366409767045,7.343545510270277,0.033490723016061555,0.19037483740020233,1.867440173769409,1.5389302961193705
4,go,0.24999999999999467,"(np.float64(0.0), np.float64(0.0))",0.20092265537733586,0.1478371367189954,2.6433033277495754,-2.808887706891192,7.256243427909103,7.429016858831144,0.022825171421387375,0.1917360819222894,1.457943697599839,1.0982845810467416
4,go,0.25999999999999446,"(np.float64(0.0), np.float64(0.0))",0.14106476629855427,0.08674211619604204,2.715981566168461,-2.734486242690664,7.279629508768932,7.450298778750111,0.011960665197651016,0.19261838986928162,1.0268992353945487,0.6462546823615722
4,go,0.26999999999999424,"(np.float64(0.0), np.float64(0.0))",0.08163618989478845,0.026910852605549263,2.788586565906846,-2.660189261762806,7.241566807088497,7.4079914461861,0.0010033269130928224,0.19300016368197423,0.5911739229992734,0.19935536591148384
4,go,0.27999999999999403,"(np.float64(0.0), np.float64(0.0))",0.023305081082266366,-0.031162055655584164,2.8605094058216456,-2.5866248301092294,7.143234935971201,7.303765812545766,-0.009940281383789079,0.19287529260149294,0.16647366937248662,0.0
4,go,0.2899999999999938,"(np.float64(0.0), np.float64(0.0))",-0.03340450663182509,-0.0870884696560304,2.9311584680844773,-2.5143997232925224,6.986922780310156,7.1401902397377235,-0.020765556198708568,0.19225286224316118,0.0,0.0
4,go,0.2999999999999936,"(np.float64(0.0), np.float64(0.0))",-0.0880859388700215,-0.1405365034824526,2.9999697427728074,-2.44409131575114,6.775858502922874,6.920551394221674,-0.03137196773347922,0.19115644486376815,0.0,0.0
4,go,0.3099999999999934,"(np.float64(0.0), np.float64(0.0))",-0.14040104288070207,-0.19117751676633396,3.066415352086834,-2.3762411743683756,6.51402454293241,6.648697124937449,-0.04166489582284186,0.18962301342515872,0.0,0.0
4,go,0.3199999999999932,"(np.float64(0.0), np.float64(0.0))",-0.19002557948353707,-0.23863867982228362,3.1300102886845993,-2.3113499783810836,6.205992848284502,6.328933521292675,-0.0515572007507028,0.18770151259895324,0.0,0.0
4,go,0.32999999999999297,"(np.float64(0.0), np.float64(0.0))",-0.23659971372668245,-0.28247099700008566,3.190317570480631,-2.2498732155512666,5.856773364048382,5.965975281239617,-0.06097053223234769,0.18545112896013377,0.0,0.0
4,go,0.33999999999999275,"(np.float64(0.0), np.float64(0.0))",-0.27968151215721343,-0.3221328573058053,3.2469520021263074,-2.1922171942558477,5.4716879550752004,5.564932325642546,-0.06983638613783763,0.18293930069620046,0.0,0.0
4,go,0.34999999999999254,"(np.float64(0.0), np.float64(0.0))",-0.31870723440785564,-0.35698426935912725,3.299583081611966,-2.138734931369583,5.056328805424708,5.131347647597143,-0.07809692972486684,0.18023946846372146,0.0,0.0
4,go,0.3599999999999923,"(np.float64(0.0), np.float64(0.0))",-0.3529764548872267,-0.38629654136038793,3.347937657118588,-2.0897215462164036,4.616552127246964,4.671256569319722,-0.08570559871345806,0.17742859991554966,0.0,0.0
4,go,0.3699999999999921,"(np.float64(0.0), np.float64(0.0))",-0.3816476274564046,-0.40926867968759834,3.3918027406883478,-2.0454090183739817,4.158517321508231,4.191252478683004,-0.09262747483460651,0.1745845449915296,0.0,0.0
4,go,0.3799999999999919,"(np.float64(0.0), np.float64(0.0))",-0.4037473797499393,-0.4250461130753346,3.4310289097797857,-2.005960305536147,3.688767044956049,3.6985473821196004,-0.09883946742472362,0.17178327130664514,0.0,0.0
4,go,0.3899999999999917,"(np.float64(0.0), np.float64(0.0))",-0.418192432099538,-0.432738245669405,3.465534769135804,-1.971462822518661,3.214389608872147,3.201061795590667,-0.10433032939931938,0.1690960579700786,0.0,0.0
4,go,0.3999999999999915,"(np.float64(0.0), np.float64(0.0))",-0.4238368521816883,-0.43144519481492544,3.4953144110759733,-1.9419200248813022,2.743390788099139,2.7076617899808997,-0.10910055701307925,0.16658676987719437,0.0,0.0
4,go,0.40999999999999126,"(np.float64(0.0), np.float64(0.0))",-0.41958393180206005,-0.4203298124025836,3.5204444115721327,-1.9172440399038706,2.2841816587448034,2.2276703490509333,-0.11316229058018477,0.16430960102259193,0.0,0.0
4,go,0.41999999999999105,"(np.float64(0.0), np.float64(0.0))",-0.4042325937531288,-0.39847137156972645,3.54108743707934,-1.8972520565413158,1.8456116598165384,1.7707682963956246,-0.11653919555081585,0.1623069595637613,0.0,0.0
4,go,0.42999999999999083,"(np.float64(0.0), np.float64(0.0))",-0.3764853323040771,-0.36483386871577017,3.557498301559998,-1.8816617976883676,1.437303901570559,1.3471834742416886,-0.11926629666357152,0.16060708782051797,0.0,0.0
4,go,0.4399999999999906,"(np.float64(0.0), np.float64(0.0))",-0.33504829782102336,-0.3183213516837034,3.570032874372006,-1.8700852751185266,1.0698904516091323,0.9678460172159266,-0.12139008229769306,0.15922217170927228,0.0,0.0
4,go,0.4499999999999904,"(np.float64(0.0), np.float64(0.0))",-0.2787030852301008,-0.2578241068281803,3.5791590468142838,-1.8620210769791359,0.7551855126042606,0.6445264312512942,-0.12296902994404793,0.1581470859107358,0.0,0.0
4,go,0.4599999999999902,"(np.float64(0.0), np.float64(0.0))",-0.20636112516277785,-0.18226056809119678,3.5854690680888663,-1.856845415390691,0.5062778953433179,0.38994222523952643,-0.12407457877689118,0.15735879966243504,0.0,0.0
4,go,0.46999999999999,"(np.float64(0.0), np.float64(0.0))",-0.13547485274924673,-0.10899070324073551,3.58960629481143,-1.8538874160431136,0.3201585451085154,0.20134049390666284,-0.12479251505154072,0.156816422340556,0.0,0.0
4,go,0.47999999999998977,"(np.float64(0.0), np.float64(0.0))",-0.08212138371234405,-0.05418498344942291,3.5920920393355127,-1.852515034885147,0.1731789032467099,0.08462384058257262,-0.12521359507947566,0.15646852535774833,0.0,0.0
4,go,0.48999999999998956,"(np.float64(0.0), np.float64(0.0))",-0.039518937868252155,-0.019993416146975848,3.5932750799966735,-1.8519506198862903,0.0713862217728957,0.03599584082856874,-0.1254203183383326,0.15626996847409716,0.0,0.0
4,go,0.49999999999998934,"(np.float64(0.0), np.float64(0.0))",-0.00969095782280438,-0.0057436652200886585,3.5937432029236978,-1.8517079697473249,0.029171736692371095,0.015538443805879074,-0.1255049090141792,0.15618936390404983,0.0,0.0
4,go,0.5099999999999891,"(np.float64(0.0), np.float64(0.0))",0.0026925139451384524,0.0002479638033389981,3.593938579380069,-1.8516022356333288,0.012588392626578133,0.006867112008781342,-0.1255350840735877,0.15617431592186856,3.3894422693939696e-05,1.7027952116523288e-06
4,go,0.5199999999999889,"(np.float64(0.0), np.float64(0.0))",0.007550291291053661,0.0027859228740706823,3.594026394584465,-1.8515546520178594,0.006026450434706631,0.003182662383627098,-0.12554332674147928,0.15618332978824873,4.550145623313203e-05,8.866651934991054e-06
4,go,0.5299999999999887,"(np.float64(0.0), np.float64(0.0))",0.009466184825977416,0.0038627075923353066,3.5940715998221613,-1.8515317245078036,0.0034319965590152617,0.0016310361309049076,-0.12554333557275554,0.15619912990333068,3.248791374975697e-05,6.3002156462195895e-06
4,go,0.5399999999999885,"(np.float64(0.0), np.float64(0.0))",0.01021739784606708,0.004314438962118461,3.594100054076272,-1.8515190675826245,0.0024265052537651354,0.0009987922333582098,-0.12554082831461033,0.15621470937487605,2.479256955329035e-05,4.309228126661974e-06
4,go,0.5499999999999883,"(np.float64(0.0), np.float64(0.0))",0.010501972685175706,0.004496517976275044,3.594122153574321,-1.8515104723329312,0.0020612039374690487,0.0007626874885525644,-0.12553808811719863,0.15622760919104164,2.1646707449876566e-05,3.4294380025566723e-06
4,go,0.5599999999999881,"(np.float64(0.0), np.float64(0.0))",0.010598303381235205,0.004562192249900745,3.5941420816594483,-1.851503277560619,0.0019516871420679348,0.0006942176620076886,-0.12553592316439147,0.15623733205069656,2.0684572436891868e-05,3.1671544373556917e-06
4,go,0.5699999999999878,"(np.float64(0.0), np.float64(0.0))",0.010619201568779095,0.004578416334476919,3.5941614884332616,-1.8514963778218123,0.0019402950298170237,0.0006929234650966162,-0.12553452375617857,0.15624416064305613,2.060438402452722e-05,3.172492111140695e-06
4,go,0.5799999999999876,"(np.float64(0.0), np.float64(0.0))",0.010610975138166393,0.0045746647502661955,3.5941809821749637,-1.8514893511355484,0.001962244977948032,0.0007149210459571701,-0.1255338394198366,0.15624862339807233,2.0821332675998433e-05,3.270524108163705e-06
4,go,0.5899999999999874,"(np.float64(0.0), np.float64(0.0))",0.010592693908705781,0.004563849464249656,3.594200745508362,-1.8514820710201536,0.0019914766548432923,0.0007416411566484063,-0.12553374305460557,0.15625126403921202,2.1095102631088307e-05,3.3847385954353244e-06
4,go,0.5999999999999872,"(np.float64(0.0), np.float64(0.0))",0.01057206640559825,0.0045514653618054365,3.5942207938619366,-1.8514745324054402,0.0020178684942076253,0.0007665959789279333,-0.125534099388267,0.15625255367854968,2.133303971852756e-05,3.489135044589819e-06
4,go,0.609999999999987,"(np.float64(0.0), np.float64(0.0))",0.010552119841644182,0.0045394557462935595,3.5942410375191747,-1.8514666848600636,0.002026852294789309,0.0008098147252227562,-0.1255347904579705,0.1562528680431367,2.138758831592831e-05,3.6761181078455803e-06
4,go,0.6199999999999868,"(np.float64(0.0), np.float64(0.0))",0.010537278507126834,0.00452178159517913,3.59426129189079,-1.851458336128276,0.0020230996992998255,0.0008606506867914662,-0.1255357278045075,0.15625250433036064,2.1317964979206814e-05,3.891674435411929e-06
4,go,0.6299999999999866,"(np.float64(0.0), np.float64(0.0))",0.010526251662804404,0.00450152156763591,3.5942814878644396,-1.8514495115133833,0.0020161863221149334,0.0009033732154714066,-0.12553685566264225,0.15625170319842419,2.1222884625685812e-05,4.066554013069139e-06
4,go,0.6399999999999864,"(np.float64(0.0), np.float64(0.0))",0.010516208091770209,0.004483410040096368,3.5943016124151232,-1.8514403104753294,0.002009126710544273,0.00093575322954983,-0.1255381240320504,0.1562506147299942,2.1128394570817346e-05,4.1953654244163095e-06
4,go,0.6499999999999861,"(np.float64(0.0), np.float64(0.0))",0.010506251244831202,0.004468175413040496,3.5943216693693207,-1.8514308309387577,0.002002746221694223,0.0009592746678793604,-0.1255394931532104,0.15624933190305357,2.1041354984755916e-05,4.286207485371146e-06
4,go,0.6599999999999859,"(np.float64(0.0), np.float64(0.0))",0.010496131218967723,0.004455431259598611,3.5943416664922134,-1.8514211513576373,0.001997166336154805,0.0009760157038978359,-0.1255409338012835,0.15624791481316133,2.0962519930385834e-05,4.348570877005559e-06
4,go,0.6699999999999857,"(np.float64(0.0), np.float64(0.0))",0.010485806910893933,0.00444460120012082,3.594361611469595,-1.851411330319796,0.001992302670192728,0.0009877814057736754,-0.12554242508543378,0.1562464036094002,2.0890901107699348e-05,4.390294421558709e-06
4,go,0.6799999999999855,"(np.float64(0.0), np.float64(0.0))",0.010475299024253556,0.004435178866853352,3.594381510842004,-1.851401410408815,0.001988027569298311,0.0009959540092726808,-0.12554395218607245,0.15624482579823817,2.0825183256859765e-05,4.417234174284061e-06
4,go,0.6899999999999853,"(np.float64(0.0), np.float64(0.0))",0.01046464193107649,0.004426775139214994,3.5944013698810946,-1.8513914222815115,0.001984219907097091,0.0010015439677350507,-0.1255455045810323,0.1562432005827631,2.076415084028492e-05,4.433609937200266e-06
4,go,0.6999999999999851,"(np.float64(0.0), np.float64(0.0))",0.010453868806282546,0.004419105275294205,3.5944211927373275,-1.851381387965923,0.0019807776587476905,0.0010052772742414843,-0.1255470747677347,0.1562415415580751,2.0706789778963855e-05,4.442426105733923e-06
4,go,0.7099999999999849,"(np.float64(0.0), np.float64(0.0))",0.010443007767047614,0.004411964693989214,3.5944409826409256,-1.851371323311173,0.0019776186945071926,0.0010076729607693526,-0.12554865736904747,0.15623985844950633,2.0652287386997173e-05,4.445817526001962e-06
4,go,0.7199999999999847,"(np.float64(0.0), np.float64(0.0))",0.010432081514160916,0.004405207195180815,3.594460742089703,-1.8513612397500812,0.0019746782514817487,0.001009102252674114,-0.12555024851185798,0.15623815826824744,2.060000448369835e-05,4.445304504153176e-06
4,go,0.7299999999999844,"(np.float64(0.0), np.float64(0.0))",0.010421107977802236,0.004398728270954253,3.594480473007297,-1.8513511455535436,0.0019719058222680565,0.0010098313567468795,-0.12555184539398506,0.15623644609838266,2.054944349591232e-05,4.441973737818589e-06
4,go,0.7399999999999842,"(np.float64(0.0), np.float64(0.0))",0.010410101156009944,0.004392453021809908,3.594500176871131,-1.8513410467216265,0.0019692622902987484,0.0010100518107353075,-0.12555344598037976,0.15623472564300708,2.050021964472579e-05,4.436605128248871e-06
4,go,0.749999999999984,"(np.float64(0.0), np.float64(0.0))",0.010399071897300147,0.004386327586463084,3.5945198548139023,-1.8513309476179183,0.001966717513824453,0.00100990189881255,-0.125555048788434,0.15623299960862955,2.045203682793988e-05,4.4297605583829374e-06
4,go,0.7599999999999838,"(np.float64(0.0), np.float64(0.0))",0.010388028564579687,0.004380313097814994,3.5945395077031885,-1.8513208514227262,0.0019642483608519803,0.0010094817790240159,-0.12555665273518124,0.1562312699787122,2.04046680804592e-05,4.421846258664478e-06
4,go,0.7699999999999836,"(np.float64(0.0), np.float64(0.0))",0.01037697757689972,0.004374381416636295,3.594559136203437,-1.8513107604581225,0.0019618371399394074,0.0010088642074692576,-0.12555825702786821,0.15622953820994098,2.035794001068031e-05,4.413156841063024e-06
4,go,0.7799999999999834,"(np.float64(0.0), np.float64(0.0))",0.010365923843024523,0.004368512109340507,3.5945787408239585,-1.8513006764219637,0.0019594703610724498,0.0010081021743022682,-0.12555986108516798,0.15622780537395375,2.0311720535540778e-05,4.403906555891953e-06
4,go,0.7899999999999832,"(np.float64(0.0), np.float64(0.0))",0.010354871104371626,0.004362690297595346,3.5945983219559174,-1.851290600556961,0.001957137764991409,0.0010072343647353778,-0.12556146448020228,0.1562260722601902,2.0265909289984006e-05,4.394251590435645e-06
4,go,0.799999999999983,"(np.float64(0.0), np.float64(0.0))",0.010343822204020544,0.004356905121463738,3.5946178799007242,-1.8512805337732123,0.001954831567594465,0.001006289080576903,-0.1255630668991814,0.15622433945081937,2.0220430174003914e-05,4.384306048838545e-06
4,go,0.8099999999999827,"(np.float64(0.0), np.float64(0.0))",0.010332779296355553,0.004351148636462123,3.594637414891756,-1.851270476737257,0.0019525458749254758,0.0010052870666676277,-0.12556466811128655,0.15622260737549679,2.0175225591614395e-05,4.374153449383855e-06
4,go,0.8199999999999825,"(np.float64(0.0), np.float64(0.0))",0.010321744009537103,0.004345415019061691,3.59465692711092,-1.8512604299369624,0.0019502762322837848,0.0010042435548168285,-0.12556626794667894,0.1562208763514826,2.0130252017517747e-05,4.363855025896949e-06
4,go,0.8299999999999823,"(np.float64(0.0), np.float64(0.0))",0.010310717570831233,0.004339699992440174,3.5946764167012515,-1.8512503937289102,0.0019480192781135435,0.0010031697462355065,-0.12556786628040761,0.15621914661309724,2.0085476599163287e-05,4.3534557401544385e-06
4,go,0.8399999999999821,"(np.float64(0.0), np.float64(0.0))",0.010299700902883476,0.004334000410183263,3.5946958837764718,-1.8512403683730718,0.001945772479264091,0.001002073889617497,-0.12556946302060723,0.15621741833338815,2.0040874561482178e-05,4.342988648636171e-06
4,go,0.8499999999999819,"(np.float64(0.0), np.float64(0.0))",0.010288694697406151,0.004328313953665636,3.594715328428225,-1.8512303540582318,0.0019435339291228985,0.0010009620670202986,-0.12557105809982982,0.15621569164008947,1.999642723079571e-05,4.332478081773956e-06
4,go,0.8599999999999817,"(np.float64(0.0), np.float64(0.0))",0.010277699471396597,0.004322638911540769,3.5947347507315457,-1.8512203509206566,0.0019413021940966589,0.0009998387680309527,-0.12557265146866559,0.156213966627397,1.9952120534088283e-05,4.321941963957581e-06
4,go,0.8699999999999815,"(np.float64(0.0), np.float64(0.0))",0.010266715609912021,0.004316974018692481,3.5947541507489853,-1.851210359057828,0.0019390761971664096,0.0009987073100618691,-0.12557424309104442,0.15621224336466247,1.9907943862257216e-05,4.311393509815345e-06
4,go,0.8799999999999812,"(np.float64(0.0), np.float64(0.0))",0.01025574339852733,0.004311318338385994,3.59477352853372,-1.8512003785385558,0.0019368551297332941,0.0009975701465788605,-0.12557583294076805,0.15621052190282234,1.9863889210666026e-05,4.300842466771846e-06
4,go,0.889999999999981,"(np.float64(0.0), np.float64(0.0))",0.010244783047916506,0.004305671175867609,3.594792884131888,-1.8511904094104377,0.001934638385019569,0.0009964290935240124,-0.12557742099895072,0.15620880227915424,1.9819950530697048e-05,4.290296026782231e-06
4,go,0.8999999999999808,"(np.float64(0.0), np.float64(0.0))",0.010233834712429682,0.004300032014913189,3.5948122175843493,-1.8511804517053656,0.0019324255078247508,0.0009952854958803618,-0.12557900725212578,0.1562070845207998,1.977612324116149e-05,4.2797594962643045e-06
4,go,0.9099999999999806,"(np.float64(0.0), np.float64(0.0))",0.010222898504111413,0.004294400471163047,3.594831528928001,-1.8511705054435956,0.001930216156687426,0.0009941403503943877,-0.12558059169084532,0.15620536864737522,1.973240386081157e-05,4.269236789135856e-06
4,go,0.9199999999999804,"(np.float64(0.0), np.float64(0.0))",0.010211974503261566,0.004288776257746854,3.59485081819677,-1.8511605706367593,0.0019280100754285982,0.0009929943960722818,-0.12558217430864374,0.15620365467290726,1.9688789732308254e-05,4.258730789950478e-06
4,go,0.9299999999999802,"(np.float64(0.0), np.float64(0.0))",0.010201062766377857,0.004283159159941699,3.5948700854223534,-1.8511506472900918,0.0019258070717520733,0.0009918481810295009,-0.1255837551012679,0.15620194260726955,1.9645278814877245e-05,4.248243621848019e-06
4,go,0.93999999999998,"(np.float64(0.0), np.float64(0.0))",0.010190163332130757,0.004277549016454036,3.594889330634774,-1.8511407354040843,0.0019236070011986604,0.0009907021118907703,-0.1255853340661084,0.15620023245724957,1.9601869529044596e-05,4.237776844317301e-06
4,go,0.9499999999999797,"(np.float64(0.0), np.float64(0.0))",0.010179276225844431,0.004271945705591145,3.5949085538627963,-1.851130834975708,0.001921409755104973,0.0009895564903407456,-0.1255869112017762,0.1561985242273399,1.955856064024562e-05,4.227331599350993e-06
4,go,0.9599999999999795,"(np.float64(0.0), np.float64(0.0))",0.01016840146285917,0.004266349135030413,3.5949277551342367,-1.851120945999323,0.0019192152515760917,0.0009884115401934325,-0.12558848650778864,0.15619681792032725,1.951535117166796e-05,4.21690871955833e-06
4,go,0.9699999999999793,"(np.float64(0.0), np.float64(0.0))",0.010157539051053597,0.004260759234243548,3.5949469344761975,-1.8511110684673517,0.0019170234287367398,0.0009872674274453398,-0.12559005998433675,0.15619511353772997,1.9472240339178097e-05,4.206508808155604e-06
4,go,0.9799999999999791,"(np.float64(0.0), np.float64(0.0))",0.010146688992728905,0.004255175948885235,3.59496609191524,-1.8511012023707807,0.0019148342396697695,0.0009861242751462499,-0.1255916316321114,0.1561934110801227,1.9429227502557672e-05,4.196132298214208e-06
4,go,0.9899999999999789,"(np.float64(0.0), np.float64(0.0))",0.010135851286023387,0.00424959923663233,3.594985227477514,-1.8510913476995317,0.0019126476486291811,0.000984982174439213,-0.12559320145217517,0.15619171054737885,1.9386312129067693e-05,4.185779496593332e-06
4,go,0.9999999999999787,"(np.float64(0.0), np.float64(0.0))",0.010125025925971257,0.004244029064095022,3.5950043411888553,-1.851081504442739,0.001910463628220435,0.0009838411927430382,-0.1255947694458665,0.1561900119388502,1.9343493766357016e-05,4.175450616455366e-06
4,back,0.0,"(np.float64(0.0), np.float64(0.0))",0.010114212905289148,0.004238465404528216,3.5950234330748585,-1.8510716725889538,0.0019082821572756821,0.000982701379843353,-0.12559633561472816,0.15618831525350096,1.930077202205072e-05,4.165145801448194e-06
4,back,0.009999999999999787,"(np.float64(0.0), np.float64(0.0))",0.010103412214965832,0.004232908236122257,3.59504250316093,-1.8510618521262987,0.0019061032192844221,0.000981562772406071,-0.12559789996045456,0.15618662049000706,1.925814654870393e-05,4.154865143588654e-06
4,back,0.019999999999999574,"(np.float64(0.0), np.float64(0.0))",-0.0067264899926234595,-0.012591756296583441,3.5950501582906353,-1.8510629068186084,-5.651478411887651e-05,-0.000883672193850009,-0.12559946248485251,0.15618492764683078,3.801461298108981e-07,1.1126984911026554e-05
4,back,0.02999999999999936,"(np.float64(0.0), np.float64(0.0))",-0.05401697141434984,-0.05990622673624462,3.5950135668372667,-1.8511084837634775,-0.006245656614011438,-0.0071941296561333955,-0.125599587822598,0.15618417877761914,0.00033737145478290084,0.0004309731623502687
4,back,0.03999999999999915,"(np.float64(0.0), np.float64(0.0))",-0.1272836646763742,-0.13313113401365162,3.5946798836058766,-1.8512682363463004,-0.06019589041914038,-0.024558661297410456,-0.12559390102274356,0.1561870671622529,0.00766195353100563,0.003269522428381431
4,back,0.049999999999998934,"(np.float64(0.0), np.float64(0.0))",-0.20965184116837854,-0.2265793795439522,3.593437666649,-1.852036897052848,-0.18751213413996726,-0.12850784394491896,-0.12556855497258573,0.15621436572179995,0.03931226416385611,0.02911722754757077
4,back,0.05999999999999872,"(np.float64(0.0), np.float64(0.0))",-0.2895368433107961,-0.3137586337585623,3.590575981778205,-1.854247182916486,-0.3839508631312959,-0.312691344903802,-0.1254557705415035,0.15631643493831568,0.11116792089749093,0.0981096091651443
4,back,0.06999999999999851,"(np.float64(0.0), np.float64(0.0))",-0.36437932707395965,-0.3926685253357538,3.585423439222827,-1.8586533722347216,-0.6457513779840311,-0.5676482620300936,-0.12514883455154602,0.15655368904481076,0.23529845256690343,0.22289760596076041
4,back,0.0799999999999983,"(np.float64(0.0), np.float64(0.0))",-0.43163344572582657,-0.46242353524783913,3.5773560538382134,-1.8659171965134624,-0.9671315869422034,-0.8842565651619022,-0.12454893621071175,0.1569844150910733,0.41744633934215003,0.40890104692827806
4,back,0.08999999999999808,"(np.float64(0.0), np.float64(0.0))",-0.48952697333082545,-0.5222307712642709,3.565814043900761,-1.876608795416222,-1.3409960392938989,-1.2532860434465127,-0.123566792032794,0.15766126967588556,0.656453732364167,0.6545045370838188
4,back,0.09999999999999787,"(np.float64(0.0), np.float64(0.0))",-0.5368631161086082,-0.5715276528829951,3.550312587385824,-1.8912053375281388,-1.7594186401714746,-1.665357546268315,-0.12212266935434272,0.158627371770418,0.9445669737020279,0.951797889629714
4,back,0.10999999999999766,"(np.float64(0.0), np.float64(0.0))",-0.5728862938597421,-0.6099991086926732,3.5304485886981603,-1.9100899744388864,-2.2139481478940843,-2.1110383726696798,-0.12014641625028968,0.15991331210913798,1.2683405492446822,1.2877315257445359
4,back,0.11999999999999744,"(np.float64(0.0), np.float64(0.0))",-0.597198692900225,-0.6375537291956791,3.5059050400546727,-1.9335518480824108,-2.695780551773844,-2.5809515502477027,-0.11757746906523829,0.16153492147491305,1.609916621865187,1.6454952857337921
4,back,0.12999999999999723,"(np.float64(0.0), np.float64(0.0))",-0.6097153116482914,-0.6542951208342442,3.476454080575691,-1.961787066427152,-3.195849123209285,-3.0658585599622326,-0.11436493927537283,0.16349178367822936,1.948558144138468,2.005976296951191
4,back,0.13999999999999702,"(np.float64(0.0), np.float64(0.0))",-0.6106429228501555,-0.6605006452329261,3.441959319131112,-1.9949003827139598,-3.704886690427288,-3.556718179311224,-0.11046789227565545,0.1657665475880045,2.2623628374711586,2.3492146523467414
4,back,0.1499999999999968,"(np.float64(0.0), np.float64(0.0))",-0.6004669269641218,-0.6566069008022586,3.4023774684281083,-2.032907429232793,-4.213506724637221,-4.044740040301997,-0.10585587697534271,0.16832510228511127,2.5300714346855746,2.655804222413497
4,back,0.1599999999999966,"(np.float64(0.0), np.float64(0.0))",-0.5799321488659815,-0.6431964571803684,3.357758960247076,-2.075737536534537,-4.712330089938052,-4.521448954162117,-0.10050968540779066,0.17111764401762097,2.7328317152235986,2.9081799486389555
4,back,0.16999999999999638,"(np.float64(0.0), np.float64(0.0))",-0.5500093241174518,-0.6209810083916254,3.3082470566198667,-2.1232372777967945,-5.192160856706026,-4.978765439445102,-0.09442224593936861,0.17408060116868462,2.855736883505971,3.091718783131993
4,back,0.17999999999999616,"(np.float64(0.0), np.float64(0.0))",-0.5118459637558248,-0.5907792298944657,3.2540750288599884,-2.1751748824598587,-5.644196743778615,-5.409098428048463,-0.087599502225763,0.17713931384265758,2.888959321946853,3.195583003745836
4,back,0.18999999999999595,"(np.float64(0.0), np.float64(0.0))",-0.4667056711559109,-0.5534904606934089,3.1955611657279754,-2.2312455983122073,-6.06025149851062,-5.805441790165952,-0.08006111134423852,0.18021130360724416,2.828353742986014,3.2132566509677214
4,back,0.19999999999999574,"(np.float64(0.0), np.float64(0.0))",-0.41590257501143724,-0.5100666707010888,3.133101604752843,-2.2910779949543807,-6.432965835345155,-6.161465929349083,-0.07184080768014811,0.18320992502214462,2.675487055880651,3.1427584132212765
4,back,0.20999999999999552,"(np.float64(0.0), np.float64(0.0))",-0.36073788865563916,-0.4614853422404873,3.0671612002338655,-2.354241120205744,-6.755986554273624,-6.471596659500976,-0.06298631818509545,0.18604816771496518,2.437140325374554,2.9865469992522025
4,back,0.2199999999999953,"(np.float64(0.0), np.float64(0.0))",-0.30244483742333683,-0.4087256552017261,2.998262780447409,-2.420252380145307,-7.024122757142821,-6.731091191067111,-0.05355877088365302,0.1886423784361086,2.124409665325621,2.751169657291472
4,back,0.2299999999999951,"(np.float64(0.0), np.float64(0.0))",-0.24213949018191663,-0.35274510525936076,2.9269747723155,-2.488586229755123,-7.233507169238751,-6.936107436788095,-0.04363160281144077,0.19091569090651428,1.7515177381867102,2.4466779478800516
4,back,0.23999999999999488,"(np.float64(0.0), np.float64(0.0))",-0.18076907975633885,-0.29445763985952195,2.853898934774459,-2.5586824835452076,-7.381300817887039,-7.083510599499228,-0.03328907721033739,0.19280090770395297,1.3343109562541515,2.08579381304845
4,back,0.24999999999999467,"(np.float64(0.0), np.float64(0.0))",-0.11919738146919545,-0.23479083760409986,2.7796604744695115,-2.629953620320224,-7.465701733392917,-7.171003687533674,-0.022624528324532822,0.1942429050265199,0.8898920974504693,1.6836859622581202
4,back,0.25999999999999446,"(np.float64(0.0), np.float64(0.0))",-0.0582003143745016,-0.17464651286879382,2.7048968795123844,-2.7017943395213613,-7.486090620289948,-7.197364287279236,-0.011738127933527437,0.19520087447862325,0.43569282753688265,1.2569945746197102
4,back,0.26999999999999424,"(np.float64(0.0), np.float64(0.0))",0.0015803177633696985,-0.11482809232995705,2.630246010302592,-2.7735929220262276,-7.443026308061684,-7.162560200698375,-0.0007342986545424701,0.19564974107881342,0.0,0.8224631240446688
4,back,0.27999999999999403,"(np.float64(0.0), np.float64(0.0))",0.05963846509438786,-0.056003249327673824,2.5563347934886393,-2.844743168923204,-7.338131882059218,-7.067745846099538,0.01028094977214869,0.19558068856280925,0.0,0.3958167328037434
4,back,0.2899999999999938,"(np.float64(0.0), np.float64(0.0))",0.11557231248242009,0.0012980375312615366,2.48376935811702,-2.9146558408251564,-7.173925780656722,-6.915165395912228,0.02120252896563432,0.19500092968508462,0.0,0.0
4,back,0.2999999999999936,"(np.float64(0.0), np.float64(0.0))",0.16903538486345351,0.05665714719505069,2.413126924795305,-2.9827688055174075,-6.95364688348586,-6.707991353999266,0.0319284972048485,0.19393291132606771,0.0,0.0
4,back,0.3099999999999934,"(np.float64(0.0), np.float64(0.0))",0.21968479811909086,0.10972033585037969,2.34494935003524,-3.048555459123226,-6.681103359283224,-6.450141718438737,0.04236197170209438,0.19241312951787767,0.0,0.0
4,back,0.3199999999999932,"(np.float64(0.0), np.float64(0.0))",0.2671356447258973,0.16014479635727039,2.279737947770397,-3.111531396650064,-6.360572935033758,-6.146118121603072,0.052412767445881275,0.19049067166491807,0.0,0.0
4,back,0.32999999999999297,"(np.float64(0.0), np.float64(0.0))",0.31093003948882253,0.20754996050153227,2.2179490696394497,-3.17125950712849,-5.996753833743064,-5.8008549513594465,0.06199883110067353,0.18822552562228656,0.0,0.0
4,back,0.33999999999999275,"(np.float64(0.0), np.float64(0.0))",0.35052091060392965,0.25147115033924805,2.1599899703021044,-3.227353744819648,-5.594756580244716,-5.419605512411665,0.07104751359479398,0.18568664089018222,0.0,0.0
4,back,0.34999999999999254,"(np.float64(0.0), np.float64(0.0))",0.3852678801120243,0.29132354722479936,2.106214524602577,-3.2794820865746854,-5.160141721973044,-5.0078970229722914,0.07949668536366215,0.18294971387802758,0.0,0.0
4,back,0.3599999999999923,"(np.float64(0.0), np.float64(0.0))",0.414447007733362,0.3263863231291335,2.0569184593240966,-3.327369225705381,-4.698977330669278,-4.57152449592162,0.08729566365822117,0.18009466715896982,0.0,0.0
4,back,0.3699999999999921,"(np.float64(0.0), np.float64(0.0))",0.4372667602278494,0.3557982792108776,2.012333970072736,-3.370799427551162,-4.217902285879485,-4.11659071915711,0.09440589037581731,0.17720283055980796,0.0,0.0
4,back,0.3799999999999919,"(np.float64(0.0), np.float64(0.0))",0.45288608421502635,0.3785674111622914,1.9726237264434345,-3.4096199789484114,-3.7241837354853145,-3.649586730994963,0.10080130641431845,0.17435389782028154,0.0,0.0
4,back,0.3899999999999917,"(np.float64(0.0), np.float64(0.0))",0.46043109913474667,0.39359297941238763,1.9378742288823607,-3.44374575221671,-3.225815829510298,-3.1775690301624175,0.1064684080107365,0.17162277665719156,0.0,0.0
4,back,0.3999999999999915,"(np.float64(0.0), np.float64(0.0))",0.459024561172595,0.3997172684173132,1.908087248529397,-3.4731668223994796,-2.731733220810792,-2.708504839362687,0.11140600457686148,0.16907646328062229,0.0,0.0
4,back,0.40999999999999126,"(np.float64(0.0), np.float64(0.0))",0.44785090746269446,0.3958295939752282,1.883172798940236,-3.497955117861463,-2.251282113088463,-2.250726882890864,0.11562453040276924,0.1667709269281157,0.0,0.0
4,back,0.41999999999999105,"(np.float64(0.0), np.float64(0.0))",0.42599764535916607,0.38070258477054525,1.8629457069926614,-3.518267959205229,-1.794170477410848,-1.8130242996749402,0.11914544074275907,0.1647485937018928,0.0,0.0
4,back,0.42999999999999083,"(np.float64(0.0), np.float64(0.0))",0.39243833274952983,0.353017437537131,1.847121061236904,-3.534354242415306,-1.3706525410296395,-1.4049653913968987,0.12200136099704088,0.1630367174368201,0.0,0.0
4,back,0.4399999999999906,"(np.float64(0.0), np.float64(0.0))",0.34608651359096687,0.31146030928211,1.835307993332194,-3.546563385750031,-0.9916806516685359,-1.0371302789826937,0.12423665728609462,0.16164609073248815,0.0,0.0
4,back,0.4499999999999904,"(np.float64(0.0), np.float64(0.0))",0.2858408662357626,0.2547933402689843,1.8270020158657405,-3.5553563321880106,-0.6690417151608468,-0.7212855864187504,0.1259083630403152,0.160570133595517,0.0,0.0
4,back,0.4599999999999902,"(np.float64(0.0), np.float64(0.0))",0.2106265899320998,0.18190951853136092,1.8215761339274708,-3.5613179376061463,-0.41546263925337323,-0.47047843319082855,0.12708740789127507,0.15978443359393005,0.0,0.0
4,back,0.46999999999999,"(np.float64(0.0), np.float64(0.0))",0.1378083963228217,0.11024433581386794,1.8183574287898465,-3.5650857045075326,-0.22752396600486366,-0.2823353679578966,0.12786006549502874,0.15924673610252807,0.0,0.0
4,back,0.47999999999998977,"(np.float64(0.0), np.float64(0.0))",0.08335801743084338,0.05606207638482011,1.816774397642409,-3.5672007948613147,-0.09742055985169207,-0.14226535340367918,0.12831901849447402,0.15890495666388393,0.0,0.0
4,back,0.48999999999998956,"(np.float64(0.0), np.float64(0.0))",0.04527681427335449,0.015310126230824141,1.8161462324631745,-3.5681597605680424,-0.03772152257914104,-0.060092730252435334,0.12854461394271316,0.1587125225097168,0.0,0.0
4,back,0.49999999999998934,"(np.float64(0.0), np.float64(0.0))",0.027744002199129803,-0.00876628129051239,1.815909222573272,-3.568567290095823,-0.013416707333174616,-0.02677186083320017,0.12862550906931453,0.15862518435157846,0.0,0.00023468966273428407
4,back,0.5099999999999891,"(np.float64(0.0), np.float64(0.0))",0.020594763559281373,-0.018518024399614468,1.8158326003639185,-3.568757943434728,-0.0034209359632332327,-0.013466732745851494,0.1286411506923719,0.15858806996715755,0.0,0.0002493772855707651
4,back,0.5199999999999889,"(np.float64(0.0), np.float64(0.0))",0.017642005473911093,-0.022395170822476274,1.8158221550577172,-3.56886167090155,0.0007112194221574305,-0.00811891430447648,0.12863090288055717,0.1585707184022483,1.2547336938853273e-05,0.0001818244727417969
4,back,0.5299999999999887,"(np.float64(0.0), np.float64(0.0))",0.01640862604201468,-0.02393727987479553,1.815839040605725,-3.5689304523215664,0.0024081558609218073,-0.005977061685287429,0.12861247440316775,0.15856128566751748,3.9514528972751846e-05,0.00014307459838964223
4,back,0.5399999999999885,"(np.float64(0.0), np.float64(0.0))",0.015889413781580673,-0.024538566808542387,1.8158670344491818,-3.568985349794421,0.003065486350982686,-0.005132935456266734,0.1285934491199845,0.15855503358963224,4.8708781072551745e-05,0.00012595487961753726
4,back,0.5499999999999883,"(np.float64(0.0), np.float64(0.0))",0.015675418328488292,-0.024758866193535775,1.815898260200521,-3.5690344329989885,0.0031220078073271426,-0.004734299548153836,0.12857669988851284,0.15855004330076777,4.893877840465944e-05,0.0001172158890328577
4,back,0.5599999999999881,"(np.float64(0.0), np.float64(0.0))",0.01563972644078151,-0.02484900704322919,1.815929415653122,-3.569080959310937,0.0031060080415081666,-0.0046021128825667204,0.1285630304002585,0.1585455803709775,4.857711609205527e-05,0.00011435793543263623
4,back,0.5699999999999878,"(np.float64(0.0), np.float64(0.0))",0.015625833098966528,-0.024860747255736254,1.8159603155205268,-3.5691268105090197,0.0030727036197461784,-0.004580609308251482,0.12855231575743933,0.15854134883302765,4.8013553924744095e-05,0.00011387737028971298
4,back,0.5799999999999876,"(np.float64(0.0), np.float64(0.0))",0.015617284505052252,-0.02483968760918117,1.815990850424276,-3.5691726767048784,0.0030344300070627383,-0.004597491698357377,0.12854403168692788,0.1585371779081461,4.73895567309665e-05,0.00011420025757300102
4,back,0.5899999999999874,"(np.float64(0.0), np.float64(0.0))",0.015610445646607723,-0.0248071031746342,1.816021009210357,-3.5692187734209604,0.002998256455473506,-0.004623656724133347,0.12853763734818116,0.15853300512856355,4.6804119432759893e-05,0.00011469952939966712
4,back,0.5999999999999872,"(np.float64(0.0), np.float64(0.0))",0.015603202440435934,-0.024771595637252196,1.8160508303259038,-3.569265128761361,0.0029672128723274268,-0.004648072523604091,0.12853265660541116,0.15852881109810704,4.629802313079223e-05,0.0001151401730473429
4,back,0.609999999999987,"(np.float64(0.0), np.float64(0.0))",0.015594622846051726,-0.024736457693170715,1.8160803697243033,-3.5693117038806625,0.0029419695102621242,-0.004667267532456254,0.1285287043056608,0.15852459339458227,4.587890493712133e-05,0.0001154516658593134
4,back,0.6199999999999868,"(np.float64(0.0), np.float64(0.0))",0.015584472215631582,-0.02470275411893403,1.816109683641487,-3.5693584429215455,0.002922049909870477,-0.004680833219029932,0.12852548464607558,0.15852035563660544,4.553860563306522e-05,0.00011562947208143488
4,back,0.6299999999999866,"(np.float64(0.0), np.float64(0.0))",0.015572859745438894,-0.02467064098843217,1.816138821001725,-3.569405292568394,0.0029065474949367177,-0.004689479838733094,0.12852277833849662,0.1585161029592324,4.526325648210627e-05,0.00011569247352387495
4,back,0.6399999999999864,"(np.float64(0.0), np.float64(0.0))",0.015560028053776142,-0.024639937214412034,1.8161678211653047,-3.569452208493442,0.0028944963134023196,-0.00469420687996341,0.12852042696666158,0.15851184024694845,4.503844383809171e-05,0.00011566496279375943
4,back,0.6499999999999861,"(np.float64(0.0), np.float64(0.0))",0.015546243310088671,-0.02461036954701413,1.8161967142729993,-3.569499156315425,0.002885035860879303,-0.004695969252016224,0.12851831834301092,0.1585075715544848,4.485146945156078e-05,0.0001155695386735348
4,back,0.6599999999999859,"(np.float64(0.0), np.float64(0.0))",0.015531745581228813,-0.02458167214220855,1.8162255226318598,-3.569546110469584,0.0028774652495869107,-0.004695563947806338,0.1285163742731148,0.15850330002401253,4.4692058175410966e-05,0.00011542481348774984
4,back,0.6699999999999857,"(np.float64(0.0), np.float64(0.0))",0.015516731749300273,-0.024553621240976112,1.8162542623430293,-3.5695930524865114,0.0028712437750167885,-0.004693611702267496,0.12851454096749831,0.15849902799065704,4.455231944378377e-05,0.00011524516398968924
4,back,0.6799999999999855,"(np.float64(0.0), np.float64(0.0))",0.015501354364969569,-0.024526041704481357,1.8162829448072408,-3.569639969304824,0.0028659693376777463,-0.004690575911046944,0.1285127818347538,0.15849475714078803,4.442640630247988e-05,0.00011504126041237299
4,back,0.6899999999999853,"(np.float64(0.0), np.float64(0.0))",0.015485727217644378,-0.024498802350859966,1.8163115779753785,-3.5696868518424116,0.0028613507757012132,-0.004686792631757711,0.12851107222204577,0.15849048866662302,4.431009758650413e-05,0.00011482080634489898
4,back,0.6999999999999851,"(np.float64(0.0), np.float64(0.0))",0.01546993288535477,-0.024471807812094137,1.816340167324987,-3.569733693872853,0.0028571815110597074,-0.004682500428823154,0.12850939566103517,0.15848622339692892,4.42004062173702e-05,0.00011458925057420861
4,back,0.7099999999999849,"(np.float64(0.0), np.float64(0.0))",0.015454030054982066,-0.024444990254709555,1.8163687165924967,-3.5697804911806847,0.0028533173363436202,-0.004677865869791639,0.1285077412346919,0.15848196189971864,4.409525187225568e-05,0.00011435038559989505
4,back,0.7199999999999847,"(np.float64(0.0), np.float64(0.0))",0.015438059746891124,-0.024418302237720093,1.8163972283066556,-3.5698272409454583,0.002849658917266116,-0.004673003700873476,0.12850610175639865,0.15847770455942123,4.399320462301537e-05,0.00011410681672591306
4,back,0.7299999999999844,"(np.float64(0.0), np.float64(0.0))",0.015422050244118997,-0.024391711029531388,1.8164257041687788,-3.5698739413025913,0.0028461385953460457,-0.004667992085921785,0.12850447252569078,0.1584734516331307,4.389329241915299e-05,0.00011386031404794363
4,back,0.7399999999999842,"(np.float64(0.0), np.float64(0.0))",0.015406020823421114,-0.024365194299737127,1.8164541453191902,-3.569920591035651,0.0028427107326673305,-0.004662883758337234,0.12850285048668414,0.15846920329070202,4.3794860742435587e-05,0.0001136120687689752
4,back,0.749999999999984,"(np.float64(0.0), np.float64(0.0))",0.015389984491977858,-0.024338736958176753,1.8164825525213306,-3.569967189363738,0.0028393448069794695,-0.004657713995242277,0.12850123366395186,0.15846495964284132,4.3697472546791904e-05,0.0001133628757566203
4,back,0.7599999999999838,"(np.float64(0.0), np.float64(0.0))",0.015373949948399994,-0.02431232889025287,1.8165109262874886,-3.5700137357962807,0.002836020560818776,-0.004652506218337286,0.12849962078739807,0.15846072076051237,4.360083815466114e-05,0.00011311326134416271
4,back,0.7699999999999836,"(np.float64(0.0), np.float64(0.0))",0.01535792296255344,-0.024285963363798842,1.8165392669638059,-3.5700602300348443,0.0028327246424671455,-0.00464727587162722,0.12849801104461647,0.1584564866881884,4.350476683313715e-05,0.000112863571559805
4,back,0.7799999999999834,"(np.float64(0.0), np.float64(0.0))",0.01534190733226855,-0.024259635924673686,1.8165675747872423,-3.5701066719073147,0.002829448307816045,-0.004642033074276712,0.12849640391849887,0.15845225745281316,4.340913373995782e-05,0.00011261403233224675
4,back,0.7899999999999832,"(np.float64(0.0), np.float64(0.0))",0.01532590553860202,-0.02423334364039661,1.8165958499234516,-3.5701530613241164,0.002826185864195575,-0.004636784417120584,0.12849479908141007,0.15844803306980657,4.33138575891937e-05,0.00011236479016651922
4,back,0.799999999999983,"(np.float64(0.0), np.float64(0.0))",0.015309919189962586,-0.02420708458746244,1.8166240924917845,-3.5701993982492906,0.0028229336260654774,-0.004631534168536233,0.12849319632663236,0.15844381354705916,4.321888569369052e-05,0.00011211593938747912
4,back,0.8099999999999827,"(np.float64(0.0), np.float64(0.0))",0.01529394932040188,-0.024180857506933228,1.816652302581687,-3.5702456826815143,0.0028196892198019134,-0.004626285077525664,0.12849159552420295,0.15843959888757134,4.312418402693398e-05,0.00011186754024609962
4,back,0.8199999999999825,"(np.float64(0.0), np.float64(0.0))",0.015277996588339447,-0.02415466157490214,1.8166804802633896,-3.570291914641715,0.0028164511242229125,-0.004621038904776399,0.12848999659262267,0.15843538909118468,4.3029730667102456e-05,0.00011161963086933036
4,back,0.8299999999999823,"(np.float64(0.0), np.float64(0.0))",0.015262061407991589,-0.024128496250606563,1.8167086255948341,-3.5703380941650336,0.0028132183689287527,-0.004615796771570102,0.12848839948082738,0.15843118415571217,4.293551150068056e-05,0.00011137223509639109
4,back,0.8399999999999821,"(np.float64(0.0), np.float64(0.0))",0.01524614403571309,-0.024102361176577266,1.816736738626139,-3.570384221295639,0.0028099903374744274,-0.0046105593876521215,0.12848680415676128,0.15842698407767086,4.284151742409715e-05,0.00011112536758725034
4,back,0.8499999999999819,"(np.float64(0.0), np.float64(0.0))",0.01523024462636645,-0.02407625611338944,1.8167648194024613,-3.570430296083396,0.0028067666396855598,-0.004605327199213183,0.12848521060017287,0.1584227888527555,4.2747742531535616e-05,0.00011087903713421506
4,back,0.8599999999999817,"(np.float64(0.0), np.float64(0.0))",0.01521436326990978,-0.024050180897266866,1.8167928679658216,-3.570476318581739,0.0028035470292957117,-0.004600100484476089,0.12848361879809736,0.15841859847614176,4.265418294798135e-05,0.00011063324879725489
4,back,0.8699999999999815,"(np.float64(0.0), np.float64(0.0))",0.015198500015010517,-0.02402413541268222,1.816820884356263,-3.570522288846317,0.0028003313510924365,-0.004594879415131106,0.1284820287420404,0.1584144129426806,4.2560836081612816e-05,0.00011038800527405578
4,back,0.8799999999999812,"(np.float64(0.0), np.float64(0.0))",0.01518265488420668,-0.023998119574738862,1.8168488686125819,-3.5705682069341376,0.002797119507178607,-0.0045896640956219,0.12848044042623083,0.15841023224702208,4.246770014737506e-05,0.00011014330777462007
4,back,0.889999999999981,"(np.float64(0.0), np.float64(0.0))",0.015166827883589494,-0.02397213331789932,1.8168768207727872,-3.5706140729030276,0.0027939114355527914,-0.004584454588145078,0.12847885384654517,0.15840605638369276,4.237477386502163e-05,0.00010989915657686902
4,back,0.8999999999999808,"(np.float64(0.0), np.float64(0.0))",0.01515101900895403,-0.023946176588808366,1.8169047408743872,-3.5706598868112955,0.00279070709657189,-0.004579250928487717,0.12847726899984835,0.15840188534714528,4.2282056268583616e-05,0.00010965555137803155
4,back,0.9099999999999806,"(np.float64(0.0), np.float64(0.0))",0.015135228249688291,-0.023920249341744797,1.8169326289545678,-3.5707056487175195,0.0027875064644426436,-0.004574053136007412,0.12847568588359295,0.15839771913178924,4.218954658682103e-05,0.00010941249151568701
4,back,0.9199999999999804,"(np.float64(0.0), np.float64(0.0))",0.015119455591218762,-0.02389435153575451,1.8169604850503025,-3.5707513586804165,0.0027843095219040547,-0.00456886121989639,0.12847410449557786,0.15839355773201025,4.20972441686359e-05,0.00010916997610628053
4,back,0.9299999999999802,"(np.float64(0.0), np.float64(0.0))",0.015103701016539491,-0.023868483132849623,1.81698830919842,-3.570797016758763,0.002781116256917398,-0.004563675183090258,0.12847252483380278,0.15838940114218183,4.200514843671781e-05,0.00010892800413139424
4,back,0.93999999999998,"(np.float64(0.0), np.float64(0.0))",0.01508796450716497,-0.02384264409688353,1.817016101435646,-3.5708426230113437,0.002777926660620513,-0.004558495024697492,0.1284709468963837,0.15838524935667314,4.191325885894961e-05,0.00010868657449127661
4,back,0.9499999999999797,"(np.float64(0.0), np.float64(0.0))",0.01507224604371841,-0.023816834392852964,1.817043861798628,-3.570888177496922,0.002774740726070131,-0.004553320741499641,0.12846937068150188,0.1583811023698532,4.182157493085488e-05,0.00010844568603783941
4,back,0.9599999999999795,"(np.float64(0.0), np.float64(0.0))",0.01505654560629438,-0.023791053986465274,1.8170715903239494,-3.570933680274222,0.0027715584474760314,-0.004548152328872675,0.12846779618737494,0.15837696017609346,4.173009616493331e-05,0.00010820533759487757
4,back,0.9699999999999793,"(np.float64(0.0), np.float64(0.0))",0.015040863174679769,-0.023765302843873442,1.8170992870481404,-3.570979131401916,0.0027683798197310526,-0.004542989781354606,0.12846622341224065,0.15837282276976988,4.16388220841194e-05,0.0001079655279705146
4,back,0.9799999999999791,"(np.float64(0.0), np.float64(0.0))",0.015025198728488657,-0.023739580931512502,1.8171269520076816,-3.57102453093862,0.0027652048381318454,-0.004537833092984419,0.12846465235434734,0.15836869014526367,4.1547752217909286e-05,0.00010772625596459931
4,back,0.9899999999999789,"(np.float64(0.0), np.float64(0.0))",0.015009552247243695,-0.02371388821600101,1.8171545852390083,-3.5710698789428887,0.002762033498212328,-0.004532682257510193,0.12846308301194914,0.15836456229696194,4.145688610005521e-05,0.00010748752037324784
4,back,0.9999999999999787,"(np.float64(0.0), np.float64(0.0))",0.014993923710423525,-0.02368822466408213,1.8171821867785116,-3.571115175473213,0.0027588657956432875,-0.004527537268513579,0.12846151538330325,0.1583604392192583,4.136622326717235e-05,0.0001072493199915544
5,go,0.0,"(np.float64(0.0), np.float64(0.0))",0.014978313097492249,-0.023662590242586493,1.6938431653998487,-3.8084952712705253,0.002755701726174691,-0.004522398119482738,0.1468645017828859,0.13576014879249204,4.127576325794437e-05,0.00010701165361516375
5,go,0.009999999999999787,"(np.float64(0.0), np.float64(0.0))",-0.0008267105178524073,0.0013567194358448215,1.6938598420899231,-3.8085234742959,0.000956425971117579,-0.001661191820588299,0.1468645017828859,0.13576014879249204,0.0,0.0
5,go,0.019999999999999574,"(np.float64(0.0), np.float64(0.0))",0.02350178007396517,0.02431399324074612,1.6938814315380166,-3.808518247895633,0.0030368981221285257,0.0020801712733251212,0.14686303428759723,0.13575788962182234,7.137251177330243e-05,5.0577270279221246e-05
5,go,0.02999999999999936,"(np.float64(0.0), np.float64(0.0))",0.09035143364494047,0.09067519735754696,1.6939732390769335,-3.8084440469709455,0.015306724387855634,0.011222226570146342,0.14686079957314785,0.13575869882148356,0.0013829844928507304,0.0010175776090391268
5,go,0.03999999999999915,"(np.float64(0.0), np.float64(0.0))",0.1920740872798309,0.1933467462516467,1.6946943863626986,-3.8079917475170917,0.12823855771696274,0.07857744195418409,0.14685082781888648,0.13576679724159643,0.024631303927567537,0.015192692730619128
5,go,0.049999999999998934,"(np.float64(0.0), np.float64(0.0))",0.2956789666458482,0.3107859197003313,1.6969737224573114,-3.80632509438159,0.32655630156953674,0.2536665581403429,0.14677480512710486,0.1358185095599608,0.0965558297997706,0.07883599456886403
5,go,0.05999999999999872,"(np.float64(0.0), np.float64(0.0))",0.3998872665822611,0.4223304177121354,1.7016806956469408,-3.8024233981071234,0.6136102243100112,0.5255524419121861,0.14652692747633528,0.13600372168029784,0.2453749153462585,0.22195678232240634
5,go,0.06999999999999851,"(np.float64(0.0), np.float64(0.0))",0.4980836820622829,0.5255604110318445,1.7096676426664805,-3.795348449831866,0.9825137683493403,0.8885430840707411,0.1459989477799948,0.13642755339654172,0.48937407541632827,0.46698306848372145
5,go,0.0799999999999983,"(np.float64(0.0), np.float64(0.0))",0.5869565802863642,0.6167543790667277,1.7217149993278593,-3.7842397124281577,1.4257487989646076,1.3327692688500816,0.14508100616895517,0.1371846445133888,0.8368526393876571,0.8219912828488488
5,go,0.08999999999999808,"(np.float64(0.0), np.float64(0.0))",0.6636558880300047,0.6937195121157482,1.7385157511662916,-3.768337883053993,1.9333240982591298,1.8478126627584421,0.1436674461307864,0.13835587046415765,1.283061921279971,1.281863698890088
5,go,0.09999999999999787,"(np.float64(0.0), np.float64(0.0))",0.7263614614386489,0.7547240106188012,1.7606560627364625,-3.7469906251642864,2.4938566123106103,2.4226497501253723,0.14165821828893704,0.14000285733619014,1.8114413335363728,1.8284319357392576
5,go,0.10999999999999766,"(np.float64(0.0), np.float64(0.0))",0.7739769226762103,0.7985239320700069,1.7886047631531692,-3.719658573502251,3.0952484241001645,3.0456389181655394,0.13896061740912763,0.142164140205143,2.395650850203435,2.4320155645989887
5,go,0.11999999999999744,"(np.float64(0.0), np.float64(0.0))",0.8059394650926576,0.824377256864073,1.8227080839163452,-3.685921786878033,3.725055435087994,3.704443823660758,0.13549061535330162,0.14485200519995847,3.0021691847953145,3.0538592375565137
5,go,0.12999999999999723,"(np.float64(0.0), np.float64(0.0))",0.8221189944269783,0.8320773383295513,1.8631870751544057,-3.6454871538895803,4.370658569320957,4.385933302561712,0.13117433177984206,0.14805038809876453,3.593201427993801,3.649435708486488
5,go,0.13999999999999702,"(np.float64(0.0), np.float64(0.0))",0.8227749061995767,0.8219939616515177,1.910136337521631,-3.5981964601991834,5.0193637186202285,5.07616895942844,0.125949886936108,0.15171410437621194,4.129806512769317,4.172580232973045
5,go,0.1499999999999968,"(np.float64(0.0), np.float64(0.0))",0.80853345138823,0.7950884957760307,1.9635238652428488,-3.5440337626584415,5.658528838350535,5.7605715215337785,0.11976968700008978,0.15576961868515532,4.57510985145139,4.580164145866532
5,go,0.1599999999999966,"(np.float64(0.0), np.float64(0.0))",0.7803562902411829,0.7528750000247597,2.0231924889442614,-3.4831301613717653,6.2757560060340944,6.424280865640866,0.1126030674020201,0.16011748400565934,4.897325675327589,4.8366804568784305
5,go,0.16999999999999638,"(np.float64(0.0), np.float64(0.0))",0.7394885973651526,0.6973216676705131,2.0888635137111744,-3.415764264680128,6.859135219928636,7.052656469675447,0.10443910800480477,0.16463646512160984,5.072252282922944,4.917970170941316
5,go,0.17999999999999616,"(np.float64(0.0), np.float64(0.0))",0.6873903276879619,0.630707557796476,2.1601429039967597,-3.3423573246056733,7.397508376679254,7.631839493102742,0.09528931938009368,0.16918920931990844,5.0849757071199955,4.8134588481895255
5,go,0.18999999999999595,"(np.float64(0.0), np.float64(0.0))",0.6256599005884079,0.5554576408205971,2.2365300620854436,-3.263462781971815,7.880734200766277,8.1493172059009,0.08518981528868697,0.17362916802526962,4.930659376615095,4.526600509488414
5,go,0.19999999999999574,"(np.float64(0.0), np.float64(0.0))",0.5559560423545439,0.4739737852462877,2.317430004660574,-3.1797492390754982,8.300199785485901,8.594817108379182,0.07420256989279704,0.17780834060674916,4.614546223490776,4.073717998358034
5,go,0.20999999999999552,"(np.float64(0.0), np.float64(0.0))",0.47984360631957246,0.38836289369100746,2.402167827828578,-3.091977458049126,8.648295293482828,8.960052865288281,0.06241551081136083,0.18158549541830213,4.149829202141386,3.4797520583877595
5,go,0.2199999999999953,"(np.float64(0.0), np.float64(0.0))",0.3989490720582325,0.30050591004099453,2.489995004068962,-3.000984295776274,8.917869496626334,9.238161975513394,0.049941030290092184,0.1848343333809619,3.557775760415493,2.7761222715577643
5,go,0.2299999999999951,"(np.float64(0.0), np.float64(0.0))",0.31512669362467016,0.21222346786346966,2.5800968012786876,-2.9076660198331936,9.102901299180461,9.424215450893549,0.036911695970125696,0.1874491535219785,2.8685671888024533,2.0000396848811213
5,go,0.23999999999999488,"(np.float64(0.0), np.float64(0.0))",0.23025917954542036,0.1251195646963984,2.6716077831250913,-2.8129566304782068,9.199427123077312,9.515742203707436,0.023474669591593472,0.18934828122398656,2.1182525416476685,1.1906055222910212
5,go,0.24999999999999467,"(np.float64(0.0), np.float64(0.0))",0.14597676539635485,0.040417827367071724,2.7636352347173196,-2.7178005537586127,9.206014176298682,9.513235539468141,0.009786173407988735,0.19047605316920274,1.3438641716490696,0.3845043117365148
5,go,0.25999999999999446,"(np.float64(0.0), np.float64(0.0))",0.0635077662560101,-0.041200231611492916,2.8552837188371694,-2.6231254950424203,9.123572297251775,9.419495806072039,-0.003993599178011092,0.1908040588316497,0.5794176968736747,0.0
5,go,0.26999999999999424,"(np.float64(0.0), np.float64(0.0))",-0.016273121974953786,-0.11940770829550368,2.945677466673654,-2.529822879489949,8.955154582232819,9.238917161518277,-0.017705506074201793,0.19033123016212122,0.0,0.0
5,go,0.27999999999999403,"(np.float64(0.0), np.float64(0.0))",-0.0927918568828969,-0.194023484972597,3.0339806330822956,-2.438734484131132,8.705709402485233,8.976964218072856,-0.031195921353794176,0.1890824815034012,0.0,0.0
5,go,0.2899999999999938,"(np.float64(0.0), np.float64(0.0))",-0.1657062194435575,-0.26485665579401263,3.11941467353348,-2.3506435736517277,8.381742373781917,8.63980348075367,-0.04432038187259521,0.18710649314946992,0.0,0.0
5,go,0.2999999999999936,"(np.float64(0.0), np.float64(0.0))",-0.23480824269503928,-0.3315946884776657,3.2012720194969013,-2.2662690225441375,7.99091190749999,8.234084815044685,-0.05694643665496049,0.1844730930849817,0.0,0.0
5,go,0.3099999999999934,"(np.float64(0.0), np.float64(0.0))",-0.2999044939202614,-0.3937348029612713,3.2789256387366743,-2.186260962847473,7.541614847513618,7.766862082749762,-0.06895585238370511,0.18127045987407675,0.0,0.0
5,go,0.3199999999999932,"(np.float64(0.0), np.float64(0.0))",-0.36069091352116733,-0.4505561851437466,3.3518346772687906,-2.1111966870991257,7.042625331350621,7.24562379424929,-0.08024635680170239,0.17760216137280938,0.0,0.0
5,go,0.32999999999999297,"(np.float64(0.0), np.float64(0.0))",-0.4166412701695108,-0.5011250524205864,3.419546958801364,-2.0415758963056096,6.502836977324621,6.678391203300716,-0.09073304446281451,0.17358390339213278,0.0,0.0
5,go,0.33999999999999275,"(np.float64(0.0), np.float64(0.0))",-0.4669247282399649,-0.544320344970834,3.4816995126673325,-1.9778148223240448,5.931135271747654,6.073840228827531,-0.1003494694921816,0.16933982083336302,0.0,0.0
5,go,0.34999999999999254,"(np.float64(0.0), np.float64(0.0))",-0.5103612923628756,-0.578867240494237,3.538018457340858,-1.9202391485162889,5.336403317668957,5.441414019557614,-0.10904836188934577,0.16499820003134835,0.0,0.0
5,go,0.3599999999999923,"(np.float64(0.0), np.float64(0.0))",-0.5454168737849795,-0.6033685828395132,3.5883188441271074,-1.869076406352016,4.727430440285003,4.791248294689283,-0.1168018700212836,0.1606866419235229,0.0,0.0
5,go,0.3699999999999921,"(np.float64(0.0), np.float64(0.0))",-0.5701691898357066,-0.6162804578717412,3.6325025462503953,-1.8244505156513093,4.1128702526164345,4.133999608568106,-0.12360124798977822,0.1565267120582764,0.0,0.0
5,go,0.3799999999999919,"(np.float64(0.0), np.float64(0.0))",-0.5822873287123842,-0.6158573603590878,3.670564085260645,-1.786372030229444,3.5026863996435105,3.481753737033216,-0.12945589417697972,0.15262784560139162,0.0,0.0
5,go,0.3899999999999917,"(np.float64(0.0), np.float64(0.0))",-0.5794623801941268,-0.6004239741192098,3.7026052506341958,-1.7547230928130517,2.9083922311235675,2.8481097074752815,-0.1343921726745348,0.14908204574639528,0.0,0.0
5,go,0.3999999999999915,"(np.float64(0.0), np.float64(0.0))",-0.559481520876831,-0.5684028197162204,3.7288538286182087,-1.7292405693030708,2.3437972116129493,2.2485882584178967,-0.13845246652199916,0.1459598644575343,0.0,0.0
5,go,0.40999999999999126,"(np.float64(0.0), np.float64(0.0))",-0.5204565861157543,-0.5184403234066943,3.749682967513424,-1.7095006615554433,1.8238294049327903,1.6994787954079964,-0.14169460589529137,0.14330746629889185,0.0,0.0
5,go,0.41999999999999105,"(np.float64(0.0), np.float64(0.0))",-0.4604758461642022,-0.44906354786766717,3.7656159275013756,-1.6949174826780564,1.3637042094445198,1.216956526561558,-0.14419167526432092,0.14114468289518278,0.0,0.0
5,go,0.42999999999999083,"(np.float64(0.0), np.float64(0.0))",-0.37735088828185653,-0.3584095993115335,3.777334455891641,-1.6847401886326614,0.9800575402797094,0.8179220772263711,-0.1460315376727859,0.13946206220784702,0.0,0.0
5,go,0.4399999999999906,"(np.float64(0.0), np.float64(0.0))",-0.27532077285659745,-0.2508384092282392,3.7856681697607857,-1.6780710464599609,0.6860029007291724,0.514966723459274,-0.1473172693337939,0.1382186863188911,0.0,0.0
5,go,0.4499999999999904,"(np.float64(0.0), np.float64(0.0))",-0.19210460931292309,-0.16395328840173035,3.791413452950192,-1.6740547142506004,0.4618301645981335,0.28773604782100215,-0.14816556716737916,0.13734416016370238,0.0,0.0
5,go,0.4599999999999902,"(np.float64(0.0), np.float64(0.0))",-0.1282999583872552,-0.09819388503586508,3.795170347636114,-1.6720205386004177,0.2857444879067676,0.12817957207782715,-0.1486849935266764,0.13675945418986432,0.0,0.0
5,go,0.46999999999999,"(np.float64(0.0), np.float64(0.0))",-0.07772839219139856,-0.05154744770302222,3.797315391165053,-1.6711803278366761,0.1424459620458976,0.05258676842265743,-0.14895937038943366,0.13639871203066148,0.0,0.0
5,go,0.47999999999998977,"(np.float64(0.0), np.float64(0.0))",-0.03602586055050107,-0.029373733064716214,3.798264604602267,-1.6708338738362154,0.057470272386468804,0.02131668038440434,-0.14907952417192155,0.13621193956167316,0.0,0.0
5,go,0.48999999999998956,"(np.float64(0.0), np.float64(0.0))",-0.011102681715000827,-0.020200579053516732,3.7986394556336265,-1.6706987781547087,0.02311176830277243,0.007592117323146939,-0.14912676323627871,0.13614697313604143,0.0,0.0
5,go,0.49999999999998934,"(np.float64(0.0), np.float64(0.0))",-0.001020041108707603,-0.01616426754404354,3.7987918869454145,-1.6706571982826188,0.009555495498218368,0.0015523043031845174,-0.14914168315670845,0.1361403920130788,0.0,0.0
5,go,0.5099999999999891,"(np.float64(0.0), np.float64(0.0))",0.0029553819455858197,-0.01437727156130873,3.7988562326318718,-1.6706567179795049,0.004172447270183255,-0.0010904776155014101,-0.1491432273513243,0.13615471904344714,1.233117533120843e-05,1.567809280959218e-05
5,go,0.5199999999999889,"(np.float64(0.0), np.float64(0.0))",0.004531689002121973,-0.01358472516757132,3.7988856056625724,-1.670674089642347,0.002045087200385897,-0.002221462624617587,-0.14913964169415503,0.13617420893217594,9.267699174369184e-06,3.0177959225461572e-05
5,go,0.5299999999999887,"(np.float64(0.0), np.float64(0.0))",0.005152273204640815,-0.013235006667131139,3.7989012879414985,-1.6706989486369315,0.0012299329329269085,-0.0026783229452953467,-0.1491344537936779,0.13619257745939975,6.3369504938246e-06,3.544762203771422e-05
5,go,0.5399999999999885,"(np.float64(0.0), np.float64(0.0))",0.00538741011752284,-0.013083033174177184,3.798911885284943,-1.6707266845001085,0.0009457412479511431,-0.002837454333120733,-0.14912910500716936,0.13620773317384471,5.095095967770665e-06,3.7122509170431344e-05
5,go,0.5499999999999883,"(np.float64(0.0), np.float64(0.0))",0.005466309216948838,-0.013018652239923333,3.798920843623687,-1.670755238818663,0.000852787361061831,-0.002829433667966822,-0.1491241185718263,0.13621938083046806,4.661599411869763e-06,3.6835412959190764e-05
5,go,0.5599999999999881,"(np.float64(0.0), np.float64(0.0))",0.005488820379769144,-0.01300392584833679,3.7989289406833144,-1.670782663294312,0.0007732009880951746,-0.00264805194047116,-0.14911962768842169,0.13622792781085616,4.243961341114434e-06,3.443507107643131e-05
5,go,0.5699999999999878,"(np.float64(0.0), np.float64(0.0))",0.005507838055882801,-0.013041885681196177,3.7989365576064476,-1.6708085167638376,0.0007601297432998234,-0.0025361681100592058,-0.14911569261725902,0.1362341108823164,4.186671527555192e-06,3.307641455968753e-05
5,go,0.5799999999999876,"(np.float64(0.0), np.float64(0.0))",0.0055071892754415385,-0.013059938748604366,3.798944230472948,-1.6708335383562996,0.0007776966995177689,-0.0024738411688708605,-0.1491122464386147,0.13623852876084586,4.2829229231305375e-06,3.230821413922927e-05
5,go,0.5899999999999874,"(np.float64(0.0), np.float64(0.0))",0.005497315468675924,-0.01306362387548368,3.7989521238040944,-1.6708580620685578,0.0008017282503005839,-0.002433771325194867,-0.14910914193068395,0.13624156901402487,4.407353112051882e-06,3.179387319128322e-05
5,go,0.5999999999999872,"(np.float64(0.0), np.float64(0.0))",0.005485370004753191,-0.013060930601231528,3.7989602516950667,-1.6708822501472835,0.0008237472745466548,-0.0024056345372512424,-0.149106280676717,0.136243577459737,4.518558591295412e-06,3.14198257429642e-05
5,go,0.609999999999987,"(np.float64(0.0), np.float64(0.0))",0.005473887562896011,-0.01305485879037918,3.798968578963938,-1.6709061967634766,0.000841376393392501,-0.002385004041562435,-0.14910359342629761,0.13624483681112315,4.605599775505513e-06,3.113589097708122e-05
5,go,0.6199999999999868,"(np.float64(0.0), np.float64(0.0))",0.00546360246591945,-0.013046679969369963,3.798977060103153,-1.670929964338962,0.0008545301309729945,-0.0023695708121840905,-0.1491010300146419,0.13624556447980207,4.668812930786524e-06,3.0915032051325886e-05
5,go,0.6299999999999866,"(np.float64(0.0), np.float64(0.0))",0.005454567661116349,-0.0130370493928923,3.7989856533554733,-1.6709535971087737,0.0008638839058785295,-0.0023578776513163446,-0.1490985540571863,0.1362459213152653,4.712113215963907e-06,3.073976740260807e-05
5,go,0.6399999999999864,"(np.float64(0.0), np.float64(0.0))",0.005446605577252456,-0.013026377679265566,3.798994324795969,-1.6709771270830318,0.0008702653285211784,-0.0023488932894013804,-0.14909613942340916,0.1362460231445094,4.739991992012891e-06,3.0597571116034814e-05
5,go,0.6499999999999861,"(np.float64(0.0), np.float64(0.0))",0.005439488286162135,-0.01301495500328517,3.799003048521445,-1.6710005773897623,0.0008744279169381344,-0.002341856294770239,-0.14909376759254606,0.13624595170046722,4.756440411278138e-06,3.047915430059479e-05
5,go,0.6599999999999859,"(np.float64(0.0), np.float64(0.0))",0.005433005274351581,-0.013002995917636241,3.799011805491239,-1.6710239645682456,0.0008769841945337147,-0.0023362024235264733,-0.1490914256110718,0.1362457637435101,4.7646597544246445e-06,3.0377630575886626e-05
5,go,0.6699999999999857,"(np.float64(0.0), np.float64(0.0))",0.005426984209196394,-0.01299065977191934,3.79902058207067,-1.6710473002962858,0.0008784030737029666,-0.002331518370369253,-0.14908910453043744,0.13624549817887435,4.767079610295576e-06,3.0287961901446793e-05
5,go,0.6799999999999855,"(np.float64(0.0), np.float64(0.0))",0.005421292597787156,-0.012978063551042422,3.799029368685336,-1.6710705927158527,0.0008790302772383647,-0.0023275061598679644,-0.14908679823717846,0.13624518138009928,4.765480335223138e-06,3.0206522858209144e-05
5,go,0.6899999999999853,"(np.float64(0.0), np.float64(0.0))",0.00541583246792689,-0.012965291762452676,3.7990381587156663,-1.6710938474385626,0.0008791140993482145,-0.002323954362967546,-0.14908450259597414,0.13624483105518906,4.761134682262365e-06,3.0130746358499077e-05
5,go,0.6999999999999851,"(np.float64(0.0), np.float64(0.0))",0.00541053330309577,-0.012952404467896849,3.799046947643849,-1.6711170682929548,0.0008788293790333434,-0.0023207151407782086,-0.14908221483430034,0.1362444589935618,4.7549356229988795e-06,3.0058841158131534e-05
5,go,0.7099999999999849,"(np.float64(0.0), np.float64(0.0))",0.0054053453622806905,-0.012939443721918322,3.7990557324209027,-1.6711402578684518,0.0008782973198826262,-0.0023176864610598676,-0.14907993310807516,0.13624407298458807,4.747500344731114e-06,2.9989573527936196e-05
5,go,0.7199999999999847,"(np.float64(0.0), np.float64(0.0))",0.005400234113793629,-0.012926438580535646,3.799064511009806,-1.671163417903962,0.0008776008652491281,-0.0023147987175296636,-0.14907765619952773,0.1362436781389714,4.739250130813147e-06,2.992210344844988e-05
5,go,0.7299999999999844,"(np.float64(0.0), np.float64(0.0))",0.005395175896841665,-0.012913408882288539,3.7990732820624364,-1.6711865495609985,0.0008767961542615658,-0.002312004913811786,-0.14907538330967032,0.13624327778824308,4.7304694779154656e-06,2.9855864789911866e-05
5,go,0.7399999999999842,"(np.float64(0.0), np.float64(0.0))",0.005390154678559682,-0.012900368029182006,3.799082044694829,-1.6712096536129362,0.0008759208199328972,-0.0023092736137766694,-0.1490731139173056,0.1362428740909305,4.721348705609139e-06,2.979047949779814e-05
5,go,0.749999999999984,"(np.float64(0.0), np.float64(0.0))",0.0053851596994227355,-0.01288732498802997,3.7990907983329123,-1.6712327305745547,0.0008749998736634213,-0.0023065839678049443,-0.14907084768415818,0.1362424684374504,4.712014056652242e-06,2.9725697205281976e-05
5,go,0.7599999999999838,"(np.float64(0.0), np.float64(0.0))",0.005380183800453609,-0.012874285704850377,3.799099542607823,-1.671255780789752,0.0008740498088120337,-0.0023039222559386036,-0.14906858439158915,0.13624206171842268,4.702548622160078e-06,2.9661353364716997e-05
5,go,0.7699999999999836,"(np.float64(0.0), np.float64(0.0))",0.005375222254962533,-0.01286125408929195,3.799108277285563,-1.6712788044903621,0.0008730814232010946,-0.0023012795160260273,-0.14906632389870722,0.1362416545011974,4.6930066963848845e-06,2.9597340586093543e-05
5,go,0.7799999999999834,"(np.float64(0.0), np.float64(0.0))",0.005370271964001957,-0.012848232690899575,3.799117002220148,-1.6713018018352535,0.0008721017380022354,-0.0022986499344510203,-0.1490640661148419,0.13624124714522254,4.683423513350784e-06,2.9533589232747765e-05
5,go,0.7899999999999832,"(np.float64(0.0), np.float64(0.0))",0.0053653309088105925,-0.01283522315843729,3.7991257173226542,-1.6713247729361076,0.0008711152891468251,-0.002296029765079754,-0.149061810981574,0.13624083987697425,4.673821785996937e-06,2.9470054413212994e-05
5,go,0.799999999999983,"(np.float64(0.0), np.float64(0.0))",0.005360397781963418,-0.012822226548736188,3.799134422540914,-1.671347717874291,0.0008701249886914749,-0.002293416609514786,-0.14905955846107977,0.13624043283833517,4.664216059412726e-06,2.940670733783302e-05
5,go,0.8099999999999827,"(np.float64(0.0), np.float64(0.0))",0.005355471741144278,-0.01280924353249561,3.79914311784629,-1.6713706367118173,0.000869132694696682,-0.0022908089418155124,-0.14905730852861457,0.13624002611765476,4.654615585752658e-06,2.9343529622133462e-05
5,go,0.8199999999999825,"(np.float64(0.0), np.float64(0.0))",0.005350552246117014,-0.012796274530289642,3.7991518032251177,-1.671393529498421,0.0008681395854600441,-0.0022882057970424097,-0.14905506116769462,0.1362396197695823,4.645026208926332e-06,2.9280509560754896e-05
5,go,0.8299999999999823,"(np.float64(0.0), np.float64(0.0))",0.005345638951591385,-0.012783319801759339,3.7991604786731994,-1.6714163962760937,0.0008671464035696934,-0.0022856065686086735,-0.14905281636702572,0.13623921382766208,4.6354515916545356e-06,2.921763970752647e-05
5,go,0.8399999999999821,"(np.float64(0.0), np.float64(0.0))",0.005340731637309472,-0.012770379503685831,3.7991691441922875,-1.6714392370819722,0.0008661536140128185,-0.0022830108773474076,-0.1490505741185557,0.1362388083122921,4.6258940091281965e-06,2.915491531476914e-05
5,go,0.8499999999999819,"(np.float64(0.0), np.float64(0.0))",0.005335830162723693,-0.012757453727537144,3.7991777997878478,-1.6714620519501657,0.0008651615059682348,-0.0022804184874624972,-0.14904833441624693,0.13623840323572492,4.616354859172761e-06,2.909233333322305e-05
5,go,0.8599999999999817,"(np.float64(0.0), np.float64(0.0))",0.005330934437800893,-0.012744542523586484,3.7991864454676487,-1.6714848409129044,0.0008641702579356917,-0.0022778292529396504,-0.14904609725530682,0.1362379986051943,4.606834988152659e-06,2.902989177555861e-05
5,go,0.8699999999999815,"(np.float64(0.0), np.float64(0.0))",0.005326044404330076,-0.012731645916300141,3.7991950812408737,-1.6715076040012569,0.0008631799791642381,-0.002275243083594552,-0.14904386263170774,0.13623759442485953,4.597334897957442e-06,2.896758931383672e-05
5,go,0.8799999999999812,"(np.float64(0.0), np.float64(0.0))",0.005321160024026534,-0.012718763914092185,3.799203707117569,-1.6715303412455738,0.000862190735841414,-0.002272659923709756,-0.14904163054188974,0.13623719069700757,4.587854876645354e-06,2.890542502668314e-05
5,go,0.889999999999981,"(np.float64(0.0), np.float64(0.0))",0.005316281271006295,-0.012705896515467488,3.7992123231083004,-1.6715530526757623,0.0008612025675492146,-0.002270079738681409,-0.14903940098257717,0.13623678742279288,4.578395080404423e-06,2.884339824154546e-05
5,go,0.8999999999999808,"(np.float64(0.0), np.float64(0.0))",0.005311408127055029,-0.01269304371286289,3.7992209292239423,-1.6715757383214516,0.0008602154975505604,-0.002267502506725119,-0.14903717395066696,0.1362363846026891,4.568955584708732e-06,2.8781508436888116e-05
5,go,0.9099999999999806,"(np.float64(0.0), np.float64(0.0))",0.005306540578669481,-0.012680205495036194,3.799229525475549,-1.671598398212095,0.0008592295391614868,-0.0022649282137772076,-0.14903494944315937,0.13623598223676406,4.559536415951907e-06,2.871975518220026e-05
5,go,0.9199999999999804,"(np.float64(0.0), np.float64(0.0))",0.005301678615222278,-0.012667381848534512,3.799238111874274,-1.67162103237703,0.0008582446996936981,-0.002262356850367346,-0.14903272745711799,0.13623558032484537,4.550137570993945e-06,2.865813810125103e-05
5,go,0.9299999999999802,"(np.float64(0.0), np.float64(0.0))",0.005296822227827397,-0.012654572758596484,3.799246688431327,-1.6716436408455133,0.0008572609828567946,-0.0022597884097321245,-0.14903050798964387,0.13623517886661998,4.540759029045031e-06,2.859665684998821e-05
5,go,0.93999999999998,"(np.float64(0.0), np.float64(0.0))",0.00529197140864667,-0.012641778209697046,3.799255255157942,-1.6716662236467432,0.0008562783902287273,-0.0022572228866748274,-0.1490282910378617,0.1362347778616933,4.5314007589324206e-06,2.8535311103195296e-05
5,go,0.9499999999999797,"(np.float64(0.0), np.float64(0.0))",0.005287126150466236,-0.01262899818587629,3.7992638120653615,-1.6716887808098704,0.0008552969221326162,-0.002254660276896647,-0.14902607659891082,0.13623437730962384,4.52206272342064e-06,2.847410054669509e-05
5,go,0.9599999999999795,"(np.float64(0.0), np.float64(0.0))",0.005282286446443357,-0.01261623267093345,3.7992723591648283,-1.6717113123640055,0.0008543165781679567,-0.002252100576599203,-0.14902386466994016,0.13623397720994404,4.512744881828464e-06,2.8413024872718926e-05
5,go,0.9699999999999793,"(np.float64(0.0), np.float64(0.0))",0.005277452289952645,-0.01260348164854161,3.7992808964675784,-1.6717338183382229,0.0008533373575218818,-0.0022495437822568553,-0.14902165524810532,0.1362335775621719,4.503447191555995e-06,2.835208377726516e-05
5,go,0.9799999999999791,"(np.float64(0.0), np.float64(0.0))",0.005272623674496422,-0.012590745102313889,3.799289423984839,-1.671756298761562,0.0008523592591499814,-0.0022469898904886867,-0.149019448330567,0.13623317836581758,4.494169608970423e-06,2.8291276958619254e-05
5,go,0.9899999999999789,"(np.float64(0.0), np.float64(0.0))",0.005267800593651529,-0.012578023015840892,3.7992979417278256,-1.671778753663029,0.0008513822818821758,-0.002244438897985015,-0.14901724391449017,0.1362327796203871,4.4849120899233194e-06,2.8230604116504084e-05
5,go,0.9999999999999787,"(np.float64(0.0), np.float64(0.0))",0.005262983041039977,-0.012565315372711716,3.799306449707742,-1.6718011830715975,0.0008504064244859408,-0.0022418908014685476,-0.14901504199704346,0.13623238132538534,4.47567459006095e-06,2.8170064951633732e-05
5,back,0.0,"(np.float64(0.0), np.float64(0.0))",0.005258171010309163,-0.012552622156525587,3.7993149479357786,-1.671823587016208,0.0008494316856904437,-0.0022393455976799028,-0.14901284257539904,0.13623198348031604,4.466457064935536e-06,2.810965916555478e-05
5,back,0.009999999999999787,"(np.float64(0.0), np.float64(0.0))",0.005253364495140899,-0.012539943350880491,3.7993234364231148,-1.6718459655257685,0.0008484580642191131,-0.0022368032833580396,-0.14901064564673172,0.1362315860846828,4.457259470184665e-06,2.80493864603733e-05
5,back,0.019999999999999574,"(np.float64(0.0), np.float64(0.0))",-0.009472484627503568,-0.027248327056124767,3.79932203826354,-1.6718780938562008,-0.0008496423313159618,-0.003913861578809803,-0.14900845120822054,0.13623118913798996,8.048223922266742e-06,0.00010664618035181036
5,back,0.02999999999999936,"(np.float64(0.0), np.float64(0.0))",-0.05113251723208663,-0.0688962341882187,3.7992813948142077,-1.6719490757258955,-0.006378461127200815,-0.009383963952435265,-0.1490050886134066,0.13623175404448884,0.0003261467735007904,0.0006465197780807824
5,back,0.03999999999999915,"(np.float64(0.0), np.float64(0.0))",-0.11613721929656955,-0.13390034812716173,3.799016449007136,-1.6721371027157694,-0.04637072422313799,-0.028047397380462823,-0.1489970515850862,0.1362362545851985,0.005385366968043326,0.003755556273304816
5,back,0.049999999999998934,"(np.float64(0.0), np.float64(0.0))",-0.1923328464287267,-0.21654077545001024,3.7980260110922366,-1.672892907860469,-0.1510091225081403,-0.1224881405787554,-0.1489732240264313,0.13626174121477475,0.029044014368694925,0.02652367694435356
5,back,0.05999999999999872,"(np.float64(0.0), np.float64(0.0))",-0.2675928373922681,-0.2950008426016846,3.795671362201332,-1.6749394276230183,-0.3190589002084634,-0.28600450710452885,-0.14887852472370292,0.1363582071384296,0.08537787640203923,0.0843715705837155
5,back,0.06999999999999851,"(np.float64(0.0), np.float64(0.0))",-0.33921812303594184,-0.36817102907473637,3.7913338310268543,-1.678936501880699,-0.5476309481809042,-0.5125496610942266,-0.14862655367666638,0.13659422578077995,0.18576634235831946,0.1887059361769688
5,back,0.0799999999999983,"(np.float64(0.0), np.float64(0.0))",-0.40510566760783306,-0.43487091599152894,3.7844299278659204,-1.6854828632786019,-0.8325212082892963,-0.795885049033443,-0.14813675774396107,0.1370372426066408,0.33725905988171523,0.3461072602971363
5,back,0.08999999999999808,"(np.float64(0.0), np.float64(0.0))",-0.46365865116393395,-0.49410488625620097,3.774422877944205,-1.6951129932460471,-1.1685602115100775,-1.1293691300663313,-0.14733420216628013,0.1377494795213774,0.541813051472604,0.5580268055526892
5,back,0.09999999999999787,"(np.float64(0.0), np.float64(0.0))",-0.5136914514258647,-0.5451303151470619,3.7608308737173672,-1.7082932663011203,-1.5499017749898483,-1.5060088568932943,-0.14614954165309468,0.13878463438321448,0.7961712923620591,0.820971082772508
5,back,0.10999999999999766,"(np.float64(0.0), np.float64(0.0))",-0.5543509093395386,-0.5874473627596366,3.743232834187501,-1.7254190496291524,-1.9702226661958333,-1.9185890238020313,-0.14451893289045636,0.14018515873311377,1.0921947266070304,1.127070062252089
5,back,0.11999999999999744,"(np.float64(0.0), np.float64(0.0))",-0.5850628087149592,-0.620764833145332,3.7212725912029665,-1.746813083843675,-2.4228330280188555,-2.3597936699487994,-0.1423838980032533,0.1419800260897341,1.417509496420081,1.4648769237831771
5,back,0.12999999999999723,"(np.float64(0.0), np.float64(0.0))",-0.6055041837703017,-0.6449676481655578,3.694662311080737,-1.7727249021670843,-2.900719028062137,-2.8222903813033557,-0.1396912594719377,0.14418299228876819,1.7563975074337472,1.820285989669501
5,back,0.13999999999999702,"(np.float64(0.0), np.float64(0.0))",-0.6155955006137517,-0.660094828694918,3.6631856664290723,-1.8033309222458818,-3.396553642028414,-3.2987808880656364,-0.13639328701160808,0.14679140587314518,2.0909031396259428,2.177508205209756
5,back,0.1499999999999968,"(np.float64(0.0), np.float64(0.0))",-0.6155022486160436,-0.6663271836021286,3.6267008884422807,-1.8387349595110138,-3.902714689625028,-3.782036096679642,-0.13244816081754474,0.14978565115772302,2.40212966717107,2.5200734605821333
5,back,0.1599999999999966,"(np.float64(0.0), np.float64(0.0))",-0.6056342843108663,-0.6639794154247296,3.58514347587909,-1.8789691009973053,-4.4113398917799636,-4.264934131514126,-0.12782078794026824,0.15312929969829212,2.671658678210133,2.8318284714677264
5,back,0.16999999999999638,"(np.float64(0.0), np.float64(0.0))",-0.5866338629121379,-0.6534911068682762,3.538528119435973,-1.9239950263200316,-4.914431551884027,-4.740511773152702,-0.12248393132569638,0.1567700127665892,2.8829719652990193,3.0978822857596535
5,back,0.17999999999999616,"(np.float64(0.0), np.float64(0.0))",-0.5593483118604269,-0.6354134200284461,3.486949357604712,-1.9737059174405363,-5.404006731138733,-5.2020301337987584,-0.11641954299881518,0.16064118840628583,3.022722042344834,3.3054397584081046
5,back,0.18999999999999595,"(np.float64(0.0), np.float64(0.0))",-0.5247882950281915,-0.6103911712052595,3.430580575981195,-2.0279290747962726,-5.872278438745685,-5.643049563091664,-0.10962014621777055,0.16466429279513511,3.0817029898001578,3.4444676319848493
5,back,0.19999999999999574,"(np.float64(0.0), np.float64(0.0))",-0.4840757785433142,-0.5791417127752643,3.3696711262280012,-2.0864292975470877,-6.311849987459073,-6.057507284400877,-0.10209009100046698,0.1687517647015383,3.0554136967278587,3.508155143836564
5,back,0.20999999999999552,"(np.float64(0.0), np.float64(0.0))",-0.4383869187959776,-0.5424325374506076,3.3045415169561245,-2.1489130233683853,-6.715905303319094,-6.439791765408403,-0.09384651311426631,0.17281033798389406,2.9441650328476228,3.493152587964008
5,back,0.2199999999999953,"(np.float64(0.0), np.float64(0.0))",-0.38889500734273974,-0.5010594065234653,3.2355767916694593,-2.2150331662852407,-7.078379730842331,-6.784808024527409,-0.08491985625790868,0.1767445937321659,2.752746537400628,3.3995918821453484
5,back,0.2299999999999951,"(np.float64(0.0), np.float64(0.0))",-0.3367181794111872,-0.45582677853506814,3.1632183130232914,-2.2843945613746066,-7.394123645980224,-7.088045335806231,-0.07535386710297504,0.1804605356815103,2.489735852415671,3.2309208715310698
5,back,0.23999999999999488,"(np.float64(0.0), np.float64(0.0))",-0.28286832386255645,-0.4075271542782398,3.087953539968762,-2.3565603139315456,-7.659154766979101,-7.34568502225387,-0.06520503750746218,0.18386897891340875,2.166532271139287,2.9935661133434084
5,back,0.24999999999999467,"(np.float64(0.0), np.float64(0.0))",-0.22817217951547447,-0.35690785259508373,3.010305385283365,-2.4310577388291166,-7.870296321833883,-7.554300335435285,-0.05454158194185624,0.18688843168198208,1.7957826651854591,2.6961891105785285
5,back,0.25999999999999446,"(np.float64(0.0), np.float64(0.0))",-0.17337642272321982,-0.3047604061775343,2.930824923681386,-2.5073820915155145,-8.025152859675527,-7.710937730136055,-0.04344214857776718,0.18944747589893668,1.3913722946175606,2.3499885146459385
5,back,0.26999999999999424,"(np.float64(0.0), np.float64(0.0))",-0.1191534721188198,-0.2518968638647459,2.850082306622565,-2.5850028248228574,-8.122356334949679,-7.813428823884852,-0.03199405598346303,0.1914872642773812,0.9678069590955459,1.9681782167670043
5,back,0.27999999999999403,"(np.float64(0.0), np.float64(0.0))",-0.06602513554172366,-0.19905537199614232,2.768656076735274,-2.6633724305116524,-8.161622329348493,-7.860585307615808,-0.020291022298197264,0.1929632963737507,0.5388722205355927,1.5646917325148755
5,back,0.2899999999999938,"(np.float64(0.0), np.float64(0.0))",-0.014342255407236326,-0.14683931958111032,2.68712265619482,-2.7419366841176687,-8.14365668029291,-7.8522905529077,-0.008430676346506433,0.1938462937198801,0.11679840405760722,1.1530250019421473
5,back,0.2999999999999936,"(np.float64(0.0), np.float64(0.0))",0.0356906635160982,-0.09568663251419637,2.6060470191903993,-2.8201451845849665,-8.070049802435712,-7.78943020000324,0.0034878679803107826,0.19412230149216564,0.0,0.7453443450426932
5,back,0.3099999999999934,"(np.float64(0.0), np.float64(0.0))",0.08398642378220744,-0.04588719668453925,2.525974850365567,-2.8974606834112313,-7.943040748757968,-7.673752792208149,0.015366167073278647,0.19379220951954004,0.0,0.3521270036845876
5,back,0.3199999999999932,"(np.float64(0.0), np.float64(0.0))",0.1305061352370319,0.002378006535940974,2.4474271496166904,-2.9733671360661225,-7.765296955316298,-7.507754599999631,0.02710811826737758,0.19287090475664145,0.0,0.0
5,back,0.32999999999999297,"(np.float64(0.0), np.float64(0.0))",0.1751934522685791,0.049004255081042114,2.3708966338123614,-3.0473765940109567,-7.539779986834911,-7.294556227426907,0.03862135974421624,0.1913863461320569,0.0,0.0
5,back,0.33999999999999275,"(np.float64(0.0), np.float64(0.0))",0.21793353315781355,0.09392728002717901,2.2968451632217626,-3.119034802025563,-7.2696760876418,-7.03776582318726,0.04981851578054504,0.18937860159650943,0.0,0.0
5,back,0.34999999999999254,"(np.float64(0.0), np.float64(0.0))",0.25853082620742923,0.13708266401723837,2.2257016335146314,-3.18792542021177,-6.958373862464569,-6.741341473305407,0.06061834907797549,0.1868988258195876,0.0,0.0
5,back,0.3599999999999923,"(np.float64(0.0), np.float64(0.0))",0.2967007154855316,0.17836416897139856,2.1578599232751388,-3.253672930756215,-6.6094761216166935,-6.409467592930254,0.07094685741711884,0.1840081229127234,0.0,0.0
5,back,0.3699999999999921,"(np.float64(0.0), np.float64(0.0))",0.3320713825781481,0.2175854743888048,2.093676612708605,-3.3159444300123537,-6.22683347865046,-6.046457988792173,0.08073831804732767,0.1807762192060455,0.0,0.0
5,back,0.3799999999999919,"(np.float64(0.0), np.float64(0.0))",0.36419233136597073,0.2544492480388352,2.0334684240832996,-3.374450428311277,-5.814560065540642,-5.656648103868952,0.08993624648130039,0.17727987498257944,0.0,0.0
5,back,0.3899999999999917,"(np.float64(0.0), np.float64(0.0))",0.39253771501934576,0.28851237595236007,1.9775096860726984,-3.4289445593497896,-5.377025769011247,-5.244312710177854,0.09849422188324176,0.17360101017032442,0.0,0.0
5,back,0.3999999999999915,"(np.float64(0.0), np.float64(0.0))",0.4165026049958379,0.3191581725970891,1.9260291713363786,-3.479223803651778,-4.918985025561428,-4.813841297491174,0.10637657522489605,0.16982458695813224,0.0,0.0
5,back,0.40999999999999126,"(np.float64(0.0), np.float64(0.0))",0.4354406037044214,0.3456462082740146,1.879205790518145,-3.525130084873399,-4.445657758094137,-4.369814389724231,0.11355884160572932,0.16603615027531407,0.0,0.0
5,back,0.41999999999999105,"(np.float64(0.0), np.float64(0.0))",0.4486877858001192,0.36713323852185004,1.837163822259963,-3.56655237382609,-3.9627504453351112,-3.917049177707643,0.12002780990099446,0.1623190571812369,0.0,0.0
5,back,0.42999999999999083,"(np.float64(0.0), np.float64(0.0))",0.45556895770627487,0.38268523306744145,1.7999679600332614,-3.6034294928323995,-3.4764913632870647,-3.460718387479027,0.12578117553847526,0.1587516480048755,0.0,0.0
5,back,0.4399999999999906,"(np.float64(0.0), np.float64(0.0))",0.4554082786569258,0.39131179563168744,1.7676167764164359,-3.635755760497278,-2.993894645119502,-3.006776323491648,0.1308268700915328,0.15540450751878762,0.0,0.0
5,back,0.4499999999999904,"(np.float64(0.0), np.float64(0.0))",0.4476094768022267,0.39209444045987424,1.7400364728755413,-3.6635872447523194,-2.5223178332555456,-2.5615057451836174,0.13518191798716048,0.15233777945375743,0.0,0.0
5,back,0.4599999999999902,"(np.float64(0.0), np.float64(0.0))",0.43152394167096975,0.3840514838238841,1.717079375919155,-3.68704330410754,-2.0691911743493447,-2.1313188566268204,0.13887113613972826,0.14959888149385983,0.0,0.0
5,back,0.46999999999999,"(np.float64(0.0), np.float64(0.0))",0.40636749167583724,0.3660763423728734,1.6985221570679798,-3.7063096493551186,-1.6422317295621562,-1.7231157651215925,0.14192670338807079,0.14722108362189634,0.0,0.0
5,back,0.47999999999998977,"(np.float64(0.0), np.float64(0.0))",0.3712827519193833,0.33704398443884964,1.6840621753606826,-3.7216443953944593,-1.2495990570553905,-1.3445179242510215,0.1443882036994803,0.14522236372301825,0.0,0.0
5,back,0.48999999999998956,"(np.float64(0.0), np.float64(0.0))",0.3253851301433785,0.2958816707529293,1.6733123922691993,-3.7333861622234172,-0.9000275996589314,-1.0040461141094976,0.1463029730772398,0.14360446092607804,0.0,0.0
5,back,0.49999999999998934,"(np.float64(0.0), np.float64(0.0))",0.2678026607850542,0.2416242858135693,1.66579506209978,-3.741963714950267,-0.6029370755963799,-0.7112446823097389,0.14772674752578865,0.14235224726669962,0.0,0.0
5,back,0.5099999999999891,"(np.float64(0.0), np.float64(0.0))",0.1977099846589707,0.17345447090078195,1.660934504789397,-3.747906472279034,-0.3685026674915147,-0.4767237112560607,0.14872456839983955,0.14143345973914256,0.0,0.0
5,back,0.5199999999999889,"(np.float64(0.0), np.float64(0.0))",0.13029599661373978,0.10666383398193757,1.6581226452782465,-3.7517847300010816,-0.1935772590186564,-0.2978858279160189,0.14937188835369244,0.14079879052196137,0.0,0.0
5,back,0.5299999999999887,"(np.float64(0.0), np.float64(0.0))",0.07950548977857264,0.05533942361315355,1.6568090231407704,-3.7540703489349614,-0.0790211197298567,-0.1574535626059494,0.14974771234202075,0.1403898955214751,0.0,0.0
5,back,0.5399999999999885,"(np.float64(0.0), np.float64(0.0))",0.04592682127441838,0.014581115380460571,1.656298848540981,-3.7551466582295308,-0.03055294069561893,-0.06726058317206868,0.14992342498472555,0.14015545797883208,0.0,0.0
5,back,0.5499999999999883,"(np.float64(0.0), np.float64(0.0))",0.031692472324020636,-0.011830992872962028,1.6561100940029103,-3.755603823048665,-0.010189444395499486,-0.03017132206169143,0.14998190204400358,0.14004874595454067,0.0,0.0003569566962797133
5,back,0.5599999999999881,"(np.float64(0.0), np.float64(0.0))",0.02569667615682726,-0.022683472314594638,1.6560576013675632,-3.7558199516199657,-0.0015588948520726727,-0.015403721012035474,0.1499875501959439,0.14000640001813447,0.0,0.00034940987911824637
5,back,0.5699999999999878,"(np.float64(0.0), np.float64(0.0))",0.02313900687500749,-0.026984075486710998,1.6560629999155112,-3.7559396810940977,0.0021099631582073516,-0.009475129931221663,0.14997190252513076,0.13998923316995215,4.8822452023772424e-05,0.0002556776213104801
5,back,0.5799999999999876,"(np.float64(0.0), np.float64(0.0))",0.02203511034315468,-0.028690815126475963,1.6560929473004886,-3.756020663388336,0.003653345770343715,-0.007097651429638413,0.14994987882542346,0.13998180157624968,8.050187717122119e-05,0.00020363740499992355
5,back,0.5899999999999874,"(np.float64(0.0), np.float64(0.0))",0.02155412712852732,-0.029355469300407847,1.6561325538255935,-3.756085933980652,0.004128193769936449,-0.006089258627476206,0.14992804758415493,0.1399778527458313,8.89796133284047e-05,0.00017875304470112139
5,back,0.5999999999999872,"(np.float64(0.0), np.float64(0.0))",0.021387908813586543,-0.02961882478566699,1.6561744766069895,-3.756144430479027,0.004236690793735387,-0.005684309094213655,0.14990893499141428,0.13997490481173458,9.061395636777404e-05,0.0001683625550890877
5,back,0.609999999999987,"(np.float64(0.0), np.float64(0.0))",0.02133020603760931,-0.02970521174662077,1.6562169702396088,-3.7562004910455795,0.004252849632095723,-0.00555833109719314,0.1498931992393357,0.13997204560286353,9.071415889957273e-05,0.0001651114021999492
5,back,0.6199999999999868,"(np.float64(0.0), np.float64(0.0))",0.021299862206529616,-0.02970936880579543,1.6562593952308633,-3.756255923712916,0.0042287308077819455,-0.0055406724465183336,0.149880558010315,0.1399689262046391,9.007138351426211e-05,0.00016460988114572203
5,back,0.6299999999999866,"(np.float64(0.0), np.float64(0.0))",0.021281642859071043,-0.02968140680059608,1.6563014972045476,-3.7563114049997837,0.004191181267701187,-0.005560565840355564,0.1498704683659882,0.13996546740476262,8.91952228968453e-05,0.0001650454167490919
5,back,0.6399999999999864,"(np.float64(0.0), np.float64(0.0))",0.02126764653688471,-0.02964215001032421,1.656343213012146,-3.756367143795653,0.0041528596740270625,-0.00558913008858784,0.14986236339414744,0.1399616961200435,8.832155166448983e-05,0.0001656738325131374
5,back,0.6499999999999861,"(np.float64(0.0), np.float64(0.0))",0.02125411353042786,-0.02960013745833283,1.6563845648452105,-3.7564231621078634,0.004118925521645087,-0.005615320700632722,0.1498557431794437,0.13995767113706947,8.754411066042147e-05,0.0001662142646113504
5,back,0.6599999999999859,"(np.float64(0.0), np.float64(0.0))",0.0212394826763038,-0.02955866928739321,1.656425605809648,-3.7564794148762624,0.004090821738888786,-0.005635677737669975,0.14985020301524637,0.1399534533330567,8.688693745497536e-05,0.00016658313445811114
5,back,0.6699999999999857,"(np.float64(0.0), np.float64(0.0))",0.021223289232468145,-0.029518810515242674,1.6564663939205528,-3.7565358403992906,0.004068311276716506,-0.005649855944179163,0.14984543197896183,0.1399490950707889,8.634294691346616e-05,0.00016677702705464222
5,back,0.6799999999999855,"(np.float64(0.0), np.float64(0.0))",0.02120556950457695,-0.029480701739472995,1.6565069810783348,-3.7565923803098107,0.004050522284650164,-0.005658657509593185,0.14984119958624068,0.13994463771941618,8.589363183698686e-05,0.00016682119428614573
5,back,0.6899999999999853,"(np.float64(0.0), np.float64(0.0))",0.021186553907527658,-0.029444137323536713,1.6565474095371266,-3.7566489861885946,0.0040364517014114835,-0.005663179172175025,0.14983733940763602,0.13994011239717896,8.551850156708613e-05,0.0001667474252333144
5,back,0.6999999999999851,"(np.float64(0.0), np.float64(0.0))",0.02116651800722417,-0.02940881729749184,1.656587711840552,-3.7567056204995852,0.0040251835873618734,-0.0056644643233608166,0.1498337336849365,0.13993554176458556,8.519912088427828e-05,0.000166585196373879
5,back,0.7099999999999849,"(np.float64(0.0), np.float64(0.0))",0.021145717059383787,-0.029374451165541698,1.6566279121447378,-3.756762255337164,0.004015963881402283,-0.0056633836168064645,0.14983030045246254,0.13993094194057604,8.492043595683738e-05,0.00016635878548361041
5,back,0.7199999999999847,"(np.float64(0.0), np.float64(0.0))",0.02112436278866023,-0.029340794474960734,1.6566680279099457,-3.756818870548699,0.004008207732632053,-0.00566061558195368,0.14982698343227605,0.13992632418509002,8.467083427643274e-05,0.00016608695839186315
5,back,0.7299999999999844,"(np.float64(0.0), np.float64(0.0))",0.02110262017416656,-0.029307655758495636,1.6567080715046452,-3.756875451894685,0.004001478977936048,-0.005656667050155523,0.1498237444334082,0.13992169624902207,8.444169100629663e-05,0.00016578365064638304
5,back,0.7399999999999842,"(np.float64(0.0), np.float64(0.0))",0.02108061264375569,-0.029274891510443306,1.656748051552425,-3.756931989488372,0.00399546135369705,-0.005651905650767363,0.14982055780358494,0.1399170634019904,8.422677313038324e-05,0.00016545892475347603
5,back,0.749999999999984,"(np.float64(0.0), np.float64(0.0))",0.021058429902359427,-0.029242397374047716,1.6567879739896516,-3.7569884765666086,0.003989930388036959,-0.005646592276059008,0.14981740647007832,0.13991242918807884,8.402166939177006e-05,0.00016511989514574605
5,back,0.7599999999999838,"(np.float64(0.0), np.float64(0.0))",0.02103613572972155,-0.02921009913951821,1.6568278428610397,-3.757044908564559,0.003984729450501157,-0.005640908915651965,0.14981427916487677,0.13990779596775713,8.382330956696111e-05,0.00016477150866318606
5,back,0.7699999999999836,"(np.float64(0.0), np.float64(0.0))",0.02101377468814945,-0.029177944948869973,1.6568676609002297,-3.7571012824405265,0.003979750775334592,-0.005634980743843942,0.14981116850842421,0.1399031652990355,8.36295861078692e-05,0.0001644171579318209
5,back,0.7799999999999834,"(np.float64(0.0), np.float64(0.0))",0.02099137746718538,-0.02914589907483197,1.6569074299439308,-3.75715759619451,0.003974921098748854,-0.005628892836243024,0.1498080697027298,0.13989853820140402,8.343906918611644e-05,0.00016405914250818387
5,back,0.7899999999999832,"(np.float64(0.0), np.float64(0.0))",0.02096896494394046,-0.029113937194722137,1.6569471512220812,-3.7572138485310407,0.0039701911296575665,-0.0056227024184813835,0.14980497964969627,0.13989391533624293,8.325079861853288e-05,0.00016369900507627927
5,back,0.799999999999983,"(np.float64(0.0), np.float64(0.0))",0.020946551167777584,-0.02908204291813226,1.6569868255581703,-3.757270038626493,0.0039655280120924645,-0.0056164476293740825,0.14980189636202468,0.13988929712876774,8.306413541255014e-05,0.00016333777100489925
5,back,0.8099999999999827,"(np.float64(0.0), np.float64(0.0))",0.02092414550139366,-0.02905020529759319,1.6570264535058272,-3.757326165970477,0.003960910028940029,-0.005610153674834618,0.14979881857302416,0.139884683849647,8.287865776347054e-05,0.00016297611600499254
5,back,0.8199999999999825,"(np.float64(0.0), np.float64(0.0))",0.02090175412774526,-0.029018417077564577,1.6570660354409545,-3.7573822302588726,0.0039563229366675196,-0.005603837084669641,0.14979574548023844,0.1398800756691482,8.269408927218358e-05,0.0001626144817576672
5,back,0.8299999999999823,"(np.float64(0.0), np.float64(0.0))",0.02087938109435062,-0.02898667348157661,1.657105571623282,-3.7574382313223715,0.003951757460991987,-0.00559750862001944,0.1497926765782589,0.13987547269276682,8.25102500204951e-05,0.00016225315467881398
5,back,0.8399999999999821,"(np.float64(0.0), np.float64(0.0))",0.02085702902765675,-0.028954971382872327,1.6571450622371378,-3.7574941690791457,0.003947207604568328,-0.0055911752375811105,0.14978961155047577,0.13987087498449458,8.232702358666909e-05,0.00016189231900078544
5,back,0.8499999999999819,"(np.float64(0.0), np.float64(0.0))",0.020834699616270453,-0.028923308743539336,1.6571845074182372,-3.7575500435037426,0.0039426695145039345,-0.005584841403882816,0.14978655019947296,0.13986628258190717,8.214433502091634e-05,0.00016153209220820435
5,back,0.8599999999999817,"(np.float64(0.0), np.float64(0.0))",0.020812393934630108,-0.028891684238890703,1.657223907271157,-3.7576058546067923,0.003938140731143376,-0.0055785099670706195,0.14978349240257124,0.13986169550587857,8.196213626656816e-05,0.00016117254849210892
5,back,0.8699999999999815,"(np.float64(0.0), np.float64(0.0))",0.0207901126578864,-0.02886009700810451,1.65726326188065,-3.75766160242186,0.003933619693769186,-0.005572182730600713,0.14978043808362557,0.13985711376679566,8.1780396586742e-05,0.00016081373415202126
5,back,0.8799999999999812,"(np.float64(0.0), np.float64(0.0))",0.020767856203402858,-0.02882854649000481,1.6573025713189242,-3.7577172869969857,0.0039291054177878065,-0.005565860827982136,0.1497773871952512,0.13985253736850684,8.159909632462828e-05,0.00016045567763637967
5,back,0.889999999999981,"(np.float64(0.0), np.float64(0.0))",0.02074562482323273,-0.028797032315715017,1.6573418356502934,-3.7577729083892724,0.0039245972854093205,-0.005559544965855437,0.14977433970770193,0.1398479663108138,8.141822286537939e-05,0.00016009839604240976
5,back,0.8999999999999808,"(np.float64(0.0), np.float64(0.0))",0.02072341866412479,-0.028765554238981035,1.657381054934129,-3.757828466661451,0.003920094910847937,-0.005553235580610185,0.1497712956019579,0.13984340059103417,8.123776804060673e-05,0.0001597418992958816
5,back,0.9099999999999806,"(np.float64(0.0), np.float64(0.0))",0.020701237806191812,-0.0287341120912473,1.6574202292267222,-3.757883961879711,0.003915598054081717,-0.005546932938640919,0.14976825486546239,0.13983884020497417,8.105772647100753e-05,0.00015938619282153995
5,back,0.9199999999999804,"(np.float64(0.0), np.float64(0.0))",0.02067908228766579,-0.028702705752882158,1.657459358582449,-3.757939394112338,0.003911106566052312,-0.005540637200110425,0.1497652174895137,0.13983428514752966,8.087809451522573e-05,0.00015903127923824238
5,back,0.9299999999999802,"(np.float64(0.0), np.float64(0.0))",0.02065695212063846,-0.028671335134865278,1.6574984430544968,-3.7579947634288664,0.003906620354063736,-0.005534348459248097,0.14976218346768283,0.1398297354130555,8.069886960740627e-05,0.00015867715942822748
5,back,0.93999999999998,"(np.float64(0.0), np.float64(0.0))",0.020634847301006412,-0.02864000016720681,1.6575374826953106,-3.758050069899557,0.003902139360085459,-0.005528066769650856,0.14975915279486243,0.13982519099558932,8.052004984261033e-05,0.00015832383320713093
5,back,0.9499999999999797,"(np.float64(0.0), np.float64(0.0))",0.020612767814711577,-0.028608700791671538,1.657576477556869,-3.758105313595073,0.0038976635472370994,-0.00552179216006542,0.14975612546670208,0.1398206518889866,8.034163371906344e-05,0.0001579712997411093
5,back,0.9599999999999795,"(np.float64(0.0), np.float64(0.0))",0.020590713641631012,-0.028577436957237627,1.6576154276908506,-3.7581604945862837,0.003893192891432788,-0.005515524644166499,0.14975310147927573,0.13981611808700184,8.016361997912599e-05,0.0001576195578047586
5,back,0.9699999999999793,"(np.float64(0.0), np.float64(0.0))",0.020568684757983423,-0.02854620861728094,1.6576543331487334,-3.7582156129441473,0.0038887273762545057,-0.005509264226564733,0.14975008082889027,0.13981158958333578,7.998600751191892e-05,0.0001572686059392398
5,back,0.9799999999999791,"(np.float64(0.0), np.float64(0.0))",0.020546681137807183,-0.028515015727843283,1.6576931939818569,-3.7582706687396383,0.0038842669898273324,-0.005503010906483519,0.14974706351197598,0.13980706637166296,7.980879529409233e-05,0.00015691844254887068
5,back,0.9899999999999789,"(np.float64(0.0), np.float64(0.0))",0.020524702753861274,-0.028483858246573023,1.6577320102414552,-3.758325662043707,0.0038798117229410446,-0.005496764679972804,0.14974404952502574,0.13980254844564824,7.963198235431131e-05,0.00015656906595911467
5,back,0.9999999999999787,"(np.float64(0.0), np.float64(0.0))",0.020502749578168156,-0.028452736132084978,1.6577707819786793,-3.7583805929272542,0.0038753615679201227,-0.005490525541246812,0.14974103886456258,0.13979803579895478,7.945556775192339e-05,0.0001562204744515686
6,go,0.0,"(np.float64(0.0), np.float64(0.0))",0.020480821582339968,-0.028421649343574495,1.5498158825655701,-4.004052760328663,0.0038709165179631115,-0.005484293483471701,0.16408028839732314,0.11435759165235353,7.927955056453518e-05,0.00015587266628448336
6,go,0.009999999999999787,"(np.float64(0.0), np.float64(0.0))",-0.0011612749553889334,0.0016452880450415104,1.5498394125033181,-4.004086901251403,0.0013550821397417378,-0.0020075392564698593,0.16408028839732314,0.11435759165235353,0.0,0.0
6,go,0.019999999999999574,"(np.float64(0.0), np.float64(0.0))",0.027199825596259625,0.028243214531415917,1.5498659512575643,-4.004081373932411,0.0036080611973323897,0.002379901742583836,0.16407788148581276,0.1143553104728151,9.813863530807268e-05,6.721607547948585e-05
6,go,0.02999999999999936,"(np.float64(0.0), np.float64(0.0))",0.10483222442269657,0.10524788163656616,1.5500388579697926,-4.00399809759974,0.031315921316016924,0.012488235795006866,0.16407528262677484,0.11435664593036934,0.0032829176914041937,0.0013143603628024115
6,go,0.03999999999999915,"(np.float64(0.0), np.float64(0.0))",0.21881005923299365,0.22455935249447628,1.5510141243257027,-4.003409683532382,0.16286715882694,0.10429885304101494,0.16405867752534645,0.11436947472622036,0.03563697267003213,0.023421282904806853
6,go,0.049999999999998934,"(np.float64(0.0), np.float64(0.0))",0.33882428561885425,0.3567278763329432,1.5537880906540071,-4.001324550457256,0.3906189739063127,0.311393314108047,0.16396457868740252,0.1144525582129387,0.13235119478297627,0.11108267564604071
6,go,0.05999999999999872,"(np.float64(0.0), np.float64(0.0))",0.4604138112282391,0.48492790809793707,1.5593319955385034,-3.9966260001301603,0.7167815715274056,0.6268355070581089,0.16369031688867938,0.11472731063145919,0.3300161351650995,0.3039700311591984
6,go,0.06999999999999851,"(np.float64(0.0), np.float64(0.0))",0.5764271220871887,0.6046645530926361,1.5686156437434036,-3.98827853548265,1.1384141920681543,1.0416738445292448,0.16312832332004928,0.11532573342866362,0.6562128164770583,0.629863249670564
6,go,0.0799999999999983,"(np.float64(0.0), np.float64(0.0))",0.6815169190370084,0.7123543450977734,1.58253855003206,-3.975319657923687,1.644704040838782,1.549774330026552,0.16216514406689578,0.11636920126478638,1.120893630640165,1.103988477915405
6,go,0.08999999999999808,"(np.float64(0.0), np.float64(0.0))",0.7730053989594098,0.8038780512399871,1.6018942119598745,-3.9568704486939765,2.2251448038116863,2.140687178938599,0.1606879990006471,0.1179628716525528,1.7200489468129103,1.7208514377195865
6,go,0.09999999999999787,"(np.float64(0.0), np.float64(0.0))",0.8484597827564624,0.8767346808741597,1.627362904051765,-3.932159986728502,2.8675899501068223,2.8032015554510292,0.15858708572552832,0.12018921991335862,2.4330347461022495,2.457664021144306
6,go,0.10999999999999766,"(np.float64(0.0), np.float64(0.0))",0.9062882944731665,0.9289973616015247,1.6594991231455503,-3.900533403091859,3.5590073133409605,3.52520956356568,0.15575546034708518,0.12310125233546232,3.225486668025306,3.274910383644979
6,go,0.11999999999999744,"(np.float64(0.0), np.float64(0.0))",0.9455289660613048,0.9593666209997945,1.6987244070632264,-3.861462122731453,4.285795067046182,4.2934078646029175,0.15209048434819578,0.12671765442651436,4.052343378494817,4.118952195638045
6,go,0.12999999999999723,"(np.float64(0.0), np.float64(0.0))",0.9657667999257924,0.9672736927990399,1.7453219705439613,-3.8145574139143497,5.0338432183424064,5.092964989196436,0.14749589147945139,0.1310192911044982,4.861518656306698,4.926291052396259
6,go,0.13999999999999702,"(np.float64(0.0), np.float64(0.0))",0.9671261856377906,0.9529960993200285,1.7994317383310678,-3.759586415037622,5.7885694351030335,5.907396498075208,0.1418847518707689,0.1359474763473011,5.598277078070697,5.629725819802469
6,go,0.1499999999999968,"(np.float64(0.0), np.float64(0.0))",0.950270778307486,0.9177123657005084,1.8610463500335108,-3.69648769679475,6.535083328914995,6.718805300389107,0.13518338230383062,0.1414043993531546,6.210098721272328,6.165930706901203
6,go,0.1599999999999966,"(np.float64(0.0), np.float64(0.0))",0.9163642571538464,0.8634469080720296,1.9300095812416145,-3.625382706867732,7.2584985322843005,7.508467771568451,0.1273360997929318,0.14725600525157204,6.651428615588987,6.4831632817192615
6,go,0.16999999999999638,"(np.float64(0.0), np.float64(0.0))",0.8669852960481834,0.7929087113920061,2.0060183628144697,-3.5465802438314245,7.944333079786546,8.25763686309398,0.11831050769310944,0.1533374450665702,6.887619967084115,6.5475522042589756
6,go,0.17999999999999616,"(np.float64(0.0), np.float64(0.0))",0.8040138839712312,0.7092607272299979,2.088628960757328,-3.4605724605249253,8.57894283156715,8.94843001546291,0.10810275282977921,0.15946095056621706,6.897589146375457,6.346769980333964
6,go,0.18999999999999595,"(np.float64(0.0), np.float64(0.0))",0.7295052364112976,0.6158587482753825,2.177268269051751,-3.3680210749480386,9.1503326734418,9.565164079794956,0.09674203248724818,0.1654257240291958,6.675215600181182,5.890789977231172
6,go,0.19999999999999574,"(np.float64(0.0), np.float64(0.0))",0.6454473060107058,0.5158503047680929,2.2712540409511166,-3.2697285630914634,9.648467949074387,10.095377102179004,0.0842937499343923,0.17102935169142186,6.227577644860703,5.207703354907866
6,go,0.20999999999999552,"(np.float64(0.0), np.float64(0.0))",0.5536628605097684,0.4118584912673916,2.369803577319587,-3.1666153145147558,10.062921582156017,10.527793919485731,0.07086119367915533,0.17608081196581074,5.571465948261985,4.335961320053412
6,go,0.2199999999999953,"(np.float64(0.0), np.float64(0.0))",0.45651777946438493,0.30658622762953625,2.4720295987110013,-3.0597078390149943,10.383222773159206,10.852511302180258,0.056582368553313084,0.1804116418671208,4.740125804086674,3.3272305004423512
6,go,0.2299999999999951,"(np.float64(0.0), np.float64(0.0))",0.3568265683470859,0.20276128653982778,2.5769500180188802,-2.9501155493536553,10.601273643800104,11.063448088502419,0.04162220742738429,0.18388245818911603,3.7828160944255984,2.2432389679913487
6,go,0.23999999999999488,"(np.float64(0.0), np.float64(0.0))",0.2571291479930526,0.10239496926933986,2.683518241693934,-2.8389849755146614,10.712301917681588,11.159363057608333,0.026164458301413493,0.18638684819333903,2.75444506513781,1.1426626373492117
6,go,0.24999999999999467,"(np.float64(0.0), np.float64(0.0))",0.1593945160513278,0.006456918661921385,2.790655497329754,-2.727456456675931,10.714692317995892,11.142718167208862,0.010404274992344198,0.18785486235311477,1.7078631966658349,0.07194762487838136
6,go,0.25999999999999446,"(np.float64(0.0), np.float64(0.0))",0.06505957749729055,-0.0848021905997296,2.8972820589064896,-2.616632165269813,10.60995094638894,11.018624405054195,-0.005459498241231597,0.1882539713991904,0.6902789258390425,0.0
6,go,0.26999999999999424,"(np.float64(0.0), np.float64(0.0))",-0.024971257798188262,-0.17154594662852338,3.0023478863504507,-2.5075540487531205,10.402585080919282,10.793911132099812,-0.021231360937037258,0.18758739115727024,0.0,0.0
6,go,0.27999999999999403,"(np.float64(0.0), np.float64(0.0))",-0.11030075181753538,-0.2540785918460916,3.104861101736262,-2.401190454124064,10.099762697856432,10.476338478939976,-0.0367248206017283,0.18589091271883684,0.0,0.0
6,go,0.2899999999999938,"(np.float64(0.0), np.float64(0.0))",-0.19094613428260973,-0.33260912082801675,3.2039119798044253,-2.298429663199141,9.710741047368627,10.074029820000268,-0.05176654063441319,0.18322924443171085,0.0,0.0
6,go,0.2999999999999936,"(np.float64(0.0), np.float64(0.0))",-0.26717442329684765,-0.40707725502073977,3.298690490836361,-2.2000778512389956,9.246148224557267,9.595178979555937,-0.06619923804024133,0.17969254404969587,0.0,0.0
6,go,0.3099999999999934,"(np.float64(0.0), np.float64(0.0))",-0.3392897760060438,-0.4770591829969706,3.3884965366819375,-2.106858713446064,8.71725166414886,9.04802315143824,-0.07988381906725071,0.17539336973438388,0.0,0.0
6,go,0.3199999999999932,"(np.float64(0.0), np.float64(0.0))",-0.40741253224772134,-0.5417520140942743,3.4727433757787374,-2.019412394330826,8.135345032386441,8.441010266070991,-0.09270122315947865,0.17046383785545016,0.0,0.0
6,go,0.32999999999999297,"(np.float64(0.0), np.float64(0.0))",-0.47128969075548266,-0.6000169845316491,3.550955861639986,-1.9382922374506633,7.511341921712631,7.783058546339417,-0.10455422496550815,0.16505249311699965,0.0,0.0
6,go,0.33999999999999275,"(np.float64(0.0), np.float64(0.0))",-0.5301643142819953,-0.6504516279521808,3.6227657322045874,-1.8639588857910792,6.8556066585776785,7.083813396676486,-0.11536914000259932,0.15932036050381743,0.0,0.0
6,go,0.34999999999999254,"(np.float64(0.0), np.float64(0.0))",-0.582714299176823,-0.6914627355456052,3.6879062539057546,-1.796772067570502,6.178003946174177,6.35384063997516,-0.12509713651672455,0.15343584158144621,0.0,0.0
6,go,0.3599999999999923,"(np.float64(0.0), np.float64(0.0))",-0.6270564082732368,-0.7213216092643181,3.746208205693615,-1.736980820994726,5.488122507396585,5.604736420148151,-0.1337147744400321,0.14756843510775264,0.0,0.0
6,go,0.3699999999999921,"(np.float64(0.0), np.float64(0.0))",-0.6608033078151372,-0.7381952513641425,3.7975987062477907,-1.684712945418428,4.795588961055448,4.849141617174733,-0.1412234910588194,0.14188157216400837,0.0,0.0
6,go,0.3799999999999919,"(np.float64(0.0), np.float64(0.0))",-0.6811493802740258,-0.7401493718466201,3.842100018470812,-1.6399672738166626,4.109634179561834,4.1000696724579395,-0.14764797891101544,0.13652506108369897,0.0,0.0
6,go,0.3899999999999917,"(np.float64(0.0), np.float64(0.0))",-0.684732267975861,-0.7249437262087481,3.879829621892568,-1.6026087458082778,3.440509811585653,3.3715947034756493,-0.1530334427755902,0.1316271937969656,0.0,0.0
6,go,0.3999999999999915,"(np.float64(0.0), np.float64(0.0))",-0.6680502269665046,-0.6902338596495361,3.9110231253474836,-1.572349157568102,2.8016947298969956,2.6803064150809917,-0.15744213404767937,0.12728693213124426,0.0,0.0
6,go,0.40999999999999126,"(np.float64(0.0), np.float64(0.0))",-0.6281301625957253,-0.6340114841381129,3.9360702789713784,-1.5487198786008487,2.2106769090421174,2.0457388657985627,-0.16095108349486953,0.12356916414670208,0.0,0.0
6,go,0.41999999999999105,"(np.float64(0.0), np.float64(0.0))",-0.5627761536435205,-0.5547418318636579,3.955544479068763,-1.5310519402811626,1.6860841224058043,1.4878490630718777,-0.16365129997215894,0.12050246192475425,0.0,0.0
6,go,0.42999999999999083,"(np.float64(0.0), np.float64(0.0))",-0.46971871798449377,-0.45061153431090045,3.9702036541592958,-1.5184812174880122,1.2464220053618777,1.0258289925715303,-0.16564750634643793,0.11807791059512282,0.0,0.0
6,go,0.4399999999999906,"(np.float64(0.0), np.float64(0.0))",-0.35361713790697663,-0.32654949681802764,3.980966691419387,-1.509981012758262,0.9057016359157312,0.6732169339529959,-0.16705699898013862,0.11624606368219198,0.0,0.0
6,go,0.4499999999999904,"(np.float64(0.0), np.float64(0.0))",-0.25785884942918746,-0.22586600207031746,3.988711686265844,-1.5045796508638822,0.6419996180813652,0.40633380682069153,-0.1680066930354,0.11491844198592344,0.0,0.0
6,go,0.4599999999999902,"(np.float64(0.0), np.float64(0.0))",-0.18339524098675183,-0.14904188106725402,3.99410096576707,-1.5015204239003326,0.4342396704947442,0.20610553849599014,-0.1686111579154447,0.11399397586065875,0.0,0.0
6,go,0.46999999999999,"(np.float64(0.0), np.float64(0.0))",-0.12430082441150102,-0.0908089367479734,3.9976110377997225,-1.5001391590992512,0.2620038933084311,0.08446631749883778,-0.16895730244805865,0.11338670221142796,0.0,0.0
6,go,0.47999999999998977,"(np.float64(0.0), np.float64(0.0))",-0.07473613447519868,-0.05514592932947651,3.999524876192819,-1.4995856197145399,0.12351054509731504,0.03436538609603297,-0.1691187600701237,0.1130259120210055,0.0,0.0
6,go,0.48999999999998956,"(np.float64(0.0), np.float64(0.0))",-0.03433643304772166,-0.04044777353946189,4.0003316322719,-1.4993663807692235,0.049007877097818744,0.012352373526709651,-0.1691852359120731,0.11285161155183154,0.0,0.0
6,go,0.49999999999998934,"(np.float64(0.0), np.float64(0.0))",-0.012469686295321362,-0.033975413135854726,4.000649809757388,-1.499300172416857,0.019420967862881975,0.002184974723454091,-0.1692105412371666,0.11279760100303843,0.0,0.0
6,go,0.5099999999999891,"(np.float64(0.0), np.float64(0.0))",-0.003784520016133473,-0.030964918506297887,4.000775897690181,-1.49930463233755,0.007669234524336554,-0.002476769563812249,-0.16921713597801005,0.112797268856842,0.0,7.669296770232524e-05
6,go,0.5199999999999889,"(np.float64(0.0), np.float64(0.0))",-0.00033465277424531755,-0.029563719267702196,4.000825393949147,-1.4993413016299506,0.0029726619706361215,-0.004579385082305929,-0.1692154627451774,0.11281606882699424,0.0,0.0001353836549919958
6,go,0.5299999999999887,"(np.float64(0.0), np.float64(0.0))",0.0010446212364851474,-0.02891093303671377,4.000844314168738,-1.4993923054891711,0.0011105315161011606,-0.0054932853324551134,-0.16921030441701235,0.11283922377898155,1.1600848055053197e-06,0.00015881600439817173
6,go,0.5399999999999885,"(np.float64(0.0), np.float64(0.0))",0.0015919082410910082,-0.0286061606461367,4.000851265055897,-1.4994493555544761,0.0003955479613928938,-0.0058464158701884905,-0.16920382279319,0.11286082006804415,6.296760594880956e-07,0.00016724351158673505
6,go,0.5499999999999883,"(np.float64(0.0), np.float64(0.0))",0.0018022327752079772,-0.028465991445633696,4.000853354964936,-1.4995077254325353,6.141822768723163e-05,-0.005781480477630267,-0.16919696855667965,0.11287892280993664,1.1068994293311489e-07,0.0001645755738193214
6,go,0.5599999999999881,"(np.float64(0.0), np.float64(0.0))",0.0019012177498964461,-0.028450450136565653,4.000853334214238,-1.4995651429393702,-3.791920713044394e-05,-0.00570738987317334,-0.16919021932149286,0.11289341873363833,0.0,0.00016237781099665788
6,go,0.5699999999999878,"(np.float64(0.0), np.float64(0.0))",0.0019310314307605782,-0.028438226813801818,4.0008529028115385,-1.499621899529413,-3.7976865779087654e-05,-0.005646282832778417,-0.16918376795638546,0.11290481551289792,0.0,0.00016057027185342808
6,go,0.5799999999999876,"(np.float64(0.0), np.float64(0.0))",0.0019313075699747759,-0.02842250497189456,4.000852668809041,-1.499678084797653,-5.458989468115394e-06,-0.005592692026760274,-0.16917755198821938,0.11291362929742452,0.0,0.00015895831693686895
6,go,0.5899999999999874,"(np.float64(0.0), np.float64(0.0))",0.0019216926085799117,-0.028404871052756048,4.0008528037033715,-1.4997337720973045,3.3013804335745087e-05,-0.005546741479585657,-0.16917152529001783,0.11292042912514685,6.344238377310478e-08,0.00015755447649060388
6,go,0.5999999999999872,"(np.float64(0.0), np.float64(0.0))",0.0019100698338405302,-0.028385243837117505,4.000853308985973,-1.4997890390753186,6.760571451248023e-05,-0.005508648056174834,-0.1691656472042072,0.11292572339031315,1.2913163588552344e-07,0.00015636431828738604
6,go,0.609999999999987,"(np.float64(0.0), np.float64(0.0))",0.001899389091226587,-0.028363511677332316,4.000854128064736,-1.4998439620369937,9.550187312206874e-05,-0.005477863138737776,-0.16915988287232617,0.11292992482631276,1.8139521599976297e-07,0.00015537143510241716
6,go,0.6199999999999868,"(np.float64(0.0), np.float64(0.0))",0.0018905287963858885,-0.028339793375558385,4.000855192538689,-1.4998986090417397,0.0001167090769167837,-0.005453324375620458,-0.16915420384393554,0.11293335035767676,2.2064187071079517e-07,0.00015454608601497973
6,go,0.6299999999999866,"(np.float64(0.0), np.float64(0.0))",0.0018835279508759505,-0.028314366801645976,4.000856440020067,-1.4999530364986784,0.00013222882559366545,-0.005433805637811474,-0.16914858790154053,0.11293623449755716,2.490566889171701e-07,0.00015385476595784593
6,go,0.6399999999999864,"(np.float64(0.0), np.float64(0.0))",0.0018781235374457012,-0.028287565948825436,4.000857819614145,-1.5000072887503992,0.00014327539232611883,-0.005418145331095389,-0.1691430183005472,0.11293874618152322,2.69088886664451e-07,0.00015326614337368144
6,go,0.6499999999999861,"(np.float64(0.0), np.float64(0.0))",0.0018739818109791125,-0.028259712689807755,4.000859292236365,-1.5000613993240839,0.00015096398807349577,-0.0054053533749137276,-0.1691374827716181,0.11294100461095011,2.829037677625987e-07,0.00015275373336194465
6,go,0.6599999999999859,"(np.float64(0.0), np.float64(0.0))",0.001870791658923066,-0.02823108393245146,4.0008608290061645,-1.5001153928329114,0.00015621022471743303,-0.005394639633003573,-0.1691319725255265,0.1129430924983145,2.922367854398715e-07,0.00015229652426465302
6,go,0.6699999999999857,"(np.float64(0.0), np.float64(0.0))",0.0018682957260502358,-0.028201901949728003,4.000862409157277,-1.5001692869346008,0.00015972107223231362,-0.005385401250816911,-0.16912648138148334,0.11294506643661936,2.984061966117925e-07,0.00015187855803548106
6,go,0.6799999999999855,"(np.float64(0.0), np.float64(0.0))",0.001866294381128464,-0.02817233700337034,4.00086401806514,-1.500223094065214,0.0001620213013778212,-0.005377193091387181,-0.16912100505975206,0.11294696468039354,3.023794443845492e-07,0.00015148809590275446
6,go,0.6899999999999853,"(np.float64(0.0), np.float64(0.0))",0.001864638967667049,-0.028142515172831402,4.0008656456012925,-1.500276822852229,0.00016348968249239103,-0.0053696946249640705,-0.16911554063578474,0.11294881281125713,3.0484923278682563e-07,0.00015111671245652256
6,go,0.6999999999999851,"(np.float64(0.0), np.float64(0.0))",0.0018632219316409024,-0.028112527440549314,4.000867284848868,-1.5003304792071452,0.0001643938307533092,-0.005362679629222429,-0.16911008613382958,0.11295062777004586,3.0630219088602837e-07,0.00015075847823139036
6,go,0.7099999999999849,"(np.float64(0.0), np.float64(0.0))",0.0018619671386170857,-0.02808243812632204,4.00086893114143,-1.5003840671397626,0.00016491961171647248,-0.005355991065074883,-0.1691046402324274,0.11295242067467264,3.0707489752956107e-07,0.0001504092876900991
6,go,0.7199999999999847,"(np.float64(0.0), np.float64(0.0))",0.001860821628791039,-0.0280522919359959,4.000870581364854,-1.5004375893485944,0.00016519427589759794,-0.005349521445382502,-0.16909920205547507,0.1129541987599206,3.0739708154272446e-07,0.00015006633730374068
6,go,0.7299999999999844,"(np.float64(0.0), np.float64(0.0))",0.0018597490954824884,-0.028022119496604526,4.000872233461566,-1.5004910476398459,0.0001653038711155866,-0.005343198099979682,-0.16909377102654177,0.11295596669566564,3.07423724786966e-07,0.0001497277356516609
6,go,0.7399999999999842,"(np.float64(0.0), np.float64(0.0))",0.0018587249588899641,-0.02799194152547449,4.000873886084749,-1.5005444432195651,0.00016530594712161608,-0.005336972435905123,-0.16908834676876044,0.11295772747260267,3.0725828976789244e-07,0.00014939222034892537
6,go,0.749999999999984,"(np.float64(0.0), np.float64(0.0))",0.0018577327621782408,-0.027961771876865285,4.00087553836073,-1.5005977768943728,0.00016523861098550086,-0.0053308122851230206,-0.16908292903690017,0.11295948299133746,3.069691812045903e-07,0.00014905895703500084
6,go,0.7599999999999838,"(np.float64(0.0), np.float64(0.0))",0.0018567615974305217,-0.02793161971721533,4.00087718972778,-1.5006510492076215,0.00016512686259292697,-0.005324696551016468,-0.16907751767178822,0.112961234450539,3.0660121716673333e-07,0.00014872739917256005
6,go,0.7699999999999836,"(np.float64(0.0), np.float64(0.0))",0.0018558043017181647,-0.02790149104949808,4.000878839827992,-1.5007042605307135,0.00016498695961260143,-0.005318611519905046,-0.16907211257003568,0.11296298260046357,3.0618350937646684e-07,0.00014839719171838803
6,go,0.7799999999999834,"(np.float64(0.0), np.float64(0.0))",0.0018548562124850473,-0.027871389764976308,4.000880488435485,-1.5007574111237152,0.00016482938554564558,-0.00531254835297062,-0.169066713664117,0.11296472790716802,3.057348097794338e-07,0.00014806810579092708
6,go,0.7899999999999832,"(np.float64(0.0), np.float64(0.0))",0.0018539143202092215,-0.02784131835925561,4.000882135409195,-1.5008105011752082,0.00016466084474003634,-0.005306501400536631,-0.1690613209093766,0.11296647065802183,3.052670980413006e-07,0.00014773999486617612
6,go,0.799999999999983,"(np.float64(0.0), np.float64(0.0))",0.0018529766982252566,-0.027811278414090004,4.000883780662091,-1.500863530828253,0.0001644855894642378,-0.005300467080921378,-0.1690559342756262,0.1129682110289639,3.047879644710784e-07,0.00014741276571222337
6,go,0.8099999999999827,"(np.float64(0.0), np.float64(0.0))",0.001852042123070044,-0.027781270918147718,4.000885424141288,-1.5009165001971594,0.00016430629427700014,-0.00529444314196392,-0.1690505537417533,0.11296994912703531,3.0430217808654676e-07,0.00014708635928762888
6,go,0.8199999999999825,"(np.float64(0.0), np.float64(0.0))",0.0018511098241084415,-0.027751296478491106,4.000887065815287,-1.5009694093782262,0.0001641246269536065,-0.005288428179044653,-0.1690451792922927,0.11297168501706165,3.038127093319541e-07,0.000146760738301875
6,go,0.8299999999999823,"(np.float64(0.0), np.float64(0.0))",0.0018501793199058145,-0.027721355458726796,4.0008887056658775,-1.5010222584565605,0.00016394161810172843,-0.0052824213232436175,-0.16903981091526157,0.112973418738253,3.033213914837147e-07,0.00014643587918439428
6,go,0.8399999999999821,"(np.float64(0.0), np.float64(0.0))",0.0018492503122071206,-0.027691448068466556,4.00089034368302,-1.5010750475103714,0.00016375789845824473,-0.005276422041295638,-0.1690344486008053,0.11297515031444251,3.0282934485029103e-07,0.00014611176694385045
6,go,0.8499999999999819,"(np.float64(0.0), np.float64(0.0))",0.0018483226178147441,-0.02766157442076441,4.000891979861654,-1.5011277766136495,0.00016357384998267363,-0.005270430008347798,-0.16902909234035746,0.11297687976034204,3.023372466060116e-07,0.0001457883919053426
6,go,0.8599999999999817,"(np.float64(0.0), np.float64(0.0))",0.0018473961251768015,-0.02763173456868188,4.000893614199721,-1.5011804458378226,0.0001633897012726346,-0.005264445027710159,-0.16902374212612292,0.11297860708532742,3.018455010248603e-07,0.00014546574765710425
6,go,0.8699999999999815,"(np.float64(0.0), np.float64(0.0))",0.0018464707669498183,-0.027601928528369294,4.000895246696944,-1.50123305525277,0.0001632055873020277,-0.005258466980695717,-0.16901839795076395,0.11298033229570245,3.013543459560706e-07,0.00014514382976995305
6,go,0.8799999999999812,"(np.float64(0.0), np.float64(0.0))",0.0018455465028073582,-0.027572156293505228,4.0008968773540925,-1.5012856049274361,0.00016302158650689382,-0.005252495795542601,-0.16901305980721115,0.11298205539603665,3.008639188599051e-07,0.00014482263500567967
6,go,0.889999999999981,"(np.float64(0.0), np.float64(0.0))",0.0018446233087565792,-0.02754241784425146,4.0008985061725415,-1.501338094930198,0.00016283774358267697,-0.005246531428360384,-0.1690077276885503,0.11298377638994456,3.00374297357933e-07,0.00014450216083289916
6,go,0.8999999999999808,"(np.float64(0.0), np.float64(0.0))",0.0018437011705644403,-0.027512713152749006,4.000900133154004,-1.5013905253290818,0.0001626540833654259,-0.0052405738515594645,-0.16900240158795685,0.1129854952805314,2.9988552389792177e-07,0.0001441824051337526
6,go,0.9099999999999806,"(np.float64(0.0), np.float64(0.0))",0.0018427800797521494,-0.027483042186459,4.000901758300379,-1.5014428961918882,0.0001624706191926897,-0.00523462304691796,-0.16899708149865805,0.11298721207064263,2.993976205932858e-07,0.00014386336602865683
6,go,0.9199999999999804,"(np.float64(0.0), np.float64(0.0))",0.0018418600311790865,-0.02745340491016761,4.000903381613663,-1.5014952075862644,0.00016228735786786615,-0.005228679001478886,-0.1689917674139109,0.11298892676299989,2.9891059802247953e-07,0.00014354504177289072
6,go,0.9299999999999802,"(np.float64(0.0), np.float64(0.0))",0.0018409410216057244,-0.027423801287173595,4.000905003095904,-1.501547459579744,0.00016210430257678534,-0.005222741705158348,-0.1689864593269907,0.11299063936027265,2.984244603923907e-07,0.00014322743069649673
6,go,0.93999999999998,"(np.float64(0.0), np.float64(0.0))",0.0018400230488484959,-0.027394231279982008,4.000906622749168,-1.5015996522397679,0.00016192145456864798,-0.0052168111493782025,-0.16898115723118484,0.11299234986511389,2.9793920850938684e-07,0.00014291053117005526
6,go,0.9499999999999797,"(np.float64(0.0), np.float64(0.0))",0.0018391061112925664,-0.027364694850701726,4.000908240575529,-1.5016517856336953,0.00016173881409905526,-0.005210887326308898,-0.16897586111978924,0.11299405828017549,2.974548414427848e-07,0.000142594341585832
6,go,0.9599999999999795,"(np.float64(0.0), np.float64(0.0))",0.0018381902076169175,-0.027335191961266075,4.000909856577061,-1.5017038598288088,0.00016155638095692964,-0.005204970228453277,-0.16897057098610724,0.1129957646081148,2.969713574530563e-07,0.00014227886034744527
6,go,0.9699999999999793,"(np.float64(0.0), np.float64(0.0))",0.0018372753366405344,-0.027305722573554632,4.000911470755834,-1.5017558748923174,0.00016137415473443045,-0.005199059848439705,-0.16896528682344847,0.11299746885159553,2.964887544647824e-07,0.00014196408586480155
6,go,0.9799999999999791,"(np.float64(0.0), np.float64(0.0))",0.001836361497243563,-0.02727628664945354,4.000913083113915,-1.501807830891356,0.00016119213497141222,-0.005193156178912307,-0.16896000862512997,0.11299917101328694,2.96007030319989e-07,0.0001416500165513929
6,go,0.9899999999999789,"(np.float64(0.0), np.float64(0.0))",0.0018354486883239724,-0.027246884150888585,4.000914693653365,-1.5018597278929862,0.00016101032121243185,-0.005187259212495471,-0.1689547363844742,0.113000871095862,2.955261828759795e-07,0.00014133665082349367
6,go,0.9999999999999787,"(np.float64(0.0), np.float64(0.0))",0.001834536908781518,-0.027217515039835573,4.000916302376242,-1.5019115659641953,0.0001608287130423854,-0.0051813689417709845,-0.1689494700948111,0.11300256910199578,2.9504621006808753e-07,0.0001410239870995887
6,back,0.0,"(np.float64(0.0), np.float64(0.0))",0.0018336261575059856,-0.027188179278327448,4.0009179092846,-1.5019633451718966,0.00016064731007964152,-0.005175485359289323,-0.16894420974947702,0.11300426503436387,2.945671098950057e-07,0.00014071202380071704
6,back,0.009999999999999787,"(np.float64(0.0), np.float64(0.0))",0.001832716433413889,-0.02715887682841734,4.000919514380488,-1.5020150655829283,0.00016046611198799497,-0.005169608457562377,-0.16893895534181563,0.1130059588956411,2.9408888044643186e-07,0.00014040075935008116
6,back,0.019999999999999574,"(np.float64(0.0), np.float64(0.0))",-0.015253243307834235,-0.04421465869545961,4.000909733873479,-1.5020780118662147,-0.0017979775904966616,-0.007104296678718679,-0.1689337068651773,0.1130076506885006,2.7424989649879126e-05,0.00031411405292083367
6,back,0.02999999999999936,"(np.float64(0.0), np.float64(0.0))",-0.06360212847155663,-0.09253877103781298,4.000854645090837,-1.502185797680323,-0.008183388308900804,-0.013424539044906437,-0.16892725596565844,0.11301066159153941,0.0005204809145553435,0.0012422903449647773
6,back,0.03999999999999915,"(np.float64(0.0), np.float64(0.0))",-0.13905034155774032,-0.16797491641078222,4.000503227205235,-1.5025801589921435,-0.06163016365558084,-0.06505221139966676,-0.1689159930849728,0.11301907747776449,0.00856969530656795,0.010927139772195558
6,back,0.049999999999998934,"(np.float64(0.0), np.float64(0.0))",-0.2253459221439886,-0.2547904618388754,3.999258832032365,-1.5038627466274868,-0.18633702269128744,-0.1906636987615528,-0.16887395083305456,0.11306233824797954,0.0419902882079335,0.04857929186336425
6,back,0.05999999999999872,"(np.float64(0.0), np.float64(0.0))",-0.3116552335968701,-0.3408054693164193,3.9964158495085713,-1.5067594548174397,-0.3812203000046229,-0.387696736128807,-0.1687364514018281,0.1132133304271138,0.11880930164980966,0.13212916810882205
6,back,0.06999999999999851,"(np.float64(0.0), np.float64(0.0))",-0.3947623668717258,-0.4232354391754036,3.9912864482293497,-1.5119642668372997,-0.6437179063841049,-0.6522315487614418,-0.16842493977962547,0.11356179283856817,0.2541156043219012,0.27604750598410255
6,back,0.0799999999999983,"(np.float64(0.0), np.float64(0.0))",-0.47200738937120595,-0.499824053354555,3.9832148830526655,-1.520125630502531,-0.9699320271817125,-0.979030514852586,-0.16786298375319847,0.114195861436796,0.45781508401756166,0.48934300029141636
6,back,0.08999999999999808,"(np.float64(0.0), np.float64(0.0))",-0.5412555127352593,-0.5688428440374191,3.9715895535311714,-1.5318344664774748,-1.35490860525077,-1.3618030724350634,-0.16697685130800882,0.115197261322426,0.7333517518444205,0.7746519327428569
6,back,0.09999999999999787,"(np.float64(0.0), np.float64(0.0))",-0.6008238757561577,-0.6290223093322216,3.9558522558809854,-1.5476151676495582,-1.7929011268740869,-1.7935246149849726,-0.1656956634809469,0.11663713904214862,1.0772178038960716,1.128166995162031
6,back,0.10999999999999766,"(np.float64(0.0), np.float64(0.0))",-0.6494113525183807,-0.6794650377033283,3.9355051908308427,-1.56791962801678,-2.2775438938991837,-2.2667134458726026,-0.16395119675790407,0.11857241865774568,1.4790628605570482,1.5401525369624691
6,back,0.11999999999999744,"(np.float64(0.0), np.float64(0.0))",-0.6860541682045979,-0.7195695970405386,3.910116780901624,-1.5931236304198724,-2.8019116075855104,-2.773619836928942,-0.16167756287612317,0.12104264459413605,1.9222631373248849,1.9958125084026033
6,back,0.12999999999999723,"(np.float64(0.0), np.float64(0.0))",-0.710114907046283,-0.7489793771868951,3.879327355823962,-1.6235246747687275,-3.358488105051123,-3.3063240142178363,-0.1588110570223219,0.12406735966812302,2.3849124685344254,2.47636850094695
6,back,0.13999999999999702,"(np.float64(0.0), np.float64(0.0))",-0.7212986953773299,-0.767557890008242,3.842855348351993,-1.6593404727747343,-3.9391033637366166,-3.8567741229332393,-0.15529045243508177,0.12764414221603881,2.8412701172196737,2.9602974080370252
6,back,0.1499999999999968,"(np.float64(0.0), np.float64(0.0))",-0.7196792105201884,-0.7753816758217048,3.800503976299804,-1.7007077343721457,-4.534909071568994,-4.416810222290346,-0.15105793776685905,0.1317474698948867,3.263679780407614,3.424713711945925
6,back,0.1599999999999966,"(np.float64(0.0), np.float64(0.0))",-0.7057134116956292,-0.7727372258125935,3.752167763265273,-1.7476812998237803,-5.136442964686782,-4.978211252630485,-0.1460607620484869,0.13632857358675404,3.6248566885891207,3.8468491528667172
6,back,0.16999999999999638,"(np.float64(0.0), np.float64(0.0))",-0.680229543876572,-0.7601108053765686,3.6978379260541008,-1.8002339285813165,-5.733794856848795,-5.532778636469719,-0.14025350458613106,0.14131639479021374,3.9002966601560902,4.205524825337271
6,back,0.17999999999999616,"(np.float64(0.0), np.float64(0.0))",-0.6443839541569376,-0.7381668932259499,3.63760568989714,-1.8582570845166182,-6.316855816203193,-6.072449884923121,-0.13360075947124342,0.14661968129279354,4.070480528684263,4.4824814658239776
6,back,0.18999999999999595,"(np.float64(0.0), np.float64(0.0))",-0.5995917205883872,-0.7077170210606939,3.571662854402642,-1.9215629431546901,-6.875618532477812,-6.589427930764251,-0.12607993871976667,0.1521301674025676,4.122563945997773,4.663450305654608
6,back,0.19999999999999574,"(np.float64(0.0), np.float64(0.0))",-0.5474402743316311,-0.6696831620478404,3.5002992548870293,-1.9898877088435907,-7.400497404922454,-7.076313769107881,-0.11768386008308089,0.15772669613439103,4.051330329541273,4.738888180538837
6,back,0.20999999999999552,"(np.float64(0.0), np.float64(0.0))",-0.4895952428092652,-0.6250593410518046,3.4238970578085515,-2.06289621997166,-7.8826406421961135,-7.526232095797022,-0.1084227939446204,0.16328005466756126,3.8593033591941883,4.704341674401829
6,back,0.2199999999999953,"(np.float64(0.0), np.float64(0.0))",-0.42770678973685133,-0.5748745727249915,3.342922013110214,-2.140187770884129,-8.31426695341708,-7.932980241601266,-0.0983256981933867,0.16865821751534765,3.5560684276612107,4.560468626826328
6,back,0.2299999999999951,"(np.float64(0.0), np.float64(0.0))",-0.36330675195071327,-0.5201480808353919,3.2579101772387413,-2.2213041854373476,-8.689252624749255,-8.29130707351028,-0.08744047007376327,0.1737316254689158,3.1568641479768615,4.3127074619032815
6,back,0.23999999999999488,"(np.float64(0.0), np.float64(0.0))",-0.29762794298047557,-0.46180417648305405,3.169453638760655,-2.305736611076708,-9.002355832474484,-8.596108909030145,-0.07583323679985901,0.17837777748631983,2.6793526483976673,3.9697189956933103
6,back,0.24999999999999467,"(np.float64(0.0), np.float64(0.0))",-0.2318316872340631,-0.40091280010148667,3.0781932715362537,-2.3929257131772896,-9.24918028084418,-8.842430596314738,-0.06358713540376634,0.1824851062426812,2.1442530700401323,3.5450436100716
6,back,0.25999999999999446,"(np.float64(0.0), np.float64(0.0))",-0.16701777328367065,-0.33869247355091747,2.9848074426394384,-2.4822662478547013,-9.426679896587377,-9.026109679602962,-0.05080038928585173,0.18595750359217875,1.5744230857859665,3.0570754139266065
6,back,0.26999999999999424,"(np.float64(0.0), np.float64(0.0))",-0.1040696630023059,-0.2763176995376862,2.889996891674405,-2.573117771227642,-9.533560158173792,-9.144369021616015,-0.0375831460030778,0.18871786465737295,0.9921543928733566,2.5267510117766196
6,back,0.27999999999999403,"(np.float64(0.0), np.float64(0.0))",-0.043528413111928205,-0.21473814207457254,2.794465943634122,-2.664819541685446,-9.570442522421112,-9.195942545334693,-0.024053341948398754,0.19071016822953354,0.4165861757799104,1.9747196168096877
6,back,0.2899999999999938,"(np.float64(0.0), np.float64(0.0))",0.01446453234657391,-0.154635355324151,2.6989057021904426,-2.7567049172801656,-9.539317483962327,-9.180932870160055,-0.010332729399752022,0.1918995600690054,0.0,1.4196968165843777
6,back,0.2999999999999936,"(np.float64(0.0), np.float64(0.0))",0.07000995114245698,-0.09646024705239975,2.603982691705509,-2.848114551469168,-9.44307258883976,-9.10072378766869,0.003456249863614369,0.19227127409922376,0.0,0.8778580649141731
6,back,0.3099999999999934,"(np.float64(0.0), np.float64(0.0))",0.12331266898944246,-0.04045481119361191,2.510331557849884,-2.9384087152568834,-9.285150368019123,-8.957879774749843,0.017192927933038518,0.1918292531629456,0.0,0.3623893349825797
6,back,0.3199999999999932,"(np.float64(0.0), np.float64(0.0))",0.17457992649198467,0.013321726638721193,2.418550753483091,-3.026978394358371,-9.069297019706253,-8.755993318862618,0.030760315727201365,0.19059470951278168,0.0,0.0
6,back,0.32999999999999297,"(np.float64(0.0), np.float64(0.0))",0.22394517957489485,0.06495037229014186,2.3292003411335354,-3.1132546075925154,-8.799396621560046,-8.49947777685163,0.044046599470961664,0.18860480389946402,0.0,0.0
6,back,0.33999999999999275,"(np.float64(0.0), np.float64(0.0))",0.2714162889222499,0.11459241900881575,2.242801053724208,-3.1967154860146754,-8.47939123203299,-8.193326228790852,0.05694641897901709,0.1859115161982488,0.0,0.0
6,back,0.34999999999999254,"(np.float64(0.0), np.float64(0.0))",0.3168487212070136,0.1624179583411621,2.1598337831336494,-3.2768909164575972,-8.113279079800991,-7.842867957063656,0.06936211198262975,0.1825806558937637,0.0,0.0
6,back,0.3599999999999923,"(np.float64(0.0), np.float64(0.0))",0.35994192004639247,0.20853221724340035,2.0807387956279952,-3.3533648772826297,-7.705172022882155,-7.453554637323961,0.08120504706284631,0.17869085517306127,0.0,0.0
6,back,0.3699999999999921,"(np.float64(0.0), np.float64(0.0))",0.40025362174117274,0.25290942408355005,2.0059141977450343,-3.425775881729548,-7.259386463600853,-7.030800464704249,0.09239706757230311,0.1743323331130703,0.0,0.0
6,back,0.3799999999999919,"(np.float64(0.0), np.float64(0.0))",0.4372246574974173,0.2953417197766457,1.9357134403202083,-3.4938161310590363,-6.780541621279487,-6.579888384301088,0.10287196263192744,0.1696052308253867,0.0,0.0
6,back,0.3899999999999917,"(np.float64(0.0), np.float64(0.0))",0.4702065400813834,0.335407126078871,1.8704418865304697,-3.557230044961525,-6.273644712060378,-6.105942775335858,0.11257680239261866,0.16461738682657603,0.0,0.0
6,back,0.3999999999999915,"(np.float64(0.0), np.float64(0.0))",0.49848568420266487,0.37245707634396635,1.8103526345402214,-3.615812798591557,-5.7441495143820855,-5.613957742198766,0.12147294554296334,0.15948152485861966,0.0,0.0
6,back,0.40999999999999126,"(np.float64(0.0), np.float64(0.0))",0.5213000898324994,0.4056206323200304,1.7556424749871893,-3.669408548355903,-5.197829998700759,-5.108656635993129,0.12953655252161414,0.15431193227256176,0.0,0.0
6,back,0.41999999999999105,"(np.float64(0.0), np.float64(0.0))",0.5378004638915911,0.4337578833486175,1.7064492793137007,-3.7179075363129446,-4.640766325343727,-4.5946126073427775,0.13675861244363324,0.149220859092444,0.0,0.0
6,back,0.42999999999999083,"(np.float64(0.0), np.float64(0.0))",0.5470441938703342,0.45549098210949635,1.6628462464811824,-3.761248799243962,-4.079829593387495,-4.0770202453078275,0.14314474744256628,0.14431489218898685,0.0,0.0
6,back,0.4399999999999906,"(np.float64(0.0), np.float64(0.0))",0.5481408317264502,0.4694338690010965,1.6248341736165224,-3.7994264362288477,-3.5226131575995625,-3.5616816808891936,0.14871413784144313,0.13969096003730194,0.0,0.0
6,back,0.4499999999999904,"(np.float64(0.0), np.float64(0.0))",0.5402327338427291,0.47418847100030037,1.592333532549799,-3.832497299551473,-2.977688154191477,-3.0554889221117656,0.15349764529354193,0.13543250907102988,0.0,0.0
6,back,0.4599999999999902,"(np.float64(0.0), np.float64(0.0))",0.5225730800931256,0.46849062399343533,1.5651741393698393,-3.860593348860335,-2.4544065999731997,-2.5663448698007296,0.15753551333593366,0.1316062730714208,0.0,0.0
6,back,0.46999999999999,"(np.float64(0.0), np.float64(0.0))",0.49446960911879495,0.4511903972686184,1.5430937429945024,-3.88392459576068,-1.9618003422391577,-2.1019577419774764,0.16087444863099806,0.12825957682182576,0.0,0.0
6,back,0.47999999999998977,"(np.float64(0.0), np.float64(0.0))",0.4549517574146063,0.4208887948526712,1.5257396792052655,-3.9027796982935237,-1.5089618279913404,-1.6704350464632371,0.16356645780759327,0.12541899146874108,0.0,0.0
6,back,0.48999999999998956,"(np.float64(0.0), np.float64(0.0))",0.40288050493826616,0.3761129112425687,1.5126663883205391,-3.9175323980060544,-1.1054121824843255,-1.2807628786896001,0.16566913115740267,0.12308956346405893,0.0,0.0
6,back,0.49999999999998934,"(np.float64(0.0), np.float64(0.0))",0.3370568953328211,0.3154601902538196,1.5033296063370811,-3.928652101181093,-0.7614055815412091,-0.9431625036426133,0.16724640893016104,0.12125407813709146,0.0,0.0
6,back,0.5099999999999891,"(np.float64(0.0), np.float64(0.0))",0.2563134401994665,0.2377083556042521,1.4970778157531828,-3.9367174720607263,-0.48816567863662397,-0.6693220189964383,0.1683697509718457,0.11987256922217843,0.0,0.0
6,back,0.5199999999999889,"(np.float64(0.0), np.float64(0.0))",0.17809254367842148,0.16039543273817114,1.4932227485458,-3.9423526293589557,-0.2824020471689216,-0.4565211889426211,0.169119561540259,0.1188821719390731,0.0,0.0
6,back,0.5299999999999887,"(np.float64(0.0), np.float64(0.0))",0.11867649456254037,0.09993627810096363,1.4911703557819578,-3.9460877948048028,-0.13288555207911026,-0.28792492570323813,0.1695788880268243,0.11820726434287736,0.0,0.0
6,back,0.5399999999999885,"(np.float64(0.0), np.float64(0.0))",0.07505298169390234,0.051598498396656985,1.4903093872233522,-3.948287015597432,-0.05229830506860447,-0.14973869074954763,0.16982022044452982,0.1177793253606675,0.0,0.0
6,back,0.5499999999999883,"(np.float64(0.0), np.float64(0.0))",0.05139338872591399,0.01146216038612731,1.4899775432686202,-3.949306761556375,-0.018929983466634867,-0.06402595411510131,0.16991486690527008,0.11754278476756717,0.0,0.0
6,back,0.5599999999999881,"(np.float64(0.0), np.float64(0.0))",0.04158199861816228,-0.013639813028840826,1.48987190847346,-3.9497435500822085,-0.004207737181819117,-0.028991746289344207,0.16993675231455446,0.11744040230419923,0.0,0.0003954419987662448
6,back,0.5699999999999878,"(np.float64(0.0), np.float64(0.0))",0.03722870560981369,-0.023888002261067784,1.4898668278399758,-3.949952513553348,0.0023076773248316505,-0.015018745454235595,0.16992514040406415,0.11740355648151816,8.591183976859993e-05,0.0003587678253691814
6,back,0.5799999999999876,"(np.float64(0.0), np.float64(0.0))",0.03527712963790896,-0.02795452442891665,1.4899062141688368,-3.9500701862803558,0.005177766328601472,-0.009398212561331248,0.1699002892982045,0.11739237439920062,0.00018265673400887403,0.0002627225626338857
6,back,0.5899999999999874,"(np.float64(0.0), np.float64(0.0))",0.034392471139461395,-0.02957008066058328,1.4899646584839905,-3.9501509037105222,0.0062901533654672786,-0.007079163947815853,0.16987250595276232,0.11739068049205122,0.00021633391808461935,0.00020933144894640795
6,back,0.5999999999999872,"(np.float64(0.0), np.float64(0.0))",0.03402368843930945,-0.03021736478653802,1.490029666035871,-3.9502161329977756,0.006658511282021286,-0.006125375834199452,0.1698464435620232,0.11739185457011887,0.0002265471133291192,0.00018509271603664947
6,back,0.609999999999987,"(np.float64(0.0), np.float64(0.0))",0.033874176533214985,-0.030464363648270903,1.4900970121874368,-3.9502753347198216,0.00678580013353354,-0.0057806325758643605,0.16982384075496781,0.11739331588097518,0.00022986339164242895,0.00017610329290817283
6,back,0.6199999999999868,"(np.float64(0.0), np.float64(0.0))",0.03379558218682177,-0.03053226559254384,1.4901650042721282,-3.9503325149599924,0.0068020125748821676,-0.00568267564854156,0.16980487525815507,0.11739412437048997,0.00022987797501022547,0.0001735049621775522
6,back,0.6299999999999866,"(np.float64(0.0), np.float64(0.0))",0.033749923203602386,-0.030527344526638224,1.4902328932480533,-3.950389272339327,0.006772305905634719,-0.005679962443359081,0.169789123077422,0.11739404895834232,0.00022856480422647467,0.00017339417040678853
6,back,0.6399999999999864,"(np.float64(0.0), np.float64(0.0))",0.03371810181882154,-0.03049410406059218,1.490300395419798,-3.9504461945160343,0.006728055444861816,-0.005708880719634387,0.1697759803308858,0.11739314261436666,0.00022685725853252735,0.00017408720273403937
6,back,0.6499999999999861,"(np.float64(0.0), np.float64(0.0))",0.03369087565400661,-0.03045127527168523,1.4903674453840314,-3.950503447447691,0.006683374581215889,-0.005743360615328412,0.1697648486408588,0.11739155042055872,0.00022516874196489302,0.00017489265508192092
6,back,0.6599999999999859,"(np.float64(0.0), np.float64(0.0))",0.03366404993456031,-0.030406579543982862,1.4904340711426287,-3.950561028963107,0.0066437877241801,-0.005773578335198468,0.1697552120679231,0.11738942909361867,0.0002236568017014177,0.00017555476890262836
6,back,0.6699999999999857,"(np.float64(0.0), np.float64(0.0))",0.03363595053651268,-0.03036296531877237,1.4905003330299966,-3.9506188785234775,0.006610731769655355,-0.005796693841912381,0.16974665802450786,0.11738691645832196,0.00022235824681428044,0.000176004814085527
6,back,0.6799999999999855,"(np.float64(0.0), np.float64(0.0))",0.03360611019044936,-0.030321320930535915,1.4905662955419285,-3.950676923735513,0.006583853609785323,-0.00581273513712129,0.16973887202360277,0.11738412302026091,0.00022125770988823333,0.00017624980757685734
6,back,0.6899999999999853,"(np.float64(0.0), np.float64(0.0))",0.033574596131251216,-0.030281681414751904,1.4906320157669526,-3.9507350986144063,0.006562148816554456,-0.005822758824306058,0.1697316222984034,0.11738113278816094,0.000220321496268984,0.0001763229276725714
6,back,0.6999999999999851,"(np.float64(0.0), np.float64(0.0))",0.033541675434206046,-0.03024376938126052,1.490697539879625,-3.9507933492919256,0.00654449666495187,-0.0058280459010812595,0.16972474231870086,0.11737800741603556,0.00021951338301605953,0.00017626207617570228
6,back,0.7099999999999849,"(np.float64(0.0), np.float64(0.0))",0.03350765661208341,-0.03020723285171638,1.490762903278628,-3.9508516343713445,0.006529886611509989,-0.0058297754311985705,0.1697181148029458,0.11737479100863159,0.0002188011982943176,0.00017610138392343047
6,back,0.7199999999999847,"(np.float64(0.0), np.float64(0.0))",0.03347282158871412,-0.03017174294502987,1.4908281321426124,-3.9509099232544838,0.006517492569217724,-0.00582891736889106,0.169711658505229,0.11737151449635727,0.00021815886597519488,0.00017586859650200093
6,back,0.7299999999999844,"(np.float64(0.0), np.float64(0.0))",0.03343740248301115,-0.030137027033838543,1.4908932453322252,-3.950968193945448,0.006506676854679913,-0.0058262217957274825,0.1697053179272468,0.11736819922195842,0.0002175663728168253,0.00017558500376297847
6,back,0.7399999999999842,"(np.float64(0.0), np.float64(0.0))",0.03340157928360483,-0.030102873291208962,1.490958256166436,-3.9510264309681276,0.006496965672704772,-0.005822246117056424,0.16969905562093562,0.11736485971134791,0.0002170089140197074,0.0001752663371319829
6,back,0.749999999999984,"(np.float64(0.0), np.float64(0.0))",0.03336548613767087,-0.030069123781202658,1.4910231739027582,-3.951084623623941,0.006488016631562709,-0.005817392984223352,0.1696928465940245,0.11736150573240614,0.0002164758289813836,0.0001749239097265119
6,back,0.7599999999999838,"(np.float64(0.0), np.float64(0.0))",0.03332922020822022,-0.030035664127564393,1.4910880048941233,-3.9511427646292394,0.0064795875467545515,-0.0058119470391761,0.16968667433395887,0.11735814378245737,0.00021595960020422386,0.00017456568919588567
6,back,0.7699999999999836,"(np.float64(0.0), np.float64(0.0))",0.03329285033884359,-0.030002413307899642,1.491152753456055,-3.9512008490943127,0.006471510060081781,-0.005806106034772255,0.16968052803262867,0.117354778140072,0.00021545501589662343,0.00017419719296472752
6,back,0.7799999999999834,"(np.float64(0.0), np.float64(0.0))",0.03325642444768646,-0.029969314930176832,1.4912174224975632,-3.9512588737811107,0.006463668828482253,-0.005800005374653633,0.16967440067833914,0.11735141159598109,0.00021495851404928609,0.000173822187669713
6,back,0.7899999999999832,"(np.float64(0.0), np.float64(0.0))",0.03321997539226136,-0.02993633031613359,1.4912820139697982,-3.9513168365757694,0.006455985821616504,-0.005793736612065626,0.16966828776104692,0.11734804595364108,0.0002144676901268885,0.00017344321298347332
6,back,0.799999999999983,"(np.float64(0.0), np.float64(0.0))",0.03318352541098007,-0.0299034332681148,1.4913465291793304,-3.951374736120549,0.0064484088411248764,-0.005787360961894609,0.16966218640386788,0.11734468236773526,0.00021398093863985587,0.00017306196232250813
6,back,0.8099999999999827,"(np.float64(0.0), np.float64(0.0))",0.033147089379408225,-0.029870606236298395,1.4914109690035966,-3.9514325715608685,0.006440903324053978,-0.005780918938714718,0.16965609478660681,0.11734132157051765,0.00021349719816654474,0.00017267955330230736
6,back,0.8199999999999825,"(np.float64(0.0), np.float64(0.0))",0.03311067713996979,-0.02983783757906062,1.491475334037138,-3.951490342373689,0.006433446600851381,-0.005774437103238828,0.1696500117668286,0.11733796402161523,0.00021301577329802616,0.00017229671639694148
6,back,0.8299999999999823,"(np.float64(0.0), np.float64(0.0))",0.03307429513680569,-0.029805119642010998,1.4915396246897172,-3.9515480482524192,0.006426023935563225,-0.0057679327116615135,0.16964393663306238,0.11733461000622794,0.00021253621220099572,0.00017191392455814033
6,back,0.8399999999999821,"(np.float64(0.0), np.float64(0.0))",0.033037947544844626,-0.02977244743224613,1.4916038412514614,-3.951605689030524,0.006418625831557416,-0.005761416877310795,0.16963786894548155,0.1173312596989207,0.0002120582235329786,0.0001715314811149913
6,back,0.8499999999999819,"(np.float64(0.0), np.float64(0.0))",0.03300163703899988,-0.02973981771568848,1.4916679839356957,-3.9516632646313097,0.006411246219878049,-0.005754896695563337,0.16963180843394565,0.11732791320470072,0.00021158162071607537,0.0001711495786986716
6,back,0.8599999999999817,"(np.float64(0.0), np.float64(0.0))",0.03296536531196313,-0.02970722840974131,1.4917320529068492,-3.9517207750352146,0.006403881254040199,-0.005748376656929168,0.16962575493331436,0.11732457058523961,0.00021110628495386773,0.00017076833833261994
6,back,0.8699999999999815,"(np.float64(0.0), np.float64(0.0))",0.03292913341902237,-0.029674678178988625,1.4917960482984776,-3.951778220258685,0.006396528516100278,-0.005741859577651456,0.16961970834276868,0.11732123187546938,0.00021063214092524726,0.0001703878351157505
6,back,0.8799999999999812,"(np.float64(0.0), np.float64(0.0))",0.03289294200542732,-0.029642166168689636,1.4918599702248012,-3.9518356003406527,0.00638918649848911,-0.005735347206947717,0.16961366860046068,0.11731789709399182,0.00021015914095666154,0.0001700081149434742
6,back,0.889999999999981,"(np.float64(0.0), np.float64(0.0))",0.032856791454916476,-0.029609691830720163,1.4919238187880295,-3.9518929153339495,0.006381854268795442,-0.005728840619806477,0.16960763566786768,0.11731456624954915,0.0002096872548054803,0.00016962920529978168
6,back,0.8999999999999808,"(np.float64(0.0), np.float64(0.0))",0.03282068198588761,-0.029577254810884482,1.4919875940829694,-3.951950165299903,0.006374531254788168,-0.005722340468882735,0.16960160952023334,0.11731123934500613,0.0002092164631225036,0.00016925112216278082
6,back,0.9099999999999806,"(np.float64(0.0), np.float64(0.0))",0.032784613713125826,-0.029544854876589394,1.4920512961999002,-3.9520073503049677,0.006367217107722981,-0.0057158471446753815,0.169595590140795,0.1173079163797765,0.0002087467533043042,0.000168873874386202
6,back,0.9199999999999804,"(np.float64(0.0), np.float64(0.0))",0.03274858668708694,-0.029512491870812854,1.4921149252263486,-3.9520644704186396,0.006359911616170506,-0.005709360876519974,0.1695895775173396,0.11730459735128236,0.00020827811688437102,0.00016849746645583268
6,back,0.9299999999999802,"(np.float64(0.0), np.float64(0.0))",0.03271260091868363,-0.029480165683056354,1.4921784812481746,-3.952121525712183,0.006352614652193249,-0.0057028817956901266,0.16958357164018012,0.11730128225582344,0.00020781054790737998,0.00016812190020783086
6,back,0.93999999999998,"(np.float64(0.0), np.float64(0.0))",0.03267665639478118,-0.029447876231179212,1.4922419643502283,-3.952178516257858,0.0063453261380166,-0.005696409974482928,0.16957757250098632,0.11729797108908377,0.0002073440419247923,0.000167747175890628
6,back,0.9499999999999797,"(np.float64(0.0), np.float64(0.0))",0.032640753087801996,-0.029415623450136315,1.4923053746167425,-3.9522354421284596,0.006338046025624218,-0.0056899454501714115,0.16957158009212342,0.11729466384642478,0.00020687859538152486,0.0001673732928140586
6,back,0.9599999999999795,"(np.float64(0.0), np.float64(0.0))",0.03260489096161116,-0.029383407285068955,1.4923687121315634,-3.9522923033970443,0.006330774284370539,-0.005683488239548387,0.16956559440628854,0.11729136052304831,0.0002064142052444734,0.0001670002497425498
6,back,0.9699999999999793,"(np.float64(0.0), np.float64(0.0))",0.032569069975094726,-0.029351227687105026,1.4924319769782848,-3.952349100136773,0.006323510893571633,-0.005677038347641156,0.1695596154363177,0.11728806111408697,0.0002059508687810083,0.00016662804513004206
6,back,0.9799999999999791,"(np.float64(0.0), np.float64(0.0))",0.03253329008430158,-0.029319084610839978,1.4924951692403239,-3.952405832420821,0.006316255838129737,-0.005670595772865814,0.1695536431750889,0.11728476561465097,0.00020548858342853813,0.00016625667725852434
6,back,0.9899999999999789,"(np.float64(0.0), np.float64(0.0))",0.03249755124371069,-0.029286978012843842,1.4925582890009637,-3.9524625003223286,0.006309009105981904,-0.005664160510035191,0.16954767761547773,0.11728147401985069,0.0002050273467186843,0.000165886144318619
6,back,0.9999999999999787,"(np.float64(0.0), np.float64(0.0))",0.03246185340697117,-0.0292549078507884,1.4926213363433751,-3.952519103914373,0.006301770686654674,-0.005657732552069893,0.16954171875034094,0.11727818632480744,0.00020456715623453207,0.0001655164444552106
7,go,0.0,"(np.float64(0.0), np.float64(0.0))",0.03242619652732246,-0.029222874082951215,1.411535613391748,-4.197829315458931,0.006294540570457973,-0.005651311890958785,0.17820130418540236,0.09079809953893252,0.00020410800958687466,0.0001651475757929735
7,go,0.009999999999999787,"(np.float64(0.0), np.float64(0.0))",-0.0018883621711373918,0.0016953935672876354,1.4115743872966735,-4.197864094753084,0.0022624695540425415,-0.0020211480255568973,0.17820130418540236,0.09079809953893252,0.0,0.0
7,go,0.019999999999999574,"(np.float64(0.0), np.float64(0.0))",0.01869464331825321,0.020023860511579762,1.4116009251242816,-4.197863802723218,0.0029636754815383316,0.0014840402966345167,0.17819718928148692,0.09079694723146571,5.5404856038411435e-05,2.9716215893373015e-05
7,go,0.02999999999999936,"(np.float64(0.0), np.float64(0.0))",0.07403250837378682,0.07453627832735056,1.4116695073598948,-4.197804852004414,0.00967357731902858,0.009080104728003042,0.17819467621855273,0.09079826736546283,0.0007161591938754576,0.0006767972132479265
7,go,0.03999999999999915,"(np.float64(0.0), np.float64(0.0))",0.15984703226450137,0.16009073234998744,1.4121743198420609,-4.197553991696512,0.09077585596518506,0.04059213101115526,0.17818885722918884,0.09080680098704069,0.014510251177304664,0.006498423981222482
7,go,0.049999999999998934,"(np.float64(0.0), np.float64(0.0))",0.25162759032289317,0.26690073742183823,1.4138332079972342,-4.196522818776384,0.24001854857557192,0.16459315046761347,0.1781453435520119,0.09085274441661313,0.06039528901086944,0.04393003323438961
7,go,0.05999999999999872,"(np.float64(0.0), np.float64(0.0))",0.3471679048792318,0.3703901830653835,1.4173492216474695,-4.193826800944954,0.4619850588577624,0.37341265223249365,0.1780018058305458,0.09102322984871865,0.16038638496915797,0.1383083806193237
7,go,0.06999999999999851,"(np.float64(0.0), np.float64(0.0))",0.4411316670608222,0.46879004529344986,1.423446296190289,-4.18864750065706,0.7561643920371959,0.6613863239847164,0.1776943878212794,0.09143297441083194,0.33356805883140134,0.3100513247772635
7,go,0.0799999999999983,"(np.float64(0.0), np.float64(0.0))",0.5298139093667409,0.5598846505804873,1.4328274790558668,-4.1802215514338315,1.1188380035517076,1.023115576005901,0.17715194457647176,0.09219146470177436,0.5927759366098098,0.5728267067755178
7,go,0.08999999999999808,"(np.float64(0.0), np.float64(0.0))",0.6106038669575812,0.641531056204735,1.4461486449542373,-4.167841046379221,1.544268656433418,1.4528858358790229,0.17630032439404855,0.09339915973118545,0.9429364132396334,0.9320713848363689
7,go,0.09999999999999787,"(np.float64(0.0), np.float64(0.0))",0.6816479430649731,0.711837646720959,1.4640022208544965,-4.150857370056755,2.0254964992139586,1.9445328875598815,0.1750639995638822,0.09514332807043357,1.3806755223744989,1.3841917146521372
7,go,0.10999999999999766,"(np.float64(0.0), np.float64(0.0))",0.7416245024049104,0.7692103831374772,1.4869075327394257,-4.128685803193842,2.5551514289907855,2.491077246440521,0.17336641414315318,0.09749394560286744,1.8949629070944871,1.9161624831595652
7,go,0.11999999999999744,"(np.float64(0.0), np.float64(0.0))",0.7895098059774955,0.8124691049921284,1.5153164590875292,-4.100822805445945,3.126212896388589,3.084185657873,0.17112996220960996,0.10049988924744266,2.4681757372720994,2.505805561081635
7,go,0.12999999999999723,"(np.float64(0.0), np.float64(0.0))",0.8243505292617068,0.8410233022260604,1.5495881672405367,-4.066829436910277,3.728003883733501,3.7181741150265273,0.16827496355531474,0.10418501716590806,3.07318197464541,3.1270710724710695
7,go,0.13999999999999702,"(np.float64(0.0), np.float64(0.0))",0.8464845787150506,0.8536651145072238,1.5899880747023263,-4.026344145962745,4.352145798602357,4.383499702485354,0.1647229043985361,0.10854654239327349,3.6840243028363933,3.7420407754645413
7,go,0.1499999999999968,"(np.float64(0.0), np.float64(0.0))",0.8557590987018397,0.8505333026255764,1.6366950424528404,-3.9791046163347037,4.989685960643417,5.069766942490571,0.16039756603402927,0.1135532090616785,4.2699691604854335,4.312005621138476
7,go,0.1599999999999966,"(np.float64(0.0), np.float64(0.0))",0.852391761231046,0.832228304639019,1.6897963973574526,-3.92495673419086,5.631260295580958,5.765659905378341,0.15522633967780183,0.11914414381654355,4.800039881300713,4.798345368178183
7,go,0.16999999999999638,"(np.float64(0.0), np.float64(0.0))",0.836928796081709,0.7998418347610748,1.749284702683519,-3.863863042684546,6.267277007058027,6.459115162232347,0.14914372129080633,0.12522969434723397,5.245264600227651,5.166270522292998
7,go,0.17999999999999616,"(np.float64(0.0), np.float64(0.0))",0.810195678712601,0.7549139220707368,1.8150565156182867,-3.795908665701472,6.888125645909512,7.137654152783222,0.1420954169980682,0.13169375874337494,5.580729632745331,5.388314490862064
7,go,0.18999999999999595,"(np.float64(0.0), np.float64(0.0))",0.7732390067419691,0.6993406061613044,1.8869133009149106,-3.7213034647270122,7.484397355184706,7.788803734124454,0.13404277783758622,0.13839767691317656,5.787227976985243,5.447026724694028
7,go,0.19999999999999574,"(np.float64(0.0), np.float64(0.0))",0.7272637300255718,0.6352529184183937,1.9645645469694448,-3.6403798081507133,8.04710696751007,8.400553662007958,0.12496711934239413,0.14518559965918854,5.852369029106141,5.33647623012088
7,go,0.20999999999999552,"(np.float64(0.0), np.float64(0.0))",0.6735685035740671,0.5648821509863883,2.0476330496402353,-3.553585784509083,8.567910532007334,8.96181356403509,0.11487342200449836,0.151891096231525,5.771074675800668,5.062368522791132
7,go,0.2199999999999953,"(np.float64(0.0), np.float64(0.0))",0.6134811109583628,0.49042254452921974,2.1356633757860837,-3.46147261009822,9.039721735055258,9.463381044084281,0.1037929571938802,0.1583446332081651,5.545698532776158,4.641055411489397
7,go,0.2299999999999951,"(np.float64(0.0), np.float64(0.0))",0.548172311730601,0.4137371532420691,2.228134274368905,-3.3646739524314673,9.456084102903262,9.897736762232675,0.09178465702799674,0.16438163759442193,5.183563482607467,4.095061431545521
7,go,0.23999999999999488,"(np.float64(0.0), np.float64(0.0))",0.4788405857508913,0.33641076672188364,2.324456697609815,-3.2638969821289012,9.80977473506076,10.257719000032157,0.07893508918457916,0.16985105695855085,4.697318280220789,3.4508071136184517
7,go,0.24999999999999467,"(np.float64(0.0), np.float64(0.0))",0.40713605224927185,0.260146023290675,2.42397010863845,-3.1599150986344746,10.093827776399339,10.537348731944437,0.06535417617189358,0.1746213563150132,4.109561192967273,2.7412493686423822
7,go,0.25999999999999446,"(np.float64(0.0), np.float64(0.0))",0.3348594953778701,0.18651537576768795,2.525952060467721,-3.053549427131278,10.303039422786501,10.73343429853839,0.05116897601800878,0.17858363385005066,3.4500705819725894,2.001950531469678
7,go,0.26999999999999424,"(np.float64(0.0), np.float64(0.0))",0.2635089669083552,0.11647243943178073,2.6296380706468607,-2.9456381201878643,10.43419696825986,10.845796295421414,0.036518208844555713,0.18165345811690928,2.7495044636244472,1.2632363521079024
7,go,0.27999999999999403,"(np.float64(0.0), np.float64(0.0))",0.194202999060251,0.05026995810221288,2.7342404555934277,-2.8370101620988284,10.485897884556563,10.87643784184251,0.021547413260987386,0.18377229455505745,2.036392817020426,0.5467580746107457
7,go,0.2899999999999938,"(np.float64(0.0), np.float64(0.0))",0.12772743181532106,-0.012303142065516415,2.8389661978570917,-2.728466747462426,10.458532057719168,10.82888302822301,0.006404099065307756,0.18490717633002068,1.3358414402906744,0.0
7,go,0.2999999999999936,"(np.float64(0.0), np.float64(0.0))",0.06453387334997318,-0.07173060791987618,2.9430347494808022,-2.6207687386706557,10.35426428493999,10.707615925491076,-0.008766423998637723,0.18504885098346877,0.668200779996468,0.0
7,go,0.3099999999999934,"(np.float64(0.0), np.float64(0.0))",0.004738120737629914,-0.1286042358472281,3.0456952544331477,-2.5146293986816843,10.176917773019746,10.51759208598881,-0.02382415675381347,0.1842092066970978,0.048219465145499296,0.0
7,go,0.3199999999999932,"(np.float64(0.0), np.float64(0.0))",-0.05185137127584749,-0.18347783060807446,3.146241997432762,-2.4107115654215994,9.93172348443847,10.263852028003592,-0.038636417725568806,0.18241868415307752,0.0,0.0
7,go,0.32999999999999297,"(np.float64(0.0), np.float64(0.0))",-0.1056637116156593,-0.23674909428298688,3.2440267946718326,-2.3096280615085276,9.62495367712211,9.951276156761436,-0.053078973842886235,0.17972418924322991,0.0,0.0
7,go,0.33999999999999275,"(np.float64(0.0), np.float64(0.0))",-0.15725921746973637,-0.28858200496372577,3.3384674181264846,-2.2119438213788776,9.2634966959534,9.584498794977383,-0.06703669660316708,0.1761877493584132,0.0,0.0
7,go,0.34999999999999254,"(np.float64(0.0), np.float64(0.0))",-0.20720305455584145,-0.33887589787022676,3.429051802541475,-2.1181781966741964,8.854445649140638,9.167964684928664,-0.08040418854971426,0.17188584841171495,0.0,0.0
7,go,0.3599999999999923,"(np.float64(0.0), np.float64(0.0))",-0.25594051245057414,-0.3872771809679868,3.5153384793204143,-2.0288062081897107,8.404764417804287,8.706082619858371,-0.09308672663214576,0.16690911112002846,0.0,0.0
7,go,0.3699999999999921,"(np.float64(0.0), np.float64(0.0))",-0.30369321602709176,-0.4332208214476495,3.5969541992014307,-1.9442580350933272,7.921068272402477,8.203418801340758,-0.10500166564769953,0.16136185956740895,0.0,0.0
7,go,0.3799999999999919,"(np.float64(0.0), np.float64(0.0))",-0.3503880322157319,-0.4759848076307693,3.6735899350166203,-1.864916590446383,7.409525977347491,7.664878384975645,-0.11608020863454062,0.15536107027936813,0.0,0.0
7,go,0.3899999999999917,"(np.float64(0.0), np.float64(0.0))",-0.3956214512722357,-0.5147422155932874,3.744996409446028,-1.7911134715880472,6.875866791344225,7.095841340972634,-0.12626926049096893,0.14903440023527142,0.0,0.0
7,go,0.3999999999999915,"(np.float64(0.0), np.float64(0.0))",-0.43865515175923303,-0.5486005453377181,3.8109800678848287,-1.7231238159352849,6.325464502255778,6.502239690544663,-0.13553299036252586,0.14251716625505728,0.0,0.0
7,go,0.40999999999999126,"(np.float64(0.0), np.float64(0.0))",-0.4784349429538153,-0.5766241264588202,3.8714001343479327,-1.6611606373752563,5.763470800630386,5.8905807171075235,-0.14385375109253098,0.13594838173685084,0.0,0.0
7,go,0.41999999999999105,"(np.float64(0.0), np.float64(0.0))",-0.5136251586760208,-0.5978406278956552,3.926167019917894,-1.6053692117712974,5.194903607289086,5.267874451027738,-0.15123211729392183,0.12946612022633847,0.0,0.0
7,go,0.42999999999999083,"(np.float64(0.0), np.float64(0.0))",-0.5426303488613591,-0.6112188202798474,3.9752387740441737,-1.55582459487833,4.624241575938772,4.641136253977849,-0.15768595692424373,0.12320254296843997,0.0,0.0
7,go,0.4399999999999906,"(np.float64(0.0), np.float64(0.0))",-0.5634676493519959,-0.6155169887206244,4.018620583617058,-1.5125287554496518,4.056617969997959,4.0181071066742975,-0.1632483807689474,0.1172785002026144,0.0,0.0
7,go,0.4499999999999904,"(np.float64(0.0), np.float64(0.0))",-0.5741207926163157,-0.6094968874895986,4.056375120973608,-1.4754008228861732,3.4983756607972225,3.407580138545037,-0.1679650447370765,0.11179849577181358,0.0,0.0
7,go,0.4599999999999902,"(np.float64(0.0), np.float64(0.0))",-0.5727089642402644,-0.5920236985591465,4.0886367570592865,-1.4442654850981034,2.957742895265209,2.819803051022677,-0.171891752782428,0.10684713637354655,0.0,0.0
7,go,0.46999999999999,"(np.float64(0.0), np.float64(0.0))",-0.5576942093577228,-0.5621898681009379,4.1156309046508515,-1.41883874306538,2.4442937312266366,2.265892072822349,-0.17509235247511418,0.10248654280506142,0.0,0.0
7,go,0.47999999999998977,"(np.float64(0.0), np.float64(0.0))",-0.5277273174011615,-0.5191439885605429,4.1376759527653695,-1.3987291634704062,1.9670804196991598,1.7562022064279788,-0.17763732332413862,0.09875517957616278,0.0,0.0
7,go,0.48999999999998956,"(np.float64(0.0), np.float64(0.0))",-0.48108484566378806,-0.46159726925137484,4.155182061677468,-1.3834426887680782,1.5355308432767616,1.300969140915074,-0.17960152134470925,0.09566583323541447,0.0,0.0
7,go,0.49999999999998934,"(np.float64(0.0), np.float64(0.0))",-0.41593377605243315,-0.38800937238700545,4.168658528430324,-1.3723808235215382,1.160167793629736,0.9109102119097964,-0.18106227253143842,0.09320358903717785,0.0,0.0
7,go,0.5099999999999891,"(np.float64(0.0), np.float64(0.0))",-0.33054786587176865,-0.29676593749507585,4.178727789563409,-1.3648330468365286,0.8529097836222358,0.5982205185895364,-0.18209890504062246,0.09132444023204254,0.0,0.0
7,go,0.5199999999999889,"(np.float64(0.0), np.float64(0.0))",-0.24441201954936084,-0.2074876955099951,4.186050771064174,-1.3600407753588466,0.6104048822528269,0.3596224288429124,-0.1827936685331973,0.0899545566796683,0.0,0.0
7,go,0.5299999999999887,"(np.float64(0.0), np.float64(0.0))",-0.1760543380389974,-0.1387836314726171,4.191199987618467,-1.357364495381823,0.4171421378087657,0.1783594037939008,-0.18322683748372284,0.08900212928614973,0.0,0.0
7,go,0.5399999999999885,"(np.float64(0.0), np.float64(0.0))",-0.12116504463835484,-0.08601049194412785,4.194576416298115,-1.3561795855845424,0.2519613133747033,0.07319822240621288,-0.1834628174220283,0.08838061100008505,0.0,0.0
7,go,0.5499999999999883,"(np.float64(0.0), np.float64(0.0))",-0.07363665451592467,-0.05517308340618976,4.19641269242836,-1.3556976208439877,0.11827006673818002,0.03007695591635942,-0.18356244075649386,0.08801624481339275,0.0,0.0
7,go,0.5599999999999881,"(np.float64(0.0), np.float64(0.0))",-0.03463104620311461,-0.04252588230356656,4.197183128615226,-1.3555065918470919,0.04687247570703926,0.010502786231331336,-0.18360151346049436,0.08784210451226941,0.0,0.0
7,go,0.5699999999999878,"(np.float64(0.0), np.float64(0.0))",-0.01367403060589218,-0.03676824879619563,4.197487077649891,-1.355453965944291,0.018479760682615507,0.0011538203948435154,-0.18361774451994983,0.087788860304368,0.0,0.0
7,go,0.5799999999999876,"(np.float64(0.0), np.float64(0.0))",-0.0053385855193639345,-0.0339951345869298,4.197606123133125,-1.355467157791122,0.007120829506862285,-0.0032481783508083338,-0.18362298638590627,0.08778976935272374,0.0,0.00011042226019808098
7,go,0.5899999999999874,"(np.float64(0.0), np.float64(0.0))",-0.0020023334565787967,-0.0326666198551357,4.197650872580878,-1.355511069621505,0.002544494363836345,-0.005274638501426924,-0.18362270586190027,0.08781041364902431,0.0,0.00017230461079937597
7,go,0.5999999999999872,"(np.float64(0.0), np.float64(0.0))",-0.000656282582322622,-0.032032334711720324,4.197665723421907,-1.3555688933397607,0.0007164239171414894,-0.00616728894621377,-0.18361962222735306,0.08783576794379302,0.0,0.0001975526637890124
7,go,0.609999999999987,"(np.float64(0.0), np.float64(0.0))",-0.0001167719529315196,-0.031729845347330796,4.197668796320835,-1.3556326382238932,9.797038271724197e-06,-0.00650877752928531,-0.18361509122934694,0.08785968734929385,0.0,0.00020652250440440474
7,go,0.6199999999999868,"(np.float64(0.0), np.float64(0.0))",9.337237137248844e-05,-0.03158915184192982,4.197667021754217,-1.3556975417204542,-0.00032149382751433706,-0.006435965069258185,-0.18360980021743356,0.08788009082724499,0.0,0.0002033066778221532
7,go,0.6299999999999866,"(np.float64(0.0), np.float64(0.0))",0.00019382437107916424,-0.03157205348200138,4.197663215280088,-1.3557615136864296,-0.00041263279196795505,-0.006362654461787788,-0.1836042114113327,0.08789679342472773,0.0,0.00020088206695505876
7,go,0.6399999999999864,"(np.float64(0.0), np.float64(0.0))",0.00022344994489252175,-0.031555663484657256,4.19765907209958,-1.3558248057668922,-0.00040579074680875666,-0.006297745535400578,-0.18359855466685784,0.08791025673508755,0.0,0.00019872953882710327
7,go,0.6499999999999861,"(np.float64(0.0), np.float64(0.0))",0.0002238832396495679,-0.03153716091429584,4.1976551915234985,-1.3558874798777674,-0.0003670938166412585,-0.0062389792319353975,-0.18359283183313116,0.08792101416023461,0.0,0.00019675969197849652
7,go,0.6599999999999859,"(np.float64(0.0), np.float64(0.0))",0.00021460250624840148,-0.031517186338810316,4.197651737737689,-1.3559496037359127,-0.00032323792369155237,-0.006187902246659174,-0.1835870661169982,0.08792965735083307,0.0,0.00019502526815430018
7,go,0.6699999999999857,"(np.float64(0.0), np.float64(0.0))",0.00020351800984909883,-0.031495235119506006,4.19764870377579,-1.3560112587775177,-0.00028415355979622174,-0.006145295903712088,-0.18358127700917412,0.08793671707566704,0.0,0.00019354753936634935
7,go,0.6799999999999855,"(np.float64(0.0), np.float64(0.0))",0.0001936130778201937,-0.03147102399742711,4.197646024114517,-1.3560725284313533,-0.0002526464798917703,-0.006110763556209595,-0.18357547774510227,0.08794262601055333,0.0,0.00019231198652007518
7,go,0.6899999999999853,"(np.float64(0.0), np.float64(0.0))",0.00018576875061231693,-0.03144462190937651,4.1976436219515385,-1.3561334883315148,-0.00022861717322656024,-0.0060832061888742095,-0.183569676446543,0.0879477174926229,0.0,0.00019128411860592874
7,go,0.6999999999999851,"(np.float64(0.0), np.float64(0.0))",0.00018000125640000637,-0.03141631317948021,4.197641427653518,-1.3561942016591182,-0.00021093125774720723,-0.0060612865924093776,-0.18356387776197391,0.08795223874137106,0.0,0.00019042327785771741
7,go,0.7099999999999849,"(np.float64(0.0), np.float64(0.0))",0.00017601206056857194,-0.03138646106185763,4.197639384461579,-1.3562547182994626,-0.00019823503393872694,-0.006043714745621257,-0.18355808418309538,0.08795636805554298,0.0,0.00018969081753241637
7,go,0.7199999999999847,"(np.float64(0.0), np.float64(0.0))",0.00017342910858954419,-0.03135542263168739,4.19763744876828,-1.356315076069481,-0.0001892866429112608,-0.006029381299126876,-0.18355229694017394,0.0879602312491787,0.0,0.00018905379884171558
7,go,0.7299999999999844,"(np.float64(0.0), np.float64(0.0))",0.0001719060072606937,-0.03132350800362464,4.197635588335626,-1.3563753027711318,-0.00018306490751248317,-0.006017396258500878,-0.18354651656359733,0.08796391552537726,0.0,0.00018848595986413323
7,go,0.7399999999999842,"(np.float64(0.0), np.float64(0.0))",0.00017115574623355334,-0.03129096749482199,4.197633779983159,-1.3564354183584653,-0.0001787798732948461,-0.006007078281576837,-0.18354074321791702,0.08796748040999437,0.0,0.00018796729124767196
7,go,0.749999999999984,"(np.float64(0.0), np.float64(0.0))",0.00017095524744839086,-0.03125799353549914,4.1976320073978135,-1.3564954368777569,-0.00017584432474308272,-0.005997923219625138,-0.18353497689191053,0.08797096599378797,0.0,0.00018748304522546276
7,go,0.7599999999999838,"(np.float64(0.0), np.float64(0.0))",0.00017113813408996517,-0.031224728942509695,4.197630259299532,-1.356555368059395,-0.00017383411453772033,-0.005989567670089751,-0.1835292175017732,0.08797439895157255,0.0,0.00018702262698137184
7,go,0.7699999999999836,"(np.float64(0.0), np.float64(0.0))",0.00017158392999710054,-0.03119127689838748,4.197628528004538,-1.3566152185542228,-0.00017244961307122833,-0.005981755136022277,-0.18352346494388191,0.08797779683259291,0.0,0.0001865785807860223
7,go,0.7799999999999834,"(np.float64(0.0), np.float64(0.0))",0.0001722073565538398,-0.031157710361710965,4.197626808347536,-1.3566749928576682,-0.0001714829549315801,-0.005974307726863513,-0.18351771911938589,0.08798117105947688,0.0,0.00018614574976534516
7,go,0.7899999999999832,"(np.float64(0.0), np.float64(0.0))",0.00017294915331295715,-0.031124080002391363,4.1976250968976485,-1.3567346939809992,-0.0001707921398099646,-0.00596710392122199,-0.18351197994376459,0.08798452899039959,0.0,0.00018572061982669643
7,go,0.799999999999983,"(np.float64(0.0), np.float64(0.0))",0.0001737687787090247,-0.031090420470085228,4.197623391401281,-1.3567943239280134,-0.00017028146777181978,-0.005960061811296188,-0.18350624734885995,0.08798787531703602,0.0,0.00018530082774089626
7,go,0.8099999999999827,"(np.float64(0.0), np.float64(0.0))",0.0001746388749179274,-0.031056755134854487,4.197621690393714,-1.356853884027327,-0.00016988722921313363,-0.005953126859553163,-0.18350052128151326,0.08799121300024484,0.0,0.00018488480316386784
7,go,0.8199999999999825,"(np.float64(0.0), np.float64(0.0))",0.00017554120789093516,-0.03102309956078922,4.197619992932612,-1.3569133751603686,-0.00016956749208665566,-0.005946263163355537,-0.18349480170098248,0.08799454388906215,0.0,0.00018447151413143227
7,go,0.8299999999999823,"(np.float64(0.0), np.float64(0.0))",0.0001764637634138663,-0.030989463989823544,4.197618298417747,-1.35697279791565,-0.00016929495557224653,-0.005939447342175397,-0.1834890885762014,0.08799786912571109,0.0,0.00018406028952979762
7,go,0.8399999999999821,"(np.float64(0.0), np.float64(0.0))",0.0001773987113787317,-0.0309558550830087,4.1976166064705405,-1.3570321526918532,-0.00016905203143936085,-0.0059326643295377155,-0.18348338188334382,0.0880011894078126,0.0,0.0001836506972413045
7,go,0.8499999999999819,"(np.float64(0.0), np.float64(0.0))",0.00017834100246266952,-0.03092227712107813,4.19761491685453,-1.3570914397659148,-0.00016882750689090905,-0.0059259045172976995,-0.18347768160384165,0.08800450515638987,0.0,0.0001832424616769282
7,go,0.8599999999999817,"(np.float64(0.0), np.float64(0.0))",0.000179287414704529,-0.030888732820313142,4.197613229423417,-1.3571506593375058,-0.00016861430927042582,-0.005919161842349803,-0.18347198772285803,0.08800781662239576,0.0,0.00018283540866853557
7,go,0.8699999999999815,"(np.float64(0.0), np.float64(0.0))",0.0001802359140862213,-0.030855223879842946,4.197611544087489,-1.3572098115577766,-0.00016840802635483107,-0.005912432519789232,-0.18346630022815338,0.08801112395354092,0.0,0.00018242942907256072
7,go,0.8799999999999812,"(np.float64(0.0), np.float64(0.0))",0.00018118523076816501,-0.0308217513444486,4.197609860792154,-1.3572688965477433,-0.0001682059376331268,-0.0059057142133897116,-0.18346061910926983,0.08801442723575194,0.0,0.00018202445499647355
7,go,0.889999999999981,"(np.float64(0.0), np.float64(0.0))",0.00018213458135272562,-0.030788315842388468,4.197608179504347,-1.3573279144099206,-0.00016800638684454203,-0.005899005498220031,-0.1834549443569518,0.08801772651858338,0.0,0.00018162044443518447
7,go,0.8999999999999808,"(np.float64(0.0), np.float64(0.0))",0.0001830834888002026,-0.030754917739632976,4.197606500204031,-1.3573868652356034,-0.00016780837979977784,-0.005892305516175241,-0.18344927596274824,0.08802102183059182,0.0,0.00018121737144675517
7,go,0.9099999999999806,"(np.float64(0.0), np.float64(0.0))",0.0001840316668767223,-0.030721557238836763,4.197604822878931,-1.3574457491093705,-0.00016761132929662205,-0.005885613757487555,-0.1834436139187391,0.08802431318850026,0.0,0.00018081521993633902
7,go,0.9199999999999804,"(np.float64(0.0), np.float64(0.0))",0.0001849789467853307,-0.030688234442182764,4.197603147521322,-1.3575045661118372,-0.0001674148950818069,-0.0058789299236528085,-0.18343795821735226,0.08802760060256871,0.0,0.00018041397976622102
7,go,0.9299999999999802,"(np.float64(0.0), np.float64(0.0))",0.00018592523108633882,-0.030654949390853174,4.197601474126086,-1.3575633163213123,-0.00016721888457013904,-0.005872253842416851,-0.18343230885124176,0.08803088407967607,0.0,0.00018001364434953166
7,go,0.93999999999998,"(np.float64(0.0), np.float64(0.0))",0.00018687046507479907,-0.0306217020895389,4.197599802689562,-1.3576219998147825,-0.00016702319199437624,-0.005865585415677955,-0.1834266658132082,0.08803416362504521,0.0,0.00017961420917963456
7,go,0.9499999999999797,"(np.float64(0.0), np.float64(0.0))",0.0001878146192161159,-0.030588492521478477,4.197598133208878,-1.3576806166684843,-0.00016682776161387964,-0.005858924588005784,-0.18342102909614655,0.08803743924317535,0.0,0.0001792156709441213
7,go,0.9599999999999795,"(np.float64(0.0), np.float64(0.0))",0.00018875767851258475,-0.03055532065755906,4.197596465681564,-1.3577391669582304,-0.00016663256579790484,-0.0058522713279010275,-0.1834153986930137,0.08804071093832239,0.0,0.00017881802699905487
7,go,0.9699999999999793,"(np.float64(0.0), np.float64(0.0))",0.00018969963615593114,-0.03052218646174282,4.197594800105345,-1.3577976507595892,-0.00016643759219653123,-0.005845625616835801,-0.18340977459680646,0.088043978714729,0.0,0.00017842127506260272
7,go,0.9799999999999791,"(np.float64(0.0), np.float64(0.0))",0.00019064048980701957,-0.03048908989424707,4.197593136478025,-1.357856068147981,-0.00016624283639369298,-0.005838987442984786,-0.18340415680054933,0.0880472425767194,0.0,0.000178025413040543
7,go,0.9899999999999789,"(np.float64(0.0), np.float64(0.0))",0.00019158023945837653,-0.030456030913367328,4.19759147479743,-1.3579144191987258,-0.00016604829780387495,-0.005832356797735268,-0.18339854529728578,0.0880505025287269,0.0,0.0001776304389296134
7,go,0.9999999999999787,"(np.float64(0.0), np.float64(0.0))",0.00019251888623837108,-0.0304230094764953,4.1975898150613835,-1.3579727039870653,-0.00016585397746480713,-0.005825733673814071,-0.18339294008007356,0.08805375857528934,0.0,0.00017723635076598326
7,back,0.0,"(np.float64(0.0), np.float64(0.0))",0.00019345643176447736,-0.030390025540667973,4.197588157267696,-1.3580309225881708,-0.0001656598769098432,-0.005819118064335834,-0.1833873411419815,0.0880570107210318,0.0,0.0001768431465993284
7,back,0.009999999999999787,"(np.float64(0.0), np.float64(0.0))",0.00019439287781298188,-0.03035707906284572,4.197586501414162,-1.3580890750771448,-0.0001654659976333856,-0.005812509962357119,-0.18338174847608796,0.08806025897064759,0.0,0.00017645082448085347
7,back,0.019999999999999574,"(np.float64(0.0), np.float64(0.0))",-0.019201320301270232,-0.049720818527476174,4.197572019076715,-1.3581598903614736,-0.0023745943479262666,-0.00799701569499131,-0.18337616207547977,0.08806350332887937,4.559534666011817e-05,0.0003976181661320417
7,back,0.02999999999999936,"(np.float64(0.0), np.float64(0.0))",-0.07409404192406226,-0.10458712716743589,4.1975064195663006,-1.358281338271687,-0.00958503177172192,-0.015139125065768136,-0.18336940700265933,0.08806844221383933,0.0007101937459374326,0.0015833575984572081
7,back,0.03999999999999915,"(np.float64(0.0), np.float64(0.0))",-0.15976019477400413,-0.19024026939340438,4.197073082572315,-1.358779466074484,-0.07654036971900764,-0.0837792978005774,-0.1833579873502279,0.08808033275098633,0.012228104374382948,0.015938196183172097
7,back,0.049999999999998934,"(np.float64(0.0), np.float64(0.0))",-0.2558277203349649,-0.28576347003282176,4.195592248362886,-1.3603521290849385,-0.21863377257414524,-0.22964248353522426,-0.18331177839141938,0.08814231738384953,0.05593257962587675,0.06562343296198082
7,back,0.05999999999999872,"(np.float64(0.0), np.float64(0.0))",-0.35361965418532565,-0.3823693717387137,4.192312418576637,-1.363765868353776,-0.43641037361184126,-0.45163118752093345,-0.1831663570381053,0.08835029748992376,0.15432328539950807,0.17268993342998853
7,back,0.06999999999999851,"(np.float64(0.0), np.float64(0.0))",-0.4489820994586555,-0.4763878404380871,4.186483433567671,-1.36976386095523,-0.7286086050389242,-0.7464291757855217,-0.18285056990888718,0.08881374471325906,0.3271322211740185,0.355589783092446
7,back,0.0799999999999983,"(np.float64(0.0), np.float64(0.0))",-0.5384195260105917,-0.5649439353832787,4.17737898968828,-1.3790505805217474,-1.0918808381399208,-1.1094018959900915,-0.18229395783875407,0.08964157837447934,0.5878899633313438,0.6267498730423131
7,back,0.08999999999999808,"(np.float64(0.0), np.float64(0.0))",-0.6191959405171986,-0.6457008383465377,4.164316260485265,-1.3922812051176576,-1.520737487163957,-1.5354491728745399,-0.18142652369842793,0.09093606045751235,0.9416344786442475,0.9914408181635883
7,back,0.09999999999999787,"(np.float64(0.0), np.float64(0.0))",-0.6893672797991062,-0.7166142520345846,4.146670200337378,-1.4100541374071571,-2.0091833025085153,-2.0182003219156583,-0.1801777732940096,0.09278732548413429,1.3850652278680797,1.4462711141455473
7,back,0.10999999999999766,"(np.float64(0.0), np.float64(0.0))",-0.7473029568212614,-0.7761822056628044,4.123866265595138,-1.4328889129918152,-2.5532779275538937,-2.548037280058817,-0.1784754592100578,0.09526844598515888,1.908072144847487,1.9777411961471054
7,back,0.11999999999999744,"(np.float64(0.0), np.float64(0.0))",-0.790917178098895,-0.8240552225056524,4.095384283903219,-1.4612175138886005,-3.145856859562684,-3.117229219555834,-0.17624611231533366,0.09843170922913051,2.48811223006837,2.5687690181222043
7,back,0.12999999999999723,"(np.float64(0.0), np.float64(0.0))",-0.8192588287935205,-0.8595049994308905,4.060778963960193,-1.495392389695669,-3.7790134972390015,-3.7175752573027,-0.173414868592023,0.10230506607544487,3.0959901717429306,3.19527451941225
7,back,0.13999999999999702,"(np.float64(0.0), np.float64(0.0))",-0.8317830160734319,-0.8821306331712115,4.019688705888025,-1.5356819775577921,-4.443813923547839,-4.340448593900108,-0.1699045877675594,0.1068886042834812,3.6962889481977323,3.828842666384197
7,back,0.1499999999999968,"(np.float64(0.0), np.float64(0.0))",-0.8284457722619994,-0.891851918399235,3.9718466370262204,-1.5822665001643827,-5.130154023921637,-4.976815574325823,-0.1656374001352041,0.11215252454109677,4.250054412170765,4.4385825174816755
7,back,0.1599999999999966,"(np.float64(0.0), np.float64(0.0))",-0.8097573926246098,-0.8889100024993991,3.9170921426029226,-1.63523421032547,-5.826814151857575,-5.617308164760982,-0.16053747356373313,0.11803638732807452,4.718305834916367,4.99328141477758
7,back,0.16999999999999638,"(np.float64(0.0), np.float64(0.0))",-0.7767768058645427,-0.8738517475468915,3.8553809229950384,-1.694578727196484,-6.521701967354168,-6.252366336170412,-0.15453487984384243,0.12444987366480094,5.065906823001875,5.46364124916587
7,back,0.17999999999999616,"(np.float64(0.0), np.float64(0.0))",-0.7310486087204867,-0.8474924652711068,3.786791946458498,-1.7601980586435841,-7.202229687285003,-6.872428113196447,-0.1475702097554819,0.13127518932837215,5.265179992575088,5.824331044051318
7,back,0.18999999999999595,"(np.float64(0.0), np.float64(0.0))",-0.6744979142649862,-0.8108633407407105,3.7115302478354097,-1.831895640338729,-7.855767407473897,-7.468141049938602,-0.13959943698166685,0.13837111243985384,5.298698731292001,6.055641800876052
7,back,0.19999999999999574,"(np.float64(0.0), np.float64(0.0))",-0.6092998862786001,-0.7651512179451121,3.6299250417068913,-1.9093835158186945,-8.47012773515498,-8.030581054821592,-0.1305984577638595,0.1455785412386478,5.160847865795146,6.1446088749036845
7,back,0.20999999999999552,"(np.float64(0.0), np.float64(0.0))",-0.5377370691759891,-0.711634896071061,3.542423025986001,-1.992287668679176,-9.0340457504562,-8.5514697277575,-0.1205667309172032,0.15272723773391902,4.8579412846521155,6.085524270967532
7,back,0.2199999999999953,"(np.float64(0.0), np.float64(0.0))",-0.4620552334890382,-0.6516205808099491,3.4495756590521935,-2.08015652537031,-9.538181291816722,-9.023795768213478,-0.10952952258243738,0.1596432969625836,4.407166583851152,5.880091039593628
7,back,0.2299999999999951,"(np.float64(0.0), np.float64(0.0))",-0.3841589082947216,-0.5862542120325989,3.352017907799342,-2.1724736622672913,-9.974930568338756,-9.44122063583131,-0.0975384165113798,0.16615648983072345,3.8319584374486633,5.534955364485197
7,back,0.23999999999999488,"(np.float64(0.0), np.float64(0.0))",-0.30565899811078473,-0.5166959931334449,3.250459399424567,-2.2686558677697226,-10.336971908151176,-9.796591503333191,-0.08467039800270235,0.17210597434805963,3.159588476944815,5.061859576137412
7,back,0.24999999999999467,"(np.float64(0.0), np.float64(0.0))",-0.22830760123236943,-0.4445715196715977,3.1456777198799597,-2.368048816527601,-10.618148702785543,-10.082947366238361,-0.07102650564339552,0.17734703538597452,2.4242040598615624,4.482591233377322
7,back,0.25999999999999446,"(np.float64(0.0), np.float64(0.0))",-0.15373295726264777,-0.3716763936926727,3.038499637916012,-2.4699361422656048,-10.815170736359036,-10.295058320695707,-0.05672847242340001,0.1817581391714515,1.6626481806009226,3.8264301494919235
7,back,0.26999999999999424,"(np.float64(0.0), np.float64(0.0))",-0.08292163455642748,-0.2995128484568629,2.9297695400396995,-2.5735590923894915,-10.927836917889264,-10.429663496477854,-0.0419127058303598,0.18524569194600005,0.9061540993974504,3.123818222276646
7,back,0.27999999999999403,"(np.float64(0.0), np.float64(0.0))",-0.016136623272959283,-0.2292104275492748,2.820322670120327,-2.678135077556089,-10.958165162708283,-10.485277024722414,-0.026723978250121905,0.18774455491601666,0.17682778299349014,2.4033348298092125
7,back,0.2899999999999938,"(np.float64(0.0), np.float64(0.0))",0.04683383351234899,-0.16157691658796888,2.7109662523733524,-2.782875152118539,-10.909710624593549,-10.462164132323409,-0.011310182546620279,0.18921659530154963,0.0,1.6904442213380593
7,back,0.2999999999999936,"(np.float64(0.0), np.float64(0.0))",0.1064791838844811,-0.09709887841183268,2.602466831943108,-2.887001423680061,-10.786996610089892,-10.362328939879966,0.004181701711772956,0.18964834663213864,0.0,1.0061705177968199
7,back,0.3099999999999934,"(np.float64(0.0), np.float64(0.0))",0.1633995852634009,-0.035938719736082064,2.495542941899639,-2.9897639898531265,-10.595023267538293,-10.18941474038744,0.01960843285137913,0.18904835344328952,0.0,0.3661945206294876
7,back,0.3199999999999932,"(np.float64(0.0), np.float64(0.0))",0.2181590591421462,0.022041702738142988,2.3908622317670636,-3.090456306584517,-10.338879195664989,-9.948477579989065,0.034832288842162246,0.18744474631832586,0.0,0.0
7,back,0.32999999999999297,"(np.float64(0.0), np.float64(0.0))",0.27116684477412667,0.07721852577189098,2.289041852785868,-3.1884277452996064,-10.023493475989042,-9.645644377260888,0.049722161400509515,0.18488343482479877,0.0,0.0
7,back,0.33999999999999275,"(np.float64(0.0), np.float64(0.0))",0.322598925965603,0.13010699788803431,2.190650592156414,-3.2830923983571347,-9.653546212896194,-9.287705187925464,0.06415442912686664,0.18142704417003538,0.0,0.0
7,back,0.34999999999999254,"(np.float64(0.0), np.float64(0.0))",0.3723660607793475,0.18124059028585088,2.0962112157599666,-3.373933787086495,-9.23352282220458,-8.881707549644341,0.07801405125751387,0.17715442774809032,0.0,0.0
7,back,0.3599999999999923,"(np.float64(0.0), np.float64(0.0))",0.420124810699299,0.23104827332869718,2.0062017666867304,-3.4605057956248992,-8.767868558065476,-8.434616113176705,0.09119616040284083,0.1721603535644652,0.0,0.0
7,back,0.3699999999999921,"(np.float64(0.0), np.float64(0.0))",0.46531926781156874,0.2797491144215082,1.9210550761972454,-3.5424306883488885,-8.261186399426025,-7.953078546677604,0.10360818489297569,0.16655486054386734,0.0,0.0
7,back,0.3799999999999919,"(np.float64(0.0), np.float64(0.0))",0.5072368623939979,0.32727700798674486,1.841156304123014,-3.6193953449473923,-7.71842564599397,-7.4433101301247975,0.11517228344098544,0.16046183479906162,0.0,0.0
7,back,0.3899999999999917,"(np.float64(0.0), np.float64(0.0))",0.5450625656928053,0.37323994306389074,1.7668387814551645,-3.6911468542864165,-7.1450251908375355,-6.9110854005974245,0.12582770555774844,0.1540165345101857,0.0,0.0
7,back,0.3999999999999915,"(np.float64(0.0), np.float64(0.0))",0.577920514376917,0.41691100143942594,1.6983786922481838,-3.7574884233345385,-6.546996297657774,-6.361811835877675,0.13553264384185887,0.1473620269657547,0.0,0.0
7,back,0.40999999999999126,"(np.float64(0.0), np.float64(0.0))",0.6048981828050143,0.4572441563102104,1.635989196022931,-3.8182762923174427,-5.9309479566038465,-5.8006583631998865,0.1442652169777751,0.14064471894394615,0.0,0.0
7,back,0.41999999999999105,"(np.float64(0.0), np.float64(0.0))",0.6250536645559474,0.492907122228577,1.5798145628247735,-3.873418017386392,-5.304022860308413,-5.232655826821678,0.1520233782550864,0.13400930940330968,0.0,0.0
7,back,0.42999999999999083,"(np.float64(0.0), np.float64(0.0))",0.6373961324319632,0.5223066132022356,1.5299273694883868,-3.9228688978315627,-4.673385670581549,-4.662274456299432,0.1588237443517319,0.12759355599266337,0.0,0.0
7,back,0.4399999999999906,"(np.float64(0.0), np.float64(0.0))",0.6407301489356994,0.5434555877326275,1.4863258785774376,-3.9666307862366303,-4.046884509329848,-4.094555873558415,0.1647000356785952,0.12152337959523915,0.0,0.0
7,back,0.4499999999999904,"(np.float64(0.0), np.float64(0.0))",0.6338518344095914,0.5543082852561956,1.4489242210098865,-4.004762376662823,-3.4334586926506843,-3.5357996289437024,0.16970107170906973,0.11590818613386565,0.0,0.0
7,back,0.4599999999999902,"(np.float64(0.0), np.float64(0.0))",0.6156732259166127,0.5529685080977373,1.4175408835774401,-4.037393385790644,-2.843455652043417,-2.9941514602143076,0.1738871443812417,0.11083633401100661,0.0,0.0
7,back,0.46999999999999,"(np.float64(0.0), np.float64(0.0))",0.5853204093195558,0.5378707560812666,1.3918842924826937,-4.0647444258902246,-2.2881699144066565,-2.479240834304254,0.17732579851208957,0.10637164822935903,0.0,0.0
7,back,0.47999999999998977,"(np.float64(0.0), np.float64(0.0))",0.5420000113854467,0.5076795610680706,1.3715538861967158,-4.087129486242105,-1.77806906743917,-2.0001214547051536,0.18008701039016495,0.10255108133400938,0.0,0.0
7,back,0.48999999999998956,"(np.float64(0.0), np.float64(0.0))",0.4844624939189464,0.46066927625162757,1.356045691508574,-4.104953967115364,-1.3234371036776018,-1.5661530119177365,0.18224180358530412,0.09938398827541481,0.0,0.0
7,back,0.49999999999998934,"(np.float64(0.0), np.float64(0.0))",0.4111879595714663,0.39498356990746286,1.3447509951063479,-4.118721536724996,-0.9350048215779925,-1.1877547743914765,0.18386324464975146,0.09685177850429412,0.0,0.0
7,back,0.5099999999999891,"(np.float64(0.0), np.float64(0.0))",0.32057221744464887,0.30886176507709384,1.3369490342070482,-4.12904789761655,-0.624971324492815,-0.8767297208725394,0.18502806490928572,0.09490736201051878,0.0,0.0
7,back,0.5199999999999889,"(np.float64(0.0), np.float64(0.0))",0.2322433448586669,0.2217500655563366,1.331873368644949,-4.1365884844096525,-0.3895579836139337,-0.6300914989194337,0.18581864851976926,0.09347470405958508,0.0,0.0
7,back,0.5299999999999887,"(np.float64(0.0), np.float64(0.0))",0.164664741932262,0.1522829510462665,1.3288831211954937,-4.141915126840709,-0.20751693928994475,-0.43418291298500555,0.18631886184321889,0.09246104934676032,0.0,0.0
7,back,0.5399999999999885,"(np.float64(0.0), np.float64(0.0))",0.11184657710473857,0.0967063607245717,1.3274818369221217,-4.14547391082455,-0.08387373846936229,-0.27271497279691004,0.18659980175637528,0.09178040552288824,0.0,0.0
7,back,0.5499999999999883,"(np.float64(0.0), np.float64(0.0))",0.075594387422587,0.050401249058447846,1.3269437886702151,-4.147514554279004,-0.032214341428802404,-0.1362133841580194,0.18671725383439378,0.09136255715096425,0.0,0.0
7,back,0.5599999999999881,"(np.float64(0.0), np.float64(0.0))",0.06041939726156301,0.010675158539453177,1.326749801784744,-4.148432918000254,-0.009535933313240468,-0.05795738161076269,0.18674551673312,0.09114400283687318,0.0,0.0
7,back,0.5699999999999878,"(np.float64(0.0), np.float64(0.0))",0.05373226695817703,-0.012250623991973842,1.3267144508047173,-4.148828768605492,0.00114954899984465,-0.026294497712978523,0.18673714251759232,0.09105713290625644,6.176787374115814e-05,0.00032212400453951603
7,back,0.5799999999999876,"(np.float64(0.0), np.float64(0.0))",0.05054783285226759,-0.021511978798166322,1.326754018794985,-4.149018203983037,0.006141391843025196,-0.013591950088163536,0.18671116811246496,0.09103189631337981,0.0003104340483615172,0.00029238974212230886
7,back,0.5899999999999874,"(np.float64(0.0), np.float64(0.0))",0.04902653920515286,-0.025209081859084145,1.3268283531916194,-4.1491244184759015,0.008391854832633945,-0.0084309891827347,0.18667873720507044,0.09103073384572428,0.0004114235999560796,0.00021253749646061202
7,back,0.5999999999999872,"(np.float64(0.0), np.float64(0.0))",0.04830679967028954,-0.026693641434993816,1.3269169968179333,-4.149196202272226,0.009220187416029728,-0.006261768109956191,0.18664625590495715,0.09103787949975586,0.00044539774642867255,0.0001671493926762495
7,back,0.609999999999987,"(np.float64(0.0), np.float64(0.0))",0.04800511371948246,-0.027301337479032437,1.327011163028014,-4.149253876505922,0.009562388170909845,-0.0054150827009185575,0.18661675772754105,0.09104682073013139,0.000459043531574361,0.00014783900029464802
7,back,0.6199999999999868,"(np.float64(0.0), np.float64(0.0))",0.047845953766970054,-0.02752073856152642,1.3271074483585588,-4.149306242463479,0.00967107840274936,-0.005117548163320631,0.18659117346121767,0.09105502862174512,0.00046272197013468843,0.00014083870507876678
7,back,0.6299999999999866,"(np.float64(0.0), np.float64(0.0))",0.04775557549909129,-0.027578579348271678,1.327204215330903,-4.1493569257638425,0.00967268387965846,-0.005043936920930498,0.18656937466826165,0.09106169894869368,0.00046192458529387283,0.00013910461460155888
7,back,0.6399999999999864,"(np.float64(0.0), np.float64(0.0))",0.04769703367261206,-0.02757025274077048,1.327300746563271,-4.149407375539934,0.009630921383806754,-0.005056110122042195,0.18655082365668024,0.09106676532054017,0.00045936638154171034,0.0001393982339498712
7,back,0.6499999999999861,"(np.float64(0.0), np.float64(0.0))",0.047651643681946784,-0.027536330914781883,1.3273967803591429,-4.149458113633156,0.00957654014424658,-0.005095342718357791,0.18653487108636085,0.09107043829025771,0.0004563378786594973,0.0001403070432169244
7,back,0.6599999999999859,"(np.float64(0.0), np.float64(0.0))",0.04761033777629165,-0.02749411827995402,1.327492268687986,-4.1495092711868296,0.009523301279913722,-0.00513744246180959,0.18652090359686102,0.09107300067539498,0.0004534075906820829,0.00014124945070145102
7,back,0.6699999999999857,"(np.float64(0.0), np.float64(0.0))",0.04756901643828565,-0.027450793824714534,1.327587253891447,-4.149560823782452,0.009476457234423774,-0.005173421113846269,0.18650840324251705,0.09107472191239248,0.0004507857499610155,0.00014201451636461896
7,back,0.6799999999999855,"(np.float64(0.0), np.float64(0.0))",0.047526078529856,-0.02740906867172996,1.3276818080785613,-4.149612694836544,0.009437199951076019,-0.005200911553462886,0.18649696043699304,0.09107582771787948,0.00044851310597679206,0.000142552141924458
7,back,0.6899999999999853,"(np.float64(0.0), np.float64(0.0))",0.047481123202591784,-0.027369698907389783,1.327776005177087,-4.1496647998305605,0.009404953153454706,-0.00522027443937439,0.1864862651864152,0.09107649465134363,0.000446557739393787,0.00014287733961962005
7,back,0.6999999999999851,"(np.float64(0.0), np.float64(0.0))",0.047434278982762715,-0.02733262704520654,1.3278699096086397,-4.149717063586965,0.009378516891731812,-0.0052328265902593886,0.18647609024558837,0.09107685493562687,0.0004448631866869594,0.0001430268975837997
7,back,0.7099999999999849,"(np.float64(0.0), np.float64(0.0))",0.04738586720234799,-0.02729750314609838,1.3279635730831518,-4.149769425376066,0.009356607069842374,-0.005240056870752163,0.18646627309421654,0.09107700458228944,0.0004433709400761011,0.0001430404689150916
7,back,0.7199999999999847,"(np.float64(0.0), np.float64(0.0))",0.04733624206420755,-0.02726391698848991,1.3280570350641399,-4.149821838792109,0.00933808248234549,-0.005243307748197112,0.18645669980824972,0.09107701168334037,0.0004420297327998422,0.000142953107191952
7,back,0.7299999999999844,"(np.float64(0.0), np.float64(0.0))",0.047285722251863796,-0.02723149367563069,1.3281503246405129,-4.149874269666305,0.009322016453895715,-0.005243674155416221,0.1864472918675737,0.09107692361694764,0.00044079828086621706,0.00014279307960028491
7,back,0.7399999999999842,"(np.float64(0.0), np.float64(0.0))",0.047234568314574926,-0.027199925228947333,1.328243462708443,-4.149926693517471,0.009307696396151347,-0.00524199902294845,0.1864379959452338,0.091076772820527,0.00043964502127533366,0.00014258198147441283
7,back,0.749999999999984,"(np.float64(0.0), np.float64(0.0))",0.04718298149114018,-0.027168973457988133,1.3283364639801372,-4.14997909317999,0.009294594355781111,-0.005238906837953764,0.1864287762997479,0.09107658118986084,0.0004385466734564762,0.00014233572082923837
7,back,0.7599999999999838,"(np.float64(0.0), np.float64(0.0))",0.047131111340234726,-0.027138461315974995,1.3284293386478214,-4.150031456833661,0.009282329823241297,-0.005234847460038144,0.18641960926555967,0.09107636331666293,0.0004374865203959669,0.00014206570528927512
7,back,0.7699999999999836,"(np.float64(0.0), np.float64(0.0))",0.04707906589938611,-0.027108260937147143,1.328522093680227,-4.150083776468206,0.009270634458442647,-0.005230137929829282,0.1864104793513813,0.09107612880983834,0.000436452810598141,0.00014177994373908276
7,back,0.7799999999999834,"(np.float64(0.0), np.float64(0.0))",0.04702692148938243,-0.027078282015482937,1.328614733792347,-4.150136046735295,0.009259322396781674,-0.005224997692973721,0.1864013765278011,0.09107588392549634,0.0004354374273983321,0.00014148396106059016
7,back,0.7899999999999832,"(np.float64(0.0), np.float64(0.0))",0.04697473104060861,-0.02704846192628628,1.32870726214954,-4.1501882641156485,0.009248266871997441,-0.005219576315998198,0.18639229437127447,0.09107563269187399,0.0004344348489038505,0.00014118151125462285
7,back,0.799999999999983,"(np.float64(0.0), np.float64(0.0))",0.04692253068372816,-0.027018757911166612,1.328799680867054,-4.150240426328591,0.009237382600327882,-0.005213974352846247,0.18638322881176328,0.09107537767411181,0.0004334413685012217,0.00014087511079458433
7,back,0.8099999999999827,"(np.float64(0.0), np.float64(0.0))",0.04687034473472065,-0.02698914117234652,1.3288919913577766,-4.150292531921311,0.009226612917625804,-0.005208258566988614,0.1863741772983748,0.09107512048725976,0.0004324545281829481,0.0001405664257265389
7,back,0.8199999999999825,"(np.float64(0.0), np.float64(0.0))",0.04681818934509767,-0.026959592552472034,1.3289841945704595,-4.150344579987678,0.009215920612004816,-0.005202472770495093,0.18636513825003792,0.0910748621361854,0.00043147271620222987,0.00014025654615787804
7,back,0.8299999999999823,"(np.float64(0.0), np.float64(0.0))",0.046766075109174236,-0.02693009945159986,1.3290762911506215,-4.150396569978454,0.009205281517405862,-0.005196645392499423,0.1863561106979174,0.09107460323819495,0.00043049488684409595,0.00013994617723470765
7,back,0.8399999999999821,"(np.float64(0.0), np.float64(0.0))",0.046714008889456676,-0.026900653670532668,1.3291682815478416,-4.150448501574811,0.00919468011027419,-0.00519079467733569,0.18634709405520022,0.09107434416721569,0.00042952036840705895,0.00013963576988985175
7,back,0.8499999999999819,"(np.float64(0.0), np.float64(0.0))",0.04666199507326413,-0.026871249927267873,1.3292601660864571,-4.150500374605032,0.009184106526589839,-0.0051849322035247645,0.18633808797051354,0.09107408514615252,0.000428548733496068,0.0001393256090968537
7,back,0.8599999999999817,"(np.float64(0.0), np.float64(0.0))",0.04661003642520012,-0.026841884851278267,1.3293519450116227,-4.150552188990283,0.009173554567337568,-0.005179065235221967,0.18632909223564165,0.09107382630539343,0.000427579712532165,0.00013901587268108642
7,back,0.8699999999999815,"(np.float64(0.0), np.float64(0.0))",0.04655813465787648,-0.02681255631061862,1.3294436185189864,-4.150603944709681,0.009163020380886087,-0.005173198274704656,0.18632010672810673,0.09107356771944713,0.00042661313676616106,0.00013870667004651369
7,back,0.8799999999999812,"(np.float64(0.0), np.float64(0.0))",0.04650629080939369,-0.026783262967134895,1.3295351867736018,-4.150655641778052,0.009152501602462459,-0.005167334075717771,0.18631113137589123,0.09107330942961106,0.0004256489011575609,0.000138398067388986
7,back,0.8899999999999828,"(np.float64(0.0), np.float64(0.0))",0.046454505490151524,-0.026754003985808867,1.329626649921844,-4.150707280231915,0.009141996798345937,-0.005161474297641578,0.18630216613606124,0.09107305145781333,0.000424686940459709,0.0001380901039317528
7,back,0.8999999999999844,"(np.float64(0.0), np.float64(0.0))",0.04640277904244112,-0.026724778846913842,1.3297180080988316,-4.150758860120766,0.00913150511082443,-0.005155619923149239,0.18629321098201473,0.09107279381494293,0.0004237272139825078,0.00013778280226490634
7,back,0.9099999999999859,"(np.float64(0.0), np.float64(0.0))",0.04635111164250509,-0.026695587225950567,1.3298092614329906,-4.150810381501715,0.009121026033902918,-0.005149771521922936,0.18628426589601094,0.09107253650578019,0.0004227696959916296,0.00013747617485720994
7,back,0.9199999999999875,"(np.float64(0.0), np.float64(0.0))",0.04629950336508612,-0.026666428917748997,1.3299004100488248,-4.150861844436232,0.009110559273250073,-0.005143929415240465,0.18627533086488945,0.09107227953185823,0.0004218143697296583,0.000137170228109428
7,back,0.9299999999999891,"(np.float64(0.0), np.float64(0.0))",0.04624795422378148,-0.026637303789043824,1.329991454068569,-4.150913248988209,0.009100104659818463,-0.005138093777438045,0.18626640587768478,0.09107202289308358,0.0004208612237389048,0.00013686496484621293
7,back,0.9399999999999906,"(np.float64(0.0), np.float64(0.0))",0.04619646419596449,-0.026608211749198453,1.330082393613161,-4.1509645952228205,0.009089662097265295,-0.0051322646976362865,0.18625749092434535,0.09107176658862487,0.00041991024962973166,0.00013656038582764228
7,back,0.9499999999999922,"(np.float64(0.0), np.float64(0.0))",0.046145033237975204,-0.026579152732371977,1.3301732288027988,-4.151015883205871,0.009079231530438332,-0.005126442216719265,0.18624858599508148,0.09107151061738138,0.00041896144074734935,0.0001362564906518609
7,back,0.9599999999999937,"(np.float64(0.0), np.float64(0.0))",0.046093661294240605,-0.026550126686816625,1.330263959757252,-4.15106711300343,0.009068812926799941,-0.005120626349119427,0.18623969108006244,0.09107125497821175,0.0004180147913887473,0.00013595327828497207
7,back,0.9699999999999953,"(np.float64(0.0), np.float64(0.0))",0.04604234830266012,-0.026521133568561308,1.3303545865960307,-4.151118284681633,0.009058406265702406,-0.005114817095386141,0.18623080616929727,0.09107099967003587,0.000417070296352469,0.00013565074736549663
7,back,0.9799999999999969,"(np.float64(0.0), np.float64(0.0))",0.04599109419772223,-0.026492173337759353,1.3304451094384708,-4.1511693983065845,0.009048011532360904,-0.005109014449245636,0.18622193125260827,0.09107074469186803,0.00041612795068688736,0.00013534889637453252
7,back,0.9899999999999984,"(np.float64(0.0), np.float64(0.0))",0.04593989891226059,-0.026463245956630757,1.3305355284037752,-4.151220453944308,0.009037628714566436,-0.005103218401447584,0.1862130663196471,0.09107049004281843,0.00041518774955372575,0.00013504772372791146
7,back,1.0,"(np.float64(0.0), np.float64(0.0))",0.045888762378416305,-0.026434351388335903,1.33062584361103,-4.1512714516607305,0.009027257800987962,-0.005097428941749579,0.18620421135992543,0.09107023572208105,0.0004142496881582415,0.0001347472278232816
8,go,0.0,"(np.float64(0.0), np.float64(0.0))",0.04583768452813691,-0.02640548959639195,1.2790568266481186,-4.387974592084353,0.009016898780348614,-0.005091646059879126,0.1889612081590803,0.06552603561855479,0.0004133137617157623,0.00013444740706264831
8,go,0.010000000000001563,"(np.float64(0.0), np.float64(0.0))",-0.0027050696341045844,0.0015274938179637378,1.2791129236947074,-4.388005284912314,0.003305049032239049,-0.0017416337401658082,0.1889612081590803,0.06552603561855479,0.0,0.0
8,go,0.020000000000003126,"(np.float64(0.0), np.float64(0.0))",0.015295506437462029,0.016861585193913897,1.2791438719334909,-4.3880049485445465,0.002980327913594775,0.0012829408171145603,0.18895557384535605,0.0655270901294621,4.558562478813666e-05,2.1632415886526666e-05
8,go,0.03000000000000469,"(np.float64(0.0), np.float64(0.0))",0.06236931064819739,0.0629489678244811,1.2792042781163306,-4.387954881734585,0.00824748038121743,0.007716200799130105,0.18895281459999913,0.06552918282825806,0.0005143896659610634,0.00048572687583167635
8,go,0.04000000000000625,"(np.float64(0.0), np.float64(0.0))",0.13551896743349204,0.13575499597918458,1.2795837030785644,-4.387823453514217,0.06750808344273147,0.01765721302091424,0.18894862895481407,0.06553744019793739,0.00914862576157299,0.0023970548826578184
8,go,0.050000000000007816,"(np.float64(0.0), np.float64(0.0))",0.21721245926909316,0.23239316311182445,1.2808441704649203,-4.387189256155205,0.18371545125689528,0.1082353835491951,0.18891945950957176,0.06557266822536004,0.03990528497324144,0.025153163143618977
8,go,0.06000000000000938,"(np.float64(0.0), np.float64(0.0))",0.30345681848120626,0.3267020435261086,1.283576514523374,-4.385278397281409,0.36163664496678505,0.2727710581601914,0.18882543832544307,0.06570768355640638,0.10974110572783813,0.08911486211571355
8,go,0.07000000000001094,"(np.float64(0.0), np.float64(0.0))",0.38976838419596693,0.4175221560813319,1.2884015945714593,-4.381376455193177,0.6021752588187841,0.5065072058677255,0.18862666092962338,0.06605074762107499,0.23470887763258566,0.21147798066462378
8,go,0.0800000000000125,"(np.float64(0.0), np.float64(0.0))",0.4728779063997002,0.5032263009043165,1.295935638296766,-4.374812012333448,0.9034412789517079,0.8055432661340887,0.18827502295081425,0.06670799923906988,0.4272174205457511,0.40537055803503885
8,go,0.09000000000001407,"(np.float64(0.0), np.float64(0.0))",0.5504330508976283,0.5820321938815596,1.306767271609235,-4.364952488844561,1.261778636710603,1.1659920526066012,0.18771801388098985,0.06778005027299673,0.6945246645620674,0.6786449124270829
8,go,0.10000000000001563,"(np.float64(0.0), np.float64(0.0))",0.6207065839840935,0.6522555642480883,1.321443129080693,-4.35120534931073,1.6724363920575833,1.5837214944318905,0.18690001970052406,0.0693584570147785,1.0380922798447447,1.0329911569624983
8,go,0.1100000000000172,"(np.float64(0.0), np.float64(0.0))",0.6824063197313324,0.712391024814411,1.340459092092677,-4.3330208691850185,2.130009762954421,2.054282242817253,0.18576225390290507,0.0715222228527259,1.453532123329534,1.4634522322186296
8,go,0.12000000000001876,"(np.float64(0.0), np.float64(0.0))",0.7345507368617431,0.7611381184300279,1.3642550356620757,-4.309895612217775,2.628691711038062,2.5728262220573948,0.18424217656912487,0.0743344428734827,1.9309074333253649,1.9582761097042025
8,go,0.13000000000002032,"(np.float64(0.0), np.float64(0.0))",0.7763993235255896,0.7974305077082173,1.393211297020575,-4.281377100489014,3.1623628101976613,3.133947157467531,0.18227297167621775,0.07783915967780175,2.455256346579947,2.4991050729100577
8,go,0.14000000000002188,"(np.float64(0.0), np.float64(0.0))",0.8074304041559675,0.8204892872412773,1.4276454746192577,-4.247070382202768,3.724571232472309,3.73146785573263,0.1797834578370281,0.0820585251486235,3.0073320555428062,3.061629401313803
8,go,0.15000000000002345,"(np.float64(0.0), np.float64(0.0))",0.8273517328724661,0.8298934087481019,1.4678088188203626,-4.2066466575784744,4.308778468996613,4.357928516587039,0.1766986766122765,0.08699041536305113,3.5648753328879197,3.616616151710977
8,go,0.160000000000025,"(np.float64(0.0), np.float64(0.0))",0.8360316113581834,0.8257410316808752,1.5138926908213024,-4.1598642934269465,4.908730644697812,5.0041725460309765,0.17294132153667705,0.09260669499945673,4.1038539906100056,4.13215060086873
8,go,0.17000000000002657,"(np.float64(0.0), np.float64(0.0))",0.8333862876719219,0.8087890565814388,1.5660060800177809,-4.106558706856771,5.514806940638894,5.663178379295079,0.1684329539005187,0.09885186899761664,4.595964483486397,4.580316698642469
8,go,0.18000000000002814,"(np.float64(0.0), np.float64(0.0))",0.8204915877031254,0.7793001769915181,1.624171965704081,-4.046651832472563,6.11941447997027,6.324673039237517,0.16309947762106392,0.10564402979495513,5.0209281024843015,4.92881881889128
8,go,0.1900000000000297,"(np.float64(0.0), np.float64(0.0))",0.7979693009419464,0.7386671608282754,1.6883371700457912,-3.980170803699156,6.714823444308356,6.977960558409454,0.15687512780522112,0.11287653516364315,5.3582229698033315,5.154390314051999
8,go,0.20000000000003126,"(np.float64(0.0), np.float64(0.0))",0.7666334023577807,0.6885782011349366,1.7583709997534722,-3.9072498001877483,7.293260136675005,7.612315988129071,0.14970579491590083,0.12042040344949591,5.591256832859531,5.241674849576633
8,go,0.21000000000003283,"(np.float64(0.0), np.float64(0.0))",0.7274656170889765,0.6309024903780062,1.8340659707824798,-3.828128957911663,7.8471419395474475,8.21727970537206,0.14155379588268086,0.12812861620950322,5.708525953437672,5.184302230251882
8,go,0.2200000000000344,"(np.float64(0.0), np.float64(0.0))",0.681547166783702,0.5676039430133207,1.9151407368602056,-3.743150127855589,8.36928526505183,8.782993126529776,0.13240211592139153,0.1358416441161067,5.70406266040066,4.985261530077195
8,go,0.23000000000003595,"(np.float64(0.0), np.float64(0.0))",0.6299972960012861,0.5006406051478963,2.001245008914281,-3.652749237567125,8.853143489619608,9.300595565399998,0.12225766728299885,0.14339391178635763,5.577456459571743,4.656255792097696
8,go,0.24000000000003752,"(np.float64(0.0), np.float64(0.0))",0.573901608734111,0.4318436826493547,2.091968492051651,-3.557442473278884,9.293377202590905,9.763143951988344,0.11115325095432119,0.15062083619580446,5.333484127139833,4.216152038462421
8,go,0.2500000000000391,"(np.float64(0.0), np.float64(0.0))",0.5141383002149124,0.36263600335451907,2.1868476516987525,-3.457811068413766,9.684208569630753,10.164232813177689,0.09914837438918955,0.15736632629087793,4.979022532916643,3.6859167645356172
8,go,0.26000000000004064,"(np.float64(0.0), np.float64(0.0))",0.4518704567835411,0.2944395645474887,2.2853576078084092,-3.354499204720615,10.0191983395787,10.497822703980573,0.08632782283472532,0.163489956019934,4.527379730310324,3.09097434565678
8,go,0.2700000000000422,"(np.float64(0.0), np.float64(0.0))",0.3886204858836759,0.22872841284104606,2.3869118580858677,-3.2482047455209027,10.292653230472887,10.759446361762695,0.07279598107298918,0.16887110158751154,3.99993589945856,2.4609910893743487
8,go,0.28000000000004377,"(np.float64(0.0), np.float64(0.0))",0.32585073489573746,0.16666390643337428,2.4908749996588475,-3.1396574175442304,10.500553041564885,10.947410765076093,0.05867094651230077,0.17341106407445567,3.421612925405589,1.8245382434383564
8,go,0.29000000000004533,"(np.float64(0.0), np.float64(0.0))",0.2646803931061393,0.10872367513514075,2.596578819608144,-3.0295924376942134,10.640333128068088,11.062314138436307,0.04407979782100169,0.17703441471638606,2.816287555117338,1.2027354486302235
8,go,0.3000000000000469,"(np.float64(0.0), np.float64(0.0))",0.20594376354015242,0.054833363571618304,2.7033360215259923,-2.9187308563695393,10.710764953406096,11.106392755952744,0.029154105497764676,0.17968935664306843,2.205815244898417,0.6090008719563446
8,go,0.31000000000004846,"(np.float64(0.0), np.float64(0.0))",0.15022052992811002,0.004553464661951945,2.8104535943925972,-2.8077655421652428,10.711983906772648,11.08302838687766,0.014025676825307892,0.18134632501931755,1.6091598990567735,0.05046617810705769
8,go,0.32000000000005,"(np.float64(0.0), np.float64(0.0))",0.09782205868727159,-0.04277865464901068,2.9172465862025567,-2.697351795090554,10.645525999794266,10.996308267375012,-0.0011768334756359633,0.18199542458203594,1.0413672691087503,0.0
8,go,0.3300000000000516,"(np.float64(0.0), np.float64(0.0))",0.04877479432287979,-0.0879197084149603,3.023051944282376,-2.588102208966473,10.514289649029386,10.85061834750693,-0.016330162941054327,0.1816434251903566,0.5128323150825922,0.0
8,go,0.34000000000005315,"(np.float64(0.0), np.float64(0.0))",0.0028260890637061276,-0.13159887976973056,3.1272414544375757,-2.4805853428468665,10.322381569544733,10.650298662560768,-0.03131753011769767,0.1803109702940472,0.029171969665092064,0.0
8,go,0.3500000000000547,"(np.float64(0.0), np.float64(0.0))",-0.04051466012343247,-0.17441256089706061,3.2292326038923513,-2.375327386496408,10.074848525344542,10.399402983489246,-0.046028814569342796,0.17803051066679992,0.0,0.0
8,go,0.3600000000000563,"(np.float64(0.0), np.float64(0.0))",-0.0818993858504668,-0.21674858030010452,3.3284963915422856,-2.2728156298570794,9.77733406182018,10.10159112093719,-0.06036024850343527,0.17484524711032673,0.0,0.0
8,go,0.37000000000005784,"(np.float64(0.0), np.float64(0.0))",-0.12204038761884065,-0.25874914375380786,3.424561611777783,-2.173502388822159,9.435720883782823,9.760153508457831,-0.07421411362381483,0.17080908098368167,0.0,0.0
8,go,0.3800000000000594,"(np.float64(0.0), np.float64(0.0))",-0.16160294694766486,-0.30031318522968575,3.5170157554011974,-2.077808181608774,9.05581939373382,9.37813860933314,-0.08749888108129492,0.16598729404268356,0.0,0.0
8,go,0.39000000000006096,"(np.float64(0.0), np.float64(0.0))",-0.20110976082931398,-0.3411300145426106,3.6055031964211204,-1.9861233368632878,8.643144261747683,8.958535979536068,-0.10013006067937849,0.16045748252664765,0.0,0.0
8,go,0.40000000000006253,"(np.float64(0.0), np.float64(0.0))",-0.24087015619520186,-0.380730602800556,3.689721626723958,-1.8988077062443516,8.20279379891608,8.50446594057287,-0.11203178950983624,0.15431020594290507,0.0,0.0
8,go,0.4100000000000641,"(np.float64(0.0), np.float64(0.0))",-0.2809390941761612,-0.4185419881316952,3.769417730177274,-1.8161886011621,7.739422420921076,8.019337877961732,-0.12313896123286189,0.14764888603535492,0.0,0.0
8,go,0.42000000000006565,"(np.float64(0.0), np.float64(0.0))",-0.3211036450606495,-0.45393333460870533,3.8443829158669454,-1.7385573762111284,7.25728171852018,7.506956360955577,-0.13339953793042758,0.14058866947252419,0.0,0.0
8,go,0.4300000000000672,"(np.float64(0.0), np.float64(0.0))",-0.3608900808068884,-0.4862471495301457,3.9144496637933672,-1.6661652111195053,6.760302098707877,6.971570944437472,-0.14277662949085163,0.13325418732177668,0.0,0.0
8,go,0.4400000000000688,"(np.float64(0.0), np.float64(0.0))",-0.39958350623321315,-0.5148140862438516,3.97948877641446,-1.5992186243674609,6.252518833845237,6.4175790006664695,-0.15124996818077108,0.12577634435918744,0.0,0.0
8,go,0.45000000000007034,"(np.float64(0.0), np.float64(0.0))",-0.43635135610708853,-0.5388638169237882,4.039419822066801,-1.5378863489023584,5.738642338086254,5.8490392812779275,-0.1588165198578463,0.11828841030033357,0.0,0.0
8,go,0.4600000000000719,"(np.float64(0.0), np.float64(0.0))",-0.470418075549922,-0.557372307165412,4.094186113615917,-1.4822746085947018,5.219610571241617,5.273443118771682,-0.1654890375853673,0.11092108039971695,0.0,0.0
8,go,0.47000000000007347,"(np.float64(0.0), np.float64(0.0))",-0.49971315981062675,-0.5702053419827583,4.143754256706584,-1.4324298111874578,4.6989150782953795,4.695643035254423,-0.17129669775196085,0.10379952247277834,0.0,0.0
8,go,0.48000000000007503,"(np.float64(0.0), np.float64(0.0))",-0.5227660264950497,-0.5762928240858208,4.188128026992128,-1.3883454685687586,4.180530951804668,4.1213868367405695,-0.1762824840205193,0.09703842931223171,0.0,0.0
8,go,0.4900000000000766,"(np.float64(0.0), np.float64(0.0))",-0.5380906620477448,-0.5746821814314654,4.227353627139036,-1.3499542299742073,3.668978082149766,3.5570906085259155,-0.18049948264271756,0.09073770727138747,0.0,0.0
8,go,0.5000000000000782,"(np.float64(0.0), np.float64(0.0))",-0.5442044824539976,-0.5644723773383789,4.261529225434333,-1.3171189319757965,3.1702872012851526,3.010400480401989,-0.18400837480683685,0.08497980880245137,0.0,0.0
8,go,0.5100000000000797,"(np.float64(0.0), np.float64(0.0))",-0.5399212009538454,-0.5449851414823033,4.290818353041977,-1.289622410705955,2.691170494007023,2.4893688942700973,-0.18687513494369543,0.07982787524024297,0.0,0.0
8,go,0.5200000000000813,"(np.float64(0.0), np.float64(0.0))",-0.5241073812004262,-0.5155212942700739,4.315449026357083,-1.2671702199074444,2.2378637052532877,2.001413902081606,-0.18916924090736312,0.07532489418172433,0.0,0.0
8,go,0.5300000000000828,"(np.float64(0.0), np.float64(0.0))",-0.4953318742867241,-0.4750442368159857,4.33570584738824,-1.2493886950788107,1.8152239653313393,1.5553084002858455,-0.19096103521889393,0.07149227312660252,0.0,0.0
8,go,0.5400000000000844,"(np.float64(0.0), np.float64(0.0))",-0.45158775796764067,-0.4227752142132442,4.351938323251069,-1.2358286172909174,1.432375742642104,1.1565081803991164,-0.19232008013380275,0.06832862472740045,0.0,0.0
8,go,0.550000000000086,"(np.float64(0.0), np.float64(0.0))",-0.3919884455974797,-0.35678686383887603,4.364586530028021,-1.2259784735345955,1.0974792632696009,0.8129820177725573,-0.19331355634001102,0.06580855360315171,0.0,0.0
8,go,0.5600000000000875,"(np.float64(0.0), np.float64(0.0))",-0.31521094174705855,-0.27574161719985807,4.374169774690821,-1.2192303250911025,0.818297911817323,0.5362228550465088,-0.19400435744385533,0.06388150648077867,0.0,0.0
8,go,0.5700000000000891,"(np.float64(0.0), np.float64(0.0))",-0.2372064831090554,-0.19676275744813937,4.381240935262543,-1.214945345051484,0.5949621854820858,0.3197765968221485,-0.19445472253149995,0.062471869891005935,0.0,0.0
8,go,0.5800000000000907,"(np.float64(0.0), np.float64(0.0))",-0.1744484615515174,-0.1343998680046024,4.3862969781841485,-1.2125978174083534,0.4131900732739163,0.1543832024470498,-0.19472221310019508,0.06148919058558099,0.0,0.0
8,go,0.5900000000000922,"(np.float64(0.0), np.float64(0.0))",-0.12295045364202989,-0.08619036627795115,4.3896580223523864,-1.2115840928812616,0.25230516448042206,0.0633166096622988,-0.194850144637255,0.06084885163039292,0.0,0.0
8,go,0.6000000000000938,"(np.float64(0.0), np.float64(0.0))",-0.07670160750492434,-0.05947862315878094,4.391508308412918,-1.2111658788230983,0.12010909191035243,0.02617901701343439,-0.1948884908609415,0.06047480928140203,0.0,0.0
8,go,0.6100000000000954,"(np.float64(0.0), np.float64(0.0))",-0.03815295737022256,-0.04858827379901955,4.39229390087652,-1.2110015905610139,0.04772118414609906,0.00863038928322241,-0.19489969704052945,0.06029423547177002,0.0,0.0
8,go,0.6200000000000969,"(np.float64(0.0), np.float64(0.0))",-0.01690794051910735,-0.043422258437206644,4.3926024967371875,-1.210964356072561,0.01863234841856476,-0.000200893242692856,-0.19490651714529209,0.06023782778391724,0.0,8.723238302497668e-06
8,go,0.6300000000000985,"(np.float64(0.0), np.float64(0.0))",-0.008366447317247793,-0.04079521437250384,4.392721006403728,-1.2109905295246637,0.0068982062778706055,-0.0045320702539968435,-0.19491041865105557,0.06023897892618452,0.0,0.00018488677756304915
8,go,0.6400000000001,"(np.float64(0.0), np.float64(0.0))",-0.004917310474963901,-0.039480157197850974,4.392762424727875,-1.2110474024859788,0.002121019634345458,-0.006591826524807063,-0.19491168571130915,0.06026188100422838,0.0,0.0002602463474203465
8,go,0.6500000000001016,"(np.float64(0.0), np.float64(0.0))",-0.003509005476394725,-0.03882810653981887,4.392772467763577,-1.2111185932593307,0.0001894972125943569,-0.007523196356726369,-0.19491086097510116,0.06029050625133527,0.0,0.0002921114696589486
8,go,0.6600000000001032,"(np.float64(0.0), np.float64(0.0))",-0.0029355745712904354,-0.038505981126231915,4.392769995891955,-1.2111960226624534,-0.0005720633371378883,-0.007876867440950732,-0.19490843053899007,0.06031808428295642,1.6793345856695323e-06,0.0003033065090150796
8,go,0.6700000000001047,"(np.float64(0.0), np.float64(0.0))",-0.002705623283397528,-0.038353422159090975,4.392762255445801,-1.2112746224515754,-0.0009227588536359086,-0.007819258485742607,-0.19490478985065834,0.060342188237564494,2.496637839358526e-06,0.0002998953216747406
8,go,0.6800000000001063,"(np.float64(0.0), np.float64(0.0))",-0.0025957703607555668,-0.03832354497218025,4.392752422240199,-1.2113524725760154,-0.0010154944903178003,-0.007752912507778838,-0.1949003860459538,0.06036247077168188,2.635990499477527e-06,0.00029711909115724103
8,go,0.6900000000001079,"(np.float64(0.0), np.float64(0.0))",-0.0025620497463899354,-0.038296738690905344,4.392742269212773,-1.2114296585108117,-0.0010043153990839009,-0.00768548019796181,-0.19489547428542967,0.06037930574761069,2.573106013518415e-06,0.0002943288268554709
8,go,0.7000000000001094,"(np.float64(0.0), np.float64(0.0))",-0.002559311657304561,-0.03827065682297265,4.392732436331901,-1.2115061794919175,-0.0009588564799395144,-0.007620481827423701,-0.19489013890346282,0.06039323987235605,2.4540125667912158e-06,0.0002916408448430319
8,go,0.710000000000111,"(np.float64(0.0), np.float64(0.0))",-0.00256704960452456,-0.03824424374547062,4.39272310099129,-1.2115820818210494,-0.0009078432432035144,-0.007562265983916854,-0.1948844848607586,0.0604048930037989,2.3304786384358753e-06,0.00028921314355699737
8,go,0.7200000000001125,"(np.float64(0.0), np.float64(0.0))",-0.0025767523711789026,-0.03821616710104353,4.3927142545076086,-1.21165744508569,-0.0008622214888390615,-0.0075128866123498235,-0.19487860284587877,0.060414829310355876,2.2217312658474553e-06,0.00028711373018875373
8,go,0.7300000000001141,"(np.float64(0.0), np.float64(0.0))",-0.002585131007279278,-0.03818576295372925,4.392705822821537,-1.2117323592433649,-0.0008251932844570495,-0.00747243334632654,-0.1948725633288437,0.06042351336653739,2.133232746648548e-06,0.0002853405684503671
8,go,0.7400000000001157,"(np.float64(0.0), np.float64(0.0))",-0.0025911804569512093,-0.038152950438931355,4.3926977184998535,-1.2118069091414283,-0.0007967144530343681,-0.007439902344964277,-0.19486641815318437,0.06043130573076212,2.0644309204732267e-06,0.00028385422543791123
8,go,0.7500000000001172,"(np.float64(0.0), np.float64(0.0))",-0.0025948615133676344,-0.038117979800501973,4.39268986164951,-1.2118811671141574,-0.0007755413999591843,-0.007413873165276035,-0.19486020418001887,0.0604384752249865,2.0124225307773427e-06,0.0002826018675574755
8,go,0.7600000000001188,"(np.float64(0.0), np.float64(0.0))",-0.002596499319083995,-0.038081233770770995,4.392682186709493,-1.2119551909756745,-0.000760149839763188,-0.007392906765381942,-0.1948539469873424,0.06044521640408847,1.9737285413469256e-06,0.00028153101077802416
8,go,0.7700000000001204,"(np.float64(0.0), np.float64(0.0))",-0.0025965118231326806,-0.03804310937382896,4.3926746430378705,-1.2120290249048586,-0.0007491211197338204,-0.007375735714162407,-0.19484766398568468,0.06045166680368399,1.945101844347257e-06,0.0002805959204863369
8,go,0.7800000000001219,"(np.float64(0.0), np.float64(0.0))",-0.002595294236168004,-0.038003960331684336,4.392667193045832,-1.2121027015541836,-0.0007412769176618712,-0.007361328580586856,-0.19484136683347858,0.060457921770675806,1.9238317118122386e-06,0.00027975963936511703
8,go,0.7900000000001235,"(np.float64(0.0), np.float64(0.0))",-0.0025931775015665555,-0.037964076482162,4.392659809634088,-1.2121762444377133,-0.0007356989412145329,-0.007348888257637101,-0.19483506322275862,0.06046404629573554,1.9077979422838625e-06,0.0002789937558717971
8,go,0.8000000000001251,"(np.float64(0.0), np.float64(0.0))",-0.002590420847454224,-0.03792368284892912,4.392652473707668,-1.2122496701356522,-0.0007317008732796093,-0.00733782111439907,-0.19482875815804845,0.060470084010644236,1.8954131962439613e-06,0.00027827720074464596
8,go,0.8100000000001266,"(np.float64(0.0), np.float64(0.0))",-0.0025872187119826387,-0.03788294757313719,4.39264517206479,-1.2123229901353492,-0.0007287851515643116,-0.007327697405107797,-0.19482245485078634,0.06047606379904675,1.8855265811422903e-06,0.0002775947766295121
8,go,0.8200000000001282,"(np.float64(0.0), np.float64(0.0))",-0.0025837124427705014,-0.0378419926861064,4.392637895726988,-1.2123962122777265,-0.0007265995448384276,-0.007318213048172422,-0.19481615533295546,0.06048200452733693,1.8773242849104283e-06,0.0002769357646443092
8,go,0.8300000000001297,"(np.float64(0.0), np.float64(0.0))",-0.002580002322107294,-0.03780090470776059,4.392630638677472,-1.2124693418471268,-0.0007248995630600737,-0.007309156972192,-0.19480986087118007,0.06048791835855061,1.870242555989553e-06,0.00027629274619989374
8,go,0.8400000000001313,"(np.float64(0.0), np.float64(0.0))",-0.0025761580869312095,-0.03775974378891453,4.392623396938697,-1.2125423823673265,-0.0007235183610142817,-0.007300385100038835,-0.19480357224204337,0.060493813031869785,1.863897676770156e-06,0.00027566067093787557
8,go,0.8500000000001329,"(np.float64(0.0), np.float64(0.0))",-0.0025722274042800277,-0.037718551038440705,4.392616167914816,-1.212615336168832,-0.000722343800437611,-0.0072918005575014905,-0.1947972899126118,0.060499693405669706,1.8580325187974066e-06,0.00027503615149025034
8,go,0.8600000000001344,"(np.float64(0.0), np.float64(0.0))",-0.0025682423581239924,-0.03767735412029853,4.392608949932553,-1.2126882047850436,-0.0007213015664287991,-0.007283339113908514,-0.19479101415722416,0.060505562486884816,1.8524772358836285e-06,0.0002744169469729524
8,go,0.870000000000136,"(np.float64(0.0), np.float64(0.0))",-0.002564224238969104,-0.03763617138364954,4.392601741926244,-1.2127609892241107,-0.0007203430664456044,-0.007274958746842025,-0.194784745132044,0.060511422108334066,1.8471211513531505e-06,0.00027380159420512673
8,go,0.8800000000001376,"(np.float64(0.0), np.float64(0.0))",-0.002560186985178569,-0.03759501483032922,4.3925945432251305,-1.2128336901526,-0.0007194369419318465,-0.007266632320157388,-0.19477848292200356,0.06051727336852882,1.8418930953905831e-06,0.0002731891498428666
8,go,0.8900000000001391,"(np.float64(0.0), np.float64(0.0))",-0.0025561396018646374,-0.03755389220124102,4.3925873534117725,-1.2129063080178155,-0.0007185632217446055,-0.0072583425387260665,-0.19477222756993964,0.060523116913516806,1.836747907544827e-06,0.0002725790132590008
8,go,0.9000000000001407,"(np.float64(0.0), np.float64(0.0))",-0.0025520878299060035,-0.037512808416541116,4.392580172229062,-1.2129788431281676,-0.0007177093594128423,-0.007250078527197535,-0.1947659790943945,0.06052895311508876,1.8316573215671488e-06,0.0002719708067956397
8,go,0.9100000000001423,"(np.float64(0.0), np.float64(0.0))",-0.002548035278979111,-0.03747176655378841,4.392572999519965,-1.2130512957052864,-0.0007168675862620908,-0.007241833543646439,-0.19475973750030368,0.060534782181882615,1.8266039001524083e-06,0.0002713642959689136
8,go,0.9200000000001438,"(np.float64(0.0), np.float64(0.0))",-0.002543984185466201,-0.03743076850258249,4.392565835188975,-1.213123665917374,-0.0007160331675677325,-0.00723360347244606,-0.19475350278528117,0.06054060422761006,1.8215770545615818e-06,0.0002707593370166053
8,go,0.9300000000001454,"(np.float64(0.0), np.float64(0.0))",-0.0025399359124806315,-0.03738981539668997,4.3925586791777915,-1.2131959539002641,-0.0007152032687785391,-0.0072253858438542295,-0.19474727494322708,0.06054641931225214,1.8165704670941492e-06,0.00027015584287156665
8,go,0.9400000000001469,"(np.float64(0.0), np.float64(0.0))",-0.002535891275407219,-0.037348907895533495,4.392551531450184,-1.2132681597705324,-0.0007143762279899186,-0.007217179204530261,-0.19474105396633257,0.06055222746645627,1.8115804439179527e-06,0.00026955376137556043
8,go,0.9500000000001485,"(np.float64(0.0), np.float64(0.0))",-0.0025318507510795293,-0.03730804636516974,4.392544391982722,-1.2133402836335356,-0.0007135510953155699,-0.0072089827187457305,-0.19473483984614753,0.06055802870565361,1.8066048766083464e-06,0.0002689530615166731
8,go,0.9600000000001501,"(np.float64(0.0), np.float64(0.0))",-0.002527814610404299,-0.03726723099310315,4.392537260759189,-1.2134123255882567,-0.0007127273452672342,-0.007200795919211973,-0.19472863257411435,0.06056382303799338,1.801642596601184e-06,0.00026835372485546714
8,go,0.9700000000001516,"(np.float64(0.0), np.float64(0.0))",-0.0025237830012992545,-0.03722646186013061,4.392530137767287,-1.2134842857301675,-0.0007119046998653127,-0.007192618553730487,-0.1947224321418057,0.06056961046863268,1.7966929800651237e-06,0.00026775574026491577
8,go,0.9800000000001532,"(np.float64(0.0), np.float64(0.0))",-0.002519755999778579,-0.03718573898462857,4.392523022996736,-1.2135561641528816,-0.0007110830216223815,-0.007184450492347544,-0.1947162385410084,0.06057539100193019,1.7917557100736768e-06,0.00026715910075642197
8,go,0.9900000000001548,"(np.float64(0.0), np.float64(0.0))",-0.0025157336409206334,-0.037145062349415024,4.392515916438208,-1.2136279609490794,-0.0007102622500494962,-0.007176291672215441,-0.19471005176373082,0.06058116464246865,1.7868306363255005e-06,0.00026656380160203035
8,back,0.0,"(np.float64(0.0), np.float64(0.0))",-0.002511715937276044,-0.03710443191773594,4.392508818082763,-1.2136996762110066,-0.0007094423648112059,-0.00716814206556673,-0.19470387180217702,0.06058693139545271,1.781917694275111e-06,0.0002659698392484798
8,back,0.010000000000001563,"(np.float64(0.0), np.float64(0.0))",-0.0025077028896025194,-0.03706384764259704,4.39250172792155,-1.213771310030726,-0.0007086233649559274,-0.007160001661635611,-0.19469769864871106,0.060592691266790726,1.7770168599398398e-06,0.00026537721070760394
8,back,0.020000000000003126,"(np.float64(0.0), np.float64(0.0))",-0.02414627479658894,-0.058665889775702446,4.392480464463356,-1.2138569507192367,-0.003153517211183325,-0.009579840118755432,-0.19469153229582198,0.060598444263034484,7.614569315700536e-05,0.0005620098444757583
8,back,0.03000000000000469,"(np.float64(0.0), np.float64(0.0))",-0.0853979533357583,-0.11988645859341412,4.3924028055118125,-1.2140036090577162,-0.011432172696284892,-0.019384643577078087,-0.19468432352953613,0.06060629685411345,0.0009762841504436673,0.002323956269551463
8,back,0.04000000000000625,"(np.float64(0.0), np.float64(0.0))",-0.18091068747608086,-0.2148999487096087,4.391889733232938,-1.2146263489186642,-0.09023703113993344,-0.10436759901284398,-0.19467253857884526,0.06062308666365353,0.016324843339325875,0.02242859167480518
8,back,0.050000000000007816,"(np.float64(0.0), np.float64(0.0))",-0.2868550707797064,-0.31892510236635463,4.390197894465466,-1.2164950747782943,-0.2467478373435894,-0.26817294191704705,-0.19462482699523487,0.060708369736173294,0.07078086834593482,0.0855270829527807
8,back,0.06000000000000938,"(np.float64(0.0), np.float64(0.0))",-0.3965572420696067,-0.4263327803907959,4.386542650188737,-1.2204020121369792,-0.48282196939660854,-0.5118048359978076,-0.1944842927225999,0.060981184138109976,0.19146654859453513,0.2181991787484006
8,back,0.07000000000001094,"(np.float64(0.0), np.float64(0.0))",-0.5050399139363995,-0.5323971078000929,4.380131596654189,-1.2271354962001764,-0.7981161665962065,-0.8334132892108648,-0.19419258822007476,0.06157017892931865,0.4030805200889972,0.44370682477802675
8,back,0.0800000000000125,"(np.float64(0.0), np.float64(0.0))",-0.608110264809171,-0.633379723551637,4.370184724690261,-1.237454331783786,-1.1904890772487198,-1.2289111010657456,-0.19368978334391898,0.06260497618763788,0.7239486280181445,0.7783673734625598
8,back,0.09000000000001407,"(np.float64(0.0), np.float64(0.0))",-0.7022555679659586,-0.7263643781759052,4.355950112059336,-1.2520684584005677,-1.6564698410290826,-1.6926054284826917,-0.19291383608944118,0.06420909234931566,1.1632651690303595,1.2294482895569918
8,back,0.10000000000001563,"(np.float64(0.0), np.float64(0.0))",-0.7845163300079941,-0.8090833627354515,4.336715255606209,-1.2716256930001142,-2.1916365473351282,-2.2177654740012196,-0.19179916874319736,0.06649359457158213,1.7193746608267464,1.7943571474634892
8,back,0.1100000000000172,"(np.float64(0.0), np.float64(0.0))",-0.8523838504104096,-0.8797594544862711,4.311815622842941,-1.2967034040367353,-2.790768826131854,-2.797023032257683,-0.19027467399032172,0.06955123989560502,2.3788062776236085,2.4607074570445553
8,back,0.12000000000001876,"(np.float64(0.0), np.float64(0.0))",-0.9037638729877947,-0.9369950462617233,4.28064312052793,-1.3278030220099393,-3.447699319175603,-3.422528849709794,-0.18826167678140424,0.07345094026329366,3.115906089595526,3.206892577865911
8,back,0.13000000000002032,"(np.float64(0.0), np.float64(0.0))",-0.937030523442298,-0.9797328299988014,4.242657293569049,-1.3653449682387744,-4.15492780571241,-4.085885720393385,-0.18567254644372858,0.07823258120820913,3.8932941766516587,4.003076379892702
8,back,0.14000000000002188,"(np.float64(0.0), np.float64(0.0))",-0.9511530887639281,-1.0072832085144239,4.197400679830972,-1.4096623807597743,-4.902884743968919,-4.778292289110152,-0.18241069249429565,0.08390245273974893,4.6633939680795775,4.813093588194605
8,back,0.15000000000002345,"(np.float64(0.0), np.float64(0.0))",-0.9459304654355924,-1.0192892167782572,4.144529266263023,-1.4610049566543601,-5.679297871009812,-5.490948622493917,-0.17837249972604155,0.09042973125000811,5.372220878471681,5.5968647207914755
8,back,0.160000000000025,"(np.float64(0.0), np.float64(0.0))",-0.922203750920497,-1.0156068429643188,4.083808598686452,-1.5195098916849727,-6.473432153180774,-6.211023866268617,-0.17345025448729873,0.09774401176761145,5.969823412992659,6.307958340397107
8,back,0.17000000000002657,"(np.float64(0.0), np.float64(0.0))",-0.8805862221695415,-0.9975364652598167,4.015134544576467,-1.5851983197129436,-7.270236997048128,-6.927859241203332,-0.16754030697180866,0.10573605159021528,6.402070531507843,6.9107922192875275
8,back,0.18000000000002814,"(np.float64(0.0), np.float64(0.0))",-0.8232359277765671,-0.9659683871958423,3.93855660705777,-1.657982726917196,-8.053992753126801,-7.630385644599503,-0.1605500809797204,0.11426015631603466,6.630336196426089,7.37071131479609
8,back,0.1900000000000297,"(np.float64(0.0), np.float64(0.0))",-0.7527800230252023,-0.9221574064378948,3.854282197658597,-1.7376649679931653,-8.808824552631423,-8.307548173050929,-0.15240481135034414,0.12313847221985547,6.6311071495548495,7.660867077118516
8,back,0.20000000000003126,"(np.float64(0.0), np.float64(0.0))",-0.6721674802838907,-0.867600946006464,3.762675161207141,-1.8239383659214312,-9.51934344130231,-8.94870734953496,-0.1430551661490303,0.1321681215714134,6.398593094897155,7.763906961991528
8,back,0.21000000000003283,"(np.float64(0.0), np.float64(0.0))",-0.5844801615638437,-0.8039217240563881,3.6642475691163883,-1.9163938875045334,-10.17144270068357,-9.544141715294888,-0.1324834304024885,0.1411303469609405,5.945006473032913,7.672742862398359
8,back,0.2200000000000344,"(np.float64(0.0), np.float64(0.0))",-0.4926932958744623,-0.7327175687579968,3.559638973346523,-2.0145351227522053,-10.754234291463,-10.086412907344892,-0.12070739018685574,0.14980097023023836,5.298539137667069,7.390491942959027
8,back,0.23000000000003595,"(np.float64(0.0), np.float64(0.0))",-0.3990863963666984,-0.6551472051823768,3.449590952209328,-2.1177922663287068,-11.257477704389387,-10.567348323731167,-0.10778116699695958,0.15796020507759262,4.492706209223213,6.923168720481148
8,back,0.24000000000003752,"(np.float64(0.0), np.float64(0.0))",-0.3060036303084407,-0.5728313646225688,3.334950570679677,-2.225503854172944,-11.670427714868291,-10.976798412335082,-0.09379427694541392,0.1654007608018178,3.571193248001937,6.287854413724752
8,back,0.2500000000000391,"(np.float64(0.0), np.float64(0.0))",-0.21620586666059455,-0.4882408537484674,3.216660116733718,-2.336911061511611,-11.985546880582307,-11.305950988333464,-0.07887013559544845,0.17193943704870207,2.591345550717483,5.520027162982259
8,back,0.26000000000004064,"(np.float64(0.0), np.float64(0.0))",-0.13175506636182638,-0.4037099783287647,3.095713775175004,-2.451180055726619,-12.200145353744848,-11.548592171236086,-0.06315960154120662,0.17742773676617427,1.6074309607065802,4.662281895177462
8,back,0.2700000000000422,"(np.float64(0.0), np.float64(0.0))",-0.053500640716025116,-0.3210491481671628,2.9731142032225413,-2.567425861922199,-12.315251174742441,-11.700687373335667,-0.046831177574894356,0.18175548633021427,0.6588738284275015,3.7564957141796933
8,back,0.28000000000004377,"(np.float64(0.0), np.float64(0.0))",0.01860339357962723,-0.24166055899504377,2.849840058187147,-2.6847335622383484,-12.334646351753962,-11.760333889688509,-0.03006188078852373,0.1848499379793082,0.0,2.8420088617504824
8,back,0.29000000000004533,"(np.float64(0.0), np.float64(0.0))",0.08522442394671306,-0.16654399365710865,2.7268224379597816,-2.802180061258913,-12.26402170295605,-11.727891094415739,-0.013029888484532848,0.18667249493957075,0.0,1.9532098200396357
8,back,0.3000000000000469,"(np.float64(0.0), np.float64(0.0))",0.14740753252625768,-0.09624900174410189,2.6049296422487025,-2.9188571162612034,-12.11015240533694,-11.606073866402312,0.0040906770657151426,0.18721407051000627,0.0,1.1170730238095314
8,back,0.31000000000004846,"(np.float64(0.0), np.float64(0.0))",0.2063330063127017,-0.03083735150122613,2.484959970930677,-3.033894549040417,-11.88012867727391,-11.399867084727063,0.021132733383167387,0.1864902209387662,0.0,0.35154170835898646
8,back,0.32000000000005,"(np.float64(0.0), np.float64(0.0))",0.2630855651484477,0.03010094812756714,2.367641580684524,-3.146481498334013,-11.58074002667427,-11.116197344796177,0.03793733297787147,0.18453711996034888,0.0,0.0
8,back,0.3300000000000516,"(np.float64(0.0), np.float64(0.0))",0.3184654244181554,0.0873576160263671,2.253637404704801,-3.2558833533307667,-11.218107982372342,-10.763387554387117,0.054353627165119406,0.18140910924063203,0.0,0.0
8,back,0.34000000000005315,"(np.float64(0.0), np.float64(0.0))",0.37287086487166465,0.1419483400579557,2.1435524191561095,-3.3614526356152328,-10.797606570721808,-10.35049550630402,0.07023868320445223,0.177178014265231,0.0,0.0
8,back,0.3500000000000547,"(np.float64(0.0), np.float64(0.0))",0.4262657179612427,0.1949165802592293,2.0379404931061877,-3.4626332911025464,-10.324034637780743,-9.886670635722007,0.08545806556758209,0.1719338135318872,0.0,0.0
8,back,0.3600000000000563,"(np.float64(0.0), np.float64(0.0))",0.47822265476926884,0.2471388734374062,1.9373087084963434,-3.558959136773567,-9.801945786327783,-9.380645204793995,0.09988772487099676,0.16578578958386317,0.0,0.0
8,back,0.37000000000005784,"(np.float64(0.0), np.float64(0.0))",0.5280152773629515,0.2991669588252788,1.8421180990847914,-3.650048131577325,-9.236022057430663,-8.840422920003919,0.11341720666354174,0.15886312650229217,0.0,0.0
8,back,0.3800000000000594,"(np.float64(0.0), np.float64(0.0))",0.5747254821309193,0.3511266280606835,1.7527808329054513,-3.735594485023776,-8.631395998638688,-8.27316774440995,0.12595368932590303,0.15131408405036867,0.0,0.0
8,back,0.39000000000006096,"(np.float64(0.0), np.float64(0.0))",0.6173374729978237,0.4026753362472564,1.669654639628109,-3.815360428493423,-7.993865874648435,-7.685252200506389,0.1374260506269262,0.14330328111752305,0.0,0.0
8,back,0.40000000000006253,"(np.float64(0.0), np.float64(0.0))",0.6548013704399971,0.4530074578308189,1.593035638441533,-3.8891689744084625,-7.329990914580289,-7.082407449017317,0.1477881166761588,0.13500709792691407,0.0,0.0
8,back,0.4100000000000641,"(np.float64(0.0), np.float64(0.0))",0.6860617911706417,0.5008906679722648,1.523153694086205,-3.956901622363334,-6.646188359807254,-6.470881818605888,0.15702043247840383,0.1266076040189661,0.0,0.0
8,back,0.42000000000006565,"(np.float64(0.0), np.float64(0.0))",0.7097854511008433,0.5450078273706737,1.4601688697995698,-4.018498851066013,-5.950899717632647,-5.855230518203223,0.16512991929765986,0.11828544730059733,0.0,0.0
8,back,0.4300000000000672,"(np.float64(0.0), np.float64(0.0))",0.7250088719079618,0.583289893359001,1.404145987126575,-4.07393838819904,-5.253823128067819,-5.239283287593183,0.17214757383238202,0.11021265646657541,0.0,0.0
8,back,0.4400000000000688,"(np.float64(0.0), np.float64(0.0))",0.730919057414554,0.6131888792280488,1.3550619358703206,-4.123243508510818,-4.563004079757546,-4.627834648466146,0.17812707765422167,0.10254720175145508,0.0,0.0
8,back,0.45000000000007034,"(np.float64(0.0), np.float64(0.0))",0.7259720246277691,0.6321856106295476,1.3128121282268252,-4.166484317294502,-3.886945133214745,-4.025807217234966,0.18313993623846692,0.09542638870383548,0.0,0.0
8,back,0.4600000000000719,"(np.float64(0.0), np.float64(0.0))",0.7085175504609476,0.6375351917403282,1.277199210935457,-4.203789596344402,-3.235683377399513,-3.4400494257731147,0.18727139159072975,0.08896166421619763,0.0,0.0
8,back,0.47000000000007347,"(np.float64(0.0), np.float64(0.0))",0.6771248836491849,0.6268091312896963,1.2479156091593036,-4.235370228895196,-2.621423513987934,-2.8804579316854118,0.1906149893328099,0.08323439056164836,0.0,0.0
8,back,0.48000000000007503,"(np.float64(0.0), np.float64(0.0))",0.6307788459337924,0.5982418228362529,1.2245246041625897,-4.261547515890694,-2.057497730738648,-2.3582517991186966,0.19326608799438436,0.07829300427376534,0.0,0.0
8,back,0.4900000000000766,"(np.float64(0.0), np.float64(0.0))",0.5685748496979245,0.5502254910044247,1.2064548689069576,-4.282740947691504,-1.5566111409772632,-1.8828535259648285,0.19531539454008243,0.07415195731113687,0.0,0.0
8,back,0.5000000000000782,"(np.float64(0.0), np.float64(0.0))",0.4891915106862327,0.48036286490209495,1.1930317118244083,-4.299485078267188,-1.12771244099208,-1.467078130599471,0.1968496230944281,0.0707921771599531,0.0,0.0
8,back,0.5100000000000797,"(np.float64(0.0), np.float64(0.0))",0.389928801191855,0.3870297308895477,1.18347393330867,-4.312433097342002,-0.7834454987101458,-1.1220490141977222,0.19795133731750358,0.0681603548010463,0.0,0.0
8,back,0.5200000000000813,"(np.float64(0.0), np.float64(0.0))",0.29238338561671773,0.2912898074139117,1.1769580762399303,-4.322269717794088,-0.5189997200909634,-0.8439800182808259,0.1987022986467169,0.06616847661935024,0.0,0.0
8,back,0.5300000000000828,"(np.float64(0.0), np.float64(0.0))",0.2169591662722068,0.21377108091009392,1.1728001756508406,-4.329589124146758,-0.31142915752381145,-0.6187043618665702,0.19918262682306354,0.06470776432109357,0.0,0.0
8,back,0.5400000000000844,"(np.float64(0.0), np.float64(0.0))",0.157182737855515,0.1505800277974195,1.17050331824294,-4.334868053942757,-0.15100348576333178,-0.43452652651073764,0.19945931396576172,0.06367622580046439,0.0,0.0
8,back,0.550000000000086,"(np.float64(0.0), np.float64(0.0))",0.11043315077211144,0.09849403506826912,1.1695202699295932,-4.338435711461732,-0.059319003887049096,-0.2728909616416523,0.1995819194075094,0.0629902545087225,0.0,0.0
8,back,0.5600000000000875,"(np.float64(0.0), np.float64(0.0))",0.08351763519723474,0.05214396011892833,1.1691450582633949,-4.340484488436352,-0.02177040669476346,-0.13749606722835514,0.19960212309549447,0.06257597534701104,0.0,0.0
8,back,0.5700000000000891,"(np.float64(0.0), np.float64(0.0))",0.07247818303926806,0.01275475797971121,1.1690247881885427,-4.341413669054938,-0.0042206057283820375,-0.058646936804751776,0.19958356827473406,0.06236222847711351,0.0,0.0
8,back,0.5800000000000907,"(np.float64(0.0), np.float64(0.0))",0.06728540479426494,-0.010342472776218175,1.1690324245871413,-4.341813891366187,0.004777416802871321,-0.02651748701247806,0.19955488079056727,0.06228167729450505,0.00032145042345211987,0.00027425638752027337
8,back,0.5900000000000922,"(np.float64(0.0), np.float64(0.0))",0.06458141619572978,-0.019741174327150668,1.169105071515174,-4.342004044105317,0.00924662709598986,-0.013535596311656416,0.19952027505624165,0.06226499357804767,0.0005971602728928334,0.0002672085664103469
8,back,0.6000000000000938,"(np.float64(0.0), np.float64(0.0))",0.06319706495097455,-0.02352164989391934,1.1692090758491835,-4.3421085647136985,0.011260340162412065,-0.008162904216152915,0.1994836929205871,0.062273365202694705,0.0007116204486140226,0.00019200497508994695
8,back,0.6100000000000954,"(np.float64(0.0), np.float64(0.0))",0.06253054843064221,-0.025070745157541416,1.169326479362284,-4.342177316365657,0.012117181186225932,-0.005934187454325401,0.19944871932525515,0.062289988988210795,0.0007576939850081672,0.00014877450138447157
8,back,0.6200000000000969,"(np.float64(0.0), np.float64(0.0))",0.06220305401563779,-0.025698109194914758,1.1694497209605317,-4.342231554653229,0.012478561853736046,-0.005058757536622706,0.1994172548478682,0.06230775971485128,0.0007762046570254206,0.0001300005035667283
8,back,0.6300000000000985,"(np.float64(0.0), np.float64(0.0))",0.062020694856436125,-0.025928195197682163,1.1695751972308015,-4.342280296071488,0.012591888417179455,-0.0047512027078120906,0.1993897843388969,0.06232391478506838,0.0007809576691881795,0.00012319011123190793
8,back,0.6400000000001,"(np.float64(0.0), np.float64(0.0))",0.06191141112524122,-0.02599121679537005,1.1697011538776494,-4.34232731485231,0.01258934866378499,-0.0046786465213349854,0.19936606095912862,0.06233765005124417,0.0007794243409225988,0.00012160371604492152
8,back,0.6500000000001016,"(np.float64(0.0), np.float64(0.0))",0.06183659906315081,-0.025984772382820164,1.1698268090328636,-4.342374141143815,0.012539120244271475,-0.004697292295766222,0.19934551949018814,0.062349003278432485,0.0007753765511496529,0.00012205807112106005
8,back,0.6600000000001032,"(np.float64(0.0), np.float64(0.0))",0.061776274495876325,-0.0259510828755874,1.1699518730447291,-4.342421331892409,0.012474795590346515,-0.004744867020161039,0.1993275149095713,0.062358326414283766,0.0007706463966691939,0.00012313443727384057
8,back,0.6700000000001047,"(np.float64(0.0), np.float64(0.0))",0.0617205334849345,-0.02590849600911246,1.1700762917716176,-4.342469026191316,0.012411715789955698,-0.004795220436320666,0.19931144632274234,0.06236604372832483,0.000766057720019451,0.00012423694953722848
8,back,0.6800000000001063,"(np.float64(0.0), np.float64(0.0))",0.061664806188918654,-0.02586477340492054,1.1702001127893307,-4.342517193532849,0.01235587687558787,-0.004838444996364456,0.19929680807138794,0.062372548741596284,0.0007619227528272677,0.00012514528346313822
8,back,0.6900000000001079,"(np.float64(0.0), np.float64(0.0))",0.06160726525260119,-0.02582290563198753,1.1703234181840854,-4.342565745376697,0.012308716855700003,-0.0048718681738593285,0.19928320041977376,0.06237816805857384,0.0007583063842482734,0.00012580579210505285
8,back,0.7000000000001094,"(np.float64(0.0), np.float64(0.0))",0.061547430021714734,-0.025783747572430533,1.1704462928552046,-4.342614583996769,0.012269639589920885,-0.004895872138864683,0.19927032070006379,0.06238315618777018,0.0007551647840523164,0.00012623393137538253
8,back,0.710000000000111,"(np.float64(0.0), np.float64(0.0))",0.0614854283987769,-0.0257472432108854,1.1705688113060027,-4.3426636220710675,0.012237303750391209,-0.004911944256540207,0.1992579469904489,0.06238770334989442,0.0007524158635387627,0.00012646902341145237
8,back,0.7200000000001125,"(np.float64(0.0), np.float64(0.0))",0.06142161808015699,-0.02571299873100387,1.170691033674653,-4.342712788724605,0.012210245387206383,-0.004921791099783205,0.19924592065545083,0.06239194743930898,0.0007499730288379891,0.0001265540083029917
8,back,0.7300000000001141,"(np.float64(0.0), np.float64(0.0))",0.061356402167922236,-0.025680544685908274,1.170813006054381,-4.342762029583913,0.012187148273507522,-0.004926967049055464,0.1992341306595383,0.06239598604533435,0.0007477595707494266,0.00012652719746926645
8,back,0.7400000000001157,"(np.float64(0.0), np.float64(0.0))",0.061290147874195025,-0.025649447385542184,1.1709347625238127,-4.342811304497732,0.01216693482827392,-0.004928749656242484,0.1992225006807591,0.06239988686843345,0.0007457132348006022,0.0001264197049843007
8,back,0.7500000000001172,"(np.float64(0.0), np.float64(0.0))",0.061223158026106166,-0.02561934765509441,1.171056327606465,-4.342860584650488,0.012148771436052483,-0.004928128196763837,0.19921097909955637,0.062403696067709624,0.0007437861534524859,0.00012625542956176626
8,back,0.7600000000001188,"(np.float64(0.0), np.float64(0.0))",0.06115566799418124,-0.025589966001284492,1.1711777185763768,-4.342909849830037,0.012132037843555057,-0.004925838664610215,0.1991995315190882,0.06240744462765935,0.0007419428784532957,0.00012605204395518802
8,back,0.7700000000001204,"(np.float64(0.0), np.float64(0.0))",0.06108785348998338,-0.025561093753201074,1.1712989473902147,-4.342959086132544,0.012116285819493566,-0.004922412654873672,0.1991881353393924,0.0624111530467745,0.0007401578929839861,0.00012582225136316934
8,back,0.7800000000001219,"(np.float64(0.0), np.float64(0.0))",0.06101984180889908,-0.02553257977461779,1.1714200222050224,-4.343008284159127,0.012101198901467438,-0.004918225230916929,0.19917677591336147,0.0624148346987034,0.0007384132426655664,0.0001255749780579245
8,back,0.7900000000001235,"(np.float64(0.0), np.float64(0.0))",0.060951722995422286,-0.02550431718585535,1.1715409485201462,-4.343057437659688,0.012086557981644479,-0.004913535879947569,0.19916544387685728,0.06241849818971082,0.0007366965340653046,0.00012531637758626368
8,back,0.8000000000001251,"(np.float64(0.0), np.float64(0.0))",0.06088355948229487,-0.025476231890809355,1.1716617300096426,-4.343106542545049,0.012072213925736815,-0.004908521082105189,0.19915413332615428,0.06242214898167649,0.0007349993546305858,0.00012505062132863826
8,back,0.8100000000001266,"(np.float64(0.0), np.float64(0.0))",0.060815393805369364,-0.02544827339894572,1.1717823691141769,-4.343155596185046,0.012058066784102909,-0.0049032990174110985,0.19914284059310056,0.06242579049119802,0.0007333160800066621,0.00012478049395185954
8,back,0.8200000000001282,"(np.float64(0.0), np.float64(0.0))",0.06074725448513896,-0.0254204078343557,1.1719028674533376,-4.343204596919977,0.012044050531723518,-0.004897947685284122,0.19913156343387675,0.06242942482276566,0.0007316430026824818,0.00012450782771126085
8,back,0.8300000000001297,"(np.float64(0.0), np.float64(0.0))",0.060679160357356335,-0.025392612793035212,1.1720232261077954,-4.343253543726526,0.01203012215580203,-0.0048925178502085605,0.19912030049914978,0.062433053250919274,0.0007299777114104966,0.00012423381135335902
8,back,0.8400000000001313,"(np.float64(0.0), np.float64(0.0))",0.0606111236774581,-0.025364873659628355,1.1721434458093425,-4.343302435992928,0.012016254017696626,-0.004887042095250602,0.1991090509927523,0.06243667653296581,0.000728318658406363,0.00012395920531531695
8,back,0.8500000000001329,"(np.float64(0.0), np.float64(0.0))",0.06054315229796148,-0.025337181026274188,1.1722635270670123,-4.343351273369873,0.012002428603853546,-0.0048815410387953355,0.1990978144548607,0.06244029510901268,0.0007266648629085144,0.00012368448898714395
8,back,0.8600000000001344,"(np.float64(0.0), np.float64(0.0))",0.0604752511675125,-0.025309528917044202,1.1723834702496094,-4.343400055673013,0.011988634976863971,-0.004876027534416321,0.19908659062625433,0.0624439092281122,0.0007250157113814741,0.00012340995988261363
8,back,0.870000000000136,"(np.float64(0.0), np.float64(0.0))",0.0604074233460511,-0.025281913586473848,1.1725032756389733,-4.343448782820097,0.011974866411677203,-0.00487050946603639,0.1990753793646562,0.06244751902661992,0.0007233708248425926,0.0001231357994424349
8,back,0.8800000000001376,"(np.float64(0.0), np.float64(0.0))",0.06033967068198882,-0.02525433271873721,1.1726229434638762,-4.3434974547909935,0.011961118843419698,-0.004864991581939401,0.19906418059405778,0.06245112457607793,0.0007217299720000755,0.0001228621160841533
8,back,0.8900000000001391,"(np.float64(0.0), np.float64(0.0))",0.06027199425752433,-0.02522678490142852,1.1727424739212873,-4.343546071602635,0.01194738986216005,-0.004859476681569606,0.19905299427463163,0.06245472591193632,0.0007200930131645149,0.00012258897297946411
8,back,0.9000000000001407,"(np.float64(0.0), np.float64(0.0))",0.060204394677455565,-0.025199269284554637,1.1728618671895046,-4.343594633293562,0.011933678070890522,-0.004853966372875385,0.19904182038528517,0.0624583230504127,0.0007184598645335895,0.00012231640572825974
8,back,0.9100000000001423,"(np.float64(0.0), np.float64(0.0))",0.06013687225390605,-0.02517178536260661,1.1729811234361285,-4.34364313991455,0.01191998268131501,-0.0048484615487011905,0.1990306589138442,0.06246191599812927,0.0007168304757750133,0.0001220444334427576
8,back,0.9200000000001438,"(np.float64(0.0), np.float64(0.0))",0.060069427122804366,-0.02514433283726588,1.1731002428228081,-4.343691591523038,0.011906303263209222,-0.004842962681890572,0.19901950985174405,0.062465504757436105,0.0007152048161713541,0.00012177306559191433
8,back,0.9300000000001454,"(np.float64(0.0), np.float64(0.0))",0.06000205931622832,-0.02511691153221627,1.1732192255080027,-4.343739988179889,0.011892639591562745,-0.004837470005055481,0.19900837319132167,0.062469089329214064,0.0007135828661994732,0.00012150230615672831
8,back,0.9400000000001469,"(np.float64(0.0), np.float64(0.0))",0.05993476880660549,-0.025089521341156218,1.1733380716485415,-4.343788329947569,0.011878991555112328,-0.004831983618011929,0.19899724892455795,0.062472669714248905,0.0007119646125112763,0.00012123215610422752
8,back,0.9500000000001485,"(np.float64(0.0), np.float64(0.0))",0.05986755553321733,-0.02506216219666156,1.173456781400472,-4.343836616889155,0.011865359102800859,-0.004826503550560179,0.1989861370425979,0.0624762459138193,0.0007103500450084962,0.00012096261482690213
8,back,0.9600000000001501,"(np.float64(0.0), np.float64(0.0))",0.059800419417752534,-0.025034834051945162,1.1735753549194965,-4.343884849067834,0.011851742213287648,-0.004821029798171361,0.19897503753566204,0.06247981792987922,0.0007087391551856841,0.00012069368095670269
8,back,0.9700000000001516,"(np.float64(0.0), np.float64(0.0))",0.05973336037319176,-0.025007536870454674,1.1736937923611785,-4.34393302654666,0.011838140878186715,-0.00481556234154598,0.19896395039313208,0.062483385765044086,0.0007071319352253398,0.00012042535280818413
8,back,0.9800000000001532,"(np.float64(0.0), np.float64(0.0))",0.059666378308712804,-0.024980270620146745,1.1738120938810233,-4.343981149388466,0.011824555093306119,-0.004810101156794906,0.19895287560370084,0.062486949422496205,0.0007055283775294197,0.00012015762860701766
8,back,0.9900000000001548,"(np.float64(0.0), np.float64(0.0))",0.05959947313227016,-0.024953035270488137,1.173930259634496,-4.344029217655847,0.011810984854411719,-0.004804646220336121,0.19894181315552772,0.06249050890587009,0.000703928474496161,0.00011989050659826474
9,go,0.0,"(np.float64(0.0), np.float64(0.0))",0.0595326447518548,-0.02492583079099736,1.152380408726919,-4.572578688985813,0.011797430155447125,-0.004799197510913604,0.1961570543884549,0.039018064402197836,0.0007023322184290529,0.0001196239850896082
9,go,0.010000000000001563,"(np.float64(0.0), np.float64(0.0))",-0.003539229046634137,0.001439759253274081,1.152454276449544,-4.572606953554053,0.004377964109638456,-0.0015534833150761354,0.1961570543884549,0.039018064402197836,0.0,0.0
9,go,0.020000000000003126,"(np.float64(0.0), np.float64(0.0))",0.016597078179687155,0.018437791781620656,1.1524929480723107,-4.572604075480246,0.0035444972461330135,0.0015784567936540854,0.19615034921812471,0.03902176573823571,5.882829790175545e-05,2.9103257697678588e-05
9,go,0.03000000000000469,"(np.float64(0.0), np.float64(0.0))",0.0685242440026647,0.06919681164230329,1.1525604585493328,-4.572547875739808,0.009082115620190272,0.00855408283262577,0.19614735000832267,0.03902524867844753,0.0006223451068183307,0.0005919152585418656
9,go,0.04000000000000625,"(np.float64(0.0), np.float64(0.0))",0.14907445179026976,0.14932240357238377,1.1529947368664777,-4.572375496367666,0.07730282976497999,0.025450760891693937,0.19614397392966837,0.039035404117952005,0.011523876969050939,0.003800368789093764
9,go,0.050000000000007816,"(np.float64(0.0), np.float64(0.0))",0.23802939743941848,0.2538316994142511,1.154400962332219,-4.571615334273137,0.20290146283397692,0.12544781144715267,0.1961172769176608,0.03908366714639684,0.04829651293794809,0.0318426311674293
9,go,0.06000000000000938,"(np.float64(0.0), np.float64(0.0))",0.3335704449257368,0.3574408596773581,1.1573852121557398,-4.56947244219931,0.39263007273096595,0.30176345703021207,0.19603542752212783,0.039258693952715126,0.1309697880520927,0.10786258950009052
9,go,0.07000000000001094,"(np.float64(0.0), np.float64(0.0))",0.43033904688469116,0.45873816558030794,1.162596912216997,-4.565204096075782,0.6482878787037061,0.5506111207866768,0.19587163164127736,0.03968080679849842,0.27898358782825117,0.2525863354977975
9,go,0.0800000000000125,"(np.float64(0.0), np.float64(0.0))",0.5245172319384459,0.5555254056615827,1.1706885211645037,-4.5581014561639215,0.9686249591758458,0.8689554375207011,0.1955894344567484,0.04047112710730878,0.5080604823734048,0.4827268219305256
9,go,0.09000000000001407,"(np.float64(0.0), np.float64(0.0))",0.6132836206546138,0.6454830049205734,1.1822905155364234,-4.547486267619724,1.350474002784453,1.2537068402500986,0.19514608332752326,0.04174688802804265,0.8282235860275784,0.8092464585341109
9,go,0.10000000000001563,"(np.float64(0.0), np.float64(0.0))",0.6944918449293354,0.7264126049556908,1.197995872060615,-4.532712490263537,1.7894992460769998,1.701512063119048,0.19449299327335956,0.04361691542295784,1.2427926329076704,1.2359998101338394
9,go,0.1100000000000172,"(np.float64(0.0), np.float64(0.0))",0.7664581130651504,0.7963038267193884,1.2183508371880687,-4.513169100775566,2.280687438215611,2.2087044903910993,0.19357479166478256,0.046177293308814274,1.748051390386129,1.758799837790729
9,go,0.12000000000001876,"(np.float64(0.0), np.float64(0.0))",0.8278223944066577,0.853353782904552,1.243849464518262,-4.488283679093305,2.8185969755181013,2.7711792641978232,0.19232791112020303,0.049507157005429084,2.3332976971407584,2.3647963082098653
9,go,0.13000000000002032,"(np.float64(0.0), np.float64(0.0))",0.8774798922899831,0.8960096332253675,1.2749295231176467,-4.457528022610652,3.3973798175686754,3.3841094904762077,0.19067939521901128,0.05366458669790333,2.9811324763883236,3.032194703356072
9,go,0.14000000000002188,"(np.float64(0.0), np.float64(0.0))",0.9145798599854752,0.9230600269225551,1.3119678249717974,-4.42042716133564,4.010652608816223,4.041563955661738,0.18854636822597814,0.05868267050481499,3.668062101421522,3.730606133722352
9,go,0.15000000000002345,"(np.float64(0.0), np.float64(0.0))",0.9385700035139203,0.9337581326170882,1.355274082503606,-4.376572050373372,4.651345720198376,4.736176225020955,0.18583649111228573,0.06456592309376052,4.365613568951048,4.422443067621017
9,go,0.160000000000025,"(np.float64(0.0), np.float64(0.0))",0.9492483904154025,0.9279314600671758,1.4050836631455985,-4.3256347318426185,5.311641664257715,5.458998094477389,0.18244967453557748,0.07128734273129414,5.042067300260026,5.065576072312334
9,go,0.17000000000002657,"(np.float64(0.0), np.float64(0.0))",0.9467892082380462,0.9060378575374349,1.4615503715888865,-4.2673838651270435,5.983340904661398,6.1992502077394835,0.17828127314994374,0.07878645089331851,5.66496259774268,5.61675537655878
9,go,0.18000000000002814,"(np.float64(0.0), np.float64(0.0))",0.9316402880997557,0.869252580578249,1.5247518310103,-4.201710550037018,6.658514402518226,6.944158400770204,0.1732268466070676,0.08696868551385101,6.203340276278453,6.0362276098136265
9,go,0.1900000000000297,"(np.float64(0.0), np.float64(0.0))",0.9043270478238048,0.8195358183489629,1.5946637090822808,-4.128615367701425,7.325577895155422,7.683546615266968,0.16718704277278884,0.0957060160158833,6.624718231529225,6.296941663165219
9,go,0.20000000000003126,"(np.float64(0.0), np.float64(0.0))",0.8666486084668663,0.7582499798759865,1.671160477744647,-4.04821890536326,7.9755994110539525,8.403924691767404,0.16007721053982793,0.10484073334853874,6.912042131279066,6.372275728411941
9,go,0.21000000000003283,"(np.float64(0.0), np.float64(0.0))",0.8197880197423455,0.6879426067654151,1.754027302963538,-3.9607746348041037,8.599658522438087,9.092212783807678,0.15183414060107564,0.11419077636158578,7.0498970305699045,6.2549205637584855
9,go,0.2200000000000344,"(np.float64(0.0), np.float64(0.0))",0.7651002861551478,0.6112397117772164,1.8429621973114967,-3.86666300250092,9.189268418379662,9.736130484534533,0.14242147672281996,0.12355646132618774,7.030711896458742,5.951109591192258
9,go,0.23000000000003595,"(np.float64(0.0), np.float64(0.0))",0.7039873892893431,0.5307284307026924,1.9375828707960916,-3.7663805281009255,9.737155751201803,10.32508962944122,0.1318351176278966,0.1327292902752692,6.854834856392269,5.479818615897982
9,go,0.24000000000003752,"(np.float64(0.0), np.float64(0.0))",0.6376631591568592,0.44868557639560513,2.037442361218103,-3.660517935338877,10.237305554467357,10.85066124315279,0.12010671661090774,0.1415018665651954,6.527952601115717,4.868535194157462
9,go,0.2500000000000391,"(np.float64(0.0), np.float64(0.0))",0.567133356353059,0.36692736905397777,2.142025692521863,-3.5497523634505233,10.681657827019306,11.3037203935565,0.10730587244697955,0.14967896133237765,6.057924454852381,4.147644384529481
9,go,0.26000000000004064,"(np.float64(0.0), np.float64(0.0))",0.49419163760137724,0.2876642425960114,2.250733247266215,-3.4348497412421533,11.061652910399603,11.676014372887133,0.0935360383525416,0.15708695386070315,5.466576366368421,3.3587718311167203
9,go,0.2700000000000422,"(np.float64(0.0), np.float64(0.0))",0.4209688548121147,0.2130347505432371,2.3628887275018267,-3.3166423464833095,11.37075557259134,11.9629828447776,0.07892519867677938,0.16357894529108222,4.7867339517422485,2.5485310660902205
9,go,0.28000000000004377,"(np.float64(0.0), np.float64(0.0))",0.3491739892003812,0.1442489933079459,2.4777605260121707,-3.1959904598498516,11.604354696005128,12.163621038085562,0.06361827878929525,0.16903795902341096,4.051938821300287,1.7545900897231943
9,go,0.29000000000004533,"(np.float64(0.0), np.float64(0.0))",0.28011435791259026,0.08160958817803401,2.59457876072315,-3.0737513144867075,11.759394310455562,12.279583322967838,0.047770615721491744,0.17337889992470673,3.293975186714227,1.0021317379852597
9,go,0.3000000000000469,"(np.float64(0.0), np.float64(0.0))",0.21479901925473827,0.024764901999330652,2.712550551720535,-2.9507556478057246,11.834374926238716,12.31453566554655,0.03154113990198551,0.17654764253116934,2.542012127648942,0.3049682689245224
9,go,0.31000000000004846,"(np.float64(0.0), np.float64(0.0))",0.1539321423256933,-0.027107818378540677,2.830876152897479,-2.827790350323732,11.82950400072637,12.273561756136909,0.015086408086177741,0.17851769507397774,1.8209408934821698,0.0
9,go,0.32000000000005,"(np.float64(0.0), np.float64(0.0))",0.09786112381740608,-0.07513175950066817,2.9487666262440904,-2.70558711871761,11.746832267616483,12.162548319358624,-0.0014437267077057891,0.17928543040325126,1.1495582070035177,0.0
9,go,0.3300000000000516,"(np.float64(0.0), np.float64(0.0))",0.04652802043301768,-0.12055000674024383,3.065462304598596,-2.5848172834528844,11.590251115718097,11.987572421885861,-0.01790845989415904,0.17886495763791033,0.5392714407359376,0.0
9,go,0.34000000000005315,"(np.float64(0.0), np.float64(0.0))",-0.0005378066322971331,-0.16454190427937726,3.180250288935811,-2.466092449815547,11.365281332454456,11.754371625587213,-0.034176470118565255,0.17728367245484394,0.0,0.0
9,go,0.3500000000000547,"(np.float64(0.0), np.float64(0.0))",-0.04416387734837485,-0.20806078066502584,3.2924788758893855,-2.349969696376563,11.078658833242987,11.467988110355206,-0.05012492022254961,0.17457931643592375,0.0,0.0
9,go,0.3600000000000563,"(np.float64(0.0), np.float64(0.0))",-0.0854160324104013,-0.251721130812138,3.4015672130970156,-2.2369592971888754,10.73779475643219,11.132642351297774,-0.06563780677835976,0.17079898442937397,0.0,0.0
9,go,0.37000000000005784,"(np.float64(0.0), np.float64(0.0))",-0.12543931916011875,-0.29575315007589786,3.507009458411964,-2.127532650770079,10.350226117065068,10.751830697631656,-0.08060455931841275,0.16600000672734033,0.0,0.0
9,go,0.3800000000000594,"(np.float64(0.0), np.float64(0.0))",-0.16529274747475114,-0.34002431476314143,3.608373868933866,-2.0221284296955124,9.9231655547165,10.32858440082276,-0.09491966468369584,0.16025213417348752,0.0,0.0
9,go,0.39000000000006096,"(np.float64(0.0), np.float64(0.0))",-0.2058107317697142,-0.38411046505160495,3.705298138592834,-1.9211557467821323,9.463214767186463,9.865798740384639,-0.10848374870199293,0.15364012117051673,0.0,0.0
9,go,0.40000000000006253,"(np.float64(0.0), np.float64(0.0))",-0.2475113878900904,-0.427389707252202,3.797482688904181,-1.8249940484247436,8.976250859065614,9.366545572498143,-0.12120609773904259,0.14626573166153584,0.0,0.0
9,go,0.4100000000000641,"(np.float64(0.0), np.float64(0.0))",-0.29055547636606505,-0.46913330662610764,3.8846834969293687,-1.7339901962402753,8.467451540782422,8.834310433188312,-0.13300819278088222,0.1382483851476607,0.0,0.0
9,go,0.42000000000006565,"(np.float64(0.0), np.float64(0.0))",-0.33474672313670395,-0.5085756335843251,3.966708929865351,-1.6484565960168611,7.94240407957142,8.272240331033245,-0.14382757485036624,0.1297240225715617,0.0,0.0
9,go,0.4300000000000672,"(np.float64(0.0), np.float64(0.0))",-0.37985966982701114,-0.5446866883638718,4.043418503035498,-1.5686690836392172,7.404709633545455,7.6854151255628675,-0.1536210316641155,0.12084196519083845,0.0,0.0
9,go,0.4400000000000688,"(np.float64(0.0), np.float64(0.0))",-0.4249172929971726,-0.5768518472252079,4.114697753130147,-1.494842155904113,6.856951718252629,7.080159650257313,-0.16236664411472615,0.11176039637714098,0.0,0.0
9,go,0.45000000000007034,"(np.float64(0.0), np.float64(0.0))",-0.46846353228698717,-0.6046774250954765,4.18046714467744,-1.42713359595495,6.30317056593085,6.461791692892328,-0.17006664500337554,0.1026422158240535,0.0,0.0
9,go,0.4600000000000719,"(np.float64(0.0), np.float64(0.0))",-0.5093080063077084,-0.6273093586443583,4.240686294413845,-1.36564519413757,5.747136856875711,5.836188467408242,-0.1767460992671071,0.0936483693296229,0.0,0.0
9,go,0.47000000000007347,"(np.float64(0.0), np.float64(0.0))",-0.5460077309077525,-0.6438997795643033,4.295351806950037,-1.3104183574310078,5.192393929983724,5.209482018426811,-0.1824504433629497,0.08493188426346392,0.0,0.0
9,go,0.48000000000007503,"(np.float64(0.0), np.float64(0.0))",-0.5768755479681578,-0.6535153345000976,4.344492260835373,-1.2614349590756544,4.641814751702717,4.587460160793928,-0.1872424228324248,0.0766328113364521,0.0,0.0
9,go,0.4900000000000766,"(np.float64(0.0), np.float64(0.0))",-0.5998412719595043,-0.6549540213678917,4.388167549619079,-1.2186166593775514,4.098941718074182,3.9764858138076447,-0.1911977273749623,0.06887344721784122,0.0,0.0
9,go,0.5000000000000782,"(np.float64(0.0), np.float64(0.0))",-0.6128502994242022,-0.647018461373903,4.426477831073287,-1.1818179212618323,3.5682859545743892,3.3836055576778055,-0.19440034718020408,0.061754486279824036,0.0,0.0
9,go,0.5100000000000797,"(np.float64(0.0), np.float64(0.0))",-0.6139558326957254,-0.6285497208533192,4.45957814412797,-1.150815826313225,3.0565788208348352,2.8174218233528934,-0.19693860305295852,0.055352529037765864,0.0,0.0
9,go,0.5200000000000813,"(np.float64(0.0), np.float64(0.0))",-0.6017001657086948,-0.5986921428270359,4.487699308215849,-1.1252960913133288,2.5717652794492434,2.2871677962509382,-0.19890195317651282,0.04971873400705357,0.0,0.0
9,go,0.5300000000000828,"(np.float64(0.0), np.float64(0.0))",-0.5748222984809445,-0.5566212724315864,4.511147294787347,-1.104857373694782,2.1209726558951263,1.8010242842376243,-0.2003790471324815,0.04487884376060686,0.0,0.0
9,go,0.5400000000000844,"(np.float64(0.0), np.float64(0.0))",-0.5316452522319508,-0.5010333982730635,4.530298438973626,-1.089019149570546,1.710941913197103,1.3670064902457617,-0.20145460476511542,0.04083256223380386,0.0,0.0
9,go,0.550000000000086,"(np.float64(0.0), np.float64(0.0))",-0.47019964301266853,-0.43040392162840363,4.5455911314786235,-1.0772124500616915,1.3480386459981,0.9944350182488102,-0.20220664180190834,0.03755268467028037,0.0,0.0
9,go,0.5600000000000875,"(np.float64(0.0), np.float64(0.0))",-0.38821905929510275,-0.3434312806737672,4.557547617828884,-1.0687839899214213,1.0426311152892866,0.6908218056392559,-0.20270619374177887,0.03498409705612795,0.0,0.0
9,go,0.5700000000000891,"(np.float64(0.0), np.float64(0.0))",-0.3037706918926148,-0.25740439297506307,4.5667341692249215,-1.063074672046702,0.7937079553190243,0.4499195001890436,-0.20301652342209744,0.03304279141180716,0.0,0.0
9,go,0.5800000000000907,"(np.float64(0.0), np.float64(0.0))",-0.23460567473915886,-0.18855929206483102,4.573653391685943,-1.0595384904309866,0.5890055088033631,0.25624342699250835,-0.20318907981248213,0.031627120799485396,0.0,0.0
9,go,0.5900000000000922,"(np.float64(0.0), np.float64(0.0))",-0.17734647426107367,-0.13257817907529967,4.578704570030221,-1.0577533067722225,0.4158665161657656,0.11072484130788082,-0.20325979648886472,0.030641289453262596,0.0,0.0
9,go,0.6000000000000938,"(np.float64(0.0), np.float64(0.0))",-0.12843548347636116,-0.08999371356516987,4.5820774012707846,-1.0570262838079743,0.25294609284394115,0.04579908449460324,-0.20325287478020085,0.030005547043474266,0.0,0.0
9,go,0.6100000000000954,"(np.float64(0.0), np.float64(0.0))",-0.08158305522415175,-0.07095220029973552,4.58393613018032,-1.056725778682068,0.12109668895336248,0.018440981172244478,-0.2032165402970474,0.029636470919994377,0.0,0.0
9,go,0.6200000000000969,"(np.float64(0.0), np.float64(0.0))",-0.04314347140269962,-0.0629250723785716,4.584729011253869,-1.0566185702729325,0.04804515068701687,0.004268327660673246,-0.20319361772854827,0.02945826359935702,0.0,0.0
9,go,0.6300000000000985,"(np.float64(0.0), np.float64(0.0))",-0.021703738566925278,-0.05873760137058158,4.58503797505899,-1.0566187997337901,0.01841682119593238,-0.00357063805327997,-0.20318829970392904,0.029404306771009525,0.0,0.0002097307146121883
9,go,0.6400000000001,"(np.float64(0.0), np.float64(0.0))",-0.013000618002672278,-0.05638577397988103,4.585152491604555,-1.0566771530842418,0.006340293807624327,-0.007673103156969989,-0.20318990233730827,0.029409707012457438,0.0,0.0004326538603332214
9,go,0.6500000000001016,"(np.float64(0.0), np.float64(0.0))",-0.00944636971351909,-0.055120022438503016,4.585187230864001,-1.0567652617372256,0.0013601963881793308,-0.009718039661221988,-0.20319255482319634,0.02943826814265131,0.0,0.0005356585641848183
9,go,0.6600000000001032,"(np.float64(0.0), np.float64(0.0))",-0.007973184043353173,-0.05445367629543713,4.585189057304999,-1.0568678250485473,-0.000682039728952396,-0.010674820028834167,-0.20319411909349255,0.029473301376018626,5.438028283816167e-06,0.0005812831943621846
9,go,0.6700000000001047,"(np.float64(0.0), np.float64(0.0))",-0.007361609072812188,-0.054105104198360496,4.5851773713396575,-1.0569765251326748,-0.0015472173645578722,-0.010960578574682682,-0.20319396173546564,0.029507523724688275,1.1390009388541796e-05,0.000593023245857524
9,go,0.6800000000001063,"(np.float64(0.0), np.float64(0.0))",-0.007095044202925838,-0.05395415658412941,4.585159815103587,-1.0570861657908854,-0.0018955777787006346,-0.01096304766668832,-0.20319211712099677,0.029538227550561104,1.3449208129964975e-05,0.0005915019904477761
9,go,0.6900000000001079,"(np.float64(0.0), np.float64(0.0))",-0.0069800023370408595,-0.053887631461601346,4.585140311711505,-1.0571955953857013,-0.001976902678433505,-0.0109193620041546,-0.20318896291519623,0.02956490280387171,1.37987853155682e-05,0.0005884185554756958
9,go,0.7000000000001094,"(np.float64(0.0), np.float64(0.0))",-0.006943902831871393,-0.05383507940347195,4.585120606455504,-1.0573044524578228,-0.0019532842897940707,-0.010851379229750767,-0.20318469392356894,0.02958780274920543,1.356341631135095e-05,0.0005841848624708188
9,go,0.710000000000111,"(np.float64(0.0), np.float64(0.0))",-0.006939165194863069,-0.0537901599925202,4.585101348184474,-1.0574125887144379,-0.0018950367047243664,-0.010777340363666486,-0.2031795251604312,0.029607517330161842,1.3149972744411326e-05,0.0005797148624554661
9,go,0.7200000000001125,"(np.float64(0.0), np.float64(0.0))",-0.0069450845077657815,-0.05374748989837643,4.585082711929261,-1.057520001141494,-0.0018320696072504528,-0.010707796511375284,-0.20317367396266153,0.029624717875100647,1.272387824646366e-05,0.0005755171848290135
9,go,0.7300000000001141,"(np.float64(0.0), np.float64(0.0))",-0.006952792883880269,-0.0537039055978301,4.585064676644028,-1.0576267611460526,-0.00177606465416728,-0.010647344080974402,-0.2031673258526285,0.029640020018475592,1.2348609688805534e-05,0.0005718039613922644
9,go,0.7400000000001157,"(np.float64(0.0), np.float64(0.0))",-0.006958773198665269,-0.05365798532421523,4.585047151015675,-1.0577329667195203,-0.0017304727707282799,-0.010596992811528611,-0.2031606269435971,0.02965393400412017,1.2041967537963983e-05,0.0005686132847618165
9,go,0.7500000000001172,"(np.float64(0.0), np.float64(0.0))",-0.006961935386685169,-0.05360936736096832,4.585030029594083,-1.0578387158422948,-0.001695176384084421,-0.010555936765476401,-0.2031536868505189,0.029666857885703765,1.180170845503034e-05,0.0005658970918995762
9,go,0.7600000000001188,"(np.float64(0.0), np.float64(0.0))",-0.0069622514497233645,-0.053558234701119284,4.585013216116131,-1.0579440942024196,-0.0016686955008722968,-0.010522647550383906,-0.2031465850625318,0.029679089560884303,1.1617877670095003e-05,0.0005635744271806192
9,go,0.7700000000001204,"(np.float64(0.0), np.float64(0.0))",-0.006960107627915726,-0.05350499444957215,4.584996631348951,-1.0580491712371587,-0.001649215394669776,-0.010495469738652613,-0.20313937773211171,0.02969084511988907,1.1478716648517152e-05,0.0005615600501122606
9,go,0.7800000000001219,"(np.float64(0.0), np.float64(0.0))",-0.006956000799468466,-0.0534501015722481,4.58498021387741,-1.0581540004538912,-0.0016350352185895102,-0.010472903501485584,-0.20313210367286383,0.029702277426494825,1.137330628766773e-05,0.0005597777559107573
9,go,0.7900000000001235,"(np.float64(0.0), np.float64(0.0))",-0.006950404369367734,-0.05339397391335872,4.584963917988809,-1.0582586216083956,-0.0016247322133108432,-0.010453709071025599,-0.20312478920567342,0.029713492341093106,1.1292545874448194e-05,0.0005581650694361823
9,go,0.8000000000001251,"(np.float64(0.0), np.float64(0.0))",-0.006943717737790619,-0.05333695954979408,4.584947710672654,-1.0583630634169257,-0.001617190915036428,-0.01043691882684196,-0.20311745186858665,0.029724561803737018,1.1229317242132287e-05,0.0005566735172917539
9,go,0.8100000000001266,"(np.float64(0.0), np.float64(0.0))",-0.006936255737579987,-0.05327933153793112,4.584931568663221,-1.058467346150975,-0.0016115738015650032,-0.010421807434787872,-0.2031101031523031,0.02973553386047917,1.1178288027638846e-05,0.0005552669335425385
9,go,0.8200000000001282,"(np.float64(0.0), np.float64(0.0))",-0.006928255665961544,-0.05322129531511772,4.584915475897291,-1.0585714838463334,-0.0016072718302673574,-0.010407847645516605,-0.20310275046029636,0.02974644007115839,1.11355901647902e-05,0.0005539191331367919
9,go,0.8300000000001297,"(np.float64(0.0), np.float64(0.0))",-0.006919890597793066,-0.05316300063468409,4.584899421485169,-1.0586754860601548,-0.0016038532406276197,-0.010394665622221284,-0.20309539848087488,0.029757300829384097,1.1098488960059005e-05,0.000552611615071479
9,go,0.8400000000001313,"(np.float64(0.0), np.float64(0.0))",-0.00691128352741156,-0.05310455391337982,4.584883398167378,-1.0587793592060062,-0.0016010184463683865,-0.010382001856082247,-0.2030880501284321,0.029768129094901313,1.1065092415467877e-05,0.0005513315772951291
9,go,0.8500000000001329,"(np.float64(0.0), np.float64(0.0))",-0.006902519975014835,-0.05304602915571072,4.584867401180928,-1.0588831075345129,-0.0015985634728270166,-0.010369679554396202,-0.20308070717751384,0.029778932959758107,1.1034116302517565e-05,0.0005500703239778782
9,go,0.8600000000001344,"(np.float64(0.0), np.float64(0.0))",-0.006893658275207147,-0.05298747684911252,4.584851427448798,-1.0589867338346493,-0.0015963518390555132,-0.010357580341126082,-0.2030733706827347,0.02978971738082148,1.1004704065447187e-05,0.0005488220485382413
9,go,0.870000000000136,"(np.float64(0.0), np.float64(0.0))",-0.00688473752606065,-0.05292893083301173,4.584835475013429,-1.0590902399241544,-0.0015942937266217336,-0.0103456262508079,-0.2030660412522985,0.029800485329704404,1.0976293847235728e-05,0.0005475829362532018
9,go,0.8800000000001376,"(np.float64(0.0), np.float64(0.0))",-0.006875783498569315,-0.05287041340640409,4.584819542648474,-1.059193626985842,-0.001592330984385885,-0.010333766760593612,-0.2030587192232152,0.029811238543509984,1.0948523106701101e-05,0.0005463505206779414
9,go,0.8900000000001391,"(np.float64(0.0), np.float64(0.0))",-0.006866812902267399,-0.05281193901645584,4.584803629597422,-1.059296895794168,-0.0015904265857463783,-0.010321969667185767,-0.2030514047716164,0.02982197800692144,1.0921161799112317e-05,0.0005451232325931217
9,go,0.9000000000001407,"(np.float64(0.0), np.float64(0.0))",-0.0068578363912280655,-0.05275351685948259,4.5847877354005595,-1.0594000468653308,-0.0015885573652891303,-0.01031021479729819,-0.20304409798091913,0.029832704256511973,1.0894066509233174e-05,0.000543900090134157
9,go,0.9100000000001423,"(np.float64(0.0), np.float64(0.0))",-0.006848860639247648,-0.05269515267775114,4.584771859782281,-1.0595030805551053,-0.0015867091051831117,-0.010298489749757197,-0.2030367988830734,0.02984341756933119,1.086714953642447e-05,0.0005426804897137106
9,go,0.9200000000001438,"(np.float64(0.0), np.float64(0.0))",-0.006839889746312264,-0.05263684997814875,4.584756002578895,-1.0596059971215714,-0.0015848732672324427,-0.010286787061494117,-0.20302950748291534,0.029854118077403208,1.0840358409747601e-05,0.0005414640673130275
9,go,0.9300000000001454,"(np.float64(0.0), np.float64(0.0))",-0.006830926175665908,-0.052578610844748006,4.5847401636931675,-1.0597087967646535,-0.001583044854841955,-0.010275102351918133,-0.20302222377212023,0.029864805835606106,1.0813662536193149e-05,0.0005402506079514585
9,go,0.9400000000001469,"(np.float64(0.0), np.float64(0.0))",-0.006821971367946599,-0.05252043647177159,4.584724343066222,-1.0598114796505878,-0.0015812210369579387,-0.01026343312756654,-0.20301494773688705,0.029875480860761354,1.0787044640521889e-05,0.0005390399875586344
9,go,0.9500000000001485,"(np.float64(0.0), np.float64(0.0))",-0.006813026137144573,-0.05246232750751649,4.584708540660524,-1.059914045926758,-0.0015794002772938508,-0.010251778024962365,-0.20300767936194028,0.02988614315331234,1.0760495370216391e-05,0.0005378321362799361
9,go,0.9600000000001501,"(np.float64(0.0), np.float64(0.0))",-0.006804090921625142,-0.05240428427259561,4.5846927564498285,-1.0600164957304752,-0.0015775817931598145,-0.010240136339547503,-0.2030004186324345,0.02989679270873031,1.0734009956959806e-05,0.000536627015727784
9,go,0.9700000000001516,"(np.float64(0.0), np.float64(0.0))",-0.006795165940447865,-0.05234630689598974,4.58467699041341,-1.060118829194026,-0.0015757652258047634,-0.010228507738367228,-0.2029931655347133,0.02990742952303843,1.0707586192530667e-05,0.0005354246051605769
9,go,0.9800000000001532,"(np.float64(0.0), np.float64(0.0))",-0.00678625128880321,-0.05228839539821333,4.584661242532883,-1.0602210464474655,-0.0015739504441943735,-0.010216892088787071,-0.20298592005648036,0.029918053595100226,1.0681223230426452e-05,0.0005342248932793761
9,go,0.9900000000001548,"(np.float64(0.0), np.float64(0.0))",-0.006777346994970296,-0.052230549741023674,4.584645512790539,-1.0603231476200834,-0.0015721374314128086,-0.010205289359140465,-0.20297868218669526,0.029928664927226047,1.0654920896465919e-05,0.0005330278734941257
9,back,0.0,"(np.float64(0.0), np.float64(0.0))",-0.006768453053398242,-0.05217276985634693,4.584629801168548,-1.0604251328411103,-0.0015703262212140056,-0.010193699563091454,-0.20297145191536628,0.029939263524980317,1.062867930680726e-05,0.0005318335412899147
9,back,0.010000000000001563,"(np.float64(0.0), np.float64(0.0))",-0.0067595694432766125,-0.05211505566255776,4.58461410764864,-1.0605270022400084,-0.0015685168643020805,-0.010182122729952987,-0.20296422923332577,0.02994984939667289,1.0602498667200392e-05,0.0005306418928344945
9,back,0.020000000000003126,"(np.float64(0.0), np.float64(0.0))",-0.024705484184559635,-0.07001219511931417,4.584586810033911,-1.0606403245881644,-0.0035744756348832507,-0.012167028582954235,-0.20295701413202702,0.029960422552780336,8.830915126570191e-05,0.0008518403791720645
9,back,0.03000000000000469,"(np.float64(0.0), np.float64(0.0))",-0.0757876467221334,-0.12104905869210617,4.5845135807127,-1.0608132963332062,-0.009952885419295732,-0.02271256868989952,-0.2029492008899946,0.0299728985439809,0.0007543057640234574,0.0027493350603921395
9,back,0.04000000000000625,"(np.float64(0.0), np.float64(0.0))",-0.1560821857801183,-0.20003361319903296,4.584159892122298,-1.0614163839789263,-0.05997909080732693,-0.097216682462849,-0.20293797601724128,0.029994290227312793,0.009361667594311788,0.019446604256266747
9,back,0.050000000000007816,"(np.float64(0.0), np.float64(0.0))",-0.2505438378923405,-0.28700225336258856,4.582968651284987,-1.0630615684037363,-0.17699425450140494,-0.23072679636865767,-0.20290068835669856,0.030075109792785666,0.04434481980767566,0.06621911046893586
9,back,0.06000000000000938,"(np.float64(0.0), np.float64(0.0))",-0.3487889169681926,-0.3800264812224221,4.580271237591507,-1.0663592440857206,-0.361057226980225,-0.42749936685091494,-0.20280535601963232,0.030317423551990103,0.12593275916197158,0.16246108010916657
9,back,0.07000000000001094,"(np.float64(0.0), np.float64(0.0))",-0.4474293118306222,-0.47449383949071794,4.575399290584751,-1.0719458209918924,-0.6120076866814494,-0.688418653186468,-0.20262374911855713,0.030837330104737368,0.27383017808693194,0.3266504099274762
9,back,0.0800000000000125,"(np.float64(0.0), np.float64(0.0))",-0.5432235525985324,-0.56686865432868,4.567689734417449,-1.080455076059916,-0.9289392637715967,-1.0120438001745955,-0.20232452095373726,0.03175463159138077,0.5046216870142719,0.5736959071266565
9,back,0.09000000000001407,"(np.float64(0.0), np.float64(0.0))",-0.6332408239974214,-0.6543980354177416,4.556492406518859,-1.0924984952361216,-1.310184301383539,-1.3953493591466286,-0.20187294873180994,0.03318718956849684,0.8296621865965982,0.9131138793469584
9,back,0.10000000000001563,"(np.float64(0.0), np.float64(0.0))",-0.7148730499551397,-0.7349044502008638,4.541176900785853,-1.108652205022323,-1.7534660390790489,-1.8342908425003983,-0.20122954249807123,0.035245922434640864,1.2535056153491977,1.3480285031162345
9,back,0.1100000000000172,"(np.float64(0.0), np.float64(0.0))",-0.7857962802447775,-0.806626834361106,4.52113800728905,-1.1294488015293878,-2.2560059630048483,-2.3242046048848515,-0.2003479116583444,0.038030194919295254,1.772761093939247,1.874765802845773
9,back,0.12000000000001876,"(np.float64(0.0), np.float64(0.0))",-0.8439446850285175,-0.868108465801094,4.495800898894573,-1.155372225935857,-2.814450966667212,-2.8600058393144865,-0.199172304037653,0.04162338090496376,2.3752409345921666,2.482795281349469
9,back,0.13000000000002032,"(np.float64(0.0), np.float64(0.0))",-0.8875384543653116,-0.9181435763005106,4.464628106639532,-1.1868535829370628,-3.4245873478604603,-3.4361779278980764,-0.19763534019404366,0.04608847127301832,3.039452961559075,3.1549046915252177
9,back,0.14000000000002188,"(np.float64(0.0), np.float64(0.0))",-0.9151767201246075,-0.9557859909950053,4.42713002645997,-1.2242661121293292,-4.080937325789923,-4.046624501319259,-0.19565656087509148,0.05146375111557207,3.7347788368505084,3.8677070091780976
9,back,0.15000000000002345,"(np.float64(0.0), np.float64(0.0))",-0.925967840653231,-0.9803994634684902,4.382879294407553,-1.267918561918077,-4.776412787822015,-4.684512497127251,-0.1931423867449739,0.057758745116466934,4.42280463520803,4.592693538794994
9,back,0.160000000000025,"(np.float64(0.0), np.float64(0.0))",-0.9196448376473669,-0.9917116696880574,4.331527709434253,-1.318047450877684,-5.502168101950236,-5.342213708895849,-0.18998790978032182,0.06495076552466317,5.0600404908265455,5.297935677079532
9,back,0.17000000000002657,"(np.float64(0.0), np.float64(0.0))",-0.8966226418505614,-0.9898393222073549,4.2728234729229335,-1.374809404101272,-6.247687327314667,-6.01137473323857,-0.1860806480097049,0.07298246147546925,5.6018179168731494,5.9502950914832855
9,back,0.18000000000002814,"(np.float64(0.0), np.float64(0.0))",-0.857985209383228,-0.9752747200191728,4.206632980371862,-1.4382807787976934,-6.999475468015392,-6.68460672242063,-0.18130610295124797,0.08176077456959382,6.005446424997954,6.51932794964706
9,back,0.1900000000000297,"(np.float64(0.0), np.float64(0.0))",-0.805894156376313,-0.9483819831806478,4.132948302557536,-1.5084494084590823,-7.746780159409937,-7.350671299603193,-0.17555410648164332,0.09115744631655268,6.243084861200431,6.971244224826746
9,back,0.20000000000003126,"(np.float64(0.0), np.float64(0.0))",-0.7418796775467627,-0.9108491675064541,4.05187747954432,-1.5851951770834611,-8.476196189084526,-8.000136855611132,-0.16872701669094173,0.1010118088066761,6.288317695581126,7.2869179948711
9,back,0.21000000000003283,"(np.float64(0.0), np.float64(0.0))",-0.6684563020789144,-0.8640059667719033,3.9636655289485363,-1.6683079378596661,-9.17406728809442,-8.624142329896504,-0.1607492856145938,0.11113660644535608,6.1324630944227305,7.4513104313207235
9,back,0.2200000000000344,"(np.float64(0.0), np.float64(0.0))",-0.5884178969778532,-0.8091867629799461,3.86869004572784,-1.757490814115866,-9.827573327295791,-9.214228787980476,-0.15157266401145444,0.12132468310861584,5.782720029643033,7.456031966302553
9,back,0.23000000000003595,"(np.float64(0.0), np.float64(0.0))",-0.5045118038104669,-0.7477821083264772,3.7674497770843107,-1.852366886208557,-10.425668273328172,-9.763156334183204,-0.14118151834324433,0.13135787770468071,5.259872706506352,7.300713627496517
9,back,0.24000000000003752,"(np.float64(0.0), np.float64(0.0))",-0.41915353261955035,-0.6809925750149596,3.6605414212208567,-1.9524954296341928,-10.959635185382055,-10.265067634525273,-0.1295957044145693,0.14101686632652657,4.593769804174409,6.990434841138086
9,back,0.2500000000000391,"(np.float64(0.0), np.float64(0.0))",-0.3342492779143858,-0.60977289128603,3.548651556005369,-2.0573689295197903,-11.419881584714826,-10.711924984624254,-0.11687033045766894,0.15008971065658722,3.8170871735587224,6.5318414691133935
9,back,0.26000000000004064,"(np.float64(0.0), np.float64(0.0))",-0.25215540078142085,-0.5359055481211363,3.4325604355072357,-2.166394702245269,-11.797708026553114,-11.095072140394585,-0.10309489761521377,0.1583810603408172,2.9748557957376858,5.945910716841709
9,back,0.2700000000000422,"(np.float64(0.0), np.float64(0.0))",-0.1751530710024924,-0.4615462128261878,3.3131177928489026,-2.2789026095918157,-12.088396034359626,-11.407925934814704,-0.08839035868885747,0.16572318217735185,2.117319688912439,5.265285011415375
9,back,0.28000000000004377,"(np.float64(0.0), np.float64(0.0))",-0.10451030425269384,-0.38841455127937863,3.1912019088275865,-2.3941669089254938,-12.290982931040984,-11.645854329933208,-0.07290108874643564,0.17198317440338542,1.28453436568776,4.523419283826016
9,back,0.29000000000004533,"(np.float64(0.0), np.float64(0.0))",-0.04052788967804827,-0.31782063798617244,3.067687052025418,-2.51142329924845,-12.407269632763647,-11.805756364950541,-0.0567852522450972,0.1770642269221632,0.5028404548824436,3.752113019817897
9,back,0.3000000000000469,"(np.float64(0.0), np.float64(0.0))",0.01717954841618574,-0.25078367979106436,2.943419283299033,-2.629883750697911,-12.441115913191087,-11.886022428553732,-0.04020633918548858,0.18090369644121643,0.0,2.980820442711828
9,back,0.31000000000004846,"(np.float64(0.0), np.float64(0.0))",0.06948371137591655,-0.18803797224476304,2.8191987943856938,-2.748751871075108,-12.397816406382764,-11.886663620988323,-0.02332648930834985,0.18346903803336695,0.0,2.235144124046237
9,back,0.32000000000005,"(np.float64(0.0), np.float64(0.0))",0.11756308813724786,-0.129987806832243,2.6957684606146572,-2.8672397391321005,-12.28347350160066,-11.809455929432207,-0.006301977514113294,0.18475252361017103,0.0,1.5350852761489207
9,back,0.3300000000000516,"(np.float64(0.0), np.float64(0.0))",0.1627187562746263,-0.07665705415549429,2.5738086487818355,-2.984585750467802,-12.104379468546517,-11.65797591276106,0.010719012627946348,0.18476580098333725,0.0,0.8936660908879726
9,back,0.34000000000005315,"(np.float64(0.0), np.float64(0.0))",0.20618919908020325,-0.02767068673329004,2.4539378921678017,-3.1000719848135176,-11.866479203773164,-11.437448307644416,0.027596583924990314,0.18353532446527185,0.0,0.31648204914902694
9,back,0.3500000000000547,"(np.float64(0.0), np.float64(0.0))",0.24898578870945834,0.017706987431986954,2.336718223813005,-3.213039107348451,-11.575000365041305,-11.154391781885131,0.044197941866984586,0.18109945737445762,0.0,0.0
9,back,0.3600000000000563,"(np.float64(0.0), np.float64(0.0))",0.29177569075610255,0.0604720558784842,2.222663192960683,-3.322897012866379,-11.234309223873055,-10.81611924673959,0.060395763397638566,0.17750761603995363,0.0,0.0
9,back,0.37000000000005784,"(np.float64(0.0), np.float64(0.0))",0.3348308743853977,0.10173454611395627,2.1122462543412266,-3.429130224439907,-10.847994169877282,-10.430195990975188,0.07606710066400424,0.17282128378336484,0.0,0.0
9,back,0.3800000000000594,"(np.float64(0.0), np.float64(0.0))",0.37804519429414085,0.14255616926455278,2.005907472721135,-3.531298141205433,-10.419121703989063,-10.003964643672534,0.09109358490362351,0.16711622387678798,0.0,0.0
9,back,0.39000000000006096,"(np.float64(0.0), np.float64(0.0))",0.42100423018612265,0.1838050218194648,1.9040572135317515,-3.6290311844608167,-9.950576169109919,-9.544213620541235,0.10536326721665838,0.16048491727709102,0.0,0.0
9,back,0.40000000000006253,"(np.float64(0.0), np.float64(0.0))",0.4630820558200145,0.22605087141731184,1.8070764048847527,-3.7220244233135924,-9.44539345775099,-9.05701496920927,0.11877393258624828,0.1530382305864202,0.0,0.0
9,back,0.4100000000000641,"(np.float64(0.0), np.float64(0.0))",0.5035382583259562,0.2695097500548089,1.7153137549683817,-3.8100302970675695,-8.90702329328155,-8.547711447908029,0.1312373098395603,0.14490556312044828,0.0,0.0
9,back,0.42000000000006565,"(np.float64(0.0), np.float64(0.0))",0.5415953563754328,0.31403277535730634,1.6290808065148543,-3.8928517129230746,-8.33948907577373,-8.021005876108708,0.1426833834701082,0.13623312228804002,0.0,0.0
9,back,0.4300000000000672,"(np.float64(0.0), np.float64(0.0))",0.5764867854872214,0.3591258786228315,1.548651851279829,-3.970342756003329,-7.745949209050659,-7.482713361314614,0.15306401993652413,0.12718039538236714,0.0,0.0
9,back,0.4400000000000688,"(np.float64(0.0), np.float64(0.0))",0.6070224116871782,0.4044729631086192,1.4742538637111013,-4.0424001905230815,-7.133625744873069,-6.934555836651092,0.16235470283500347,0.11791481179476214,0.0,0.0
9,back,0.45000000000007034,"(np.float64(0.0), np.float64(0.0))",0.6330702287960104,0.4483662302422865,1.4060439949826913,-4.108942351978656,-6.508378725237826,-6.380078714754927,0.1705555687043663,0.10860639823333793,0.0,0.0
9,back,0.4600000000000719,"(np.float64(0.0), np.float64(0.0))",0.6539392289313628,0.48946557533566115,1.3441218996035427,-4.169926167273465,-5.876141658495922,-5.823109709292023,0.17769223477739593,0.09942270732355372,0.0,0.0
9,back,0.47000000000007347,"(np.float64(0.0), np.float64(0.0))",0.6687997136110239,0.5263435103484181,1.2885258386654321,-4.22534598299833,-5.24319568036424,-5.267225697374908,0.18381166679160665,0.0905217729717595,0.0,0.0
9,back,0.48000000000007503,"(np.float64(0.0), np.float64(0.0))",0.6767649443406717,0.5573215838144888,1.239232902902095,-4.275228208968099,-4.61548847127723,-4.7152638450422995,0.188978605839564,0.0820471213706165,0.0,0.0
9,back,0.4900000000000766,"(np.float64(0.0), np.float64(0.0))",0.676683748217018,0.580317568841015,1.1961585243120825,-4.319629865302758,-3.999531987451618,-4.170690126942834,0.1932720940120734,0.07412358867567445,0.0,0.0
9,back,0.5000000000000782,"(np.float64(0.0), np.float64(0.0))",0.6674071945063763,0.593252211495005,1.1591491604727469,-4.358647852572327,-3.402568544503304,-3.638003360476191,0.19678147909905827,0.06685367130294578,0.0,0.0
9,back,0.5100000000000797,"(np.float64(0.0), np.float64(0.0))",0.6478398733744201,0.5941730673656901,1.1279721700573135,-4.392433738320972,-2.833356551858649,-3.12392045360524,0.1996011011226625,0.060314720725028734,0.0,0.0
9,back,0.5200000000000813,"(np.float64(0.0), np.float64(0.0))",0.6171787551323095,0.5816160120556177,1.1023018138108243,-4.421215291061753,-2.301307261629248,-2.6364631741444686,0.2018246508873454,0.05455738015527571,0.0,0.0
9,back,0.5300000000000828,"(np.float64(0.0), np.float64(0.0))",0.5746596785465821,0.5543412565970539,1.0817239133796668,-4.445295832484139,-1.814693662845515,-2.1827566005653574,0.20353925190627442,0.04960537800285052,0.0,0.0
9,back,0.5400000000000844,"(np.float64(0.0), np.float64(0.0))",0.5190142880444998,0.5106695582510957,1.0657382243229492,-4.465042835854533,-1.3828273546678684,-1.7683246910321349,0.2048238792115253,0.04545579910595131,0.0,0.0
9,back,0.550000000000086,"(np.float64(0.0), np.float64(0.0))",0.4491187361035937,0.44826111449172235,1.0537645313018287,-4.4808941775520115,-1.011978531389818,-1.402404632285298,0.20575079943717997,0.042078940032694634,0.0,0.0
9,back,0.5600000000000875,"(np.float64(0.0), np.float64(0.0))",0.36276308587198725,0.36571068282529495,1.0451435209256474,-4.493375215600067,-0.711805099160608,-1.0931530061795667,0.20638653556065595,0.039417550916529945,0.0,0.0
9,back,0.5700000000000891,"(np.float64(0.0), np.float64(0.0))",0.27788366242893303,0.2804238178224089,1.039202531633171,-4.503045931104451,-0.47527572963200715,-0.8399995651585438,0.20679288772314364,0.03738589768744112,0.0,0.0
9,back,0.5800000000000907,"(np.float64(0.0), np.float64(0.0))",0.21048944514583864,0.2102802148187322,1.0353913426298271,-4.51040828385649,-0.28589609255556175,-0.6313261790263647,0.2070258954010018,0.035881306461315404,0.0,0.0
9,back,0.5900000000000922,"(np.float64(0.0), np.float64(0.0))",0.15596226742491134,0.15209561063030227,1.033290497366382,-4.515865222681415,-0.13771974474543092,-0.45733834252540506,0.20712983850522088,0.03480775879512546,0.0,0.0
9,back,0.6000000000000938,"(np.float64(0.0), np.float64(0.0))",0.11276987023993923,0.10317342297496938,1.0323977575150014,-4.519685648157691,-0.05423018858657094,-0.30041614375655923,0.20713776588478658,0.03408573416075386,0.0,0.0
9,back,0.6100000000000954,"(np.float64(0.0), np.float64(0.0))",0.08825864730310955,0.05838901863008107,1.0320540546194779,-4.522017466172732,-0.020214609320236,-0.16280421263657985,0.2070881132477883,0.03364158827042668,0.0,0.0
9,back,0.6200000000000969,"(np.float64(0.0), np.float64(0.0))",0.07826019526052319,0.018504530103112062,1.0319411936109104,-4.523143535432449,-0.004156147827644258,-0.07057069270780619,0.2070309287838969,0.03340090930652992,0.0,0.0
9,back,0.6300000000000985,"(np.float64(0.0), np.float64(0.0))",0.07351037341788613,-0.008489884319690215,1.0319491766402633,-4.523624176699912,0.004930826526953067,-0.03172742467741188,0.2069861553493948,0.033304305384260796,0.00036246689925513854,0.0002693621652729115
9,back,0.6400000000001,"(np.float64(0.0), np.float64(0.0))",0.0707794912938952,-0.01985447996833034,1.0320251309225046,-4.5238503543151305,0.009772681376712656,-0.015947051650625387,0.20694775580680264,0.033285182728439666,0.0006917054164210451,0.00031662041755127105
9,back,0.6500000000001016,"(np.float64(0.0), np.float64(0.0))",0.06928136226962256,-0.0244528853072354,1.0321363675983641,-4.523972295971664,0.01216085743317941,-0.009401209211840993,0.20691106510357982,0.033297523875996216,0.000842520769337335,0.00022988669060647273
9,back,0.6600000000001032,"(np.float64(0.0), np.float64(0.0))",0.0684981674471668,-0.02634347304495078,1.0322636150945665,-4.52405025572221,0.013178736256119115,-0.00661368830249766,0.20687683075748015,0.033320730244987384,0.0009027192828136953,0.00017422751952455337
9,back,0.6700000000001047,"(np.float64(0.0), np.float64(0.0))",0.06811645530256345,-0.027132953467425763,1.0323980044009138,-4.524109871808803,0.013638867886509741,-0.005488470058140637,0.20684606595123245,0.03334572648684986,0.0009290313347690088,0.00014891840269488948
9,back,0.6800000000001063,"(np.float64(0.0), np.float64(0.0))",0.06789778222963791,-0.027434749288777274,1.0325353646074011,-4.524162287763033,0.013802884771886662,-0.005071878322181814,0.2068190603635573,0.03336881731727098,0.0009371852643823459,0.00013914571019224241
9,back,0.6900000000001079,"(np.float64(0.0), np.float64(0.0))",0.06776616104013243,-0.02752827723702672,1.0326735492160741,-4.52421226075007,0.013820675102083183,-0.004956122783409157,0.20679557074550037,0.03338882207967364,0.0009365740946511177,0.00013643352200243183
9,back,0.7000000000001094,"(np.float64(0.0), np.float64(0.0))",0.06767791317586967,-0.02753302010643664,1.0328115428297915,-4.524261782445304,0.013773805523564114,-0.004962351922401358,0.20677509226431312,0.03340569731736534,0.0009321824143250862,0.0001366285352546911
9,back,0.710000000000111,"(np.float64(0.0), np.float64(0.0))",0.06760917788119498,-0.027501438347598394,1.0329489321626115,-4.524311622571846,0.013704493015708375,-0.005011254579603647,0.20675703909372356,0.033419854210607225,0.0009265495060706219,0.0001378167088650898
9,back,0.7200000000001125,"(np.float64(0.0), np.float64(0.0))",0.06754753803385968,-0.027456863474512858,1.0330856069821825,-4.524362010855096,0.01363312993745006,-0.005068271584076772,0.20674085403198816,0.033431830642418836,0.000920884362970459,0.00013915884093574894
9,back,0.7300000000001141,"(np.float64(0.0), np.float64(0.0))",0.06748694206559455,-0.02740952540322046,1.0332215968174845,-4.5244129473508,0.01356842184553216,-0.0051194188014722425,0.20672605981889358,0.03344214324925694,0.0009156912990109764,0.00014032083968867787
9,back,0.7400000000001157,"(np.float64(0.0), np.float64(0.0))",0.06742476059198876,-0.02736361934057943,1.0333569851585998,-4.524464345644596,0.013513096823978693,-0.005160179706411583,0.2067122737385403,0.033451230235050214,0.0009111173182131271,0.0001412011932152295
9,back,0.7500000000001172,"(np.float64(0.0), np.float64(0.0))",0.06736012509378565,-0.02732055209282045,1.0334918668263464,-4.524516098046143,0.013467043728782414,-0.005190241159889889,0.2066992027044366,0.03345943837953738,0.000907141750214265,0.00014180025398307253
9,back,0.7600000000001188,"(np.float64(0.0), np.float64(0.0))",0.06729301202169653,-0.02728048221584857,1.0336263287643574,-4.524568103490085,0.01342898404299318,-0.005210965021682745,0.20668662991496467,0.033467029862326095,0.000903676784644311,0.00014215763860142506
9,back,0.7700000000001204,"(np.float64(0.0), np.float64(0.0))",0.06722375276462668,-0.027243061790945305,1.0337604430704905,-4.524620277567801,0.013397320620397822,-0.005224190344870713,0.20667439936838594,0.03347419638260084,0.0009006181690940581,0.0001423229403729727
9,back,0.7800000000001219,"(np.float64(0.0), np.float64(0.0))",0.06715278320772544,-0.027207789747359337,1.0338942660453434,-4.5246725542548605,0.013370534153304189,-0.005231697198504042,0.20666240137614578,0.03348107445152573,0.000897868581368325,0.00014234291739874684
9,back,0.7900000000001235,"(np.float64(0.0), np.float64(0.0))",0.06708052536294182,-0.027174171679033816,1.034027839884079,-4.524724884104512,0.013347339172739234,-0.005234999456145436,0.20665056035159987,0.033487759153338154,0.000895346523904721,0.00014225677396094473
9,back,0.8000000000001251,"(np.float64(0.0), np.float64(0.0))",0.06700733955386995,-0.027141783091950342,1.0341611952555068,-4.524777231256702,0.013326718865369888,-0.005235296313458644,0.206638825148647,0.03349431544299611,0.0008929879761508045,0.0001420952769619818
9,back,0.8100000000001266,"(np.float64(0.0), np.float64(0.0))",0.06693351242322408,-0.027110285743442486,1.0342943539150395,-4.524829570364992,0.013307904356939097,-0.005233494640850405,0.20662716174485918,0.03350078691179942,0.000890744781602261,0.0001418815351502294
9,back,0.8200000000001282,"(np.float64(0.0), np.float64(0.0))",0.06685926158003365,-0.027079422780250925,1.0344273309876302,-4.524881883902203,0.013290333285784935,-0.005230257449931814,0.20661554787932263,0.033507202324962626,0.0008885818696401231,0.00014163235273626068
9,back,0.8300000000001297,"(np.float64(0.0), np.float64(0.0))",0.06678474665782551,-0.027049005815200155,1.0345601368103075,-4.524934159984452,0.013273605056658004,-0.0052260567316142915,0.20660396922505567,0.03351358035280383,0.0008864743509449364,0.0001413596389240009
9,back,0.8400000000001313,"(np.float64(0.0), np.float64(0.0))",0.06671008163295723,-0.02701890038134561,1.0346927783454096,-4.5249863907026935,0.01325744056350509,-0.00522122109264981,0.2065924167167617,0.033519932911859285,0.0008844049422355031,0.0001410716525712857
9,back,0.8500000000001329,"(np.float64(0.0), np.float64(0.0))",0.0666353460598418,-0.026989012642090283,1.034825260225598,-4.525038570889751,0.01324164909760207,-0.005215974885279081,0.20658088472125136,0.03352626747542874,0.0008823618700217057,0.00014077401211962253
9,back,0.8600000000001344,"(np.float64(0.0), np.float64(0.0))",0.06656059437149964,-0.026959278392067035,1.034957585504935,-4.52509069723482,0.013226102653457134,-0.00521046856733578,0.2065693698069693,0.03353258864179573,0.0008803372538325753,0.00014047047265991998
