trajectory_num,pick_place_mode,time,target,torque1,torque2,theta1,theta2,omega1,omega2,eff_x,eff_y
0,1,0.0,"(np.float64(-0.0274024683363936), np.float64(0.19811386808871545))",-0.010445976629853249,-0.0207075122743845,2.564798852258708,-2.834785468214431,-0.0022791139070893287,-0.003971578465194037,0.020423144543677524,0.19562885614477635
0,1,0.009999999999999787,"(np.float64(-0.0274024683363936), np.float64(0.19811386808871545))",0.5287052392959595,0.47991734743118286,2.5671442917583436,-2.8330882058868445,0.46868399097857616,0.3411265041758916,0.0204277570529266,0.19562738442600183
0,1,0.019999999999999574,"(np.float64(-0.0274024683363936), np.float64(0.19811386808871545))",0.4018835127353668,0.40184250473976135,2.573437118117235,-2.8283060804639772,0.7893294254751715,0.6149079994488817,0.020135095380524493,0.19562495107018504
0,1,0.02999999999999936,"(np.float64(-0.0274024683363936), np.float64(0.19811386808871545))",0.30782318115234375,0.3396730422973633,2.582409364260064,-2.821055359574889,1.005423475423606,0.8355838929598913,0.019316576506972744,0.19562003271418849
0,1,0.03999999999999915,"(np.float64(-0.0274024683363936), np.float64(0.19811386808871545))",0.24099694192409515,0.2848215103149414,2.5931987711045594,-2.8118436023015576,1.1530210653490993,1.0073456637145406,0.01810138847818392,0.1956244182962601
0,1,0.049999999999998934,"(np.float64(-0.0274024683363936), np.float64(0.19811386808871545))",0.1933988630771637,0.23723983764648438,2.60523881643264,-2.801136638518681,1.2555556791407911,1.1346311614361184,0.016591641617270447,0.19564403790066998
0,1,0.05999999999999872,"(np.float64(-0.0274024683363936), np.float64(0.19811386808871545))",0.16116486489772797,0.1982063353061676,2.6181650381711767,-2.7893470378099026,1.3301579663267762,1.2237850184038008,0.014867445242074048,0.1956756219660118
0,1,0.06999999999999851,"(np.float64(-0.0274024683363936), np.float64(0.19811386808871545))",0.1366083174943924,0.1833675354719162,2.6317099745736052,-2.7767144396878387,1.379158192968605,1.303046339852238,0.012990157652373296,0.19571035749828025
0,1,0.0799999999999983,"(np.float64(-0.0274024683363936), np.float64(0.19811386808871545))",0.1225128173828125,0.1769336760044098,2.645669560826461,-2.7633032818341907,1.4129545040176072,1.3793478820135663,0.011000969694880985,0.19574670355548554
0,1,0.08999999999999808,"(np.float64(-0.0274024683363936), np.float64(0.19811386808871545))",0.11597710102796555,0.16978493332862854,2.6599385319214823,-2.74916201553284,1.4409418405977859,1.4489893400136773,0.008922584640069522,0.19579156619484078
0,1,0.09999999999999787,"(np.float64(-0.0274024683363936), np.float64(0.19811386808871545))",0.10897713154554367,0.16256847977638245,2.674453847415156,-2.7343587616893843,1.4621857988753477,1.5117076178414341,0.0067675747172515205,0.1958469783582963
0,1,0.10999999999999766,"(np.float64(-0.0274024683363936), np.float64(0.19811386808871545))",0.10222263634204865,0.15589523315429688,2.689148074758212,-2.71896044265335,1.4767091666165537,1.5679816353293277,0.004545636688423116,0.19591084240062936
0,1,0.11999999999999744,"(np.float64(-0.0274024683363936), np.float64(0.19811386808871545))",0.09119167178869247,0.14950275421142578,2.7039257227489544,-2.703024030186235,1.4788870390020066,1.619316890192718,0.0022661599477936667,0.19598130488028243
0,1,0.12999999999999723,"(np.float64(-0.0274024683363936), np.float64(0.19811386808871545))",0.07659130543470383,0.143238827586174,2.718640552465874,-2.686593227666313,1.464175570270463,1.666853568784963,-6.043770547539684e-05,0.19605896906790723
0,1,0.13999999999999702,"(np.float64(-0.0274024683363936), np.float64(0.19811386808871545))",0.06969528645277023,0.11902141571044922,2.7332001145926745,-2.669832110585936,1.447860146951287,1.685455951822589,-0.002421234370001052,0.19614874860262724
0,1,0.1499999999999968,"(np.float64(-0.0274024683363936), np.float64(0.19811386808871545))",0.06089077144861221,0.09298229217529297,2.7475793340790573,-2.653037140392516,1.4281359304132208,1.6736740303250288,-0.004798112660207021,0.1962453595046353
0,1,0.1599999999999966,"(np.float64(-0.0274024683363936), np.float64(0.19811386808871545))",0.05081138759851456,0.07076072692871094,2.761731097909881,-2.6364847284544326,1.4023824267146674,1.6369534394069778,-0.00716715102403237,0.19633195623431046
0,1,0.16999999999999638,"(np.float64(-0.0274024683363936), np.float64(0.19811386808871545))",0.04103870317339897,0.052385713905096054,2.7755919351906075,-2.6203998574578558,1.3699493805231815,1.5801535277048822,-0.009503458015062638,0.1963953609725859
0,1,0.17999999999999616,"(np.float64(-0.0274024683363936), np.float64(0.19811386808871545))",0.028022194281220436,0.0358850471675396,2.7890715186486683,-2.604966958171156,1.326144955002205,1.5065479441815501,-0.011784234958073542,0.19642758516877554
0,1,0.18999999999999595,"(np.float64(-0.0274024683363936), np.float64(0.19811386808871545))",0.012055587954819202,0.01699066162109375,2.802040999271937,-2.590365391164096,1.267957473316201,1.4138961259506355,-0.01398763225418112,0.19642558872266913
0,1,0.19999999999999574,"(np.float64(-0.0274024683363936), np.float64(0.19811386808871545))",-0.001302528427913785,0.00039501191349700093,2.81437080581767,-2.576774462196168,1.1982078036631099,1.304413086576338,-0.016089402456279822,0.19638985757796795
0,1,0.20999999999999552,"(np.float64(-0.0274024683363936), np.float64(0.19811386808871545))",-0.010798454284667969,-0.013366222381591797,2.825966173399907,-2.564350067804475,1.1210442538493255,1.1805713280384058,-0.01806505115408727,0.19632180833340807
0,1,0.2199999999999953,"(np.float64(-0.0274024683363936), np.float64(0.19811386808871545))",-0.02466402016580105,-0.023218823596835136,2.8367186660437933,-2.5532050010433465,1.0296323144424429,1.0485272442126146,-0.019894207856845814,0.19622260940409936
0,1,0.2299999999999951,"(np.float64(-0.0274024683363936), np.float64(0.19811386808871545))",-0.03219309076666832,-0.030623912811279297,2.8465231702216562,-2.543415196738991,0.9314106933271287,0.9094943393421789,-0.021559291057089897,0.1960970092240145
0,1,0.23999999999999488,"(np.float64(-0.0274024683363936), np.float64(0.19811386808871545))",-0.04272327572107315,-0.03513069078326225,2.8552872885991287,-2.5350282848836416,0.8215446431942912,0.7679302253174003,-0.02304612881935461,0.19595177426049332
0,1,0.24999999999999467,"(np.float64(-0.0274024683363936), np.float64(0.19811386808871545))",-0.0505518913269043,-0.04200258478522301,2.8629151987733548,-2.52808891714006,0.7041539938968995,0.6199881992533114,-0.024344059781089944,0.1957942316625469
0,1,0.25999999999999446,"(np.float64(-0.0274024683363936), np.float64(0.19811386808871545))",-0.04518728330731392,-0.03802452236413956,2.8694006964853553,-2.5226105918307846,0.5929694996016129,0.47566166531890497,-0.02544275161863846,0.19563181520433426
0,1,0.26999999999999424,"(np.float64(-0.0274024683363936), np.float64(0.19811386808871545))",-0.03918933868408203,-0.02967224083840847,2.8748015345784994,-2.5185314702849873,0.48689468198048963,0.3404997692849816,-0.026340300717539483,0.19546740963648412
0,1,0.27999999999999403,"(np.float64(-0.0274024683363936), np.float64(0.19811386808871545))",-0.031226729974150658,-0.017655659466981888,2.8791666367439994,-2.515728547655591,0.3860442852367007,0.2199795797383372,-0.02704555605175951,0.1953028693728965
0,1,0.2899999999999938,"(np.float64(-0.0274024683363936), np.float64(0.19811386808871545))",-0.02264699898660183,-0.004894924350082874,2.8825584058651805,-2.5140642476688044,0.29185032081046214,0.11438791282557537,-0.02757222520649269,0.1951431188923733
0,1,0.2999999999999936,"(np.float64(-0.0274024683363936), np.float64(0.19811386808871545))",-0.014687634073197842,0.00775833148509264,2.8850162166225184,-2.513288790108356,0.197278596914995,0.050994479421866176,-0.027936465392926296,0.19499207404144786
0,1,0.3099999999999934,"(np.float64(-0.0274024683363936), np.float64(0.19811386808871545))",0.0037126541137695312,0.01616992987692356,2.886587669685363,-2.5129299023400975,0.11579866797428669,0.0252157810511691,-0.028162435416892534,0.19486077502755228
0,1,0.3199999999999932,"(np.float64(-0.0274024683363936), np.float64(0.19811386808871545))",0.026177598163485527,0.01917419396340847,2.8874570784391085,-2.5127416249306713,0.059677712255236756,0.014173671291969468,-0.028293266037202475,0.19477152778513457
0,1,0.32999999999999297,"(np.float64(-0.0274024683363936), np.float64(0.19811386808871545))",0.041999053210020065,0.020461082458496094,2.887885790076425,-2.5126293882660304,0.030086399625942527,0.008924084860309097,-0.02836216285893009,0.19472435021803597
0,1,0.33999999999999275,"(np.float64(-0.0274024683363936), np.float64(0.19811386808871545))",0.050371553748846054,0.021047020331025124,2.8881187047576033,-2.512554581339605,0.018454759769817523,0.006367201074026685,-0.028394710837883835,0.19470540803211506
0,1,0.34999999999999254,"(np.float64(-0.0274024683363936), np.float64(0.19811386808871545))",0.05350227281451225,0.021272659301757812,2.88827696015031,-2.5124978027633573,0.01394789829106574,0.005151391188280466,-0.028410705029979194,0.19469893432523117
0,1,0.3599999999999923,"(np.float64(-0.0274024683363936), np.float64(0.19811386808871545))",0.05456428602337837,0.021321488544344902,2.888406120395224,-2.5124495321871825,0.012178126978178166,0.004582512800478153,-0.02842044362215268,0.19469661353259474
0,1,0.3699999999999921,"(np.float64(-0.0274024683363936), np.float64(0.19811386808871545))",0.05482082441449165,0.021285628899931908,2.8885237319366603,-2.5124051729172425,0.011454078580219051,0.004345282936356719,-0.02842824081361986,0.19469516097414627
0,1,0.3799999999999919,"(np.float64(-0.0274024683363936), np.float64(0.19811386808871545))",0.054756928235292435,0.021205712109804153,2.8886362278023014,-2.5123619087222346,0.011091431704004819,0.004336923415644529,-0.02843583417500628,0.19469336339084603
0,1,0.3899999999999917,"(np.float64(-0.0274024683363936), np.float64(0.19811386808871545))",0.05457134172320366,0.02109356038272381,2.888745965981204,-2.5123182727588262,0.010887424861231914,0.004391037090864676,-0.02844383207647669,0.19469097013043987
0,1,0.3999999999999915,"(np.float64(-0.0274024683363936), np.float64(0.19811386808871545))",0.05432624742388725,0.020971298217773438,2.888854203403724,-2.5122742730797327,0.010780556236534802,0.004407389823890056,-0.02845237561739919,0.19468804046568683
0,1,0.40999999999999126,"(np.float64(-0.0274024683363936), np.float64(0.19811386808871545))",0.05404491350054741,0.020853042602539062,2.888961591003607,-2.51223020927523,0.0107110246544634,0.004406918911817578,-0.02846143808211332,0.19468460195994797
0,1,0.41999999999999105,"(np.float64(-0.0274024683363936), np.float64(0.19811386808871545))",0.053743552416563034,0.020737266167998314,2.8890683549300182,-2.5121861918435267,0.010653469667227843,0.004399142917834814,-0.028470932525117454,0.19468070516232924
0,1,0.42999999999999083,"(np.float64(-0.0274024683363936), np.float64(0.19811386808871545))",0.05343303829431534,0.02062206342816353,2.88917455979806,-2.512142274475413,0.010598408529488455,0.004387275095772206,-0.028480755891988424,0.19467644537505538
0,1,0.4399999999999906,"(np.float64(-0.0274024683363936), np.float64(0.19811386808871545))",0.05311756208539009,0.020507430657744408,2.8892802107134195,-2.51209849040252,0.010542469489797118,0.004372635832395356,-0.0284908129219634,0.19467191771935757
0,1,0.4499999999999904,"(np.float64(-0.0274024683363936), np.float64(0.19811386808871545))",0.05279979854822159,0.02039356343448162,2.889385293467098,-2.512054863299049,0.010484772544806583,0.004355958601638731,-0.028501024745214376,0.19466720258922535
0,1,0.4599999999999902,"(np.float64(-0.0274024683363936), np.float64(0.19811386808871545))",0.052480507642030716,0.02028045617043972,2.889489789913445,-2.5120114108525864,0.010425275475268954,0.004337753035441695,-0.028511330005982383,0.19466236285515662
0,1,0.46999999999999,"(np.float64(-0.0274024683363936), np.float64(0.19811386808871545))",0.0521608367562294,0.02016773261129856,2.8895936837201814,-2.5119681465334436,0.0103643129580977,0.004318374451843289,-0.028521682834597217,0.1946574455325858
0,1,0.47999999999998977,"(np.float64(-0.0274024683363936), np.float64(0.19811386808871545))",0.051842499524354935,0.020055770874023438,2.889696963033667,-2.511925080268235,0.010302404507714906,0.0042981688144285626,-0.028532049866664105,0.19465248474176897
0,1,0.48999999999998956,"(np.float64(-0.0274024683363936), np.float64(0.19811386808871545))",0.05152568966150284,0.019944382831454277,2.889799620418907,-2.511882219064394,0.01023992801027861,0.004277380795565031,-0.028542407411980913,0.1946475046657417
0,1,0.49999999999998934,"(np.float64(-0.0274024683363936), np.float64(0.19811386808871545))",0.051209449768066406,0.01983356475830078,2.8899016509130555,-2.511839567724088,0.010177030518336896,0.004256205475283611,-0.028552738973780356,0.19464252213822342
0,1,0.5099999999999891,"(np.float64(-0.0274024683363936), np.float64(0.19811386808871545))",0.050894927233457565,0.01972370222210884,2.89000305180446,-2.5117971291093526,0.010113985634854366,0.004234831197470399,-0.02856303318069342,0.19463754877376369
0,1,0.5199999999999889,"(np.float64(-0.0274024683363936), np.float64(0.19811386808871545))",0.05058345943689346,0.019614219665527344,2.8901038234754606,-2.511754904960479,0.010051122317851676,0.004213312619675584,-0.028573282334359573,0.19463259249801884
0,1,0.5299999999999887,"(np.float64(-0.0274024683363936), np.float64(0.19811386808871545))",0.05027198791503906,0.01950550079345703,2.890203966562489,-2.511712896108766,0.009988248942511775,0.0041917600931858446,-0.02858348136926364,0.19462765855297456
0,1,0.5399999999999885,"(np.float64(-0.0274024683363936), np.float64(0.19811386808871545))",0.04996338114142418,0.01939716376364231,2.8903034826400207,-2.5116711028544167,0.009925656968234796,0.004170186887650547,-0.028593626932704064,0.19462275046043667
0,1,0.5499999999999883,"(np.float64(-0.0274024683363936), np.float64(0.19811386808871545))",0.049655914306640625,0.019289588555693626,2.8904023740929907,-2.5116295249969003,0.009863277840344572,0.004148665421192142,-0.028603716872806467,0.19461787052060353
0,1,0.5599999999999881,"(np.float64(-0.0274024683363936), np.float64(0.19811386808871545))",0.04935016855597496,0.019182587042450905,2.8905006433537106,-2.511588161942397,0.009801166214614921,0.00412721131323778,-0.028613749878193317,0.19461302019706347
0,1,0.5699999999999878,"(np.float64(-0.0274024683363936), np.float64(0.19811386808871545))",0.04904690012335777,0.01907653920352459,2.8905982937888375,-2.511547012697457,0.009739442174869502,0.004105881302464595,-0.028623725175350445,0.1946082004284432
0,1,0.5799999999999876,"(np.float64(-0.0274024683363936), np.float64(0.19811386808871545))",0.04874534532427788,0.018970299512147903,2.890695329078548,-2.5115060766356323,0.009678073084122808,0.004084571534423953,-0.028633642417762256,0.1946034117490651
0,1,0.5899999999999874,"(np.float64(-0.0274024683363936), np.float64(0.19811386808871545))",0.048445891588926315,0.018865395337343216,2.890791752948803,-2.5114653527438926,0.009617090648237922,0.004063420990441605,-0.028643501475309113,0.1945986544059271
0,1,0.5999999999999872,"(np.float64(-0.0274024683363936), np.float64(0.19811386808871545))",0.04814796522259712,0.01876068115234375,2.890887568980208,-2.5114248398659207,0.009556446299972597,0.004042355584129672,-0.028653302401012465,0.19459392850355778
0,1,0.609999999999987,"(np.float64(-0.0274024683363936), np.float64(0.19811386808871545))",0.04785194620490074,0.01865692250430584,2.8909827806922994,-2.511384536802876,0.009496164364391232,0.0040214349467540735,-0.028663045350555305,0.1945892340559165
0,1,0.6199999999999868,"(np.float64(-0.0274024683363936), np.float64(0.19811386808871545))",0.047557830810546875,0.018553351983428,2.891077391786818,-2.511344442488746,0.009436257946728244,0.0040005943128607405,-0.028672730542919078,0.19458457101440974
0,1,0.6299999999999866,"(np.float64(-0.0274024683363936), np.float64(0.19811386808871545))",0.04726581647992134,0.018450355157256126,2.8911714061816167,-2.5113045560134193,0.009376755032852412,0.0039798527161738016,-0.028682358239973726,0.19457993926460676
0,1,0.6399999999999864,"(np.float64(-0.0274024683363936), np.float64(0.19811386808871545))",0.04697532579302788,0.018348122015595436,2.891264827574979,-2.5112648761959213,0.009317598537000399,0.003959242400821378,-0.028691928731652078,0.19457533863893828
0,1,0.6499999999999861,"(np.float64(-0.0274024683363936), np.float64(0.19811386808871545))",0.046686746180057526,0.01824626885354519,2.8913576595744477,-2.5112254019196376,0.009258812758677753,0.003938730122140224,-0.028701442335687444,0.19457076897869513
0,1,0.6599999999999859,"(np.float64(-0.0274024683363936), np.float64(0.19811386808871545))",0.0463993065059185,0.018145371228456497,2.891449905395275,-2.511186131870638,0.009200314235143081,0.003918372277933617,-0.028710899370125775,0.19456623011532098
0,1,0.6699999999999857,"(np.float64(-0.0274024683363936), np.float64(0.19811386808871545))",0.04611492156982422,0.01804485358297825,2.8915415690614883,-2.511147064804996,0.009142298916888341,0.0038981188119455905,-0.028720300152611428,0.19456172190904308
0,1,0.6799999999999855,"(np.float64(-0.0274024683363936), np.float64(0.19811386808871545))",0.04583091661334038,0.017945099622011185,2.8916326539979984,-2.511108199475773,0.009084527265021599,0.0038780030143825725,-0.028729645048074126,0.19455724415851042
0,1,0.6899999999999853,"(np.float64(-0.0274024683363936), np.float64(0.19811386808871545))",0.045549966394901276,0.017845535650849342,2.891723163947108,-2.5110695348826018,0.009027221376069611,0.0038579620035418642,-0.028738934391583315,0.19455279669496944
0,1,0.6999999999999851,"(np.float64(-0.0274024683363936), np.float64(0.19811386808871545))",0.0452701561152935,0.017746543511748314,2.891813102752492,-2.511031070119666,0.008970242735289756,0.0038380219239166013,-0.028748168516021383,0.19454837931616303
0,1,0.7099999999999849,"(np.float64(-0.0274024683363936), np.float64(0.19811386808871545))",0.0449918769299984,0.01764831505715847,2.891902473624547,-2.510992803995779,0.008913580923723968,0.003818213699704609,-0.028757347756268814,0.19454399180378382
0,1,0.7199999999999847,"(np.float64(-0.0274024683363936), np.float64(0.19811386808871545))",0.04471569135785103,0.01755046844482422,2.8919912801080847,-2.510954735392615,0.008857299904728643,0.003798503576043048,-0.028766472431493245,0.19453963399765808
0,1,0.7299999999999844,"(np.float64(-0.0274024683363936), np.float64(0.19811386808871545))",0.04444141313433647,0.01745300367474556,2.8920795260332417,-2.5109168634039523,0.008801403401574459,0.0037788788343101586,-0.028775542874726057,0.19453530571184485
0,1,0.7399999999999842,"(np.float64(-0.0274024683363936), np.float64(0.19811386808871545))",0.044168662279844284,0.017356300726532936,2.8921672149810522,-2.510879186936858,0.008745846643441897,0.0037593799683731735,-0.028784559420060307,0.19453100672836077
0,1,0.749999999999984,"(np.float64(-0.0274024683363936), np.float64(0.19811386808871545))",0.043897438794374466,0.017260169610381126,2.892254350246597,-2.510841704768481,0.008690612145744972,0.0037400007617021365,-0.02879352240247615,0.1945267368550864
0,1,0.7599999999999838,"(np.float64(-0.0274024683363936), np.float64(0.19811386808871545))",0.04362773895263672,0.01716461218893528,2.8923409350073586,-2.510804415716695,0.00863569219539561,0.0037207387000314,-0.028802432149775348,0.19452249592630325
0,1,0.7699999999999836,"(np.float64(-0.0274024683363936), np.float64(0.19811386808871545))",0.043360330164432526,0.017069434747099876,2.8924269729301004,-2.510767318764393,0.008581175470087672,0.003701567983279818,-0.028811288978320942,0.19451828378262748
0,1,0.7799999999999834,"(np.float64(-0.0274024683363936), np.float64(0.19811386808871545))",0.04309368133544922,0.016974641010165215,2.8925124671888445,-2.5107304130255317,0.008526915704119124,0.00368248311105394,-0.02882009322013243,0.19451410022362
0,1,0.7899999999999832,"(np.float64(-0.0274024683363936), np.float64(0.19811386808871545))",0.04282894358038902,0.01688098907470703,2.8925974207916303,-2.5106936971590894,0.008472988053290454,0.0036635667271149417,-0.028828845167742367,0.19450994507253483
0,1,0.799999999999983,"(np.float64(-0.0274024683363936), np.float64(0.19811386808871545))",0.04256610944867134,0.016787147149443626,2.8926818372635132,-2.5106571701978515,0.008419426581931502,0.0036446967474055444,-0.028837545138389598,0.194505818191506
0,1,0.8099999999999827,"(np.float64(-0.0274024683363936), np.float64(0.19811386808871545))",0.04230537638068199,0.016694260761141777,2.8927657204597397,-2.5106208311819764,0.008366264743824722,0.0036259578432236935,-0.028846193451001867,0.19450171938654592
0,1,0.8199999999999825,"(np.float64(-0.0274024683363936), np.float64(0.19811386808871545))",0.04204597696661949,0.0166015625,2.8928490739388746,-2.510584679111518,0.008313427656865862,0.0036072966424057925,-0.028854790444635764,0.19449764844056952
0,1,0.8299999999999823,"(np.float64(-0.0274024683363936), np.float64(0.19811386808871545))",0.04178772121667862,0.01650981977581978,2.8929319006187613,-2.510548712807697,0.00826085951255034,0.003588781270879341,-0.02886333644536393,0.19449360515620973
0,1,0.8399999999999821,"(np.float64(-0.0274024683363936), np.float64(0.19811386808871545))",0.04153099283576012,0.01641826704144478,2.8930142033396975,-2.5105129311870615,0.008208585636203058,0.0035703479901617744,-0.028871831753342514,0.19448958938995647
0,1,0.8499999999999819,"(np.float64(-0.0274024683363936), np.float64(0.19811386808871545))",0.04127674177289009,0.016327286139130592,2.893095985759308,-2.5104773333345163,0.008156727947492741,0.0035520135357171717,-0.028880276654181358,0.19448560100013082
0,1,0.8599999999999817,"(np.float64(-0.0274024683363936), np.float64(0.19811386808871545))",0.041024208068847656,0.01623687706887722,2.89317725180267,-2.5104419182017397,0.0081052461896413,0.0035337879382824175,-0.028888671468623756,0.19448163978236374
0,1,0.8699999999999815,"(np.float64(-0.0274024683363936), np.float64(0.19811386808871545))",0.04077205806970596,0.01614665985107422,2.893258004207402,-2.510406684916024,0.008053966041610785,0.003515633416343749,-0.0288970165477071,0.1944777055185044
0,1,0.8799999999999812,"(np.float64(-0.0274024683363936), np.float64(0.19811386808871545))",0.040522195398807526,0.016057206317782402,2.8933382458882266,-2.5103716325057164,0.008003040839369346,0.003497595263797454,-0.028905312156099955,0.19447379805860093
0,1,0.889999999999981,"(np.float64(-0.0274024683363936), np.float64(0.19811386808871545))",0.0402742400765419,0.01596832275390625,2.893417980503628,-2.5103367598178266,0.007952489182992012,0.003479671788927607,-0.028913558572731674,0.19446991725139162
0,1,0.8999999999999808,"(np.float64(-0.0274024683363936), np.float64(0.19811386808871545))",0.04002666473388672,0.01588001288473606,2.8934972107661348,-2.5103020656780695,0.007902136794320221,0.003461866696760645,-0.028921756138460986,0.1944660629044511
0,1,0.9099999999999806,"(np.float64(-0.0274024683363936), np.float64(0.19811386808871545))",0.03978157043457031,0.015792084857821465,2.8935759397213374,-2.510267549072995,0.007852162893743192,0.0034441519487162695,-0.02892990513988969,0.19446223488721792
0,1,0.9199999999999804,"(np.float64(-0.0274024683363936), np.float64(0.19811386808871545))",0.03953742980957031,0.01570453681051731,2.8936541705162817,-2.510233209131679,0.007802458779994991,0.0034265213956849215,-0.02893800586723161,0.1944584330417633
0,1,0.9299999999999802,"(np.float64(-0.0274024683363936), np.float64(0.19811386808871545))",0.03929577022790909,0.015617561526596546,2.893731906651279,-2.5101990449267744,0.0077531612664036055,0.003408990358216364,-0.02894605860690533,0.19445465719348504
0,1,0.93999999999998,"(np.float64(-0.0274024683363936), np.float64(0.19811386808871545))",0.03905468061566353,0.015530968084931374,2.893809151189869,-2.510165055516759,0.00770409949978783,0.0033915487425745013,-0.028954063670468433,0.19445090714848476
0,1,0.9499999999999797,"(np.float64(-0.0274024683363936), np.float64(0.19811386808871545))",0.03881511837244034,0.015444946475327015,2.893885906743574,-2.51013123992605,0.007655316814555397,0.0033742106351034424,-0.028962021346425865,0.19444718273981385
0,1,0.9599999999999795,"(np.float64(-0.0274024683363936), np.float64(0.19811386808871545))",0.0385778434574604,0.015359306707978249,2.893962176742757,-2.510097597228919,0.007606922091244306,0.0033569580240959728,-0.028969931895708678,0.19444348383528334
0,1,0.9699999999999793,"(np.float64(-0.0274024683363936), np.float64(0.19811386808871545))",0.03834133222699165,0.0152740478515625,2.894037964263224,-2.51006412658132,0.007558778365568474,0.003339788281949348,-0.028977795624433644,0.19443981024622656
0,1,0.9799999999999791,"(np.float64(-0.0274024683363936), np.float64(0.19811386808871545))",0.038106728345155716,0.015189552679657936,2.8941132722777163,-2.5100308269237592,0.007510964698475354,0.0033227411749312667,-0.028985612812690853,0.19443616180028472
0,1,0.9899999999999789,"(np.float64(-0.0274024683363936), np.float64(0.19811386808871545))",0.03787345811724663,0.015105247497558594,2.894188103888363,-2.509997697316394,0.007463447006264088,0.003305767699178365,-0.02899338375013269,0.19443253834577837
0,1,0.9999999999999791,"(np.float64(-0.0274024683363936), np.float64(0.19811386808871545))",0.03764171525835991,0.015021705999970436,2.8942624620955244,-2.5099647367495534,0.00741623246738779,0.0032889144692712638,-0.029001108725296043,0.19442893971476247
0,2,0.0,"(np.float64(0.0274024683363936), np.float64(0.19811386808871545))",0.03741130977869034,0.014938163571059704,2.894336349831321,-2.509931944433185,0.007369303738963351,0.003272111111138408,-0.029008788025686988,0.19442536575039138
0,2,0.009999999999999787,"(np.float64(0.0274024683363936), np.float64(0.19811386808871545))",-0.2594679892063141,-0.6774946451187134,2.8940456401476418,-2.5132652183996638,-0.06390965800152401,-0.6670902078609667,-0.029016421916574636,0.19442181628803706
0,2,0.019999999999999574,"(np.float64(0.0274024683363936), np.float64(0.19811386808871545))",-0.22362565994262695,-0.5019291043281555,2.893051325795827,-2.522171335325961,-0.1347908868690636,-1.1137263025728414,-0.028723175095353853,0.19425775055929034
0,2,0.02999999999999936,"(np.float64(0.0274024683363936), np.float64(0.19811386808871545))",-0.21040849387645721,-0.4247778058052063,2.891322197346912,-2.53506252087598,-0.21125389761028707,-1.4648007044462161,-0.027920066286702017,0.19384141330775892
0,2,0.03999999999999915,"(np.float64(0.0274024683363936), np.float64(0.19811386808871545))",-0.20789241790771484,-0.37523117661476135,2.8887646902190336,-2.551158727461566,-0.3005342057093814,-1.7549061008398927,-0.026737302062367796,0.19326250464201755
0,2,0.049999999999998934,"(np.float64(0.0274024683363936), np.float64(0.19811386808871545))",-0.20918141305446625,-0.3045993745326996,2.885193338705475,-2.569712022723603,-0.41402902770262795,-1.9563394647883032,-0.025239239198430075,0.19256513982474854
0,2,0.05999999999999872,"(np.float64(0.0274024683363936), np.float64(0.19811386808871545))",-0.20877113938331604,-0.24173985421657562,2.880388155594946,-2.5898890002174957,-0.5472780209002883,-2.0796153436743285,-0.023482124955687328,0.19179687073675092
0,2,0.06999999999999851,"(np.float64(0.0274024683363936), np.float64(0.19811386808871545))",-0.19042205810546875,-0.19208621978759766,2.874288866625498,-2.6110177083159862,-0.6728762174398102,-2.146613869830477,-0.02152505008069766,0.19101304074840983
0,2,0.0799999999999983,"(np.float64(0.0274024683363936), np.float64(0.19811386808871545))",-0.17409458756446838,-0.15008573234081268,2.8669699932900006,-2.6325790706666354,-0.7911637844270238,-2.166049914343214,-0.019421396852020684,0.19025065039763783
0,2,0.08999999999999808,"(np.float64(0.0274024683363936), np.float64(0.19811386808871545))",-0.1565466970205307,-0.11354513466358185,2.858521961135191,-2.654131691062512,-0.8986689614069207,-2.144783979943632,-0.0172188761490078,0.18953015448968108
0,2,0.09999999999999787,"(np.float64(0.0274024683363936), np.float64(0.19811386808871545))",-0.13913479447364807,-0.08154916763305664,2.849059853212622,-2.6752954698116627,-0.9939350046056045,-2.0882171318881926,-0.014958334609591672,0.18886766821821924
0,2,0.10999999999999766,"(np.float64(0.0274024683363936), np.float64(0.19811386808871545))",-0.12220954895019531,-0.054281044751405716,2.838711380668278,-2.695745643316427,-1.075898156367175,-2.002012676785681,-0.012675759523497643,0.18827546294508157
0,2,0.11999999999999744,"(np.float64(0.0274024683363936), np.float64(0.19811386808871545))",-0.1067720428109169,-0.03056182898581028,2.827611872275119,-2.7152093054185293,-1.1437132810273307,-1.8911522891893975,-0.010402315864732975,0.1877630290823234
0,2,0.12999999999999723,"(np.float64(0.0274024683363936), np.float64(0.19811386808871545))",-0.09211482852697372,-0.01139907818287611,2.815906378959751,-2.7334683161522775,-1.197449901015039,-1.7607905473871193,-0.008164669742178582,0.18733747761821276
0,2,0.13999999999999702,"(np.float64(0.0274024683363936), np.float64(0.19811386808871545))",-0.07832127064466476,0.0034896850120276213,2.803731412446035,-2.7503494515181384,-1.2375742285260674,-1.6155557898517006,-0.005985331005601002,0.18700306813021053
0,2,0.1499999999999968,"(np.float64(0.0274024683363936), np.float64(0.19811386808871545))",-0.0654386505484581,0.014407730661332607,2.7912240113549887,-2.765728306507689,-1.2639111954720725,-1.4603216756994688,-0.0038826237178009315,0.18676269737498324
0,2,0.1599999999999966,"(np.float64(0.0274024683363936), np.float64(0.19811386808871545))",-0.06750478595495224,0.022124482318758965,2.778428751871069,-2.7795027768768406,-1.295062464977457,-1.2946427069483617,-0.0018712734027599986,0.18661696427285485
0,2,0.16999999999999638,"(np.float64(0.0274024683363936), np.float64(0.19811386808871545))",-0.051987458020448685,0.02480011060833931,2.76542329928457,-2.791628059952584,-1.3059871854975778,-1.130501726179164,4.1656020650204795e-05,0.1865710719738266
0,2,0.17999999999999616,"(np.float64(0.0274024683363936), np.float64(0.19811386808871545))",-0.039325810968875885,0.02501983754336834,2.752393856048664,-2.8021318512177644,-1.2996603350016205,-0.9706468300299032,0.0018511343975214645,0.18662528264544492
0,2,0.18999999999999595,"(np.float64(0.0274024683363936), np.float64(0.19811386808871545))",-0.029129410162568092,0.023126602172851562,2.739505050667751,-2.811074976495146,-1.2777908326465823,-0.8184471825438466,0.003549108653388089,0.18676901811181665
0,2,0.19999999999999574,"(np.float64(0.0274024683363936), np.float64(0.19811386808871545))",-0.021125031635165215,0.01945934258401394,2.726897739246838,-2.8185383064264933,-1.24363280638585,-0.6742946382554553,0.0051301569105554334,0.186990797724363
0,2,0.20999999999999552,"(np.float64(0.0274024683363936), np.float64(0.19811386808871545))",-0.015810776501893997,0.016573334112763405,2.7146729224194504,-2.8245891481134784,-1.2012903453074668,-0.5359491905301494,0.006591092089161116,0.18727931756808525
0,2,0.2199999999999953,"(np.float64(0.0274024683363936), np.float64(0.19811386808871545))",-0.012048530392348766,0.011992836371064186,2.7029046607995544,-2.8292943172507146,-1.1523202370547798,-0.4051513403824195,0.007930051984606709,0.18762654006929042
0,2,0.2299999999999951,"(np.float64(0.0274024683363936), np.float64(0.19811386808871545))",-0.009586620144546032,0.006046486087143421,2.6916526085776113,-2.8327360326252173,-1.0980481987859252,-0.28324554228013793,0.009146555706093434,0.1880259318873012
0,2,0.23999999999999488,"(np.float64(0.0274024683363936), np.float64(0.19811386808871545))",-0.008576393127441406,-0.004044437315315008,2.6809663463174895,-2.835027749996878,-1.0391588994012027,-0.1751214446050296,0.010241818587291993,0.18847064792041685
0,2,0.24999999999999467,"(np.float64(0.0274024683363936), np.float64(0.19811386808871545))",-0.008907604031264782,-0.014513206668198109,2.6708837049725798,-2.836306925404096,-0.9762829737280555,-0.0853072829385731,0.011219569634974308,0.18895215534945967
0,2,0.25999999999999446,"(np.float64(0.0274024683363936), np.float64(0.19811386808871545))",-0.008969306945800781,-0.024458790197968483,2.661478281190164,-2.8368947305317245,-0.90296435902454,-0.040117373182382114,0.012085796004320665,0.1894607728735994
0,2,0.26999999999999424,"(np.float64(0.0274024683363936), np.float64(0.19811386808871545))",-0.009059525094926357,-0.028818322345614433,2.6528439678393747,-2.8371901957011483,-0.8231429606892942,-0.02209412075514987,0.012855971901342467,0.18997215303404413
0,2,0.27999999999999403,"(np.float64(0.0274024683363936), np.float64(0.19811386808871545))",-0.009523105807602406,-0.029691219329833984,2.6450204226513017,-2.8373681564449402,-0.7412659815505783,-0.014758655503498239,0.01354932170319742,0.19045530462848898
0,2,0.2899999999999938,"(np.float64(0.0274024683363936), np.float64(0.19811386808871545))",-0.01046676654368639,-0.029391003772616386,2.6380155330557913,-2.837497602987903,-0.6596029380253516,-0.011659109426292674,0.014174188851172748,0.19089723038784026
0,2,0.2999999999999936,"(np.float64(0.0274024683363936), np.float64(0.19811386808871545))",-0.011882972903549671,-0.02879915200173855,2.6318202085498617,-2.837606009661759,-0.5794310124204104,-0.010258705731551458,0.014734054992418422,0.19129357789073975
0,2,0.3099999999999934,"(np.float64(0.0274024683363936), np.float64(0.19811386808871545))",-0.013727760873734951,-0.028245925903320312,2.626415298028834,-2.8377044899951462,-0.501549395830867,-0.009554720191142457,0.015230811032658137,0.19164353864499134
0,2,0.3199999999999932,"(np.float64(0.0274024683363936), np.float64(0.19811386808871545))",-0.01594839058816433,-0.02784891240298748,2.6217750383536456,-2.837797671818518,-0.4265091501877183,-0.009148160205604428,0.01566602128465361,0.1919478371101171
0,2,0.32999999999999297,"(np.float64(0.0274024683363936), np.float64(0.19811386808871545))",-0.01849079132080078,-0.02764148823916912,2.617868938361826,-2.837887591601084,-0.3547170740385053,-0.008878716995822,0.01604139382411565,0.19220792167219003
0,2,0.33999999999999275,"(np.float64(0.0274024683363936), np.float64(0.19811386808871545))",-0.022999858483672142,-0.02748584747314453,2.61465242621589,-2.8379748730150665,-0.2885762266436942,-0.008618176379023533,0.01635893396315058,0.1924256250475387
0,2,0.34999999999999254,"(np.float64(0.0274024683363936), np.float64(0.19811386808871545))",-0.028058338910341263,-0.02742776833474636,2.6120659969633357,-2.8380595459085964,-0.2286879476134821,-0.008356639022960605,0.016621733122152607,0.19260359748043693
0,2,0.3599999999999923,"(np.float64(0.0274024683363936), np.float64(0.19811386808871545))",-0.03313875198364258,-0.02747211419045925,2.6100473205315526,-2.8381416655157943,-0.17501838982481574,-0.00810553764436998,0.016834143702872825,0.1927453374425713
0,2,0.3699999999999921,"(np.float64(0.0274024683363936), np.float64(0.19811386808871545))",-0.03814983367919922,-0.027599239721894264,2.608534840459326,-2.838221367582262,-0.12744475117740248,-0.00787042554960327,0.017000903251872132,0.19285450358968617
0,2,0.3799999999999919,"(np.float64(0.0274024683363936), np.float64(0.19811386808871545))",-0.043013956397771835,-0.02779102325439453,2.607468624653085,-2.8382988268945892,-0.0857638328481371,-0.007653970632447243,0.017126813637860866,0.1929346988965742
0,2,0.3899999999999917,"(np.float64(0.0274024683363936), np.float64(0.19811386808871545))",-0.04767046123743057,-0.0280317310243845,2.606791091620944,-2.838374236180182,-0.049724869421697376,-0.007456753687602393,0.017216629175676942,0.1929894155588661
0,2,0.3999999999999915,"(np.float64(0.0274024683363936), np.float64(0.19811386808871545))",-0.052068233489990234,-0.0283063892275095,2.606423408538151,-2.838447211846855,-0.026897823407747008,-0.007037847823468076,0.01727496882733745,0.19302199278564586
0,2,0.40999999999999126,"(np.float64(0.0274024683363936), np.float64(0.19811386808871545))",-0.0549437515437603,-0.028496265411376953,2.6062089521589242,-2.8385150508969117,-0.017606876753152943,-0.0064998751105392796,0.017308037381812677,0.19303692088496202
0,2,0.41999999999999105,"(np.float64(0.0274024683363936), np.float64(0.19811386808871545))",-0.056032944470644,-0.028559207916259766,2.6060546871880588,-2.8385781691747316,-0.01388123911963242,-0.0061443789644895636,0.01732792459896082,0.19304310194327795
0,2,0.42999999999999083,"(np.float64(0.0274024683363936), np.float64(0.19811386808871545))",-0.056380271911621094,-0.028546905145049095,2.6059248067944507,-2.838638632251681,-0.012348425454893331,-0.005970456660990753,0.017342408021602806,0.19304600311378067
0,2,0.4399999999999906,"(np.float64(0.0274024683363936), np.float64(0.19811386808871545))",-0.05642986297607422,-0.028489304706454277,2.6058051469192614,-2.838697956510025,-0.011687828180045564,-0.005909408659020741,0.017354822199712086,0.1930477470424981
0,2,0.4499999999999904,"(np.float64(0.0274024683363936), np.float64(0.19811386808871545))",-0.05635824427008629,-0.02840709686279297,2.605690037449522,-2.838756984195856,-0.011379601588289955,-0.005905013036564467,0.017366588164329802,0.19304916380946027
0,2,0.4599999999999902,"(np.float64(0.0274024683363936), np.float64(0.19811386808871545))",-0.056237030774354935,-0.028311824426054955,2.605577134975953,-2.8388160536592477,-0.0112264200110203,-0.005908566355858277,0.017378283893165106,0.19305056463062403
0,2,0.46999999999999,"(np.float64(0.0274024683363936), np.float64(0.19811386808871545))",-0.05609474331140518,-0.028212642297148705,2.6054653319154757,-2.8388750835705037,-0.011148124552684477,-0.005898991856973741,0.01739012117473418,0.19305206001728661
0,2,0.47999999999998977,"(np.float64(0.0274024683363936), np.float64(0.19811386808871545))",-0.05594215542078018,-0.02811412885785103,2.6053541339022295,-2.838933990414888,-0.011100323950235622,-0.005885027530102663,0.01740216349479412,0.19305370434851724
0,2,0.48999999999998956,"(np.float64(0.0274024683363936), np.float64(0.19811386808871545))",-0.055785179138183594,-0.028014374896883965,2.6052433435733557,-2.838992747272435,-0.011064497918982542,-0.005869338794559515,0.01741440284292123,0.1930555016298542
0,2,0.49999999999998934,"(np.float64(0.0274024683363936), np.float64(0.19811386808871545))",-0.05562543869018555,-0.027914047241210938,2.605132886165413,-2.8390513419033163,-0.011032904575600761,-0.005852689256771019,0.017426801766578806,0.1930574284364274
0,2,0.5099999999999891,"(np.float64(0.0274024683363936), np.float64(0.19811386808871545))",-0.05546541139483452,-0.02781372144818306,2.6050227366844716,-2.8391097663284075,-0.011002570593287946,-0.005835331794019824,0.017439317171390717,0.19305945565389288
0,2,0.5199999999999889,"(np.float64(0.0274024683363936), np.float64(0.19811386808871545))",-0.055304624140262604,-0.02771301381289959,2.604912889918405,-2.8391680138213826,-0.010972244169373245,-0.005817327739110105,0.017451910135334828,0.1930615566394507
0,2,0.5299999999999887,"(np.float64(0.0274024683363936), np.float64(0.19811386808871545))",-0.05514402315020561,-0.027611924335360527,2.604803347849036,-2.839226078245331,-0.010941590580219823,-0.005798744810488759,0.017464548931984153,0.19306370970927264
0,2,0.5399999999999885,"(np.float64(0.0274024683363936), np.float64(0.19811386808871545))",-0.0549837127327919,-0.027511214837431908,2.6046941141599596,-2.839283954752575,-0.010910557857333872,-0.00577975686301986,0.017477209123101217,0.19306589827793516
0,2,0.5499999999999883,"(np.float64(0.0274024683363936), np.float64(0.19811386808871545))",-0.05482339859008789,-0.027410317212343216,2.604585192653174,-2.839341639557341,-0.01087916002812843,-0.005760421063727594,0.017489872618287536,0.19306811010836106
0,2,0.5599999999999881,"(np.float64(0.0274024683363936), np.float64(0.19811386808871545))",-0.054664041846990585,-0.02731018140912056,2.604476586040954,-2.839399130149951,-0.010847570737554713,-0.005740913104339973,0.017502526339574498,0.19307033639097723
0,2,0.5699999999999878,"(np.float64(0.0274024683363936), np.float64(0.19811386808871545))",-0.05450430139899254,-0.027209758758544922,2.604368296538118,-2.8394564246850322,-0.010815748554432512,-0.00572121906342311,0.017515161067223062,0.19307257090030738
0,2,0.5799999999999876,"(np.float64(0.0274024683363936), np.float64(0.19811386808871545))",-0.05434541776776314,-0.027109909802675247,2.6042603255792036,-2.839513521947646,-0.010783853804933774,-0.005701455311929231,0.01752777035023413,0.19307480929422483
0,2,0.5899999999999874,"(np.float64(0.0274024683363936), np.float64(0.19811386808871545))",-0.05418701097369194,-0.027010345831513405,2.6041526736548275,-2.839570421413771,-0.010751932038822326,-0.005681655549950302,0.017540349748563736,0.19307704858095043
0,2,0.5999999999999872,"(np.float64(0.0274024683363936), np.float64(0.19811386808871545))",-0.054029177874326706,-0.026910973712801933,2.6040453407801367,-2.8396271227961836,-0.010720030566562646,-0.005661835255524205,0.017552896284143332,0.19307928672306846
0,2,0.609999999999987,"(np.float64(0.0274024683363936), np.float64(0.19811386808871545))",-0.05387125164270401,-0.026812171563506126,2.6039383270586263,-2.839683626241789,-0.010688100161073986,-0.005642056099132554,0.017565407964409405,0.19308152235305373
0,2,0.6199999999999868,"(np.float64(0.0274024683363936), np.float64(0.19811386808871545))",-0.05371418222784996,-0.02671337127685547,2.6038316321846,-2.8397399319244165,-0.010656243808686657,-0.005622279536122757,0.017577883460759863,0.19308375452263904
0,2,0.6299999999999866,"(np.float64(0.0274024683363936), np.float64(0.19811386808871545))",-0.053557779639959335,-0.026615142822265625,2.60372525528992,-2.839796040198401,-0.010624484847277451,-0.00560256256721689,0.017590321913233592,0.19308598261195759
0,2,0.6399999999999864,"(np.float64(0.0274024683363936), np.float64(0.19811386808871545))",-0.053402043879032135,-0.026517009362578392,2.603619195315988,-2.8398519514805622,-0.010592838406200157,-0.005582875399231728,0.017602722813439303,0.19308820622873796
0,2,0.6499999999999861,"(np.float64(0.0274024683363936), np.float64(0.19811386808871545))",-0.053246498107910156,-0.026419544592499733,2.603513451434919,-2.839907666412115,-0.010561254738175176,-0.005563276635236801,0.017615085873139008,0.19309042512907781
0,2,0.6599999999999859,"(np.float64(0.0274024683363936), np.float64(0.19811386808871545))",-0.05309143289923668,-0.026322079822421074,2.603408022912913,-2.8399631855533296,-0.010529751982724378,-0.005543711499729396,0.017627410936284477,0.19309263913637256
0,2,0.6699999999999857,"(np.float64(0.0274024683363936), np.float64(0.19811386808871545))",-0.052936553955078125,-0.02622509002685547,2.603302909109224,-2.8400185094472565,-0.010498301898320858,-0.005524215229431397,0.01763969792327333,0.19309484813746056
0,2,0.6799999999999855,"(np.float64(0.0274024683363936), np.float64(0.19811386808871545))",-0.052782535552978516,-0.026128292083740234,2.6031981090835052,-2.84007363866014,-0.010466975021413675,-0.0055047674942742255,0.017651946805016694,0.19309705205685812
0,2,0.6899999999999853,"(np.float64(0.0274024683363936), np.float64(0.19811386808871545))",-0.052628614008426666,-0.026032065972685814,2.6030936219734313,-2.840128573910287,-0.010435708698808962,-0.005485407711276748,0.017664157615078974,0.19309925086059596
0,2,0.6999999999999851,"(np.float64(0.0274024683363936), np.float64(0.19811386808871545))",-0.05247526243329048,-0.025935841724276543,2.6029894469796493,-2.8401833157671676,-0.010404535723160694,-0.0054660832987468745,0.017676330418692127,0.19310144451931796
0,2,0.7099999999999849,"(np.float64(0.0274024683363936), np.float64(0.19811386808871545))",-0.05232219770550728,-0.025840377435088158,2.6028855833031157,-2.840237864989932,-0.010373433633835579,-0.005446863230824274,0.017688465283459964,0.19310363302263456
0,2,0.7199999999999847,"(np.float64(0.0274024683363936), np.float64(0.19811386808871545))",-0.0521702766418457,-0.025745106860995293,2.6027820296756046,-2.8402922223799645,-0.010342497557614353,-0.0054277068489165916,0.017700562300589737,0.19310581635468316
0,2,0.7299999999999844,"(np.float64(0.0274024683363936), np.float64(0.19811386808871545))",-0.05201854929327965,-0.02564992941915989,2.6026787848716753,-2.840346388429028,-0.010311653316975996,-0.005408589034135557,0.017712621607163942,0.19310799452699728
0,2,0.7399999999999842,"(np.float64(0.0274024683363936), np.float64(0.19811386808871545))",-0.051866721361875534,-0.025555038824677467,2.6025758483617856,-2.8404003635983712,-0.010280834720605357,-0.0053895222735591405,0.01772464332417395,0.1931101675757472
0,2,0.749999999999984,"(np.float64(0.0274024683363936), np.float64(0.19811386808871545))",-0.051715850830078125,-0.02546062506735325,2.6024732193120745,-2.840454148537481,-0.010250140291807711,-0.005370530792831185,0.017736627520340248,0.19311233550373239
0,2,0.7599999999999838,"(np.float64(0.0274024683363936), np.float64(0.19811386808871545))",-0.05156536027789116,-0.02536640129983425,2.602370896640912,-2.840507743874254,-0.010219542661622049,-0.0053515931783019435,0.017748574298786263,0.19311449831605415
0,2,0.7699999999999836,"(np.float64(0.0274024683363936), np.float64(0.19811386808871545))",-0.051415253430604935,-0.025272656232118607,2.602268879449662,-2.840561150294409,-0.01018903015940139,-0.005332734417480527,0.01776048378299569,0.19311665603462974
0,2,0.7799999999999834,"(np.float64(0.0274024683363936), np.float64(0.19811386808871545))",-0.051265716552734375,-0.025179196149110794,2.60216716678012,-2.8406143685086507,-0.010158620933973982,-0.005313941359729752,0.017772356087768018,0.19311880866846465
0,2,0.7899999999999832,"(np.float64(0.0274024683363936), np.float64(0.19811386808871545))",-0.051116373389959335,-0.025086117908358574,2.602065757821248,-2.8406673992171685,-0.010128277245738745,-0.005295221144021034,0.017784191334577287,0.19312095622830563
0,2,0.799999999999983,"(np.float64(0.0274024683363936), np.float64(0.19811386808871545))",-0.0509675033390522,-0.024993324652314186,2.6019646518110906,-2.840720243091632,-0.010098017194380074,-0.005276564200761144,0.017795989633868387,0.19312309871829453
0,2,0.8099999999999827,"(np.float64(0.0274024683363936), np.float64(0.19811386808871545))",-0.05081958696246147,-0.02490081824362278,2.6018638475342186,-2.8407729007351112,-0.010067905350752356,-0.005257965847925819,0.017807751089926438,0.19312523614149968
0,2,0.8199999999999825,"(np.float64(0.0274024683363936), np.float64(0.19811386808871545))",-0.05067186430096626,-0.024808406829833984,2.6017633438810677,-2.8408253726064894,-0.01003787812490696,-0.0052394040905590225,0.017819475836670026,0.19312736852980109
0,2,0.8299999999999823,"(np.float64(0.0274024683363936), np.float64(0.19811386808871545))",-0.050524234771728516,-0.024716472253203392,2.601663140236893,-2.840877659281791,-0.01000789626796413,-0.005220914478417608,0.01783116399265733,0.1931294959209764
0,2,0.8399999999999821,"(np.float64(0.0274024683363936), np.float64(0.19811386808871545))",-0.05037746578454971,-0.024625016376376152,2.6015632357044183,-2.8409297615533036,-0.009978035434487267,-0.005202509510714658,0.017842815645917956,0.19313161831760844
0,2,0.8499999999999819,"(np.float64(0.0274024683363936), np.float64(0.19811386808871545))",-0.050230979919433594,-0.024533843621611595,2.60146362929077,-2.8409816801764376,-0.009948258512767694,-0.005184173482681698,0.01785443091837506,0.1931337357209382
0,2,0.8599999999999817,"(np.float64(0.0274024683363936), np.float64(0.19811386808871545))",-0.05008535459637642,-0.024442577734589577,2.601364319836233,-2.8410334155302674,-0.009918619826978253,-0.005165853831349495,0.017866009938475244,0.1931358481410375
0,2,0.8699999999999815,"(np.float64(0.0274024683363936), np.float64(0.19811386808871545))",-0.0499393455684185,-0.024352265521883965,2.6012653067192764,-2.8410849684016184,-0.009888990336619887,-0.005147655961566565,0.01787755282243958,0.19313795562310515
0,2,0.8799999999999812,"(np.float64(0.0274024683363936), np.float64(0.19811386808871545))",-0.04979429394006729,-0.024261856451630592,2.6011665891967817,-2.8411363395043523,-0.009859480497522994,-0.005129494648894331,0.017889059673340868,0.19314005815558039
0,2,0.889999999999981,"(np.float64(0.0274024683363936), np.float64(0.19811386808871545))",-0.04964923858642578,-0.02417163923382759,2.6010681664877686,-2.841187529221538,-0.00983001951950691,-0.005111372464847819,0.01790053059662021,0.19314215573701304
0,2,0.8999999999999808,"(np.float64(0.0274024683363936), np.float64(0.19811386808871545))",-0.0495053306221962,-0.024081801995635033,2.600970037472545,-2.841238538056368,-0.009800715045545994,-0.005093309079085556,0.01791196567960021,0.19314424839163913
0,2,0.9099999999999806,"(np.float64(0.0274024683363936), np.float64(0.19811386808871545))",-0.049361325800418854,-0.023992443457245827,2.6008722011976575,-2.8412893667403067,-0.009771463021051755,-0.005075328361532742,0.017923365041668735,0.19314633615223695
0,2,0.9199999999999804,"(np.float64(0.0274024683363936), np.float64(0.19811386808871545))",-0.049218084663152695,-0.02390317991375923,2.600774656779178,-2.8413400158714475,-0.009742324461552309,-0.005057391713122607,0.017934728807361133,0.19314841902859337
0,2,0.9299999999999802,"(np.float64(0.0274024683363936), np.float64(0.19811386808871545))",-0.04907522350549698,-0.02381420135498047,2.6006774032092266,-2.841390485938944,-0.009713277815268085,-0.005039507265677306,0.017946057086303188,0.19315049703546686
0,2,0.93999999999998,"(np.float64(0.0274024683363936), np.float64(0.19811386808871545))",-0.04893245920538902,-0.02372598648071289,2.6005804398268406,-2.8414407778197113,-0.009684279433436213,-0.0050217352330007015,0.01795734999059931,0.19315257020198187
0,2,0.9499999999999797,"(np.float64(0.0274024683363936), np.float64(0.19811386808871545))",-0.04879045486450195,-0.02363738976418972,2.6004837657670903,-2.841490891975985,-0.009655393807021843,-0.0050039632201005985,0.017968607631555153,0.1931546385115408
0,2,0.9599999999999795,"(np.float64(0.0274024683363936), np.float64(0.19811386808871545))",-0.04864902421832085,-0.023549651727080345,2.6003873799054444,-2.8415408290023505,-0.00962662100529959,-0.004986292479361618,0.017979830107963793,0.1931567019869364
0,2,0.9699999999999793,"(np.float64(0.0274024683363936), np.float64(0.19811386808871545))",-0.04850750043988228,-0.02346181869506836,2.6002912815574,-2.841590589507414,-0.009597885023788586,-0.004968653745544084,0.01799101754683441,0.19315876065535886
0,2,0.9799999999999791,"(np.float64(0.0274024683363936), np.float64(0.19811386808871545))",-0.048366643488407135,-0.023374367505311966,2.6001954700184804,-2.8416401739570505,-0.009569243285011282,-0.00495107216326854,0.018002170044530225,0.19316081452076456
0,2,0.9899999999999789,"(np.float64(0.0274024683363936), np.float64(0.19811386808871545))",-0.048226453363895416,-0.023287391290068626,2.6000999442086163,-2.841689583050326,-0.009540719382309453,-0.004933569607229979,0.01801328768714884,0.19316286359644902
0,2,0.9999999999999787,"(np.float64(0.0274024683363936), np.float64(0.19811386808871545))",-0.04808655008673668,-0.023200416937470436,2.600004703148473,-2.8417388173109672,-0.009512279150432273,-0.0049161004857506616,0.018024370604825007,0.1931649078994974
1,1,0.0,"(np.float64(-0.05428808997301487), np.float64(0.19249104729072947))",0.013172340579330921,0.008714484982192516,2.36438855607393,-3.046912250042804,0.002527848478033933,0.0018188576083112953,0.05123365652268688,0.19010413573507068
1,1,0.009999999999999787,"(np.float64(-0.05428808997301487), np.float64(0.19249104729072947))",0.9199390411376953,1.1794111728668213,2.3682286995013606,-3.041252995432091,0.7596398872422538,1.1239223730608476,0.051230308370735986,0.1901044402029979
1,1,0.019999999999999574,"(np.float64(-0.05428808997301487), np.float64(0.19249104729072947))",0.6591436266899109,1.062937617301941,2.378014577083029,-3.0248715309922023,1.1963251370536532,2.1502684644272305,0.05059488406298536,0.19039083521266043
1,1,0.02999999999999936,"(np.float64(-0.05428808997301487), np.float64(0.19249104729072947))",0.6417291760444641,0.8905393481254578,2.3922781117566285,-2.999346282518256,1.655974063871392,2.955011117581811,0.04881668073215657,0.1912437601592387
1,1,0.03999999999999915,"(np.float64(-0.05428808997301487), np.float64(0.19249104729072947))",0.6182569861412048,0.7737375497817993,2.41113616915759,-2.966465714494093,2.1157639460769175,3.6221928862934814,0.046059688559850875,0.19256493855251314
1,1,0.049999999999998934,"(np.float64(-0.05428808997301487), np.float64(0.19249104729072947))",0.5787927508354187,0.6334182620048523,2.434543597148886,-2.927718091660511,2.566212506829993,4.128964668868377,0.04238591532256564,0.194177199553223
1,1,0.05999999999999872,"(np.float64(-0.05428808997301487), np.float64(0.19249104729072947))",0.4759180247783661,0.47145310044288635,2.4620387570160793,-2.8847410550316783,2.933793269561155,4.468302754294986,0.03786812322455102,0.19593110973748057
1,1,0.06999999999999851,"(np.float64(-0.05428808997301487), np.float64(0.19249104729072947))",0.3244045376777649,0.2945701777935028,2.4925130299131624,-2.8392315290384422,3.162526317856617,4.635389682423597,0.032637172774793055,0.1976855300463911
1,1,0.0799999999999983,"(np.float64(-0.05428808997301487), np.float64(0.19249104729072947))",0.18142090737819672,0.14431801438331604,2.524603669567381,-2.7927601829500324,3.257219140943204,4.660308119007421,0.026896576180523213,0.19933512062293385
1,1,0.08999999999999808,"(np.float64(-0.05428808997301487), np.float64(0.19249104729072947))",0.10465946048498154,0.09357299655675888,2.557252866602267,-2.7462222548053434,3.27373486368136,4.647996219849507,0.02087529787356618,0.2008150433419359
1,1,0.09999999999999787,"(np.float64(-0.05428808997301487), np.float64(0.19249104729072947))",0.0920930877327919,0.023012924939393997,2.5901041541799987,-2.7002194469109218,3.2972269168340764,4.553082262118003,0.014738092693273863,0.20211242995431764
1,1,0.10999999999999766,"(np.float64(-0.05428808997301487), np.float64(0.19249104729072947))",0.08521652221679688,-0.04849071428179741,2.6232560630326924,-2.6555948646877208,3.333668833519928,4.372298405512259,0.008571894922291157,0.20320753515686552
1,1,0.11999999999999744,"(np.float64(-0.05428808997301487), np.float64(0.19249104729072947))",0.07411231845617294,-0.1082037016749382,2.656791535977298,-2.6131277417590426,3.3738604534512433,4.121520638132159,0.0024459951564506782,0.2040429325011054
1,1,0.12999999999999723,"(np.float64(-0.05428808997301487), np.float64(0.19249104729072947))",0.028165055438876152,-0.14348116517066956,2.690493450457053,-2.573319184593365,3.3670425546944283,3.8404020176518197,-0.003569707302026215,0.20457051343113514
1,1,0.13999999999999702,"(np.float64(-0.05428808997301487), np.float64(0.19249104729072947))",-0.013644218444824219,-0.15208493173122406,2.723884378576725,-2.5363153076491134,3.3116457447903707,3.560360599562847,-0.009401747909714347,0.20478307791104156
1,1,0.1499999999999968,"(np.float64(-0.05428808997301487), np.float64(0.19249104729072947))",-0.04625272750854492,-0.15244130790233612,2.7565260934869373,-2.5020711241958034,3.2171640479700647,3.288323743872629,-0.014986640112976096,0.2047172592097056
1,1,0.1599999999999966,"(np.float64(-0.05428808997301487), np.float64(0.19249104729072947))",-0.0696784034371376,-0.15822544693946838,2.788093377172776,-2.470556021338572,3.096747871463555,3.0145170149178684,-0.020283311454888125,0.2044225797041099
1,1,0.16999999999999638,"(np.float64(-0.05428808997301487), np.float64(0.19249104729072947))",-0.09496297687292099,-0.17887143790721893,2.8183362899540625,-2.4418788542773977,2.9523598349373303,2.720805295079184,-0.02526192893037682,0.2039420277669527
1,1,0.17999999999999616,"(np.float64(-0.05428808997301487), np.float64(0.19249104729072947))",-0.10049581527709961,-0.19386711716651917,2.8471340721381804,-2.4162284544082993,2.807655158714986,2.409184288600369,-0.029889341070120423,0.20330665793896852
1,1,0.18999999999999595,"(np.float64(-0.05428808997301487), np.float64(0.19249104729072947))",-0.10391636192798615,-0.20209942758083344,2.8744864001880774,-2.3937438509744715,2.6632077422153118,2.087635856608139,-0.0341356977431852,0.20253563783532247
1,1,0.19999999999999574,"(np.float64(-0.05428808997301487), np.float64(0.19249104729072947))",-0.11532211303710938,-0.20570412278175354,2.9003377919260593,-2.374484435558286,2.5074576426599027,1.7641347967217205,-0.03798452018536405,0.20164238395745218
1,1,0.20999999999999552,"(np.float64(-0.05428808997301487), np.float64(0.19249104729072947))",-0.13180847465991974,-0.2080809623003006,2.9245355901816916,-2.3584470750816178,2.3322100943833552,1.4436256768459885,-0.04142414755684856,0.20064698746534826
1,1,0.2199999999999953,"(np.float64(-0.05428808997301487), np.float64(0.19249104729072947))",-0.15036916732788086,-0.2063768357038498,2.9468682326690216,-2.3455772357823457,2.1346839543476857,1.130228897752938,-0.044443871764204196,0.19957829837428603
1,1,0.2299999999999951,"(np.float64(-0.05428808997301487), np.float64(0.19249104729072947))",-0.16267605125904083,-0.19566737115383148,2.9671417225157803,-2.3357595542726584,1.9202970918911768,0.8331676457792698,-0.04703565824488676,0.19847058820843716
1,1,0.23999999999999488,"(np.float64(-0.05428808997301487), np.float64(0.19249104729072947))",-0.18104295432567596,-0.17607097327709198,2.985133725663384,-2.328766407789857,1.678323814555482,0.5652924972180308,-0.049199753378809274,0.19735798493450207
1,1,0.24999999999999467,"(np.float64(-0.05428808997301487), np.float64(0.19249104729072947))",-0.18627052009105682,-0.14735232293605804,3.000636666829445,-2.324267363778134,1.4223487938776092,0.3342980445167295,-0.050946567743982846,0.19627948537429724
1,1,0.25999999999999446,"(np.float64(-0.05428808997301487), np.float64(0.19249104729072947))",-0.17939643561840057,-0.11717825382947922,3.0135819550228895,-2.321902588383483,1.1642953658918658,0.1489012351493135,-0.05229799609195748,0.1952751216938015
1,1,0.26999999999999424,"(np.float64(-0.05428808997301487), np.float64(0.19249104729072947))",-0.1657220870256424,-0.10254345089197159,3.023925516355805,-2.320954728072981,0.9005371423944802,0.05661018756393922,-0.05328746221418587,0.1943730562065617
1,1,0.27999999999999403,"(np.float64(-0.05428808997301487), np.float64(0.19249104729072947))",-0.1335468292236328,-0.09652290493249893,3.031745171629288,-2.32061253376552,0.6614825290770562,0.01838276396110692,-0.053982756394482606,0.1936124463862839
1,1,0.2899999999999938,"(np.float64(-0.05428808997301487), np.float64(0.19249104729072947))",-0.10097628086805344,-0.09452266991138458,3.0373325533467272,-2.320525271107632,0.4549528681413909,0.0018722340006242025,-0.05446710779383815,0.1930245406471321
1,1,0.2999999999999936,"(np.float64(-0.05428808997301487), np.float64(0.19249104729072947))",-0.06699524074792862,-0.09087572246789932,3.041039994857836,-2.320549744345089,0.2858951040242141,-0.005530693751082335,-0.05479332321795474,0.19260198377007115
1,1,0.3099999999999934,"(np.float64(-0.05428808997301487), np.float64(0.19249104729072947))",-0.03672685846686363,-0.09030943363904953,3.043228759956694,-2.3206277331186063,0.15141517993611578,-0.009427995199823338,-0.054997629845383394,0.1923229170929961
1,1,0.3199999999999932,"(np.float64(-0.05428808997301487), np.float64(0.19249104729072947))",-0.010511589236557484,-0.09230852127075195,3.0442587811628754,-2.320738132012244,0.0632560140528219,-0.012515596475331552,-0.05510800254327339,0.1921609213453013
1,1,0.32999999999999297,"(np.float64(-0.05428808997301487), np.float64(0.19249104729072947))",0.004459190648049116,-0.09205207973718643,3.044677243675675,-2.32087627645807,0.026664490194163504,-0.015002991121435208,-0.05514811592199259,0.192088255249798
1,1,0.33999999999999275,"(np.float64(-0.05428808997301487), np.float64(0.19249104729072947))",0.009954643435776234,-0.09122610092163086,3.044858580094364,-2.321034237095992,0.01206671326899689,-0.016474888023485255,-0.055149743382196914,0.19206296763943992
1,1,0.34999999999999254,"(np.float64(-0.05428808997301487), np.float64(0.19249104729072947))",0.012245560064911842,-0.09071159362792969,3.0449451674060266,-2.321203252474942,0.006230055744827196,-0.01725334129306555,-0.055135841135186464,0.19205537185661015
1,1,0.3599999999999923,"(np.float64(-0.05428808997301487), np.float64(0.19249104729072947))",0.013252449221909046,-0.09033861011266708,3.044993904532492,-2.32137783369295,0.003907653365867856,-0.017622481824390676,-0.0551163997050845,0.19205342024460098
1,1,0.3699999999999921,"(np.float64(-0.05428808997301487), np.float64(0.19249104729072947))",0.013727569952607155,-0.09003210067749023,3.0450276791550293,-2.3215548775793766,0.0030024171945418486,-0.017768298578377747,-0.055095700555626015,0.192052238636051
1,1,0.3799999999999919,"(np.float64(-0.05428808997301487), np.float64(0.19249104729072947))",0.013969230465590954,-0.08975744247436523,3.045055729951216,-2.321732739839144,0.002668589222003826,-0.01779916944514559,-0.05507543825064301,0.19205005406944464
1,1,0.3899999999999917,"(np.float64(-0.05428808997301487), np.float64(0.19249104729072947))",0.014100456610321999,-0.08949937671422958,3.045081769356211,-2.3219105976767134,0.0025623171120399135,-0.01777446620824145,-0.055056155923409844,0.19204640736271383
1,1,0.3999999999999915,"(np.float64(-0.05428808997301487), np.float64(0.19249104729072947))",0.014173698611557484,-0.08924990147352219,3.0451072560581367,-2.3220880671998256,0.002543057724734558,-0.0177251384529865,-0.05503790908464762,0.19204136140010375
1,1,0.40999999999999126,"(np.float64(-0.05428808997301487), np.float64(0.19249104729072947))",0.014214134775102139,-0.08900566399097443,3.045132728379414,-2.322264988967757,0.002553704756581954,-0.017666672158793258,-0.05502057013901973,0.19203515315058012
1,1,0.41999999999999105,"(np.float64(-0.05428808997301487), np.float64(0.19249104729072947))",0.014233589172363281,-0.08876457065343857,3.0451583527584662,-2.322441312688225,0.0025714919990849944,-0.01760630949139154,-0.0550039638379512,0.19202804636628457
1,1,0.42999999999999083,"(np.float64(-0.05428808997301487), np.float64(0.19249104729072947))",0.014240455813705921,-0.0885256752371788,3.0451841518733125,-2.3226170372689396,0.002588135553875056,-0.017547130711665943,-0.054987923225901014,0.19202027525381293
1,1,0.4399999999999906,"(np.float64(-0.05428808997301487), np.float64(0.19249104729072947))",0.014237976633012295,-0.08828773349523544,3.0452100982601906,-2.322792180405069,0.002600995978743216,-0.0174900878297327,-0.05497230894729532,0.192012028429061
1,1,0.4499999999999904,"(np.float64(-0.05428808997301487), np.float64(0.19249104729072947))",0.014229774475097656,-0.08805103600025177,3.045236152300654,-2.3229667647298013,0.0026098760648176765,-0.017435326576164464,-0.054957012368223174,0.19200344980570871
1,1,0.4599999999999902,"(np.float64(-0.05428808997301487), np.float64(0.19249104729072947))",0.014218139462172985,-0.08781538158655167,3.045262277201229,-2.3231408119986825,0.0026153879577235743,-0.017382595352201286,-0.054941952230217084,0.19199464544923678
1,1,0.46999999999999,"(np.float64(-0.05428808997301487), np.float64(0.19249104729072947))",0.014203071594238281,-0.08758039772510529,3.0452884423223234,-2.323314340510311,0.002618132569360066,-0.017331493564197942,-0.054927069434383496,0.19198569160878953
1,1,0.47999999999998977,"(np.float64(-0.05428808997301487), np.float64(0.19249104729072947))",0.014187050051987171,-0.08734607696533203,3.0453146244041944,-2.32348736473609,0.002618926086609063,-0.017281662062240633,-0.054912321834643896,0.19197664219146665
1,1,0.48999999999998956,"(np.float64(-0.05428808997301487), np.float64(0.19249104729072947))",0.014169692993164062,-0.08711280673742294,3.045340806568485,-2.3236598960794335,0.002618264963742068,-0.017232843644785847,-0.05489767985352903,0.1919675347531458
1,1,0.49999999999998934,"(np.float64(-0.05428808997301487), np.float64(0.19249104729072947))",0.01415100134909153,-0.08688002079725266,3.045366976128784,-2.3238319431576766,0.0026165014496801063,-0.017184754373219216,-0.054883122953279406,0.19195839514304802
1,1,0.5099999999999891,"(np.float64(-0.05428808997301487), np.float64(0.19249104729072947))",0.014132118783891201,-0.08664798736572266,3.045393124199164,-2.32400351242542,0.0026140247888532843,-0.01713723226393425,-0.05486863697601124,0.19194924105249625
1,1,0.5199999999999889,"(np.float64(-0.05428808997301487), np.float64(0.19249104729072947))",0.01411285437643528,-0.0864163413643837,3.0454192447849007,-2.324174608648691,0.0026110465034741574,-0.017090109721533662,-0.054854212252711365,0.191940084467074
1,1,0.5299999999999887,"(np.float64(-0.05428808997301487), np.float64(0.19249104729072947))",0.014093780890107155,-0.08618583530187607,3.04544533403169,-2.3243452357722707,0.002607776374150083,-0.0170433685280268,-0.05483984223063931,0.19193093344277357
1,1,0.5399999999999885,"(np.float64(-0.05428808997301487), np.float64(0.19249104729072947))",0.01407394465059042,-0.08595514297485352,3.045471388994189,-2.3245153965074525,0.0026042189362732305,-0.01699681509999794,-0.05482552245825928,0.19192179333312567
1,1,0.5499999999999883,"(np.float64(-0.05428808997301487), np.float64(0.19249104729072947))",0.01405410747975111,-0.08572559803724289,3.045497407484222,-2.3246850931225813,0.002600495975721858,-0.01695051144636426,-0.05481124993763126,0.19191266773329146
1,1,0.5599999999999881,"(np.float64(-0.05428808997301487), np.float64(0.19249104729072947))",0.014034462161362171,-0.08549661934375763,3.0455233883331143,-2.3248543278088807,0.00259669439398357,-0.016904402232732648,-0.054797022619373775,0.19190355903059586
1,1,0.5699999999999878,"(np.float64(-0.05428808997301487), np.float64(0.19249104729072947))",0.014014816842973232,-0.08526811748743057,3.0455493308797092,-2.325023102272927,0.0025928382239536712,-0.016858445037685785,-0.05478283909597542,0.1918944687579236
1,1,0.5799999999999876,"(np.float64(-0.05428808997301487), np.float64(0.19249104729072947))",0.013994979672133923,-0.08504028618335724,3.045575234540319,-2.325191418038341,0.0025889226717318702,-0.01681263931432158,-0.054768698418553474,0.1918853979093864
1,1,0.5899999999999874,"(np.float64(-0.05428808997301487), np.float64(0.19249104729072947))",0.013975334353744984,-0.08481331169605255,3.0456010990026945,-2.325359276739192,0.0025849966920260966,-0.01676700436802842,-0.05475459991589371,0.1918763471344723
1,1,0.5999999999999872,"(np.float64(-0.05428808997301487), np.float64(0.19249104729072947))",0.013955689035356045,-0.08458643406629562,3.0456269241455294,-2.325526679589025,0.002581058601683698,-0.016721455472159016,-0.054740543090157384,0.19186731682999225
1,1,0.609999999999987,"(np.float64(-0.05428808997301487), np.float64(0.19249104729072947))",0.013936042785644531,-0.0843605026602745,3.045652709872555,-2.3256936278240614,0.002577112746512386,-0.01667605629685925,-0.054726527603552455,0.1918583072467392
1,1,0.6199999999999868,"(np.float64(-0.05428808997301487), np.float64(0.19249104729072947))",0.013916588388383389,-0.08413534611463547,3.0456784562511294,-2.3258601229756537,0.002573184109248944,-0.01663081231796042,-0.054712553191518964,0.19184931853279136
1,1,0.6299999999999866,"(np.float64(-0.05428808997301487), np.float64(0.19249104729072947))",0.013896370306611061,-0.08391056209802628,3.0457041628422217,-2.326026166309433,0.0025691690059430777,-0.016585675202199373,-0.05469861961917899,0.19184035074687544
1,1,0.6399999999999864,"(np.float64(-0.05428808997301487), np.float64(0.19249104729072947))",0.013876534067094326,-0.08368616551160812,3.0457298293368007,-2.3261917588126324,0.002565162327833847,-0.01654063044461023,-0.054684726680015616,0.19183140395375892
1,1,0.6499999999999861,"(np.float64(-0.05428808997301487), np.float64(0.19249104729072947))",0.013856887817382812,-0.08346261829137802,3.0457554559247306,-2.3263569016834347,0.0025611819089666255,-0.016495724669902324,-0.054670874218353205,0.19182247819600445
1,1,0.6599999999999859,"(np.float64(-0.05428808997301487), np.float64(0.19249104729072947))",0.013837623409926891,-0.08323955535888672,3.0457810430378074,-2.3265215961737478,0.0025572567902483042,-0.01645093416399992,-0.05465706210060217,0.19181357345115044
1,1,0.6699999999999857,"(np.float64(-0.05428808997301487), np.float64(0.19249104729072947))",0.013817406259477139,-0.08301706612110138,3.045806590370322,-2.326685843413967,0.0025532406890545925,-0.016406255944516165,-0.0546432902108952,0.19180468966384723
1,1,0.6799999999999855,"(np.float64(-0.05428808997301487), np.float64(0.19249104729072947))",0.013797950930893421,-0.08279561996459961,3.0458320978671125,-2.3268496448828726,0.0025492788978857834,-0.01636174984307884,-0.054629558411707246,0.19179582682827512
1,1,0.6899999999999853,"(np.float64(-0.05428808997301487), np.float64(0.19249104729072947))",0.013778305612504482,-0.08257446438074112,3.0458575657394333,-2.327013001901309,0.0025453152900247822,-0.016317347939055125,-0.05461586654838352,0.19178698490362428
1,1,0.6999999999999851,"(np.float64(-0.05428808997301487), np.float64(0.19249104729072947))",0.013758659362792969,-0.08235378563404083,3.045882993973157,-2.3271759154822806,0.002541350597504613,-0.016273045274199816,-0.054602214498132795,0.1917781638324233
1,1,0.7099999999999849,"(np.float64(-0.05428808997301487), np.float64(0.19249104729072947))",0.013739204965531826,-0.08213386684656143,3.0459083826996065,-2.327338386805113,0.0025374088738680544,-0.01622887356061631,-0.054588602155906246,0.19176936358461488
1,1,0.7199999999999847,"(np.float64(-0.05428808997301487), np.float64(0.19249104729072947))",0.013719749636948109,-0.08191442489624023,3.0459337320650013,-2.3275004170553664,0.002533476023824791,-0.016184811751635608,-0.054575029410527914,0.19176058411067595
1,1,0.7299999999999844,"(np.float64(-0.05428808997301487), np.float64(0.19249104729072947))",0.013699913397431374,-0.08169575035572052,3.0459590418651796,-2.3276620074755896,0.002529501984811519,-0.01614088459622407,-0.0545614961520256,0.19175182535842955
1,1,0.7399999999999842,"(np.float64(-0.05428808997301487), np.float64(0.19249104729072947))",0.013680839911103249,-0.08147735893726349,3.045984312356301,-2.3278231591614245,0.002525600850800807,-0.016097048679964695,-0.05454800224694048,0.19174308729791137
1,1,0.749999999999984,"(np.float64(-0.05428808997301487), np.float64(0.19249104729072947))",0.013661003671586514,-0.08125992119312286,3.046009543491259,-2.3279838733495364,0.00252164004691005,-0.016053360017951185,-0.05453454759872817,0.19173436987383666
1,1,0.7599999999999838,"(np.float64(-0.05428808997301487), np.float64(0.19249104729072947))",0.013641548343002796,-0.08104276657104492,3.0460347351377193,-2.32814415121224,0.002517698981822431,-0.016009767005494318,-0.05452113208414758,0.191725673043449
1,1,0.7699999999999836,"(np.float64(-0.05428808997301487), np.float64(0.19249104729072947))",0.013622093014419079,-0.0808262825012207,3.046059887427896,-2.3283039938383294,0.0025137664345178446,-0.01596629223941189,-0.05450775557933207,0.19171699677558052
1,1,0.7799999999999834,"(np.float64(-0.05428808997301487), np.float64(0.19249104729072947))",0.013602638617157936,-0.08061046898365021,3.0460850004196196,-2.3284634024651543,0.0025098376895889563,-0.015922945103000328,-0.05449441798299148,0.19170834102252665
1,1,0.7899999999999832,"(np.float64(-0.05428808997301487), np.float64(0.19249104729072947))",0.013583374209702015,-0.08039531856775284,3.0461100742710245,-2.328622378390274,0.002505933193818856,-0.015879729105544204,-0.0544811191768009,0.19169970573481165
1,1,0.799999999999983,"(np.float64(-0.05428808997301487), np.float64(0.19249104729072947))",0.013563918881118298,-0.08018045872449875,3.0461351090006064,-2.328780922668188,0.0025020150327979378,-0.01583660067945336,-0.054467859042274,0.19169109085314806
1,1,0.8099999999999827,"(np.float64(-0.05428808997301487), np.float64(0.19249104729072947))",0.013543891720473766,-0.07996626198291779,3.0461601041233726,-2.328939036321576,0.002498023686811087,-0.01579358521691893,-0.05445463747583759,0.1916824963386664
1,1,0.8199999999999825,"(np.float64(-0.05428808997301487), np.float64(0.19249104729072947))",0.013524818234145641,-0.07975282520055771,3.046185059830294,-2.32909672063964,0.0024941162527342135,-0.01575070901813378,-0.054441454349619806,0.1916739221906097
1,1,0.8299999999999823,"(np.float64(-0.05428808997301487), np.float64(0.19249104729072947))",0.013505554758012295,-0.07953987270593643,3.0462099765334973,-2.3292539768589835,0.0024902201469512325,-0.015707945891788328,-0.05442830954611072,0.19166536834979625
1,1,0.8399999999999821,"(np.float64(-0.05428808997301487), np.float64(0.19249104729072947))",0.01348648127168417,-0.07932748645544052,3.0462348544399616,-2.3294108061143133,0.0024863513338468095,-0.01566529642169048,-0.054415202966725834,0.1916568347402859
1,1,0.8499999999999819,"(np.float64(-0.05428808997301487), np.float64(0.19249104729072947))",0.013466263189911842,-0.07911548763513565,3.0462596929252554,-2.3295672093943876,0.002482357021623314,-0.015622736303400409,-0.05440213451146214,0.19164832130505882
1,1,0.8599999999999817,"(np.float64(-0.05428808997301487), np.float64(0.19249104729072947))",0.013447380624711514,-0.07890405505895615,3.046284492103403,-2.3297231877115863,0.0024784703784496227,-0.015580284460842943,-0.05438910404913333,0.19163982805352503
1,1,0.8699999999999815,"(np.float64(-0.05428808997301487), np.float64(0.19249104729072947))",0.013428116217255592,-0.07869406044483185,3.0463092524282978,-2.329878742752713,0.0024745847014717355,-0.015538044442492066,-0.054376111482930506,0.19163135494476763
1,1,0.8799999999999812,"(np.float64(-0.05428808997301487), np.float64(0.19249104729072947))",0.013408851809799671,-0.07848329842090607,3.046333973873176,-2.3300338753749426,0.0024706950178940913,-0.015495801367606683,-0.0543631566763535,0.1916229018789975
1,1,0.889999999999981,"(np.float64(-0.05428808997301487), np.float64(0.19249104729072947))",0.013389778323471546,-0.07827387005090714,3.046358656569244,-2.3301885864846055,0.0024668296081606107,-0.01545371471634311,-0.054350239541274215,0.19161446882948666
1,1,0.8999999999999808,"(np.float64(-0.05428808997301487), np.float64(0.19249104729072947))",0.013370322994887829,-0.07806501537561417,3.0463833004052328,-2.3303428774931576,0.0024629282769191158,-0.015411758820797884,-0.05433735999450809,0.19160605575464829
1,1,0.9099999999999806,"(np.float64(-0.05428808997301487), np.float64(0.19249104729072947))",0.013351059518754482,-0.0778566375374794,3.0464079052769772,-2.3304967495933537,0.0024590345884331487,-0.015369913875241368,-0.05432451789399659,0.191597662608138
1,1,0.9199999999999804,"(np.float64(-0.05428808997301487), np.float64(0.19249104729072947))",0.013331986032426357,-0.07764863967895508,3.046432471363644,-2.330650203777971,0.0024551661806122556,-0.015328159871937261,-0.05431171311645677,0.191589289354748
1,1,0.9299999999999802,"(np.float64(-0.05428808997301487), np.float64(0.19249104729072947))",0.01331253070384264,-0.07744131237268448,3.04645699856758,-2.3308032410971706,0.0024512631960200456,-0.01528652113446107,-0.054298945572306134,0.19158093594714454
1,1,0.93999999999998,"(np.float64(-0.05428808997301487), np.float64(0.19249104729072947))",0.013293457217514515,-0.077234648168087,3.046481486931054,-2.3309558627742657,0.002447391680658655,-0.01524500933464169,-0.05428621515300236,0.19157260235402024
1,1,0.9499999999999797,"(np.float64(-0.05428808997301487), np.float64(0.19249104729072947))",0.01327438373118639,-0.07702837139368057,3.046505936655285,-2.3311080699060938,0.0024435324789960715,-0.015203595170244017,-0.0542735217408388,0.19156428852757956
1,1,0.9599999999999795,"(np.float64(-0.05428808997301487), np.float64(0.19249104729072947))",0.013255310244858265,-0.07682275772094727,3.0465303478239805,-2.3312598635896262,0.00243967875522995,-0.015162299232824502,-0.054260865238732386,0.19155599441329482
1,1,0.9699999999999793,"(np.float64(-0.05428808997301487), np.float64(0.19249104729072947))",0.013235664926469326,-0.07661791145801544,3.0465547200768297,-2.331411245118431,0.002435759645257427,-0.015121140912934952,-0.05424824554374863,0.1915477199645223
1,1,0.9799999999999791,"(np.float64(-0.05428808997301487), np.float64(0.19249104729072947))",0.013216591440141201,-0.07641305774450302,3.0465790533726813,-2.3315622154053455,0.0024318800129175416,-0.01508004064661258,-0.05423566251113851,0.19153946515827439
1,1,0.9899999999999789,"(np.float64(-0.05428808997301487), np.float64(0.19249104729072947))",0.013197898864746094,-0.07620897144079208,3.046603348244006,-2.331712775365493,0.0024280630301729018,-0.015039055289673047,-0.054223116045754666,0.19153122996810984
1,1,0.9999999999999787,"(np.float64(-0.05428808997301487), np.float64(0.19249104729072947))",0.013178634457290173,-0.07600574940443039,3.0466276047067895,-2.3318629263326156,0.0024242044719614223,-0.014998216918822452,-0.054210606085054264,0.1915230143232319
1,2,0.0,"(np.float64(0.05428808997301487), np.float64(0.19249104729072947))",0.013159560970962048,-0.0758029967546463,3.046651822618032,-2.3320126696007093,0.0024203509652968424,-0.014957495318404675,-0.05419813250247785,0.19151481816945026
1,2,0.009999999999999787,"(np.float64(0.05428808997301487), np.float64(0.19249104729072947))",-0.8613964915275574,-1.2006945610046387,3.043223504974814,-2.3379412666146746,-0.6830559805322741,-1.1644191181452794,-0.05418569516445726,0.191506641468665
1,2,0.019999999999999574,"(np.float64(0.05428808997301487), np.float64(0.19249104729072947))",-0.6984071731567383,-0.9312213063240051,3.033694194123147,-2.3537515476771045,-1.2223542102404132,-1.99607443848525,-0.05346483961396151,0.19149042396189403
1,2,0.02999999999999936,"(np.float64(0.05428808997301487), np.float64(0.19249104729072947))",-0.5090025067329407,-0.7103241086006165,3.0196659548392435,-2.3767213698050993,-1.584862856307983,-2.5986148293184614,-0.05150212834559276,0.19149429952317865
1,2,0.03999999999999915,"(np.float64(0.05428808997301487), np.float64(0.19249104729072947))",-0.368425190448761,-0.5379635095596313,3.002620290301114,-2.4048469329397375,-1.8262724394388556,-3.0280333609092343,-0.04862362293317066,0.19151608963627392
1,2,0.049999999999998934,"(np.float64(0.05428808997301487), np.float64(0.19249104729072947))",-0.3170866072177887,-0.4779213070869446,2.98335058966311,-2.43699498643866,-2.0292355003878155,-3.4027625406810653,-0.04510075806617836,0.1915085060538046
1,2,0.05999999999999872,"(np.float64(0.05428808997301487), np.float64(0.19249104729072947))",-0.2687353193759918,-0.4325336515903473,2.9622557867616055,-2.4726979617861504,-2.190922719063216,-3.7387460013363745,-0.04109553550253886,0.19143092963278674
1,2,0.06999999999999851,"(np.float64(0.05428808997301487), np.float64(0.19249104729072947))",-0.22294282913208008,-0.3894723057746887,2.939745795446729,-2.511572167089314,-2.3119688330751416,-4.036857126277084,-0.03668919468595408,0.19124444816584446
1,2,0.0799999999999983,"(np.float64(0.05428808997301487), np.float64(0.19249104729072947))",-0.20778226852416992,-0.30106183886528015,2.9159695173419706,-2.552897295760643,-2.4437882185556346,-4.228911814060341,-0.03195557941733815,0.19091157388534372
1,2,0.08999999999999808,"(np.float64(0.05428808997301487), np.float64(0.19249104729072947))",-0.19822178781032562,-0.20455265045166016,2.8907805488837908,-2.5955489779034853,-2.5942109581297514,-4.302103000022586,-0.026979567600301957,0.19043729966652911
1,2,0.09999999999999787,"(np.float64(0.05428808997301487), np.float64(0.19249104729072947))",-0.1827307790517807,-0.14033137261867523,2.8640944416006238,-2.6385571482932764,-2.742680085311942,-4.3003025000899795,-0.02185432871865356,0.1898774762553283
1,2,0.10999999999999766,"(np.float64(0.05428808997301487), np.float64(0.19249104729072947))",-0.1482023298740387,-0.08162756264209747,2.836064301137409,-2.6812281405656506,-2.863351850690768,-4.234314120510254,-0.016654355792762754,0.18928391241387066
1,2,0.11999999999999744,"(np.float64(0.05428808997301487), np.float64(0.19249104729072947))",-0.11216697841882706,-0.02244739606976509,2.806975659681187,-2.7229135430227456,-2.954320118938469,-4.103140636018627,-0.011439794660466213,0.18868334014191135
1,2,0.12999999999999723,"(np.float64(0.05428808997301487), np.float64(0.19249104729072947))",-0.07236748188734055,-0.0005453109624795616,2.777208144645778,-2.7632087472245463,-2.999113951605488,-3.956150088369868,-0.006271369358286705,0.1880962026766545
1,2,0.13999999999999702,"(np.float64(0.05428808997301487), np.float64(0.19249104729072947))",-0.03688478469848633,0.02104339562356472,2.7471962775281713,-2.801948701632254,-3.003164145282922,-3.792048239771337,-0.0011954944388993527,0.18752646796376132
1,2,0.1499999999999968,"(np.float64(0.05428808997301487), np.float64(0.19249104729072947))",-0.005506801884621382,0.040247153490781784,2.7173247922017807,-2.8389712179521482,-2.9710190745080576,-3.612653814208845,0.0037546498749329305,0.18696289256830304
1,2,0.1599999999999966,"(np.float64(0.05428808997301487), np.float64(0.19249104729072947))",0.02174358442425728,0.05698375776410103,2.687932557437061,-2.8741336353414066,-2.9073071250664464,-3.4200349982206837,0.008548124965579856,0.18639966398268862
1,2,0.16999999999999638,"(np.float64(0.05428808997301487), np.float64(0.19249104729072947))",0.04473533853888512,0.07092094421386719,2.6593114462054603,-2.907316328421117,-2.8167966823088975,-3.216718949580352,0.01315745001982152,0.1858348008150058
1,2,0.17999999999999616,"(np.float64(0.05428808997301487), np.float64(0.19249104729072947))",0.06407814472913742,0.10551643371582031,2.6316735755651783,-2.9382712740176986,-2.7106647372498602,-2.9745806262503964,0.017559045534441278,0.185269460990867
1,2,0.18999999999999595,"(np.float64(0.05428808997301487), np.float64(0.19249104729072947))",0.07287883758544922,0.15118980407714844,2.605088441692428,-2.966523033815085,-2.6062274969580708,-2.6761624928975305,0.02172662496668025,0.18471965826776285
1,2,0.19999999999999574,"(np.float64(0.05428808997301487), np.float64(0.19249104729072947))",0.07835998386144638,0.2228815108537674,2.5794775412634765,-2.991333788583883,-2.5158121428985596,-2.2865502260644717,0.025631505179059072,0.18422623763446927
1,2,0.20999999999999552,"(np.float64(0.05428808997301487), np.float64(0.19249104729072947))",0.07664871215820312,0.2484786957502365,2.554724923907554,-3.0120895642072325,-2.4342588739158004,-1.8654885637295897,0.02924323317784136,0.18385742615663347
1,2,0.2199999999999953,"(np.float64(0.05428808997301487), np.float64(0.19249104729072947))",0.07527675479650497,0.25415632128715515,2.530784430814128,-3.028619032923413,-2.353630091593912,-1.4408593012201953,0.03254404911137837,0.18367515357171524
1,2,0.2299999999999951,"(np.float64(0.05428808997301487), np.float64(0.19249104729072947))",0.07297153770923615,0.23052482306957245,2.5076785181238326,-3.041066993590976,-2.2673186938675753,-1.0490859751083312,0.03553635702202565,0.18370596287954277
1,2,0.23999999999999488,"(np.float64(0.05428808997301487), np.float64(0.19249104729072947))",0.06857147067785263,0.1886507123708725,2.485478804841467,-3.049876733379037,-2.1723685607153542,-0.7130891103636268,0.038233085433286934,0.18394956958688138
1,2,0.24999999999999467,"(np.float64(0.05428808997301487), np.float64(0.19249104729072947))",0.06582832336425781,0.1429668515920639,2.4642882264715475,-3.0556301118962956,-2.0655081677577414,-0.4377184465261047,0.04065705239832455,0.18438051921708418
1,2,0.25999999999999446,"(np.float64(0.05428808997301487), np.float64(0.19249104729072947))",0.06447257846593857,0.1245332732796669,2.444191797061145,-3.0587537173215793,-1.951094879294919,-0.19803201267650444,0.042833648616513106,0.1849604332401496
1,2,0.26999999999999424,"(np.float64(0.05428808997301487), np.float64(0.19249104729072947))",0.06333332508802414,0.10407467186450958,2.4253582557522084,-3.0600017242171087,-1.8104590122059918,-0.07331284774068333,0.04477948021248082,0.18566207351022007
1,2,0.27999999999999403,"(np.float64(0.05428808997301487), np.float64(0.19249104729072947))",0.06441173702478409,0.08795719593763351,2.4080461072394694,-3.0604465401433765,-1.6498944382558114,-0.02417387860163258,0.046520349399128344,0.1864282663244007
1,2,0.2899999999999938,"(np.float64(0.05428808997301487), np.float64(0.19249104729072947))",0.06578903645277023,0.07814865559339523,2.3923915997799057,-3.060576873864125,-1.4802414302526536,-0.005168391586578926,0.0480912473232504,0.18717219733467297
1,2,0.2999999999999936,"(np.float64(0.05428808997301487), np.float64(0.19249104729072947))",0.06813888996839523,0.0739252120256424,2.378463355889361,-3.0605858883029695,-1.3051931571009168,0.002119126216405297,0.04950579039510372,0.1878554380895923
1,2,0.3099999999999934,"(np.float64(0.05428808997301487), np.float64(0.19249104729072947))",0.06977023929357529,0.07180271297693253,2.3662990949155596,-3.0605487285275363,-1.1276663786981833,0.004850843322643111,0.05076661411859858,0.18846392525409955
1,2,0.3199999999999932,"(np.float64(0.05428808997301487), np.float64(0.19249104729072947))",0.0698736235499382,0.06921901553869247,2.3559097986273976,-3.0604953575703555,-0.9502804379845031,0.005687046725112298,0.05187210613326382,0.18899319276955975
1,2,0.32999999999999297,"(np.float64(0.05428808997301487), np.float64(0.19249104729072947))",0.06868209689855576,0.06554470211267471,2.3472847991966814,-3.0604387687863763,-0.7748283284422455,0.005645792040777593,0.05282038798108689,0.18944283124426758
1,2,0.33999999999999275,"(np.float64(0.05428808997301487), np.float64(0.19249104729072947))",0.06618519127368927,0.06321334838867188,2.340396295571148,-3.0603835685096947,-0.6029662260150048,0.005438285512150635,0.053610760180025224,0.1898142319938462
1,2,0.34999999999999254,"(np.float64(0.05428808997301487), np.float64(0.19249104729072947))",0.06242695078253746,0.06057853624224663,2.3352012167792418,-3.06033084828877,-0.4361208770728967,0.005162500741696694,0.05424397924754676,0.1901097953999873
1,2,0.3599999999999923,"(np.float64(0.05428808997301487), np.float64(0.19249104729072947))",0.05752411112189293,0.057665061205625534,2.3316430756530893,-3.060281049185276,-0.27555477853479426,0.004859748766626611,0.05472243790886418,0.19033249249177484
1,2,0.3699999999999921,"(np.float64(0.05428808997301487), np.float64(0.19249104729072947))",0.051132965832948685,0.054445840418338776,2.3296506781739845,-3.0602343031563852,-0.12854887285174474,0.0047409269794628445,0.055050173671244776,0.19048557499497532
1,2,0.3799999999999919,"(np.float64(0.05428808997301487), np.float64(0.19249104729072947))",0.04391002655029297,0.049359895288944244,2.328836685712051,-3.060184169880461,-0.0480646145459066,0.0057602310780129696,0.05523297012001058,0.19057260901211018
1,2,0.3899999999999917,"(np.float64(0.05428808997301487), np.float64(0.19249104729072947))",0.03979663923382759,0.04643535614013672,2.328548315431719,-3.060120926166708,-0.015246035434975741,0.007039873988426423,0.05530418287554757,0.19060975348508596
1,2,0.3999999999999915,"(np.float64(0.05428808997301487), np.float64(0.19249104729072947))",0.038079261779785156,0.04504508897662163,2.328474429158446,-3.060045866148113,-0.0018009930583893514,0.007944990064308738,0.05532197423949005,0.19062426830382018
1,2,0.40999999999999126,"(np.float64(0.05428808997301487), np.float64(0.19249104729072947))",0.037328340113162994,0.04430999979376793,2.3284887934969993,-3.05996377052599,0.0037443961443197797,0.008444502874128911,0.055317134475728544,0.1906298527546581
1,2,0.41999999999999105,"(np.float64(0.05428808997301487), np.float64(0.19249104729072947))",0.03698005899786949,0.04387187957763672,2.328539589394406,-3.0598780202201548,0.006021404196074463,0.008687850483083955,0.0553033926511626,0.1906321708521327
1,2,0.42999999999999083,"(np.float64(0.05428808997301487), np.float64(0.19249104729072947))",0.036803435534238815,0.04356994852423668,2.328604991932308,-3.0597907591748457,0.006894971209653763,0.008744219109087369,0.055286804320545516,0.19063358843136435
1,2,0.4399999999999906,"(np.float64(0.05428808997301487), np.float64(0.19249104729072947))",0.036707498133182526,0.043341636657714844,2.3286759016505587,-3.0597034506160656,0.007231107599551403,0.008723299956237579,0.05526989730534185,0.19063501769105481
1,2,0.4499999999999904,"(np.float64(0.05428808997301487), np.float64(0.19249104729072947))",0.0366453193128109,0.043144989758729935,2.328748966389325,-3.059616406454073,0.007358402150518616,0.008690810807733162,0.05525358933354001,0.19063671934498932
1,2,0.4599999999999902,"(np.float64(0.05428808997301487), np.float64(0.19249104729072947))",0.03659782558679581,0.04296169430017471,2.3288227907201615,-3.059529728736746,0.007397270552289739,0.008650058559773865,0.05523817403677597,0.19063879319535118
1,2,0.46999999999999,"(np.float64(0.05428808997301487), np.float64(0.19249104729072947))",0.036559104919433594,0.04278698191046715,2.328896793671543,-3.0594434783409916,0.0074002150452685015,0.008605688081325613,0.055223646993462105,0.19064122696632307
1,2,0.47999999999998977,"(np.float64(0.05428808997301487), np.float64(0.19249104729072947))",0.0365259163081646,0.04261818155646324,2.3289707472076833,-3.059357674065976,0.007389944085140183,0.008561052595684711,0.055209881605076686,0.19064395773543535
1,2,0.48999999999998956,"(np.float64(0.05428808997301487), np.float64(0.19249104729072947))",0.03649578243494034,0.04245338588953018,2.329044574466327,-3.0592723090315914,0.007375990664850836,0.008517904607838649,0.05519672326114826,0.19064691428635847
1,2,0.49999999999998934,"(np.float64(0.05428808997301487), np.float64(0.19249104729072947))",0.03646812587976456,0.04229087755084038,2.3291182612870287,-3.059187364986516,0.007362215226483994,0.008476830320390597,0.05518402888339252,0.19065003317952237
1,2,0.5099999999999891,"(np.float64(0.05428808997301487), np.float64(0.19249104729072947))",0.0364416129887104,0.04213085398077965,2.3291918169785206,-3.0591028202496338,0.007349855073113279,0.008437953907600718,0.05517168028855242,0.19065326328939664
1,2,0.5199999999999889,"(np.float64(0.05428808997301487), np.float64(0.19249104729072947))",0.036415863782167435,0.041971780359745026,2.3292652573610417,-3.059018654515339,0.00733913606230185,0.008400940831774995,0.055159585719144005,0.19065656568499897
1,2,0.5299999999999887,"(np.float64(0.05428808997301487), np.float64(0.19249104729072947))",0.03639106824994087,0.041814424097537994,2.329338598472417,-3.0589348503263833,0.00732994066646286,0.00836554348270316,0.055147676702842915,0.19065991173324628
1,2,0.5399999999999885,"(np.float64(0.05428808997301487), np.float64(0.19249104729072947))",0.03636627271771431,0.041657257825136185,2.3294118537635473,-3.0588513939203597,0.0073219184449226015,0.008331313379194258,0.05513590345848865,0.1906632808906704
1,2,0.5499999999999883,"(np.float64(0.05428808997301487), np.float64(0.19249104729072947))",0.03634205088019371,0.041501235216856,2.3294850338138677,-3.058768274663169,0.007314837762081278,0.008298042357439786,0.05512423054157822,0.19066665866491103
1,2,0.5599999999999881,"(np.float64(0.05428808997301487), np.float64(0.19249104729072947))",0.03631744533777237,0.04134559631347656,2.3295581463134125,-3.058685484426463,0.007308377453712521,0.008265457032408104,0.055112633079082,0.19067003498510307
1,2,0.5699999999999878,"(np.float64(0.05428808997301487), np.float64(0.19249104729072947))",0.03629321977496147,0.04119072109460831,2.3296311968372474,-3.058603017101614,0.0073024109104466535,0.008233412884704281,0.055101093836795526,0.19067340295080137
1,2,0.5799999999999876,"(np.float64(0.05428808997301487), np.float64(0.19249104729072947))",0.03626899793744087,0.041036415845155716,2.3297041894889112,-3.058520867988339,0.007296781911642617,0.008201776198640785,0.055089600978452405,0.19067675787670538
1,2,0.5899999999999874,"(np.float64(0.05428808997301487), np.float64(0.19249104729072947))",0.03624458238482475,0.04088249430060387,2.3297771269415737,-3.0584390336284306,0.007291360750580186,0.00817043305844533,0.055078146415531035,0.19068009661517224
1,2,0.5999999999999872,"(np.float64(0.05428808997301487), np.float64(0.19249104729072947))",0.03622017055749893,0.04072895273566246,2.3298500109647304,-3.0583575114856374,0.007286087852498457,0.008139309453658407,0.0550667246875943,0.19068341707078246
1,2,0.609999999999987,"(np.float64(0.05428808997301487), np.float64(0.19249104729072947))",0.036196138709783554,0.04057636484503746,2.3299228430572905,-3.058276299233303,0.0072809616551214795,0.00810842389425883,0.05505533212557953,0.19068671785770222
1,2,0.6199999999999868,"(np.float64(0.05428808997301487), np.float64(0.19249104729072947))",0.03617134317755699,0.04042396694421768,2.329995623839166,-3.0581953950050367,0.007275834220553376,0.00807768532894549,0.055043966221152416,0.19068999809002452
1,2,0.6299999999999866,"(np.float64(0.05428808997301487), np.float64(0.19249104729072947))",0.03614673763513565,0.04027194902300835,2.330068353558448,-3.058114797479201,0.007270747705740955,0.00804706693994818,0.055032625320871484,0.19069325721853822
1,2,0.6399999999999864,"(np.float64(0.05428808997301487), np.float64(0.19249104729072947))",0.03612213209271431,0.040120698511600494,2.330141032557085,-3.058034505269021,0.007265689454005603,0.00801659900004617,0.055021308342671604,0.19069649489459775
1,2,0.6499999999999861,"(np.float64(0.05428808997301487), np.float64(0.19249104729072947))",0.036097146570682526,0.039969444274902344,2.330213660819642,-3.0579545173392577,0.007260607268605471,0.007986200470191081,0.05501001453084722,0.19069971092301732
1,2,0.6599999999999859,"(np.float64(0.05428808997301487), np.float64(0.19249104729072947))",0.036072541028261185,0.03981895372271538,2.3302862384809617,-3.057874832687765,0.007255564609646403,0.007955923671199065,0.05499874340191886,0.19070290519470828
1,2,0.6699999999999857,"(np.float64(0.05428808997301487), np.float64(0.19249104729072947))",0.0360475555062294,0.039669036865234375,2.330358765556743,-3.0577954500920925,0.007250496396885898,0.00792576878036254,0.054987494611279164,0.19070607765961536
1,2,0.6799999999999855,"(np.float64(0.05428808997301487), np.float64(0.19249104729072947))",0.03602256998419762,0.039519499987363815,2.3304312418983617,-3.0577163684812705,0.0072454204319754535,0.007895710438517283,0.054976267908125515,0.19070922833266013
1,2,0.6899999999999853,"(np.float64(0.05428808997301487), np.float64(0.19249104729072947))",0.03599739074707031,0.039370156824588776,2.3305036673346198,-3.057637587078081,0.007240320377088611,0.00786571631738605,0.05496506312826911,0.19071235725208577
1,2,0.6999999999999851,"(np.float64(0.05428808997301487), np.float64(0.19249104729072947))",0.03597221523523331,0.03922157362103462,2.330576041708492,-3.0575591049333,0.007235210712349741,0.007835838709523457,0.0549538801674129,0.19071546445272317
1,2,0.7099999999999849,"(np.float64(0.05428808997301487), np.float64(0.19249104729072947))",0.035947035998106,0.03907337412238121,2.3306483649617213,-3.057480921016349,0.007230097689295069,0.0078060546757933716,0.05494271893945636,0.19071854999538201
1,2,0.7199999999999847,"(np.float64(0.05428808997301487), np.float64(0.19249104729072947))",0.035921860486269,0.03892574459314346,2.3307206370755025,-3.0574030343184844,0.0072249838550817866,0.007776376633267337,0.054931579362408736,0.19072161395113119
1,2,0.7299999999999844,"(np.float64(0.05428808997301487), np.float64(0.19249104729072947))",0.03589649125933647,0.03877849504351616,2.3307928579136044,-3.0573254438778594,0.007219847243501312,0.0077467877225631445,0.05492046136306311,0.19072465639273592
1,2,0.7399999999999842,"(np.float64(0.05428808997301487), np.float64(0.19249104729072947))",0.03587093576788902,0.0386316291987896,2.330865027199166,-3.0572481488427417,0.007214679416920266,0.007717281123885832,0.054909364887808065,0.1907276773969447
1,2,0.749999999999984,"(np.float64(0.05428808997301487), np.float64(0.19249104729072947))",0.0358455665409565,0.038485147058963776,2.3309371448590888,-3.057171148414151,0.007209521080090659,0.007687852943426244,0.05489828990674528,0.19073067703981345
1,2,0.7599999999999838,"(np.float64(0.05428808997301487), np.float64(0.19249104729072947))",0.03581981733441353,0.03833942487835884,2.3310092106835913,-3.0570944415447654,0.007204320559973272,0.007658547716952074,0.05488723637941513,0.1907336553871808
1,2,0.7699999999999836,"(np.float64(0.05428808997301487), np.float64(0.19249104729072947))",0.03579425811767578,0.03819389268755913,2.3310812245370918,-3.0570180273050127,0.0071991263430484466,0.007629314613245421,0.0548762042650387,0.1907366125304342
1,2,0.7799999999999834,"(np.float64(0.05428808997301487), np.float64(0.19249104729072947))",0.03576831892132759,0.038048554211854935,2.3311531861988475,-3.056941905080472,0.007193889944718188,0.0076001351408973164,0.054865193524310935,0.19073954854944902
1,2,0.7899999999999832,"(np.float64(0.05428808997301487), np.float64(0.19249104729072947))",0.03574256971478462,0.03790416941046715,2.3312250955128464,-3.056866073867303,0.0071886571279792325,0.007571089217456375,0.054854204142552127,0.19074246350261542
1,2,0.799999999999983,"(np.float64(0.05428808997301487), np.float64(0.19249104729072947))",0.03571663051843643,0.037759970873594284,2.331296952378246,-3.056790532658629,0.007183404288008589,0.007542120734038259,0.05484323608096911,0.1907453574777328
1,2,0.8099999999999827,"(np.float64(0.05428808997301487), np.float64(0.19249104729072947))",0.03569069132208824,0.0376165397465229,2.33136875665701,-3.0567152804180497,0.0071781422828094505,0.007513274390591271,0.05483228929413937,0.19074823055992557
1,2,0.8199999999999825,"(np.float64(0.05428808997301487), np.float64(0.19249104729072947))",0.03566455841064453,0.03747310861945152,2.3314405081649805,-3.056640316342819,0.007172854928744907,0.007484478762440369,0.05482136373880371,0.1907510828383525
1,2,0.8299999999999823,"(np.float64(0.05428808997301487), np.float64(0.19249104729072947))",0.03563842922449112,0.03733024746179581,2.331512206733237,-3.0565656397083547,0.007167556843507754,0.007455770964275733,0.05481045938762108,0.19075391438518963
1,2,0.8399999999999821,"(np.float64(0.05428808997301487), np.float64(0.19249104729072947))",0.03561229631304741,0.037187959998846054,2.3315838522861765,-3.0564912495436816,0.00716225353121659,0.0074271668260050905,0.05479957621763949,0.19075672526651227
1,2,0.8499999999999819,"(np.float64(0.05428808997301487), np.float64(0.19249104729072947))",0.035585977137088776,0.037046052515506744,2.3316554446618434,-3.056417144904195,0.00715692620873085,0.007398650570406583,0.054788714184518084,0.1907595155642334
1,2,0.8599999999999817,"(np.float64(0.05428808997301487), np.float64(0.19249104729072947))",0.03555946424603462,0.03690452501177788,2.3317269835688874,-3.0563433249498133,0.007151566094106444,0.007370215538170114,0.05477787325189808,0.1907622853611456
1,2,0.8699999999999815,"(np.float64(0.05428808997301487), np.float64(0.19249104729072947))",0.03553314134478569,0.03676357492804527,2.3317984689220173,-3.0562697887555648,0.007146214655302061,0.007341881176961492,0.05476705340066451,0.19076503473702353
1,2,0.8799999999999812,"(np.float64(0.05428808997301487), np.float64(0.19249104729072947))",0.035506632179021835,0.03662281110882759,2.3318699006535657,-3.0561965355291636,0.007140845365244642,0.007313610804681648,0.05475625459025235,0.19076776377073726
1,2,0.889999999999981,"(np.float64(0.05428808997301487), np.float64(0.19249104729072947))",0.03547992929816246,0.036482810974121094,2.3319412785032756,-3.056123564321077,0.007135444591456971,0.0072854570946692876,0.05474547678425651,0.19077047252930895
1,2,0.8999999999999808,"(np.float64(0.05428808997301487), np.float64(0.19249104729072947))",0.03545341640710831,0.03634300455451012,2.332012602404609,-3.0560508742397086,0.007130054386842894,0.007257373435659829,0.05473471995509907,0.19077316110002768
1,2,0.9099999999999806,"(np.float64(0.05428808997301487), np.float64(0.19249104729072947))",0.03542652353644371,0.036203574389219284,2.3320838721609567,-3.0559784645578225,0.007124623248815474,0.00722936407819085,0.0547239840616742,0.19077582955807487
1,2,0.9199999999999804,"(np.float64(0.05428808997301487), np.float64(0.19249104729072947))",0.03540001064538956,0.036065101623535156,2.3321550877587516,-3.0559063341373136,0.0071192190302225905,0.00720149673509689,0.054713269082204974,0.19077847797036496
1,2,0.9299999999999802,"(np.float64(0.05428808997301487), np.float64(0.19249104729072947))",0.03537292405962944,0.03592643886804581,2.332226248989806,-3.0558344821667593,0.007113759767495421,0.0071736672286482435,0.054702574958442926,0.19078110642984542
1,2,0.93999999999998,"(np.float64(0.05428808997301487), np.float64(0.19249104729072947))",0.035346031188964844,0.03578834608197212,2.332297355622523,-3.0557629080117636,0.007108300036200188,0.007145919469384403,0.05469190166357667,0.19078371500987282
1,2,0.9499999999999797,"(np.float64(0.05428808997301487), np.float64(0.19249104729072947))",0.035318948328495026,0.0356508269906044,2.3323684075177646,-3.0556916107369005,0.007102817045850322,0.007118273432612336,0.05468124918526271,0.19078630377203082
1,2,0.9599999999999795,"(np.float64(0.05428808997301487), np.float64(0.19249104729072947))",0.03529205545783043,0.035513877868652344,2.3324394046544885,-3.055620589287547,0.00709734690016554,0.007090735709313333,0.054670617486613574,0.19078887279796217
1,2,0.9699999999999793,"(np.float64(0.05428808997301487), np.float64(0.19249104729072947))",0.03526496887207031,0.03537712246179581,2.3325103469877413,-3.0555498428156755,0.007091859816942766,0.00706326607485274,0.05466000651372892,0.19079142217395134
1,2,0.9799999999999791,"(np.float64(0.05428808997301487), np.float64(0.19249104729072947))",0.03523769602179527,0.035240937024354935,2.3325812342725403,-3.0554793704787797,0.0070863430581003806,0.007035891981309902,0.05464941622425788,0.19079395197012464
1,2,0.9899999999999789,"(np.float64(0.05428808997301487), np.float64(0.19249104729072947))",0.035210609436035156,0.035104941576719284,2.3326520664499046,-3.0554091715257075,0.007080836947036955,0.007008578857326759,0.054638846594276744,0.1907964622643805
1,2,0.9999999999999787,"(np.float64(0.05428808997301487), np.float64(0.19249104729072947))",0.03518333658576012,0.03496971353888512,2.332722843450857,-3.0553392450219485,0.007075311905519165,0.006981381877813187,0.05462829758944936,0.1907989531204499
2,1,0.0,"(np.float64(-0.08014976662062823), np.float64(0.1832375914234272))",0.026552582159638405,0.02185993269085884,2.143451477138085,-3.2302769637016424,0.0053246652324773205,0.00434325608877854,0.08191157328376754,0.18337180783871157
2,1,0.010000000000001563,"(np.float64(-0.08014976662062823), np.float64(0.1832375914234272))",1.1014569997787476,1.30142343044281,2.1482146879799107,-3.224197126785966,0.940159622588314,1.2044577191772214,0.0819042344437516,0.18337391868546646
2,1,0.020000000000003126,"(np.float64(-0.08014976662062823), np.float64(0.1832375914234272))",0.9938381314277649,1.256085991859436,2.161544947855478,-3.206389510986538,1.722691921041791,2.3548289864681284,0.08119759412707259,0.1837601905403861
2,1,0.03000000000000469,"(np.float64(-0.08014976662062823), np.float64(0.1832375914234272))",0.9540233612060547,1.1998045444488525,2.1824566479953695,-3.1774112533319876,2.458189560233681,3.441109681858232,0.07911671340801504,0.18487753828677064
2,1,0.04000000000000625,"(np.float64(-0.08014976662062823), np.float64(0.1832375914234272))",0.9302606582641602,1.1044422388076782,2.210680289904729,-3.138112213303205,3.1861187342509822,4.420679034714706,0.07570464885920533,0.18665364978101825
2,1,0.050000000000007816,"(np.float64(-0.08014976662062823), np.float64(0.1832375914234272))",0.8519744873046875,0.9386463165283203,2.2459207274411663,-3.089881629685486,3.862533818034546,5.2285443548274335,0.07097221399873596,0.18895910948468497
2,1,0.06000000000000938,"(np.float64(-0.08014976662062823), np.float64(0.1832375914234272))",0.6219131350517273,0.6805822253227234,2.2868540844585965,-3.0347755862987107,4.3260323298322545,5.795990179435027,0.06497439142967609,0.19160754802003838
2,1,0.07000000000001094,"(np.float64(-0.08014976662062823), np.float64(0.1832375914234272))",0.4184560775756836,0.3709859848022461,2.33161884103708,-2.9755678179215104,4.629456481121503,6.048570642530112,0.057915485705686234,0.19439136752192482
2,1,0.0800000000000125,"(np.float64(-0.08014976662062823), np.float64(0.1832375914234272))",0.25136110186576843,0.14997196197509766,2.378722306871274,-2.914917699271519,4.793608381902513,6.083522353325558,0.05011693162727528,0.19708827412847235
2,1,0.09000000000001407,"(np.float64(-0.08014976662062823), np.float64(0.1832375914234272))",0.08884258568286896,0.11313247680664062,2.426529044696026,-2.8538797613047966,4.769400803703176,6.124545524628512,0.04189023135687313,0.19950886389773395
2,1,0.10000000000001563,"(np.float64(-0.08014976662062823), np.float64(0.1832375914234272))",0.06563644856214523,0.08742351830005646,2.474006409420174,-2.7925539895909086,4.726880255045973,6.140447178907911,0.033473746527885664,0.20162965895010784
2,1,0.1100000000000172,"(np.float64(-0.08014976662062823), np.float64(0.1832375914234272))",0.03953247144818306,0.06552562862634659,2.5209296285979517,-2.73117781557992,4.658220332331599,6.134329330840576,0.02498262491161765,0.20349328138344117
2,1,0.12000000000001876,"(np.float64(-0.08014976662062823), np.float64(0.1832375914234272))",0.007823181338608265,-0.007214164827018976,2.5670667974967674,-2.670286737740902,4.569793226778285,6.043556032860059,0.01646070089775417,0.20509841926490552
2,1,0.13000000000002032,"(np.float64(-0.08014976662062823), np.float64(0.1832375914234272))",0.013231468386948109,-0.1347522735595703,2.6125332626518554,-2.611113025441047,4.524239295498944,5.791280443639494,0.007970549127777851,0.2064255804682259
2,1,0.14000000000002188,"(np.float64(-0.08014976662062823), np.float64(0.1832375914234272))",0.026805495843291283,-0.20876836776733398,2.657739323692888,-2.554938840176642,4.517561250723229,5.443684512317818,-0.00039328791584566924,0.20739663216768353
2,1,0.15000000000002345,"(np.float64(-0.08014976662062823), np.float64(0.1832375914234272))",0.015619468875229359,-0.25712910294532776,2.7028826080842965,-2.502524046508164,4.5116683403147695,5.039282788607959,-0.008539804084268549,0.207923949897099
2,1,0.160000000000025,"(np.float64(-0.08014976662062823), np.float64(0.1832375914234272))",-0.004494571592658758,-0.2912282943725586,2.7478981185541143,-2.45433905523085,4.492063113434943,4.597593128066014,-0.016393229010753213,0.20797392459866487
2,1,0.17000000000002657,"(np.float64(-0.08014976662062823), np.float64(0.1832375914234272))",-0.03154897689819336,-0.30616217851638794,2.792582897504576,-2.4106315494116304,4.4455867357406955,4.14364370404912,-0.02387967495770013,0.20755338838202286
2,1,0.18000000000002814,"(np.float64(-0.08014976662062823), np.float64(0.1832375914234272))",-0.0860748291015625,-0.31518250703811646,2.836492244664058,-2.3714537760420487,4.3371631666973,3.691546615817636,-0.030935988226477945,0.2066965654125265
2,1,0.1900000000000297,"(np.float64(-0.08014976662062823), np.float64(0.1832375914234272))",-0.12945738434791565,-0.30801430344581604,2.8790590781711036,-2.3367029604536964,4.177118900809367,3.258191702056601,-0.03750431081338271,0.20546883018503193
2,1,0.20000000000003126,"(np.float64(-0.08014976662062823), np.float64(0.1832375914234272))",-0.16248969733715057,-0.2882682979106903,2.919815318511765,-2.306127734380971,3.9749841429978243,2.8563981863801153,-0.04353933705821697,0.20395547039566336
2,1,0.21000000000003283,"(np.float64(-0.08014976662062823), np.float64(0.1832375914234272))",-0.1647258847951889,-0.27798375487327576,2.9585444636490155,-2.2795135398910142,3.771568105768193,2.4660482975090208,-0.04902351024851204,0.2022426528218773
2,1,0.2200000000000344,"(np.float64(-0.08014976662062823), np.float64(0.1832375914234272))",-0.17156410217285156,-0.26804637908935547,2.995196640037482,-2.2567319457028896,3.559236242997259,2.090329446579993,-0.05395835182736536,0.20039404740376066
2,1,0.23000000000003595,"(np.float64(-0.08014976662062823), np.float64(0.1832375914234272))",-0.19580021500587463,-0.2759058177471161,3.029599349466984,-2.2377268416889753,3.32201855748825,1.7104642380757666,-0.05835199727078666,0.19845287996289865
2,1,0.24000000000003752,"(np.float64(-0.08014976662062823), np.float64(0.1832375914234272))",-0.19983959197998047,-0.26758453249931335,3.0616113270882495,-2.2224675320429963,3.080951109802762,1.3411804453752334,-0.06220174083832733,0.19646448835248437
2,1,0.2500000000000391,"(np.float64(-0.08014976662062823), np.float64(0.1832375914234272))",-0.18160410225391388,-0.244563490152359,3.0913096208168724,-2.2107872055860747,2.8590391390088845,0.9946083085903502,-0.06550640952577655,0.19446823870219576
2,1,0.26000000000004064,"(np.float64(-0.08014976662062823), np.float64(0.1832375914234272))",-0.1886099874973297,-0.2161945402622223,3.1187117670178943,-2.2023897610088095,2.621649475381414,0.6845808200028336,-0.06829119146272869,0.19248851815387485
2,1,0.2700000000000422,"(np.float64(-0.08014976662062823), np.float64(0.1832375914234272))",-0.19713592529296875,-0.1815052032470703,3.1436408688617417,-2.1968675558552464,2.3643289984227343,0.4195481932590238,-0.07059195708234986,0.1905534548936672
2,1,0.28000000000004377,"(np.float64(-0.08014976662062823), np.float64(0.1832375914234272))",-0.19135141372680664,-0.14651718735694885,3.16598480296351,-2.193789703358946,2.1030835813561772,0.20159131307294317,-0.07244633735186994,0.1887057274234541
2,1,0.29000000000004533,"(np.float64(-0.08014976662062823), np.float64(0.1832375914234272))",-0.1747509092092514,-0.11885547637939453,3.1857212268169945,-2.1925040774612885,1.8388602260931395,0.07707179013369082,-0.07389834750003121,0.18698008050902443
2,1,0.3000000000000469,"(np.float64(-0.08014976662062823), np.float64(0.1832375914234272))",-0.16229820251464844,-0.10568256676197052,3.2027759526815545,-2.1920267523400323,1.56961577943124,0.027005540261248462,-0.07501803301447738,0.18540798595187274
2,1,0.31000000000004846,"(np.float64(-0.08014976662062823), np.float64(0.1832375914234272))",-0.1436624526977539,-0.0999055877327919,3.2171981547577757,-2.191876988269752,1.3135743569862015,0.006458394554895802,-0.07590495230583844,0.1840319191866372
2,1,0.32000000000005,"(np.float64(-0.08014976662062823), np.float64(0.1832375914234272))",-0.11294155567884445,-0.09610815346240997,3.229220568258161,-2.1918648579849607,1.0901399098773052,-0.002515635972016461,-0.07661588721182427,0.18286409780896443
2,1,0.3300000000000516,"(np.float64(-0.08014976662062823), np.float64(0.1832375914234272))",-0.08550462871789932,-0.09364443272352219,3.2391601650397708,-2.191914885683315,0.897260800956613,-0.006780275963369075,-0.07718681669001165,0.1818913701761613
2,1,0.34000000000005315,"(np.float64(-0.08014976662062823), np.float64(0.1832375914234272))",-0.059740450233221054,-0.09163083881139755,3.2473181518873866,-2.191996189139481,0.7339534188206975,-0.00910228537852989,-0.07764508608291326,0.18108944066090915
2,1,0.3500000000000547,"(np.float64(-0.08014976662062823), np.float64(0.1832375914234272))",-0.03570365905761719,-0.0896122008562088,3.2539829052656004,-2.192095709726041,0.5986953339256382,-0.010569232178103691,-0.07801160468500931,0.1804335911459023
2,1,0.3600000000000563,"(np.float64(-0.08014976662062823), np.float64(0.1832375914234272))",-0.01527872122824192,-0.08798494189977646,3.259414716577262,-2.19220748386397,0.48742812126111285,-0.011622297744703363,-0.07830373981382735,0.1798997495056454
2,1,0.37000000000005784,"(np.float64(-0.08014976662062823), np.float64(0.1832375914234272))",0.001897621201351285,-0.08660145103931427,3.2638350016311986,-2.192328390783717,0.39644064307461113,-0.012435088040908152,-0.07853595616669792,0.17946610461215345
2,1,0.3800000000000594,"(np.float64(-0.08014976662062823), np.float64(0.1832375914234272))",0.01587524451315403,-0.08549127727746964,3.26742801679564,-2.192456471260899,0.3220167359574826,-0.013083099395177203,-0.07871998879437847,0.17911412248138497
2,1,0.39000000000006096,"(np.float64(-0.08014976662062823), np.float64(0.1832375914234272))",0.027373885735869408,-0.08455038070678711,3.270345054239045,-2.192590307247958,0.2612786246588149,-0.013605645585412345,-0.07886527857817133,0.17882845864621527
2,1,0.40000000000006253,"(np.float64(-0.08014976662062823), np.float64(0.1832375914234272))",0.036806490272283554,-0.08374834060668945,3.2727109402610233,-2.1927287887837656,0.211812563269788,-0.01402758120849956,-0.07897937028629429,0.1785966125100564
2,1,0.4100000000000641,"(np.float64(-0.08014976662062823), np.float64(0.1832375914234272))",0.04452381283044815,-0.0830608382821083,3.274628344648142,-2.192871014283721,0.1716025058807405,-0.014366935246829774,-0.07906833953801556,0.17840836978539198
2,1,0.42000000000006565,"(np.float64(-0.08014976662062823), np.float64(0.1832375914234272))",0.0508234016597271,-0.08246707916259766,3.2761814732670302,-2.193016239956965,0.13897298575180744,-0.014637907750922418,-0.07913708204991479,0.17825540794159223
2,1,0.4300000000000672,"(np.float64(-0.08014976662062823), np.float64(0.1832375914234272))",0.05595569685101509,-0.08195028454065323,3.277439218054035,-2.1931638497669517,0.1125377106048217,-0.014852262479085547,-0.07918954427805851,0.17813096025130237
2,1,0.4400000000000688,"(np.float64(-0.08014976662062823), np.float64(0.1832375914234272))",0.06012878566980362,-0.08149652928113937,3.278457814083773,-2.1933133341704503,0.09115242613561035,-0.015019845838541152,-0.07922890833340329,0.17802953366482233
2,1,0.45000000000007034,"(np.float64(-0.08014976662062823), np.float64(0.1832375914234272))",0.06351681053638458,-0.08109445869922638,3.2792830710131464,-2.193464273276496,0.0738769382632348,-0.015148980129633286,-0.07925774017977003,0.17794667508104667
2,1,0.4600000000000719,"(np.float64(-0.08014976662062823), np.float64(0.1832375914234272))",0.06626243889331818,-0.08073463290929794,3.279952234504058,-2.1936163224355547,0.059939148573454476,-0.015246602516474535,-0.0792781087586936,0.17787877869056423
2,1,0.47000000000007347,"(np.float64(-0.08014976662062823), np.float64(0.1832375914234272))",0.0684850737452507,-0.08040876686573029,3.2804955351112977,-2.1937691995701147,0.04870851155602431,-0.015318468147135118,-0.0792916818382891,0.17782292800779398
2,1,0.48000000000007503,"(np.float64(-0.08014976662062823), np.float64(0.1832375914234272))",0.07028179615736008,-0.08011064678430557,3.2809374743899706,-2.19392267464845,0.03967007023344325,-0.015369371675266849,-0.07929980336014694,0.17777676652261634
2,1,0.4900000000000766,"(np.float64(-0.08014976662062823), np.float64(0.1832375914234272))",0.0717325210571289,-0.07983522862195969,3.281297881094173,-2.19407656088791,0.03240444601698518,-0.01540328797964876,-0.07930355600014258,0.17773839175217557
2,1,0.5000000000000782,"(np.float64(-0.08014976662062823), np.float64(0.1832375914234272))",0.07290249317884445,-0.0795782133936882,3.2815927808879857,-2.194230707062985,0.026570573578622338,-0.015423461184712307,-0.07930381147474241,0.17770626923423968
2,1,0.5100000000000797,"(np.float64(-0.08014976662062823), np.float64(0.1832375914234272))",0.0738445296883583,-0.07933559268712997,3.281835106020946,-2.194384990514511,0.021890973155833163,-0.01543246128274755,-0.07930127125416017,0.1776791624473752
2,1,0.5200000000000813,"(np.float64(-0.08014976662062823), np.float64(0.1832375914234272))",0.07460327446460724,-0.07910537719726562,3.2820352835654085,-2.1945393125125396,0.018281686713107,-0.015437499448950232,-0.07929649936725913,0.1776560761290844
2,1,0.5300000000000828,"(np.float64(-0.08014976662062823), np.float64(0.1832375914234272))",0.0751800537109375,-0.07888517528772354,3.2822068296684535,-2.194693726713672,0.01635871122178976,-0.015458178412632128,-0.07928994911309101,0.17763620964735394
2,1,0.5400000000000844,"(np.float64(-0.08014976662062823), np.float64(0.1832375914234272))",0.07540855556726456,-0.0786747932434082,3.2823659184834484,-2.1948483378177785,0.015590628464789619,-0.015469217953648931,-0.07928218715248045,0.17761852412187878
2,1,0.550000000000086,"(np.float64(-0.08014976662062823), np.float64(0.1832375914234272))",0.0753946304321289,-0.07847528904676437,3.282519948796117,-2.1950029693246846,0.015270280194675414,-0.015461491881949632,-0.07927389707633786,0.1776017570012542
2,1,0.5600000000000875,"(np.float64(-0.08014976662062823), np.float64(0.1832375914234272))",0.075286865234375,-0.07828245311975479,3.282671797400252,-2.1951574508968674,0.015124630724663373,-0.015439887917070703,-0.07926543313639373,0.1775853013355404
2,1,0.5700000000000891,"(np.float64(-0.08014976662062823), np.float64(0.1832375914234272))",0.07514095306396484,-0.07809276878833771,3.2828225889985148,-2.1953116713727048,0.015047373083068631,-0.015409963104635995,-0.0792569456222268,0.17756891922466492
2,1,0.5800000000000907,"(np.float64(-0.08014976662062823), np.float64(0.1832375914234272))",0.07498016208410263,-0.07790517807006836,3.2829727648939238,-2.1954655683160937,0.014996989076453417,-0.015375636021866822,-0.07924849319106386,0.17755252698785967
2,1,0.5900000000000922,"(np.float64(-0.08014976662062823), np.float64(0.1832375914234272))",0.0748111754655838,-0.07771854847669601,3.2831224967549266,-2.195619109907778,0.014956839848324062,-0.01533915694353043,-0.07924009415685543,0.17753610418944643
2,1,0.6000000000000938,"(np.float64(-0.08014976662062823), np.float64(0.1832375914234272))",0.07464027404785156,-0.07753238826990128,3.2832718503568588,-2.195772281338904,0.014920644956890218,-0.0153017417122999,-0.07923174994290677,0.17751965477705892
2,1,0.6100000000000954,"(np.float64(-0.08014976662062823), np.float64(0.1832375914234272))",0.07446727901697159,-0.07734670490026474,3.2834208496205264,-2.195925076774155,0.014885722558851316,-0.01526402145711727,-0.07922345580286591,0.1775031904101621
2,1,0.6200000000000969,"(np.float64(-0.08014976662062823), np.float64(0.1832375914234272))",0.07429371029138565,-0.07716140896081924,3.28356950177743,-2.1960774948620196,0.014851131609973369,-0.01522629490952943,-0.07921520547740202,0.1774867236547628
2,1,0.6300000000000985,"(np.float64(-0.08014976662062823), np.float64(0.1832375914234272))",0.07412014156579971,-0.07697649300098419,3.2837178083105174,-2.1962295362906086,0.014816561913312992,-0.015188690632748983,-0.07920699306141848,0.1774702655143297
2,1,0.6400000000001,"(np.float64(-0.08014976662062823), np.float64(0.1832375914234272))",0.07394637912511826,-0.07679195702075958,3.283865768633116,-2.196381202544226,0.014781881758488173,-0.015151250893481218,-0.07919881366667374,0.17745382472784121
2,1,0.6500000000001016,"(np.float64(-0.08014976662062823), np.float64(0.1832375914234272))",0.07377243041992188,-0.07660780102014542,3.2840133814212735,-2.1965324953098184,0.014747058636655328,-0.015113979555043702,-0.0791906634907319,0.17743740789945683
2,1,0.6600000000001032,"(np.float64(-0.08014976662062823), np.float64(0.1832375914234272))",0.07359962910413742,-0.0764240249991417,3.284160646183662,-2.196683416248129,0.0147122567580077,-0.015076868546884727,-0.07918253967745553,0.1774210198734268
2,1,0.6700000000001047,"(np.float64(-0.08014976662062823), np.float64(0.1832375914234272))",0.07342586666345596,-0.07624053955078125,3.28430756211944,-2.1968339667802868,0.014677307211735815,-0.015039885326115618,-0.07917444016727013,0.1774046640526736
2,1,0.6800000000001063,"(np.float64(-0.08014976662062823), np.float64(0.1832375914234272))",0.07325305789709091,-0.0760578140616417,3.2844541287486098,-2.196984148438059,0.014642382170605012,-0.015003070165584324,-0.07916636347420164,0.17738834284756821
2,1,0.6900000000001079,"(np.float64(-0.08014976662062823), np.float64(0.1832375914234272))",0.07308083027601242,-0.07587537914514542,3.2846003464970885,-2.197133962629563,0.014607514744312667,-0.014966374956107593,-0.0791583085181492,0.17737205790837385
2,1,0.7000000000001094,"(np.float64(-0.08014976662062823), np.float64(0.1832375914234272))",0.07290840148925781,-0.07569313049316406,3.2847462155022096,-2.1972834103276964,0.014572631869124764,-0.014929760458640993,-0.07915027455629305,0.1773558102979201
2,1,0.710000000000111,"(np.float64(-0.08014976662062823), np.float64(0.1832375914234272))",0.07273655384778976,-0.07551155239343643,3.2848917360128587,-2.197432492583786,0.014537803012352211,-0.01489326711478978,-0.07914226107742126,0.17733960074776056
2,1,0.7200000000001125,"(np.float64(-0.08014976662062823), np.float64(0.1832375914234272))",0.07256507873535156,-0.07533016055822372,3.2850369085925464,-2.197581210354047,0.01450303313749881,-0.014856850853473203,-0.07913426770545899,0.1773234297276954
2,1,0.7300000000001141,"(np.float64(-0.08014976662062823), np.float64(0.1832375914234272))",0.07239418476819992,-0.07514943927526474,3.2851817340107816,-2.197729564634134,0.014468353117715141,-0.014820549428498312,-0.07912629418154632,0.17730729751401858
2,1,0.7400000000001157,"(np.float64(-0.08014976662062823), np.float64(0.1832375914234272))",0.07222308963537216,-0.07496900856494904,3.2853262126901543,-2.197877556378667,0.014433682408404784,-0.01478433007743614,-0.07911834031655257,0.17729120424811368
2,1,0.7500000000001172,"(np.float64(-0.08014976662062823), np.float64(0.1832375914234272))",0.0720529556274414,-0.07478924095630646,3.285470345356772,-2.1980251866108746,0.014399128847535676,-0.014748226480967706,-0.07911040595473165,0.17727515001912666
2,1,0.7600000000001188,"(np.float64(-0.08014976662062823), np.float64(0.1832375914234272))",0.07188282161951065,-0.07460957020521164,3.285614132759037,-2.198172456151299,0.014364620886791054,-0.014712181526368287,-0.07910249097447931,0.17725913483996464
2,1,0.7700000000001204,"(np.float64(-0.08014976662062823), np.float64(0.1832375914234272))",0.07171306759119034,-0.07443056255578995,3.2857575754631285,-2.1983193658495375,0.014330177113700446,-0.014676239874424091,-0.07909459529486655,0.17724315869127666
2,1,0.7800000000001219,"(np.float64(-0.08014976662062823), np.float64(0.1832375914234272))",0.07154388725757599,-0.0742519423365593,3.2859006742846253,-2.1984659166577574,0.014295827271819125,-0.014640387514853678,-0.07908671883741786,0.17722722154325948
2,1,0.7900000000001235,"(np.float64(-0.08014976662062823), np.float64(0.1832375914234272))",0.07137546688318253,-0.07407369464635849,3.286043430366124,-2.1986121094263327,0.014261606097598899,-0.01460461693612546,-0.07907886153247783,0.17721132332890732
2,1,0.8000000000001251,"(np.float64(-0.08014976662062823), np.float64(0.1832375914234272))",0.07120666652917862,-0.07389583438634872,3.2861858442817278,-2.1987579449400814,0.014227392269683663,-0.014568923240620138,-0.07907102333986413,0.17719546394851166
2,1,0.8100000000001266,"(np.float64(-0.08014976662062823), np.float64(0.1832375914234272))",0.07103881984949112,-0.07371854782104492,3.2863279167504458,-2.1989034241174386,0.014193295599138423,-0.014533331245246006,-0.07906320420678745,0.17717964333881037
2,1,0.8200000000001282,"(np.float64(-0.08014976662062823), np.float64(0.1832375914234272))",0.07087116688489914,-0.07354164123535156,3.2864696486712806,-2.199048547880397,0.014159269777420706,-0.014497825029655815,-0.0790554040745313,0.1771638614197784
2,1,0.8300000000001297,"(np.float64(-0.08014976662062823), np.float64(0.1832375914234272))",0.07070350646972656,-0.07336483150720596,3.2866110404959556,-2.199193316851098,0.014125271316869836,-0.014462364696813841,-0.07904762289370187,0.17714811809365671
2,1,0.8400000000001313,"(np.float64(-0.08014976662062823), np.float64(0.1832375914234272))",0.07053680717945099,-0.07318887859582901,3.2867520930885292,-2.199337731938664,0.014091400325827152,-0.014427026362803899,-0.07903986062597748,0.1771324133043112
2,1,0.8500000000001329,"(np.float64(-0.08014976662062823), np.float64(0.1832375914234272))",0.0703699141740799,-0.07301311939954758,3.286892807139309,-2.199481794060142,0.014057557581883533,-0.014391759013611925,-0.07903211722273155,0.17711674695519533
2,1,0.8600000000001344,"(np.float64(-0.08014976662062823), np.float64(0.1832375914234272))",0.07020397484302521,-0.07283782958984375,3.287033183503136,-2.199625504020993,0.014023840485571601,-0.014356578339803427,-0.07902439262860256,0.17710111896037878
2,1,0.870000000000136,"(np.float64(-0.08014976662062823), np.float64(0.1832375914234272))",0.07003841549158096,-0.07266321033239365,3.28717322327268,-2.199768862848077,0.013990220978549427,-0.014321511790155566,-0.07901668680523323,0.17708552922593285
2,1,0.8800000000001376,"(np.float64(-0.08014976662062823), np.float64(0.1832375914234272))",0.0698726698756218,-0.07248850166797638,3.287312926943573,-2.199911871213994,0.013956617738532122,-0.014286480006161643,-0.07900899970414052,0.1770699776307036
2,1,0.8900000000001391,"(np.float64(-0.08014976662062823), np.float64(0.1832375914234272))",0.06970729678869247,-0.07231445610523224,3.287452294892963,-2.2000545298103837,0.013923066923958727,-0.014251541388249621,-0.07900133128610476,0.17705446410968034
2,1,0.9000000000001407,"(np.float64(-0.08014976662062823), np.float64(0.1832375914234272))",0.06954288482666016,-0.07214107364416122,3.2875913281407847,-2.2001968397195477,0.013889652814845952,-0.014216721091960519,-0.07899368150426264,0.1770389886078398
2,1,0.9100000000001423,"(np.float64(-0.08014976662062823), np.float64(0.1832375914234272))",0.06937866657972336,-0.07196807861328125,3.2877300277131183,-2.2003388019751746,0.013856317498842492,-0.014181993986782788,-0.07898605030065961,0.1770235510097949
2,1,0.9200000000001438,"(np.float64(-0.08014976662062823), np.float64(0.1832375914234272))",0.06921444088220596,-0.07179508358240128,3.2878683941114684,-2.200480417180004,0.013823012528555697,-0.014147304273621951,-0.07897843762343312,0.17700815119905447
2,1,0.9300000000001454,"(np.float64(-0.08014976662062823), np.float64(0.1832375914234272))",0.06905060261487961,-0.07162266224622726,3.2880064278134142,-2.2006216859801477,0.01378976727022476,-0.014112698155503148,-0.07897084344015012,0.1769927891125636
2,1,0.9400000000001469,"(np.float64(-0.08014976662062823), np.float64(0.1832375914234272))",0.06888752430677414,-0.07145100086927414,3.2881441297486504,-2.2007626094574415,0.013756638115052114,-0.014078217192901428,-0.07896326771262319,0.17697746468879205
2,1,0.9500000000001485,"(np.float64(-0.08014976662062823), np.float64(0.1832375914234272))",0.06872444599866867,-0.07127933949232101,3.2882815006647124,-2.200903188420609,0.013723555100692564,-0.01404378635012757,-0.0789557103795244,0.1769621778185148
2,1,0.9600000000001501,"(np.float64(-0.08014976662062823), np.float64(0.1832375914234272))",0.06856174767017365,-0.07110824435949326,3.2884185411359086,-2.201043423592372,0.013690537220557509,-0.014009443258319897,-0.07894817139869618,0.1769469284138615
2,1,0.9700000000001516,"(np.float64(-0.08014976662062823), np.float64(0.1832375914234272))",0.06840000301599503,-0.07093753665685654,3.2885552522551618,-2.2011833158278686,0.01365765972811895,-0.013975183635483194,-0.07894065072878599,0.17693171640321415
2,1,0.9800000000001532,"(np.float64(-0.08014976662062823), np.float64(0.1832375914234272))",0.0682382583618164,-0.07076740264892578,3.288691634944137,-2.2013228660570165,0.013624840389718267,-0.013941024211439647,-0.07893314833706297,0.17691654167188933
2,1,0.9900000000001548,"(np.float64(-0.08014976662062823), np.float64(0.1832375914234272))",0.06807690113782883,-0.07059746235609055,3.288827689849187,-2.201462075071722,0.013592090454602909,-0.013906929125490016,-0.07892566417784641,0.17690140411337174
2,2,0.0,"(np.float64(0.08014976662062823), np.float64(0.1832375914234272))",0.06791553646326065,-0.07042808830738068,3.288963417424291,-2.2016009436778603,0.013559368850400008,-0.013872926326141271,-0.07891819820646276,0.17688630364776023
2,2,0.010000000000001563,"(np.float64(0.08014976662062823), np.float64(0.1832375914234272))",-1.105690598487854,-1.3816187381744385,3.2843805499702663,-2.208249364804978,-0.9238107727739019,-1.3082572149087974,-0.07891075036871076,0.17687124020964
2,2,0.020000000000003126,"(np.float64(0.08014976662062823), np.float64(0.1832375914234272))",-0.8515965342521667,-1.152260661125183,3.2718407936249996,-2.2266035563935347,-1.5839305322549113,-2.360399395614787,-0.07808525843776942,0.17700446576450757
2,2,0.03000000000000469,"(np.float64(0.08014976662062823), np.float64(0.1832375914234272))",-0.6101232767105103,-0.9727873206138611,3.253986455807615,-2.254671632125594,-1.9894328859039336,-3.253701848016469,-0.07578920291713936,0.17738954423871028
2,2,0.04000000000000625,"(np.float64(0.08014976662062823), np.float64(0.1832375914234272))",-0.43068239092826843,-0.8043994903564453,3.2329143126596054,-2.2908975701482497,-2.2281634855868453,-3.9932347593892157,-0.07231706994129972,0.17787215475866833
2,2,0.050000000000007816,"(np.float64(0.08014976662062823), np.float64(0.1832375914234272))",-0.41391411423683167,-0.6156660318374634,3.2091765179808642,-2.333373819502384,-2.521770212356788,-4.503903890932749,-0.0679232485141095,0.1782881721181483
2,2,0.06000000000000938,"(np.float64(0.08014976662062823), np.float64(0.1832375914234272))",-0.3886062800884247,-0.47956809401512146,3.1823874763289117,-2.380160984972998,-2.8377496168242162,-4.855121592567064,-0.0628385977282574,0.17859673747912638
2,2,0.07000000000001094,"(np.float64(0.08014976662062823), np.float64(0.1832375914234272))",-0.3571580946445465,-0.4307038486003876,3.152521985238402,-2.4302268449371813,-3.13660880982922,-5.15912226223243,-0.0572479021499909,0.17884404957824698
2,2,0.0800000000000125,"(np.float64(0.08014976662062823), np.float64(0.1832375914234272))",-0.3311643600463867,-0.3834920823574066,3.119730445363888,-2.4830867904421785,-3.4225662606775633,-5.413622323448658,-0.05125921130149971,0.1790308046130764
2,2,0.09000000000001407,"(np.float64(0.08014976662062823), np.float64(0.1832375914234272))",-0.29597291350364685,-0.3317142426967621,3.0842073995382204,-2.5382216801497255,-3.6822315869691913,-5.614244313845269,-0.044934820754911814,0.17913209165358168
2,2,0.10000000000001563,"(np.float64(0.08014976662062823), np.float64(0.1832375914234272))",-0.23310594260692596,-0.279861181974411,3.0464182540894607,-2.5951379575402997,-3.8756159569624375,-5.769921945203693,-0.038338711174402795,0.17912933434488854
2,2,0.1100000000000172,"(np.float64(0.08014976662062823), np.float64(0.1832375914234272))",-0.1719791442155838,-0.21547937393188477,3.006996612929371,-2.653296735961118,-4.008868871279964,-5.86248629931715,-0.03154369481155048,0.17899231008267874
2,2,0.12000000000001876,"(np.float64(0.08014976662062823), np.float64(0.1832375914234272))",-0.15886259078979492,-0.11984529346227646,2.9661731519913523,-2.7117756397627573,-4.155532067583161,-5.833774388162263,-0.024634313312139028,0.17869038172140622
2,2,0.13000000000002032,"(np.float64(0.08014976662062823), np.float64(0.1832375914234272))",-0.14981670677661896,-0.06473293155431747,2.923862018223051,-2.769616603066837,-4.30616429774147,-5.734594802421956,-0.01769868079878642,0.17824990255323095
2,2,0.14000000000002188,"(np.float64(0.08014976662062823), np.float64(0.1832375914234272))",-0.1143120750784874,-0.02838888205587864,2.880238625311508,-2.826275677779069,-4.417959968640418,-5.597275407628698,-0.010797490266497817,0.177729821929533
2,2,0.15000000000002345,"(np.float64(0.08014976662062823), np.float64(0.1832375914234272))",-0.0718119665980339,-0.008428764529526234,2.8357658318957966,-2.881490176510541,-4.476079654366788,-5.44563180506342,-0.003966269678057438,0.17715520010480815
2,2,0.160000000000025,"(np.float64(0.08014976662062823), np.float64(0.1832375914234272))",-0.027363300323486328,0.013528823852539062,2.790989213578663,-2.9351064677797076,-4.47876914995716,-5.277669856906987,0.002763880372136318,0.17652005001818355
2,2,0.17000000000002657,"(np.float64(0.08014976662062823), np.float64(0.1832375914234272))",0.017198754474520683,0.04470043256878853,2.746447156960281,-2.986901177776623,-4.429215551351851,-5.081409682817777,0.0093614531141345,0.17580963840188032
2,2,0.18000000000002814,"(np.float64(0.08014976662062823), np.float64(0.1832375914234272))",0.05338287353515625,0.08090420067310333,2.702595406514181,-3.0365460340810917,-4.340743675299144,-4.847780708398542,0.01578778824225094,0.17501762030481424
2,2,0.1900000000000297,"(np.float64(0.08014976662062823), np.float64(0.1832375914234272))",0.07319202274084091,0.1481494903564453,2.659659757015027,-3.0834306525649406,-4.245967103554601,-4.52946401748672,0.02200159965510741,0.17415315263860587
2,2,0.20000000000003126,"(np.float64(0.08014976662062823), np.float64(0.1832375914234272))",0.07967205345630646,0.2942138612270355,2.617482102658522,-3.1261497420604756,-4.189044438237795,-4.014946010950896,0.02796276890769131,0.1732602577336866
2,2,0.21000000000003283,"(np.float64(0.08014976662062823), np.float64(0.1832375914234272))",0.0876985564827919,0.4121875762939453,2.57574379881224,-3.1629423332235413,-4.157816542607853,-3.344801147444531,0.03362366960285858,0.1724599548273053
2,2,0.2200000000000344,"(np.float64(0.08014976662062823), np.float64(0.1832375914234272))",0.09574108570814133,0.4779302775859833,2.534285236777102,-3.1926296724713974,-4.133380901013983,-2.593795878527303,0.038943681974852415,0.17190870536619068
2,2,0.23000000000003595,"(np.float64(0.08014976662062823), np.float64(0.1832375914234272))",0.10299396514892578,0.469717800617218,2.4931501252918746,-3.214906249368341,-4.093131233652837,-1.862821914953165,0.04390723878415485,0.1717169277804981
2,2,0.24000000000003752,"(np.float64(0.08014976662062823), np.float64(0.1832375914234272))",0.10459442436695099,0.34992676973342896,2.4526462087262018,-3.2307274701285293,-4.007153782927621,-1.3024183073649365,0.048522471966562675,0.17192567428659417
2,2,0.2500000000000391,"(np.float64(0.08014976662062823), np.float64(0.1832375914234272))",0.1091218963265419,0.2438129484653473,2.413223901287227,-3.2416997552503224,-3.8769134945896373,-0.8927967803540008,0.05282509777831838,0.17247426084882558
2,2,0.26000000000004064,"(np.float64(0.08014976662062823), np.float64(0.1832375914234272))",0.1203191801905632,0.1778429001569748,2.3752972757177107,-3.2490608119390596,-3.7082045180482934,-0.5800897596760487,0.0568575284244095,0.1732470696174737
2,2,0.2700000000000422,"(np.float64(0.08014976662062823), np.float64(0.1832375914234272))",0.13238869607448578,0.14163188636302948,2.339200832351144,-3.2535759925770367,-3.511054721769379,-0.32360073474747664,0.060640407388099185,0.1741547746329253
2,2,0.28000000000004377,"(np.float64(0.08014976662062823), np.float64(0.1832375914234272))",0.1557662934064865,0.11283721774816513,2.305274942217449,-3.255773733863587,-3.2706055874027427,-0.1317285154488306,0.06417490202474084,0.17514438789401326
2,2,0.29000000000004533,"(np.float64(0.08014976662062823), np.float64(0.1832375914234272))",0.18393364548683167,0.09095287322998047,2.274055920782787,-3.2566194549005596,-2.970202819821111,-0.05148032712556176,0.06744760601238246,0.1761792545475728
2,2,0.3000000000000469,"(np.float64(0.08014976662062823), np.float64(0.1832375914234272))",0.20073281228542328,0.08091392368078232,2.2460032997103663,-3.2569517272474866,-2.639452181874945,-0.02040456854299961,0.0704437350272626,0.1771801522897515
2,2,0.31000000000004846,"(np.float64(0.08014976662062823), np.float64(0.1832375914234272))",0.20706234872341156,0.07192440330982208,2.2213128246383955,-3.2570883881628108,-2.2985806556309516,-0.008920785583584015,0.07314818108259738,0.17807854400412976
2,2,0.32000000000005,"(np.float64(0.08014976662062823), np.float64(0.1832375914234272))",0.17906875908374786,0.06750278919935226,2.1998597188318043,-3.2571481053683478,-1.9920308997097769,-0.003871067630400132,0.07554655406757299,0.1788543316469022
2,2,0.3300000000000516,"(np.float64(0.08014976662062823), np.float64(0.1832375914234272))",0.15606097877025604,0.0649683028459549,2.181330806084734,-3.257172210647027,-1.7137403900664268,-0.0013539014528867227,0.07764566707983474,0.17951163974404252
2,2,0.34000000000005315,"(np.float64(0.08014976662062823), np.float64(0.1832375914234272))",0.134104922413826,0.06142158433794975,2.1654507528546914,-3.257178138781799,-1.462238146445279,-2.9431086422519433e-05,0.07946908708528339,0.18006474116986923
2,2,0.3500000000000547,"(np.float64(0.08014976662062823), np.float64(0.1832375914234272))",0.1251579374074936,0.059217263013124466,2.152031298974046,-3.257175014449319,-1.2216715940524459,0.0005727263549036524,0.08103862587371742,0.18052710072530814
2,2,0.3600000000000563,"(np.float64(0.08014976662062823), np.float64(0.1832375914234272))",0.11575203388929367,0.06115398555994034,2.140958695229799,-3.257164739240556,-0.9928561672161414,0.001363219177917303,0.08236956727380959,0.1809090534624444
2,2,0.37000000000005784,"(np.float64(0.08014976662062823), np.float64(0.1832375914234272))",0.10038375854492188,0.06142578274011612,2.1320799991401276,-3.257146293123714,-0.7828403612940433,0.0022002874399651134,0.08347078755581305,0.18121830183975168
2,2,0.3800000000000594,"(np.float64(0.08014976662062823), np.float64(0.1832375914234272))",0.0839601531624794,0.060865212231874466,2.125202235347892,-3.2571197522925024,-0.5926332292888279,0.002991266052939819,0.08435517661191183,0.18146273468541343
2,2,0.39000000000006096,"(np.float64(0.08014976662062823), np.float64(0.1832375914234272))",0.0779239684343338,0.05606574937701225,2.120191889693888,-3.2570901072445926,-0.4094228619875614,0.0029591646355630937,0.08504019225281353,0.18165025215867273
2,2,0.40000000000006253,"(np.float64(0.08014976662062823), np.float64(0.1832375914234272))",0.07103004306554794,0.05035800859332085,2.1169725857679773,-3.2570632829819086,-0.2344490150901047,0.0024994298229282855,0.0855387300926207,0.18178608135747917
2,2,0.4100000000000641,"(np.float64(0.08014976662062823), np.float64(0.1832375914234272))",0.06399116665124893,0.04864330217242241,2.11540833839742,-3.257037934079205,-0.09251438082720345,0.003095807318200656,0.08585850695756597,0.18187323453830614
2,2,0.42000000000006565,"(np.float64(0.08014976662062823), np.float64(0.1832375914234272))",0.05735378339886665,0.04594001919031143,2.114839260157903,-3.256997844962086,-0.031717419194867244,0.005163880813949558,0.08601253219075308,0.1819162086914936
2,2,0.4300000000000672,"(np.float64(0.08014976662062823), np.float64(0.1832375914234272))",0.05450592190027237,0.0439947135746479,2.114667985863438,-3.2569382701920984,-0.006759905996795341,0.00672451655040402,0.08606261971983475,0.18193322247529756
2,2,0.4400000000000688,"(np.float64(0.08014976662062823), np.float64(0.1832375914234272))",0.05329857021570206,0.04310741648077965,2.1146605370291276,-3.2568659987141646,0.00348784589888553,0.007702478456947477,0.08606823366612074,0.18194043370808238
2,2,0.45000000000007034,"(np.float64(0.08014976662062823), np.float64(0.1832375914234272))",0.05262775346636772,0.042679786682128906,2.114719327534759,-3.25678569115907,0.007574958671081645,0.0083097715017392,0.0860554613534841,0.18194404227498862
2,2,0.4600000000000719,"(np.float64(0.08014976662062823), np.float64(0.1832375914234272))",0.052222251892089844,0.04244671016931534,2.1148048161702935,-3.256700950677886,0.009245214551709754,0.008605436924637276,0.08603606603692249,0.18194668483603443
2,2,0.47000000000007347,"(np.float64(0.08014976662062823), np.float64(0.1832375914234272))",0.05199127271771431,0.04229164123535156,2.1149011829733535,-3.2566141932174872,0.00991483224762005,0.008729610222078847,0.0860151208904184,0.18194934514386496
2,2,0.48000000000007503,"(np.float64(0.08014976662062823), np.float64(0.1832375914234272))",0.05183544382452965,0.04217395931482315,2.1150018173961667,-3.2565266793828638,0.010166890402525938,0.00876624937402286,0.08599463370655921,0.18195231772698137
2,2,0.4900000000000766,"(np.float64(0.08014976662062823), np.float64(0.1832375914234272))",0.05171337351202965,0.042075540870428085,2.115103963271232,-3.256439033144868,0.01024561224932886,0.008761265501010071,0.08597526137747499,0.18195565407814124
2,2,0.5000000000000782,"(np.float64(0.08014976662062823), np.float64(0.1832375914234272))",0.051607515662908554,0.04198780283331871,2.115206541505835,-3.2563516189692367,0.010272895585955157,0.008711113647099346,0.08595708080853051,0.1819593147057202
2,2,0.5100000000000797,"(np.float64(0.08014976662062823), np.float64(0.1832375914234272))",0.051508139818906784,0.0419069305062294,2.115309374292951,-3.256264937757255,0.01029633761439049,0.008624061970070363,0.0859399372871419,0.18196322416433414
2,2,0.5200000000000813,"(np.float64(0.08014976662062823), np.float64(0.1832375914234272))",0.05141162872314453,0.04183159023523331,2.11541240594415,-3.256179145236032,0.01031204714604009,0.00853767620050965,0.08592357928084596,0.18196726829057602
2,2,0.5300000000000828,"(np.float64(0.08014976662062823), np.float64(0.1832375914234272))",0.05131702497601509,0.04175834730267525,2.115515555889755,-3.256094163106893,0.010320013801232616,0.008463048011409688,0.08590779880210776,0.1819713775272534
2,2,0.5400000000000844,"(np.float64(0.08014976662062823), np.float64(0.1832375914234272))",0.05122432857751846,0.04168682172894478,2.1156187530088757,-3.2560098614639332,0.010321646853321485,0.008401538719600435,0.08589244814986319,0.18197552065930878
2,2,0.550000000000086,"(np.float64(0.08014976662062823), np.float64(0.1832375914234272))",0.05113277584314346,0.041616249829530716,2.115721941031341,-3.2559261161702007,0.01031772734422929,0.00835239308898949,0.0858774204408132,0.18197968214411878
2,2,0.5600000000000875,"(np.float64(0.08014976662062823), np.float64(0.1832375914234272))",0.05104236677289009,0.041545867919921875,2.115825045677036,-3.2558427792931446,0.010304741208637292,0.008319992415875306,0.08586263757332285,0.18198385343216605
2,2,0.5700000000000891,"(np.float64(0.08014976662062823), np.float64(0.1832375914234272))",0.050952911376953125,0.04147624969482422,2.1159279919512928,-3.2557597113262418,0.010286986390987692,0.00829703247178805,0.08584804782213523,0.18198803519499246
2,2,0.5800000000000907,"(np.float64(0.08014976662062823), np.float64(0.1832375914234272))",0.050864409655332565,0.041406821459531784,2.1160307515214036,-3.255676848839211,0.010267759617613866,0.008278254041030662,0.08583361568928248,0.1819922315558941
2,2,0.5900000000000922,"(np.float64(0.08014976662062823), np.float64(0.1832375914234272))",0.05077648162841797,0.04133758693933487,2.1161333171554206,-3.2555941626941545,0.010248326358969398,0.00826149267488755,0.08581930886851374,0.18199644013941996
2,2,0.6000000000000938,"(np.float64(0.08014976662062823), np.float64(0.1832375914234272))",0.050688933581113815,0.0412687323987484,2.116235689436079,-3.2555116380004483,0.010229123880093144,0.008245836912653908,0.08580510038773755,0.1820006566635093
2,2,0.6100000000000954,"(np.float64(0.08014976662062823), np.float64(0.1832375914234272))",0.05060157924890518,0.04120044782757759,2.116337871326157,-3.255429265993806,0.010210249948632155,0.008230883569794114,0.08579096918803181,0.18200487702578738
2,2,0.6200000000000969,"(np.float64(0.08014976662062823), np.float64(0.1832375914234272))",0.05051460489630699,0.04113197326660156,2.1164398662586716,-3.255347041357517,0.010191716947442794,0.008216330811240034,0.08577689949150274,0.18200909792149605
2,2,0.6300000000000985,"(np.float64(0.08014976662062823), np.float64(0.1832375914234272))",0.0504276268184185,0.041063882410526276,2.1165416771983643,-3.2552649605756567,0.010173439347347844,0.008202086129850353,0.08576287980812021,0.18201331684138983
2,2,0.6400000000001,"(np.float64(0.08014976662062823), np.float64(0.1832375914234272))",0.050340842455625534,0.04099578782916069,2.1166433064921497,-3.2551830211915855,0.010155373959609672,0.008188036561772584,0.08574890194781004,0.1820175319710883
2,2,0.6500000000001016,"(np.float64(0.08014976662062823), np.float64(0.1832375914234272))",0.050254251807928085,0.04092807695269585,2.116744756037973,-3.2551012213525783,0.010137477039239342,0.00817416046825616,0.08573496016038612,0.18202174203650445
2,2,0.6600000000001032,"(np.float64(0.08014976662062823), np.float64(0.1832375914234272))",0.05016784742474556,0.040860366076231,2.116846027338606,-3.255019559708213,0.010119713227819646,0.00816038887319167,0.08572105044115044,0.18202594616508674
2,2,0.6700000000001047,"(np.float64(0.08014976662062823), np.float64(0.1832375914234272))",0.050081826746463776,0.04079284891486168,2.116947121714712,-3.2549380352974167,0.010102077840942967,0.008146705155413343,0.0857071700259921,0.18203014376275892
2,2,0.6800000000001063,"(np.float64(0.08014976662062823), np.float64(0.1832375914234272))",0.04999561235308647,0.04072532802820206,2.1170480400004528,-3.2548566474382317,0.010084491965996917,0.008133073713048736,0.08569331700768376,0.182034334423774
2,2,0.6900000000001079,"(np.float64(0.08014976662062823), np.float64(0.1832375914234272))",0.04990978166460991,0.04065818712115288,2.117148782866916,-3.254775395466037,0.010066984365739141,0.008119517806033226,0.08567949010176346,0.18203851787971273
2,2,0.7000000000001094,"(np.float64(0.08014976662062823), np.float64(0.1832375914234272))",0.04982395097613335,0.040590859949588776,2.1172493508923242,-3.254694278965966,0.010049518884321618,0.008105978464586607,0.08566568842840222,0.18204269396720518
2,2,0.710000000000111,"(np.float64(0.08014976662062823), np.float64(0.1832375914234272))",0.049738314002752304,0.0405237190425396,2.1173497445227367,-3.254613297672869,0.010032099213887466,0.008092472161651033,0.08565191138769984,0.18204686257266658
2,2,0.7200000000001125,"(np.float64(0.08014976662062823), np.float64(0.1832375914234272))",0.049652863293886185,0.04045696184039116,2.1174499642083107,-3.254532451086701,0.010014723750013332,0.008079027479971444,0.08563815857577199,0.18205102361981804
2,2,0.7300000000001141,"(np.float64(0.08014976662062823), np.float64(0.1832375914234272))",0.049567412585020065,0.0403900146484375,2.117550010264506,-3.2544517389190792,0.009997370281535283,0.008065588205626974,0.0856244296964683,0.1820551770834338
2,2,0.7400000000001157,"(np.float64(0.08014976662062823), np.float64(0.1832375914234272))",0.04948234558105469,0.04032325744628906,2.1176498831111177,-3.254371161000702,0.009980072794401825,0.008052174027060778,0.0856107245525137,0.18205932294400146
2,2,0.7500000000001172,"(np.float64(0.08014976662062823), np.float64(0.1832375914234272))",0.04939727857708931,0.04025669023394585,2.1177495831206756,-3.2542907170257602,0.00996279929872998,0.008038794012095772,0.08559704299545506,0.1820634611834089
2,2,0.7600000000001188,"(np.float64(0.08014976662062823), np.float64(0.1832375914234272))",0.04931221157312393,0.04019012674689293,2.117849110458484,-3.254210406762178,0.009945536870199608,0.008025429347286676,0.08558338490905065,0.1820675918051902
2,2,0.7700000000001204,"(np.float64(0.08014976662062823), np.float64(0.1832375914234272))",0.04922771453857422,0.040123939514160156,2.11794846559217,-3.254130229857406,0.009928346513517254,0.008012114284727515,0.0855697502222608,0.18207171481772422
2,2,0.7800000000001219,"(np.float64(0.08014976662062823), np.float64(0.1832375914234272))",0.049143027514219284,0.04005737230181694,2.1180476488754896,-3.254050186237193,0.009911165205370212,0.007998776548905738,0.0855561388470053,0.1820758302364491
2,2,0.7900000000001235,"(np.float64(0.08014976662062823), np.float64(0.1832375914234272))",0.04905834421515465,0.03999137878417969,2.1181466603589483,-3.253970275651512,0.009893986582167752,0.007985497312677387,0.0855425507247217,0.18207993805778147
2,2,0.8000000000001251,"(np.float64(0.08014976662062823), np.float64(0.1832375914234272))",0.048974037170410156,0.039925385266542435,2.1182455003290865,-3.2538904977238583,0.009876854688914229,0.007972241313932435,0.08552898582638807,0.18208403830290087
2,2,0.8100000000001266,"(np.float64(0.08014976662062823), np.float64(0.1832375914234272))",0.048889923840761185,0.03985939174890518,2.118344169230131,-3.253810852300948,0.00985976550688404,0.007958995046384339,0.08551544410017362,0.1820881309991024
2,2,0.8200000000001282,"(np.float64(0.08014976662062823), np.float64(0.1832375914234272))",0.048806000500917435,0.03979358822107315,2.1184426674723684,-3.2537313391870524,0.009842716265002273,0.007945775259866525,0.08550192549053595,0.18209221615115587
2,2,0.8300000000001297,"(np.float64(0.08014976662062823), np.float64(0.1832375914234272))",0.048722077161073685,0.03972797468304634,2.118540995316773,-3.2536519580734313,0.009825683407402627,0.00793258929829384,0.08548842994481148,0.18209629376866274
2,2,0.8400000000001313,"(np.float64(0.08014976662062823), np.float64(0.1832375914234272))",0.048638343811035156,0.03966236114501953,2.118639153007009,-3.2535727087402986,0.00980868041030565,0.007919417050174246,0.08547495742028496,0.1821003638747408
2,2,0.8500000000001329,"(np.float64(0.08014976662062823), np.float64(0.1832375914234272))",0.04855461046099663,0.03959694132208824,2.118737140736651,-3.253493590960861,0.009791689456538561,0.007906273681659286,0.08546150788091866,0.18210442648568945
2,2,0.8600000000001344,"(np.float64(0.08014976662062823), np.float64(0.1832375914234272))",0.04847126081585884,0.03953151777386665,2.118834958855503,-3.253414604554651,0.009774749532984387,0.007893140966543302,0.08544808129590076,0.1821084816198559
2,2,0.870000000000136,"(np.float64(0.08014976662062823), np.float64(0.1832375914234272))",0.048388101160526276,0.039466287940740585,2.1189326078278903,-3.253335749316895,0.009757852911460087,0.007880035603913631,0.08543467762268799,0.18211252928798305
2,2,0.8800000000001376,"(np.float64(0.08014976662062823), np.float64(0.1832375914234272))",0.04830474779009819,0.03940105438232422,2.1190300878053345,-3.2532570250628945,0.009740951508262475,0.007866942164045347,0.08542129680645388,0.18211656949986635
2,2,0.8900000000001391,"(np.float64(0.08014976662062823), np.float64(0.1832375914234272))",0.04822177812457085,0.039336204528808594,2.1191273990183572,-3.2531784314571035,0.009724092989256068,0.007853897793357347,0.08540793882167358,0.1821206022711455
2,2,0.9000000000001407,"(np.float64(0.08014976662062823), np.float64(0.1832375914234272))",0.0481388084590435,0.03927135467529297,2.1192245417525664,-3.25309996817415,0.009707252775839687,0.007840874182176575,0.08539460363115703,0.18212462762888143
2,2,0.9100000000001423,"(np.float64(0.08014976662062823), np.float64(0.1832375914234272))",0.04805603250861168,0.039206504821777344,2.1193215162654853,-3.2530216350796866,0.009690443479146228,0.007827858915950519,0.08538129119164092,0.18212864559751876
2,2,0.9200000000001438,"(np.float64(0.08014976662062823), np.float64(0.1832375914234272))",0.04797325283288956,0.03914184495806694,2.1194183227544587,-3.2529434319845496,0.009673646143206538,0.007814869890663519,0.08536800147096926,0.18213265618602564
2,2,0.9300000000001454,"(np.float64(0.08014976662062823), np.float64(0.1832375914234272))",0.0478910468518734,0.039077188819646835,2.1195149617008266,-3.252865358724238,0.00965692233478934,0.00780189079615655,0.0853547344406333,0.18213665940961105
2,2,0.9400000000001469,"(np.float64(0.08014976662062823), np.float64(0.1832375914234272))",0.04780864715576172,0.03901271894574165,2.1196114334485463,-3.252787415094305,0.0096402054631875,0.007788939153099332,0.0853414900472536,0.18214065527445739
2,2,0.9500000000001485,"(np.float64(0.08014976662062823), np.float64(0.1832375914234272))",0.04772644117474556,0.03894844278693199,2.1197077381775022,-3.252709600783945,0.00962351439852646,0.007776021256651937,0.0853282682467134,0.18214464379304637
2,2,0.9600000000001501,"(np.float64(0.08014976662062823), np.float64(0.1832375914234272))",0.04764442518353462,0.03888416290283203,2.1198038761928513,-3.2526319155758006,0.009606857044530544,0.007763116688269642,0.08531506900661052,0.1821486249912211
2,2,0.9700000000001516,"(np.float64(0.08014976662062823), np.float64(0.1832375914234272))",0.047562599182128906,0.03882007673382759,2.1198998478458027,-3.2525543592490687,0.009590235897090474,0.007750240377177629,0.08530189228688373,0.18215259888375399
2,2,0.9800000000001532,"(np.float64(0.08014976662062823), np.float64(0.1832375914234272))",0.04748077318072319,0.03875618055462837,2.1199956533727584,-3.252476931483878,0.009573629575003352,0.0077373985536530205,0.0852887380430554,0.18215656548455172
2,2,0.9900000000001548,"(np.float64(0.08014976662062823), np.float64(0.1832375914234272))",0.047399140894412994,0.03869228437542915,2.1200912930096485,-3.25239963205642,0.009557052894495778,0.007724570672931602,0.0852756062366961,0.18216052481866962
3,1,0.0,"(np.float64(-0.10449971294318978), np.float64(0.17052803287081844))",-0.029427433386445045,0.06427746266126633,1.976787976348712,-3.446745121906032,-0.005696833161638437,0.012667480238783807,0.10779395839697031,0.1683650084641803
3,1,0.010000000000001563,"(np.float64(-0.10449971294318978), np.float64(0.17052803287081844))",1.215163230895996,1.3814938068389893,1.9819171585825328,-3.440344016332301,1.0235434895440196,1.2596497465870016,0.10779525747949223,0.16837677845868126
3,1,0.020000000000003126,"(np.float64(-0.10449971294318978), np.float64(0.17052803287081844))",1.2058725357055664,1.371813178062439,1.9971127511774736,-3.4216807945979735,2.011405728172377,2.4706509769005196,0.10710113950903945,0.16887410618285845
3,1,0.03000000000000469,"(np.float64(-0.10449971294318978), np.float64(0.17052803287081844))",1.0846385955810547,1.2786411046981812,2.0214663806678916,-3.391333416946554,2.8579278727763606,3.6000674507457227,0.10497199091262382,0.17029600370475576
3,1,0.04000000000000625,"(np.float64(-0.10449971294318978), np.float64(0.17052803287081844))",0.9846908450126648,1.1893224716186523,2.0537597319176903,-3.3500400014165295,3.6009084767686503,4.661789806299325,0.10142185423448231,0.17254748328390887
3,1,0.050000000000007816,"(np.float64(-0.10449971294318978), np.float64(0.17052803287081844))",0.8774479031562805,1.0604925155639648,2.0930081248853165,-3.2986743215514798,4.249880828440148,5.615380956025009,0.0965284530574399,0.1755048329785765
3,1,0.06000000000000938,"(np.float64(-0.10449971294318978), np.float64(0.17052803287081844))",0.7185377478599548,0.8807169198989868,2.1380367444402926,-3.2385507377193306,4.75760556347366,6.413199306270904,0.09037065410823017,0.17901852137102653
3,1,0.07000000000001094,"(np.float64(-0.10449971294318978), np.float64(0.17052803287081844))",0.5556789636611938,0.7013033032417297,2.187410727005331,-3.1712375812117553,5.119111580007896,7.052341786663871,0.08307543169577816,0.18290408336856767
3,1,0.0800000000000125,"(np.float64(-0.10449971294318978), np.float64(0.17052803287081844))",0.4041786193847656,0.5506313443183899,2.2396901036959687,-3.098191329187856,5.338558543753506,7.558564647793657,0.07481809429553717,0.18697404973101941
3,1,0.09000000000001407,"(np.float64(-0.10449971294318978), np.float64(0.17052803287081844))",0.2671852111816406,0.24926070868968964,2.2937679008905643,-3.0217484101866128,5.4793660749270074,7.731519469916489,0.06578012288970053,0.19107322834499074
3,1,0.10000000000001563,"(np.float64(-0.10449971294318978), np.float64(0.17052803287081844))",0.11487846821546555,0.09714527428150177,2.3485455618566053,-2.944285050604313,5.478288171411806,7.761630466737634,0.05617239791476819,0.19499120390664715
3,1,0.1100000000000172,"(np.float64(-0.10449971294318978), np.float64(0.17052803287081844))",0.08728847652673721,0.06134681776165962,2.4032145929315814,-2.866701078488852,5.456536344895778,7.754855139597332,0.04623993055754058,0.19854980278561682
3,1,0.12000000000001876,"(np.float64(-0.10449971294318978), np.float64(0.17052803287081844))",0.05912380293011665,0.035260964184999466,2.4575269738161314,-2.78932093376408,5.406426205821599,7.720481031529534,0.03613327953664927,0.20170617168827232
3,1,0.13000000000002032,"(np.float64(-0.10449971294318978), np.float64(0.17052803287081844))",0.03626880794763565,0.012873458676040173,2.5112171798928156,-2.7124122544891143,5.331879832018517,7.660447097505528,0.025912645432479883,0.2044473127737523
3,1,0.14000000000002188,"(np.float64(-0.10449971294318978), np.float64(0.17052803287081844))",0.02546672895550728,-0.010772514156997204,2.564115231538109,-2.636256457142365,5.247934523546027,7.569977055047459,0.01563086785716157,0.2067676318692757
3,1,0.15000000000002345,"(np.float64(-0.10449971294318978), np.float64(0.17052803287081844))",0.023076439276337624,-0.10516557842493057,2.6162788039914098,-2.561601553254243,5.1853062050644985,7.360659322025773,0.005333413213879784,0.20865880333407222
3,1,0.160000000000025,"(np.float64(-0.10449971294318978), np.float64(0.17052803287081844))",0.02331390418112278,-0.2195209562778473,2.6679743010813297,-2.4897512953431145,5.154600099479652,7.009360618641652,-0.004911280067852547,0.21007357965897053
3,1,0.17000000000002657,"(np.float64(-0.10449971294318978), np.float64(0.17052803287081844))",0.005527305882424116,-0.30990657210350037,2.7193861611092762,-2.4219467992112156,5.128728886908486,6.551526919290189,-0.014990751534497637,0.21092917305886955
3,1,0.18000000000002814,"(np.float64(-0.10449971294318978), np.float64(0.17052803287081844))",-0.027449512854218483,-0.37661322951316833,2.7704445308080365,-2.3590881566886153,5.08401970243186,6.020048662706098,-0.024773724704472283,0.2111698748076342
3,1,0.1900000000000297,"(np.float64(-0.10449971294318978), np.float64(0.17052803287081844))",-0.049759577959775925,-0.42341718077659607,2.8210064401359323,-2.30180731811918,5.029483870470791,5.4358218022749485,-0.03413063650619094,0.2107938405944218
3,1,0.20000000000003126,"(np.float64(-0.10449971294318978), np.float64(0.17052803287081844))",-0.051215361803770065,-0.45495644211769104,2.8710852217557696,-2.250569004948969,4.987382547035905,4.811444929883799,-0.04295038279665761,0.2098325367330146
3,1,0.21000000000003283,"(np.float64(-0.10449971294318978), np.float64(0.17052803287081844))",-0.04819183424115181,-0.46088677644729614,2.9207998426982202,-2.205625018793351,4.956617472876608,4.1768437314853415,-0.0511516165249955,0.20832323044200013
3,1,0.2200000000000344,"(np.float64(-0.10449971294318978), np.float64(0.17052803287081844))",-0.10239477455615997,-0.449136346578598,2.9698899375395964,-2.1668935567836356,4.862665377878851,3.568808782736185,-0.058684453397519806,0.20630824228990446
3,1,0.23000000000003595,"(np.float64(-0.10449971294318978), np.float64(0.17052803287081844))",-0.14036789536476135,-0.43150368332862854,3.0178194223729737,-2.134095609237025,4.7242890880150155,2.9905763510158905,-0.06551332800748157,0.20387173028436967
3,1,0.24000000000003752,"(np.float64(-0.10449971294318978), np.float64(0.17052803287081844))",-0.15946035087108612,-0.41487714648246765,3.0642538385436535,-2.1069510147976187,4.563910090109436,2.437810631228089,-0.07161416324134934,0.20112527097282532
3,1,0.2500000000000391,"(np.float64(-0.10449971294318978), np.float64(0.17052803287081844))",-0.17273350059986115,-0.3859314024448395,3.1089983397028798,-2.085145375160439,4.386210067218242,1.9228412859313198,-0.07698423576870325,0.1981613242443365
3,1,0.26000000000004064,"(np.float64(-0.10449971294318978), np.float64(0.17052803287081844))",-0.1820768415927887,-0.3389585614204407,3.1518734814050564,-2.0681911050596153,4.189832572222945,1.4675193239333648,-0.08163916686233688,0.19505666089535992
3,1,0.2700000000000422,"(np.float64(-0.10449971294318978), np.float64(0.17052803287081844))",-0.18196125328540802,-0.2874263823032379,3.1927370297575064,-2.0554761113755493,3.98363920966461,1.0749756781426067,-0.08561812001236772,0.19188511009908948
3,1,0.28000000000004377,"(np.float64(-0.10449971294318978), np.float64(0.17052803287081844))",-0.2088155746459961,-0.24666976928710938,3.2313297244355725,-2.046400259822325,3.7355579754993604,0.7397644238522905,-0.08897938694237553,0.18871275508407748
3,1,0.29000000000004533,"(np.float64(-0.10449971294318978), np.float64(0.17052803287081844))",-0.26112183928489685,-0.2032676786184311,3.267062259270261,-2.0403324879197826,3.411490772713818,0.4734514104153821,-0.0917788631142051,0.1856060989812302
3,1,0.3000000000000469,"(np.float64(-0.10449971294318978), np.float64(0.17052803287081844))",-0.279989629983902,-0.15738964080810547,3.299374647480713,-2.0366152753048663,3.0511960475019393,0.269708121391205,-0.0940646595427275,0.18265264509209578
3,1,0.31000000000004846,"(np.float64(-0.10449971294318978), np.float64(0.17052803287081844))",-0.2784239947795868,-0.10812082141637802,3.328018711370613,-2.0346311967196113,2.6763482231831124,0.13149273434702735,-0.09589296785882488,0.17993294612285513
3,1,0.32000000000005,"(np.float64(-0.10449971294318978), np.float64(0.17052803287081844))",-0.2636962831020355,-0.06325788795948029,3.352917324188867,-2.0337204241399864,2.3008322323002757,0.0591348940415975,-0.09733200230014141,0.17749441068150162
3,1,0.3300000000000516,"(np.float64(-0.10449971294318978), np.float64(0.17052803287081844))",-0.2487327605485916,-0.04899177700281143,3.374078631785982,-2.0333029898694264,1.9296284316182153,0.029464132719433097,-0.09846178226883986,0.1753644422775133
3,1,0.34000000000005315,"(np.float64(-0.10449971294318978), np.float64(0.17052803287081844))",-0.19033394753932953,-0.04501171037554741,3.3918414618787107,-2.033087634936244,1.621666443342204,0.015915731040833832,-0.09935675472785116,0.1735558553712755
3,1,0.3500000000000547,"(np.float64(-0.10449971294318978), np.float64(0.17052803287081844))",-0.1416890174150467,-0.04911842569708824,3.406793079192668,-2.0329729712266085,1.3676854206521507,0.008298652992308603,-0.10007258860164188,0.17204507174931485
3,1,0.3600000000000563,"(np.float64(-0.10449971294318978), np.float64(0.17052803287081844))",-0.09690570831298828,-0.053702354431152344,3.419457624913717,-2.032919881061942,1.164442839289,0.003170457318654663,-0.1006522310267452,0.17078183637983552
3,1,0.37000000000005784,"(np.float64(-0.10449971294318978), np.float64(0.17052803287081844))",-0.06213407590985298,-0.05683393403887749,3.430286129959472,-2.0329092989517172,1.0006581964878454,-0.00045905827617594977,-0.10112698905292564,0.16971906418178984
3,1,0.3800000000000594,"(np.float64(-0.10449971294318978), np.float64(0.17052803287081844))",-0.0349794402718544,-0.05940399318933487,3.439630983348958,-2.0329296264687664,0.8678609205455686,-0.003166513566917457,-0.1015209592195768,0.16881573698004798
3,1,0.39000000000006096,"(np.float64(-0.10449971294318978), np.float64(0.17052803287081844))",-0.01376419048756361,-0.06150512769818306,3.447769147654926,-2.0329733773360057,0.7594364621899243,-0.005247436137460483,-0.10185201025117427,0.16803968508129996
3,1,0.40000000000006253,"(np.float64(-0.10449971294318978), np.float64(0.17052803287081844))",0.0028282166458666325,-0.06322631984949112,3.454918621881306,-2.0330352900323914,0.6702110861737874,-0.0068732459982072305,-0.10213350087848133,0.16736583825027823
3,1,0.4100000000000641,"(np.float64(-0.10449971294318978), np.float64(0.17052803287081844))",0.015149498358368874,-0.06390037387609482,3.4612469542783955,-2.033110824226872,0.5952822583544805,-0.008046076884903015,-0.10237549591636283,0.1667747494132409
3,1,0.42000000000006565,"(np.float64(-0.10449971294318978), np.float64(0.17052803287081844))",0.024077607318758965,-0.06345959007740021,3.466877653841381,-2.033195567841559,0.5307453023385287,-0.00878645453654416,-0.10258555341940756,0.16625170152719043
3,1,0.4300000000000672,"(np.float64(-0.10449971294318978), np.float64(0.17052803287081844))",0.03111724928021431,-0.06301307678222656,3.4719043108514684,-2.0332862955155835,0.4745117148104814,-0.009282461318592056,-0.10276924267680163,0.16578601734137352
3,1,0.4400000000000688,"(np.float64(-0.10449971294318978), np.float64(0.17052803287081844))",0.03696804121136665,-0.06259288638830185,3.4764034313809917,-2.0333811739976047,0.42526034763664433,-0.009638862601702616,-0.10293067359716704,0.16536977019801313
3,1,0.45000000000007034,"(np.float64(-0.10449971294318978), np.float64(0.17052803287081844))",0.04193439707159996,-0.062150001525878906,3.4804398287253746,-2.0334790878798845,0.3819805557105332,-0.009904004948977257,-0.10307302124394074,0.16499661736555865
3,1,0.4600000000000719,"(np.float64(-0.10449971294318978), np.float64(0.17052803287081844))",0.04375438764691353,-0.06148529052734375,3.484053988971321,-2.0335786870265022,0.34083996005015,-0.010002578940029446,-0.10319885559821956,0.16466126887630222
3,1,0.47000000000007347,"(np.float64(-0.10449971294318978), np.float64(0.17052803287081844))",0.04417762905359268,-0.06078052520751953,3.4872592097933466,-2.0336785674634363,0.30021287555464327,-0.009979591390316718,-0.10330989266201213,0.16436042498952627
3,1,0.48000000000007503,"(np.float64(-0.10449971294318978), np.float64(0.17052803287081844))",0.04502277448773384,-0.06015272065997124,3.4900636552193247,-2.033778045513923,0.2606884683490441,-0.009926735532394775,-0.10340689489526206,0.164093047427822
3,1,0.4900000000000766,"(np.float64(-0.10449971294318978), np.float64(0.17052803287081844))",0.04633617401123047,-0.05928526073694229,3.492481252745786,-2.0338768417595268,0.22284080733073094,-0.009847870395231462,-0.1034903158790001,0.16385860221805157
3,1,0.5000000000000782,"(np.float64(-0.10449971294318978), np.float64(0.17052803287081844))",0.04799690470099449,-0.05827512964606285,3.494530814661961,-2.0339747552637983,0.18707686701126439,-0.009753261055243554,-0.10356071697315082,0.16365611603447594
3,1,0.5100000000000797,"(np.float64(-0.10449971294318978), np.float64(0.17052803287081844))",0.04983062669634819,-0.057381629943847656,3.49623415629274,-2.034071802132767,0.15359174306797274,-0.009672434912965449,-0.1036187967015817,0.1634841879652293
3,1,0.5200000000000813,"(np.float64(-0.10449971294318978), np.float64(0.17052803287081844))",0.05179138109087944,-0.05659666284918785,3.497614753916898,-2.0341681760815127,0.12252356061420999,-0.009614856214855052,-0.10366532494888486,0.1633411182983106
3,1,0.5300000000000828,"(np.float64(-0.10449971294318978), np.float64(0.17052803287081844))",0.05383815988898277,-0.05591411516070366,3.498697225347281,-2.0342641194607283,0.09396279664994997,-0.009582145734773609,-0.10370110359716725,0.16322502272696582
3,1,0.5400000000000844,"(np.float64(-0.10449971294318978), np.float64(0.17052803287081844))",0.055933188647031784,-0.055327415466308594,3.4995068777072613,-2.0343598722966516,0.06795685718616101,-0.009572768947671752,-0.10372696067721043,0.1631338884660134
3,1,0.550000000000086,"(np.float64(-0.10449971294318978), np.float64(0.17052803287081844))",0.058041762560606,-0.05482998117804527,3.500069294782472,-2.034455652353188,0.04451359132707036,-0.009584018645455812,-0.10374373968027734,0.1630656222264516
3,1,0.5600000000000875,"(np.float64(-0.10449971294318978), np.float64(0.17052803287081844))",0.06013507768511772,-0.054415132850408554,3.5004130030674507,-2.0345517348813567,0.025884357103659925,-0.009693221589945003,-0.10375228792734228,0.16301809237506512
3,1,0.5700000000000891,"(np.float64(-0.10449971294318978), np.float64(0.17052803287081844))",0.06190548092126846,-0.05408334732055664,3.500625453864661,-2.034650019084846,0.017963157758413426,-0.009989192828048311,-0.10375353143230606,0.16298892515853508
3,1,0.5800000000000907,"(np.float64(-0.10449971294318978), np.float64(0.17052803287081844))",0.06255874782800674,-0.053843118250370026,3.5007862894330075,-2.0347510542623115,0.014749496079588892,-0.010213593561747563,-0.10375006445023567,0.16297106662715716
3,1,0.5900000000000922,"(np.float64(-0.10449971294318978), np.float64(0.17052803287081844))",0.06273575127124786,-0.0536557212471962,3.5009260596705114,-2.034853866561737,0.0134271761978735,-0.010342148652183795,-0.10374448222110105,0.16295781082001604
3,1,0.6000000000000938,"(np.float64(-0.10449971294318978), np.float64(0.17052803287081844))",0.06272297352552414,-0.053496457636356354,3.5010570827254166,-2.0349576014397996,0.01287081234661856,-0.010401373778697973,-0.10373801199126517,0.1629463189774473
3,1,0.6100000000000954,"(np.float64(-0.10449971294318978), np.float64(0.17052803287081844))",0.06263294070959091,-0.05335111543536186,3.5011843662309676,-2.0350617015356396,0.012627153043998184,-0.010418473815215839,-0.10373122755246406,0.16293537158561047
3,1,0.6200000000000969,"(np.float64(-0.10449971294318978), np.float64(0.17052803287081844))",0.06251030415296555,-0.05321340635418892,3.5013099613177516,-2.0351658449566106,0.012511947353794028,-0.01041226980365391,-0.10372438536522072,0.16292447096375146
3,1,0.6300000000000985,"(np.float64(-0.10449971294318978), np.float64(0.17052803287081844))",0.06237392500042915,-0.05307912826538086,3.5014347121990133,-2.0352698590949325,0.012449625092865912,-0.010393950424448961,-0.10371758996986537,0.16291343983600787
3,1,0.6400000000001,"(np.float64(-0.10449971294318978), np.float64(0.17052803287081844))",0.062230683863162994,-0.052947141230106354,3.501558965124857,-2.035373657359761,0.012408784404621996,-0.010369822084153693,-0.1037108753625994,0.16290223891445652
3,1,0.6500000000001016,"(np.float64(-0.10449971294318978), np.float64(0.17052803287081844))",0.0620843879878521,-0.052816297858953476,3.5016828592587124,-2.0354771998921346,0.012376394414042174,-0.010343178805685924,-0.10370424465410844,0.16289088374472155
3,1,0.6600000000001032,"(np.float64(-0.10449971294318978), np.float64(0.17052803287081844))",0.061936188489198685,-0.0526859275996685,3.5018064473993915,-2.035580470606652,0.012346995000985779,-0.010315642906883754,-0.10369768904141827,0.1628794073634969
3,1,0.6700000000001047,"(np.float64(-0.10449971294318978), np.float64(0.17052803287081844))",0.06178722530603409,-0.05255613476037979,3.5019297467937487,-2.035683465120814,0.012318413710010216,-0.010288014145867332,-0.10369119657320827,0.16286784434428786
3,1,0.6800000000001063,"(np.float64(-0.10449971294318978), np.float64(0.17052803287081844))",0.06163749843835831,-0.05242672190070152,3.50205276045147,-2.035786184367238,0.012289773486789706,-0.010260612474440154,-0.10368475583420297,0.1628562247441499
3,1,0.6900000000001079,"(np.float64(-0.10449971294318978), np.float64(0.17052803287081844))",0.06148815155029297,-0.05229759216308594,3.502175486681325,-2.0358886312329814,0.012260898002346681,-0.0102335356507143,-0.10367835724622079,0.1628445725397608
3,1,0.7000000000001094,"(np.float64(-0.10449971294318978), np.float64(0.17052803287081844))",0.06133842468261719,-0.05216875299811363,3.502297922417174,-2.0359908090153906,0.012231678558671952,-0.010206783254088202,-0.10367199332282247,0.1628329058910058
3,1,0.710000000000111,"(np.float64(-0.10449971294318978), np.float64(0.17052803287081844))",0.06118908151984215,-0.05204038694500923,3.502420064718096,-2.036092720936458,0.012202211564897404,-0.010180342268508457,-0.10366565844662173,0.1628212381207561
3,1,0.7200000000001125,"(np.float64(-0.10449971294318978), np.float64(0.17052803287081844))",0.06104011461138725,-0.05191230773925781,3.5025419115131315,-2.0361943698045746,0.012172575589495761,-0.010154152999937436,-0.10365934850345815,0.16280957877061808
3,1,0.7300000000001141,"(np.float64(-0.10449971294318978), np.float64(0.17052803287081844))",0.060891151428222656,-0.051784612238407135,3.502663461186382,-2.0362957579380994,0.01214279061835678,-0.010128175946032856,-0.10365306055157199,0.16279793452867675
3,1,0.7400000000001157,"(np.float64(-0.10449971294318978), np.float64(0.17052803287081844))",0.0607425682246685,-0.05165700986981392,3.5027847126594773,-2.0363968870885927,0.01211293250403987,-0.010102343348118683,-0.10364679251020743,0.16278631003757954
3,1,0.7500000000001172,"(np.float64(-0.10449971294318978), np.float64(0.17052803287081844))",0.06059417873620987,-0.051529597491025925,3.5029056653347723,-2.036497758536228,0.012083028090286912,-0.01007662402211277,-0.1036405429371787,0.16277470847782208
3,1,0.7600000000001188,"(np.float64(-0.10449971294318978), np.float64(0.17052803287081844))",0.06044616922736168,-0.05140285566449165,3.5030263190102358,-2.036598373630111,0.01205312432030052,-0.010051052421336908,-0.10363431084799851,0.1627631319993783
3,1,0.7700000000001204,"(np.float64(-0.10449971294318978), np.float64(0.17052803287081844))",0.06029853969812393,-0.051276206970214844,3.5031466738285277,-2.036698733499698,0.012023246709408292,-0.010025567619854864,-0.10362809553670602,0.16275158202858633
3,1,0.7800000000001219,"(np.float64(-0.10449971294318978), np.float64(0.17052803287081844))",0.06015129014849663,-0.05115003511309624,3.5032667301504605,-2.036798839108874,0.011993413381764332,-0.010000184808318617,-0.10362189651678769,0.16274005949581227
3,1,0.7900000000001235,"(np.float64(-0.10449971294318978), np.float64(0.17052803287081844))",0.060004424303770065,-0.05102396011352539,3.503386488473962,-2.0368986912368245,0.011963634906262607,-0.009974862185839478,-0.10361571345221629,0.16272856499530317
3,1,0.8000000000001251,"(np.float64(-0.10449971294318978), np.float64(0.17052803287081844))",0.059857942163944244,-0.05089836195111275,3.503505949395725,-2.036998290636693,0.011933919935872506,-0.009949624993323072,-0.10360954611530987,0.1627170988970259
3,1,0.8100000000001266,"(np.float64(-0.10449971294318978), np.float64(0.17052803287081844))",0.05971164628863335,-0.05077314376831055,3.5036251134381424,-2.037097638145589,0.011904249706649585,-0.009924470114146695,-0.10360339434157076,0.16270566141797632
3,1,0.8200000000001282,"(np.float64(-0.10449971294318978), np.float64(0.17052803287081844))",0.05956592783331871,-0.05064830929040909,3.503743981282799,-2.0371967345869986,0.011874664377675773,-0.009899397134853133,-0.10359725799393538,0.16269425268288706
3,1,0.8300000000001297,"(np.float64(-0.10449971294318978), np.float64(0.17052803287081844))",0.059420205652713776,-0.05052356794476509,3.5038625534660595,-2.037295580560802,0.011845111131995914,-0.009874368914409773,-0.103591136966518,0.1626828727411786
3,1,0.8400000000001313,"(np.float64(-0.10449971294318978), np.float64(0.17052803287081844))",0.059275247156620026,-0.05039940029382706,3.5039808307335343,-2.037394176774295,0.011815662149671903,-0.009849429144485954,-0.10358503118835445,0.16267152161443696
3,1,0.8500000000001329,"(np.float64(-0.10449971294318978), np.float64(0.17052803287081844))",0.0591304786503315,-0.05027513578534126,3.5040988138847884,-2.037492523736866,0.011786276546361451,-0.009824514091992817,-0.10357894059483758,0.16266019927896241
3,1,0.8600000000001344,"(np.float64(-0.10449971294318978), np.float64(0.17052803287081844))",0.05898590013384819,-0.05015144497156143,3.5042165034744697,-2.037590622006201,0.011756940538238793,-0.0097996767292013,-0.10357286515051241,0.1626489056908338
3,1,0.870000000000136,"(np.float64(-0.10449971294318978), np.float64(0.17052803287081844))",0.058841705322265625,-0.050028134137392044,3.5043339000943403,-2.0376884723576807,0.011727670466708489,-0.009774916678394797,-0.10356680481244004,0.16263764081197762
3,1,0.8800000000001376,"(np.float64(-0.10449971294318978), np.float64(0.17052803287081844))",0.05869808420538902,-0.04990501329302788,3.504451004572271,-2.0377860754353736,0.011698495208096137,-0.009750211733379598,-0.10356075951953479,0.1626264045912236
3,1,0.8900000000001391,"(np.float64(-0.10449971294318978), np.float64(0.17052803287081844))",0.058554649353027344,-0.04978227615356445,3.5045678176605826,-2.037883431860235,0.01166938135229784,-0.009725574010181393,-0.10355472923297537,0.16261519695654925
3,1,0.9000000000001407,"(np.float64(-0.10449971294318978), np.float64(0.17052803287081844))",0.05841178819537163,-0.04965972900390625,3.5046843401594003,-2.037980542210038,0.01164036071445012,-0.009700987194086972,-0.10354871391575576,0.162604017837572
3,1,0.9100000000001423,"(np.float64(-0.10449971294318978), np.float64(0.17052803287081844))",0.05826912075281143,-0.04953765869140625,3.5048005728188194,-2.038077407142392,0.011611402119418739,-0.00967647680055351,-0.10354271353730136,0.16259286715928506
3,1,0.9200000000001438,"(np.float64(-0.10449971294318978), np.float64(0.17052803287081844))",0.05812663957476616,-0.04941597208380699,3.5049165161756517,-2.038174027420316,0.011582491314377538,-0.009652042729433947,-0.103536728058365,0.16258174484697435
3,1,0.9300000000001454,"(np.float64(-0.10449971294318978), np.float64(0.17052803287081844))",0.05798454210162163,-0.049294378608465195,3.505032170805291,-2.0382704036114334,0.011553645126500959,-0.009627651532692308,-0.10353075742256199,0.16257065084076322
3,1,0.9400000000001469,"(np.float64(-0.10449971294318978), np.float64(0.17052803287081844))",0.05784263834357262,-0.04917316511273384,3.5051475372695546,-2.0383665362567465,0.011524849065517486,-0.009603322431598837,-0.1035248015939938,0.1625595850818312
3,1,0.9500000000001485,"(np.float64(-0.10449971294318978), np.float64(0.17052803287081844))",0.05770149454474449,-0.04905223846435547,3.5052626164280443,-2.0384624259722286,0.01149616417877828,-0.009579054168649478,-0.10351886053934976,0.1625485475119956
3,1,0.9600000000001501,"(np.float64(-0.10449971294318978), np.float64(0.17052803287081844))",0.05756054073572159,-0.04893169552087784,3.5053774091428123,-2.0385580734142748,0.011467547893112313,-0.009554855200349162,-0.10351293422689625,0.16253753804866494
3,1,0.9700000000001516,"(np.float64(-0.10449971294318978), np.float64(0.17052803287081844))",0.05742016062140465,-0.04881134256720543,3.5054919162613833,-2.0386534791731292,0.011439027836058005,-0.009530707839773965,-0.10350702262170361,0.16252655660634555
3,1,0.9800000000001532,"(np.float64(-0.10449971294318978), np.float64(0.17052803287081844))",0.05727958679199219,-0.04869136959314346,3.505606138280621,-2.038748643835241,0.011410524646638495,-0.009506624608466007,-0.10350112569490488,0.16251560310208873
3,1,0.9900000000001548,"(np.float64(-0.10449971294318978), np.float64(0.17052803287081844))",0.05713978037238121,-0.04857158660888672,3.5057200758459195,-2.03884356796623,0.011382119599950514,-0.009482592079234617,-0.10349524340754888,0.16250467747956165
3,2,0.0,"(np.float64(0.10449971294318978), np.float64(0.17052803287081844))",0.057000160217285156,-0.048452187329530716,3.505833729732474,-2.038938252157372,0.011353777483563842,-0.009458624835835525,-0.1034893757263593,0.16249377967365003
3,2,0.010000000000001563,"(np.float64(0.10449971294318978), np.float64(0.17052803287081844))",-0.8869243860244751,-1.4878801107406616,3.5029598182774033,-2.046485371285834,-0.5805031827860524,-1.4923424864194792,-0.1034835226199981,0.16248290960731265
3,2,0.020000000000003126,"(np.float64(0.10449971294318978), np.float64(0.17052803287081844))",-0.7508310675621033,-1.3208528757095337,3.4948861156047504,-2.067855812121315,-1.0341076551601152,-2.779210603588454,-0.1026392340509929,0.1625755483029696
3,2,0.03000000000000469,"(np.float64(0.10449971294318978), np.float64(0.17052803287081844))",-0.6557580828666687,-1.00658118724823,3.4823419506087,-2.100186558154044,-1.4770147987544968,-3.6876022762157197,-0.10024010019121476,0.1628508008834588
3,2,0.04000000000000625,"(np.float64(0.10449971294318978), np.float64(0.17052803287081844))",-0.5805322527885437,-0.8358816504478455,3.465497096758486,-2.1406542354552194,-1.895011476542154,-4.407605644920427,-0.0965981600536309,0.16327420845142676
3,2,0.050000000000007816,"(np.float64(0.10449971294318978), np.float64(0.17052803287081844))",-0.5032960772514343,-0.6674128770828247,3.4446060216708565,-2.1874115055649113,-2.2862515598276056,-4.945903371847784,-0.09201436406290595,0.1638242142614448
3,2,0.06000000000000938,"(np.float64(0.10449971294318978), np.float64(0.17052803287081844))",-0.4262692630290985,-0.524772584438324,3.419988618381511,-2.2388097883527083,-2.639823093120717,-5.335728103868381,-0.08669771754165229,0.1644498877165722
3,2,0.07000000000001094,"(np.float64(0.10449971294318978), np.float64(0.17052803287081844))",-0.38476505875587463,-0.4294215142726898,3.3918806911882013,-2.293600322708048,-2.9836987696425963,-5.623915016727046,-0.08083819233083764,0.16510084452255153
3,2,0.0800000000000125,"(np.float64(0.10449971294318978), np.float64(0.17052803287081844))",-0.3697718679904938,-0.41633206605911255,3.3603596693338353,-2.3512433275633584,-3.321928854860937,-5.905634801395071,-0.07458009699859247,0.1657388935723283
3,2,0.09000000000001407,"(np.float64(0.10449971294318978), np.float64(0.17052803287081844))",-0.34180718660354614,-0.39151307940483093,3.325564918212459,-2.411605609407903,-3.6380872838714344,-6.167566091592195,-0.06799072504863765,0.16633122533245975
3,2,0.10000000000001563,"(np.float64(0.10449971294318978), np.float64(0.17052803287081844))",-0.3128885328769684,-0.36731186509132385,3.2877351742819716,-2.474489102611156,-3.9286244064170237,-6.40978325877302,-0.0611001623538486,0.16683586842349185
3,2,0.1100000000000172,"(np.float64(0.10449971294318978), np.float64(0.17052803287081844))",-0.2988581657409668,-0.33940401673316956,3.247025590442528,-2.539641840787287,-4.213728774058969,-6.621300453045029,-0.053948151922397936,0.16721194290544295
3,2,0.12000000000001876,"(np.float64(0.10449971294318978), np.float64(0.17052803287081844))",-0.28194552659988403,-0.3083021342754364,3.203513710195199,-2.6067358390272823,-4.488425709570294,-6.79821848461702,-0.046575134537587465,0.1674325786417848
3,2,0.13000000000002032,"(np.float64(0.10449971294318978), np.float64(0.17052803287081844))",-0.24533958733081818,-0.26042625308036804,3.1574309801695892,-2.6753511707005377,-4.728043735266464,-6.925294198476631,-0.039021824958721585,0.16748595227623306
3,2,0.14000000000002188,"(np.float64(0.10449971294318978), np.float64(0.17052803287081844))",-0.1934887021780014,-0.20961962640285492,3.10922542444784,-2.7449854270166525,-4.912783737771294,-7.0019817235223485,-0.03133900420953867,0.16736113494896104
3,2,0.15000000000002345,"(np.float64(0.10449971294318978), np.float64(0.17052803287081844))",-0.1377779096364975,-0.18872547149658203,3.059531219224788,-2.8153429209847602,-5.025641883229045,-7.0698619148516,-0.023590092832591197,0.1670448118755402
3,2,0.160000000000025,"(np.float64(0.10449971294318978), np.float64(0.17052803287081844))",-0.10641708225011826,-0.146527960896492,3.0088628053977846,-2.8861422876789478,-5.10738748980958,-7.09020828388976,-0.01583093402372962,0.1665089911789957
3,2,0.17000000000002657,"(np.float64(0.10449971294318978), np.float64(0.17052803287081844))",-0.09337081760168076,-0.08907079696655273,2.957381326209234,-2.9567630897631205,-5.188024180262577,-7.033921241488385,-0.008110761590557708,0.16573876127004916
3,2,0.18000000000002814,"(np.float64(0.10449971294318978), np.float64(0.17052803287081844))",-0.039000608026981354,-0.028197670355439186,2.9053863044201975,-3.02648341120598,-5.2100897844507985,-6.91010762061043,-0.000477482809088714,0.1647655059451639
3,2,0.1900000000000297,"(np.float64(0.10449971294318978), np.float64(0.17052803287081844))",0.0015787124866619706,0.03632316738367081,2.8533594065521046,-3.0945750778487544,-5.194382827160763,-6.708118899775917,0.007016377472905094,0.16362456278961054
3,2,0.20000000000003126,"(np.float64(0.10449971294318978), np.float64(0.17052803287081844))",0.041886139661073685,0.10299243777990341,2.801671485295757,-3.160237923129976,-5.142342957958305,-6.42432581859336,0.014314336013721451,0.16234680475299815
3,2,0.21000000000003283,"(np.float64(0.10449971294318978), np.float64(0.17052803287081844))",0.04816150665283203,0.18864689767360687,2.750410334377595,-3.2224532545918043,-5.108991166732386,-6.01851500608835,0.021369151992837634,0.16097802936770714
3,2,0.2200000000000344,"(np.float64(0.10449971294318978), np.float64(0.17052803287081844))",0.0439300537109375,0.3657812178134918,2.699145568200662,-3.279323935449773,-5.142920642120737,-5.355471948054593,0.02814941050189168,0.1595944549123456
3,2,0.23000000000003595,"(np.float64(0.10449971294318978), np.float64(0.17052803287081844))",0.03305072709918022,0.47170448303222656,2.647294421743318,-3.328775251500395,-5.22624799112663,-4.534851173720415,0.034633391039233505,0.15835289337908826
3,2,0.24000000000003752,"(np.float64(0.10449971294318978), np.float64(0.17052803287081844))",0.018178749829530716,0.5422466397285461,2.5944124115051297,-3.369497728829623,-5.349007836732812,-3.610214344408373,0.04082463919788347,0.15742653397000897
3,2,0.2500000000000391,"(np.float64(0.10449971294318978), np.float64(0.17052803287081844))",0.044774819165468216,0.5115593075752258,2.540577821360558,-3.401263906484385,-5.416912954448092,-2.744252107799891,0.0467612798804152,0.1569308266454199
3,2,0.26000000000004064,"(np.float64(0.10449971294318978), np.float64(0.17052803287081844))",0.09080334007740021,0.41744041442871094,2.48658612013578,-3.4251685845633446,-5.380732865836517,-2.0383231667024546,0.05248140426542905,0.15689057483252905
3,2,0.2700000000000422,"(np.float64(0.10449971294318978), np.float64(0.17052803287081844))",0.125911146402359,0.3120340406894684,2.43341203943992,-3.4428763259723456,-5.253698005797771,-1.5048937212046005,0.057999919033438235,0.15722034000693455
3,2,0.28000000000004377,"(np.float64(0.10449971294318978), np.float64(0.17052803287081844))",0.1525779813528061,0.21867580711841583,2.381871405023876,-3.456003862568487,-5.054351725970006,-1.1220750849817074,0.06331533083975645,0.15779444778794804
3,2,0.29000000000004533,"(np.float64(0.10449971294318978), np.float64(0.17052803287081844))",0.16536961495876312,0.16243362426757812,2.3325137680203527,-3.4657586213736207,-4.817315974987023,-0.830120985271959,0.06841907606834367,0.15849736763528827
3,2,0.3000000000000469,"(np.float64(0.10449971294318978), np.float64(0.17052803287081844))",0.18615856766700745,0.1255970001220703,2.285726134309256,-3.4729193024565492,-4.540574329953368,-0.6030943175284205,0.07329906485574032,0.15924990278515214
3,2,0.31000000000004846,"(np.float64(0.10449971294318978), np.float64(0.17052803287081844))",0.2550235688686371,0.09518928825855255,2.2422044049689096,-3.4781718640770274,-4.16455471819468,-0.44840432510891004,0.07793596170002,0.16000713166309488
3,2,0.32000000000005,"(np.float64(0.10449971294318978), np.float64(0.17052803287081844))",0.3001609742641449,0.07384490966796875,2.2027559351199595,-3.482127882013272,-3.726080192000236,-0.34353946551268966,0.0822752203986216,0.16072246180796904
3,2,0.3300000000000516,"(np.float64(0.10449971294318978), np.float64(0.17052803287081844))",0.3252700865268707,0.05550079420208931,2.167863825385348,-3.485221042719593,-3.253260440210691,-0.27555526055560764,0.08624432348595648,0.16135334962637965
3,2,0.34000000000005315,"(np.float64(0.10449971294318978), np.float64(0.17052803287081844))",0.3239576518535614,0.04286842420697212,2.137689308510922,-3.4877269280092085,-2.782388644141871,-0.22584563991019083,0.08979161480033895,0.16187926108583567
3,2,0.3500000000000547,"(np.float64(0.10449971294318978), np.float64(0.17052803287081844))",0.31003114581108093,0.036074448376894,2.1121250711541024,-3.489761396779062,-2.331005951267277,-0.18113189696951587,0.09289106945253936,0.16229799229631173
3,2,0.3600000000000563,"(np.float64(0.10449971294318978), np.float64(0.17052803287081844))",0.2815536558628082,0.038154032081365585,2.0908714679649214,-3.491286888703557,-1.9200485419611362,-0.12399222655771591,0.09554018740880607,0.16262298853785573
3,2,0.37000000000005784,"(np.float64(0.10449971294318978), np.float64(0.17052803287081844))",0.2343866378068924,0.0529542937874794,2.073406607131706,-3.4921371823546887,-1.5705606584359613,-0.05560343675298195,0.09775417516246282,0.16288037228466373
3,2,0.3800000000000594,"(np.float64(0.10449971294318978), np.float64(0.17052803287081844))",0.18167267739772797,0.061845969408750534,2.059170881570615,-3.492509389606605,-1.2749742153469497,-0.024263074368168207,0.09956963479831683,0.16310689965920833
3,2,0.39000000000006096,"(np.float64(0.10449971294318978), np.float64(0.17052803287081844))",0.13140392303466797,0.06937351077795029,2.0476176337345158,-3.4926619535051375,-1.034661200502306,-0.008873907901196925,0.10104171988101159,0.16330573780914862
3,2,0.40000000000006253,"(np.float64(0.10449971294318978), np.float64(0.17052803287081844))",0.09190922230482101,0.07584476470947266,2.0382477968429806,-3.4927015339704073,-0.8386093762738485,-0.0004556200900660574,0.10223039092296649,0.1634711112002045
3,2,0.4100000000000641,"(np.float64(0.10449971294318978), np.float64(0.17052803287081844))",0.05377922207117081,0.0774831771850586,2.030621486493919,-3.4926773524529,-0.6861191682577873,0.0044793359421967174,0.10318894316361708,0.16360653464957747
3,2,0.42000000000006565,"(np.float64(0.10449971294318978), np.float64(0.17052803287081844))",0.02305011823773384,0.07857342064380646,2.024344705089181,-3.4926139926927684,-0.5688230763747831,0.007673811614264182,0.10396401781201682,0.16371757242864024
3,2,0.4300000000000672,"(np.float64(0.10449971294318978), np.float64(0.17052803287081844))",-0.0019186020363122225,0.08010311424732208,2.019097824409979,-3.4925237014334107,-0.48022611970274764,0.01000672253450637,0.10459728945303293,0.16380989753740088
3,2,0.4400000000000688,"(np.float64(0.10449971294318978), np.float64(0.17052803287081844))",-0.020044898614287376,0.08223018795251846,2.0146333282220588,-3.492413061456146,-0.4124266228807201,0.01182463114151516,0.10512273170750469,0.1638883190332297
3,2,0.45000000000007034,"(np.float64(0.10449971294318978), np.float64(0.17052803287081844))",-0.027852345257997513,0.08410339802503586,2.010804007388495,-3.492287612809497,-0.3532980160510064,0.01306015206828131,0.1055667965991231,0.16395657388582552
3,2,0.4600000000000719,"(np.float64(0.10449971294318978), np.float64(0.17052803287081844))",-0.030817318707704544,0.08573170006275177,2.0075501964759477,-3.4921523358791284,-0.2974057064149175,0.013859450303164066,0.10594573404932034,0.1640168105216442
3,2,0.47000000000007347,"(np.float64(0.10449971294318978), np.float64(0.17052803287081844))",-0.03391284868121147,0.08709259331226349,2.004837089166537,-3.4920103202171986,-0.2451908144525897,0.014443023954221389,0.10626660490400502,0.16406985700103582
3,2,0.48000000000007503,"(np.float64(0.10449971294318978), np.float64(0.17052803287081844))",-0.0369446761906147,0.08807983249425888,2.0026277153823786,-3.491863268179908,-0.19667202094126124,0.014890017786760764,0.10653331325577126,0.16411621047977554
3,2,0.4900000000000766,"(np.float64(0.10449971294318978), np.float64(0.17052803287081844))",-0.03958282619714737,0.0883905440568924,2.000887411516103,-3.4917126127145486,-0.15138465423314626,0.015189558290473084,0.10674956360362092,0.16415639804283594
3,2,0.5000000000000782,"(np.float64(0.10449971294318978), np.float64(0.17052803287081844))",-0.042330551892519,0.08855076134204865,1.999583126100201,-3.4915593926483437,-0.10946826601524037,0.015416186687258386,0.10691871523580283,0.16419087043532635
3,2,0.5100000000000797,"(np.float64(0.10449971294318978), np.float64(0.17052803287081844))",-0.04514675214886665,0.0885709747672081,1.9986808176954298,-3.4914041568057756,-0.07098647806441535,0.01560065911437688,0.10704393894487563,0.16422004309084628
3,2,0.5200000000000813,"(np.float64(0.10449971294318978), np.float64(0.17052803287081844))",-0.04801473766565323,0.088465116918087,1.998145954369183,-3.491247247240795,-0.037887674676304606,0.01582973292781131,0.10712851293110244,0.16424434939956037
3,2,0.5300000000000828,"(np.float64(0.10449971294318978), np.float64(0.17052803287081844))",-0.05073681101202965,0.08826752007007599,1.997862359348076,-3.4910865592842533,-0.02161375696047502,0.016365912086742422,0.10717580446808417,0.16426421995519347
3,2,0.5400000000000844,"(np.float64(0.10449971294318978), np.float64(0.17052803287081844))",-0.05203657224774361,0.08810310810804367,1.9976848878649314,-3.4909205570539705,-0.015001019246479789,0.016823060257863363,0.10719699575376417,0.1642812344068152
3,2,0.550000000000086,"(np.float64(0.10449971294318978), np.float64(0.17052803287081844))",-0.05250978469848633,0.08795299381017685,1.9975507017576757,-3.4907508101566282,-0.012291378574969637,0.017107279683492915,0.10720656519920942,0.16429730640157827
3,2,0.5600000000000875,"(np.float64(0.10449971294318978), np.float64(0.17052803287081844))",-0.052648257464170456,0.08781280368566513,1.997434333735698,-3.4905789263851257,-0.011169647736229447,0.0172566332542494,0.10721144484339365,0.16431314288108406
3,2,0.5700000000000891,"(np.float64(0.10449971294318978), np.float64(0.17052803287081844))",-0.052648164331912994,0.08768139034509659,1.9973253872980794,-3.490406003584647,-0.010698612470041322,0.017321804835435172,0.10721468379452721,0.16432897208428726
3,2,0.5800000000000907,"(np.float64(0.10449971294318978), np.float64(0.17052803287081844))",-0.05258903652429581,0.08755645900964737,1.9972195887629136,-3.4902326886222492,-0.010495825605174017,0.01733972108841167,0.10721757765553573,0.16434485373635643
3,2,0.5900000000000922,"(np.float64(0.10449971294318978), np.float64(0.17052803287081844))",-0.05250387266278267,0.08743724972009659,1.9971151731121222,-3.4900593306052734,-0.01040385413722526,0.01733316074558778,0.10722063028139824,0.16436079133091544
3,2,0.6000000000000938,"(np.float64(0.10449971294318978), np.float64(0.17052803287081844))",-0.052407074719667435,0.08732166141271591,1.9970114120996396,-3.4898861044994898,-0.010357376752773218,0.017314830685931402,0.10722399493866437,0.16437677226198608
3,2,0.6100000000000954,"(np.float64(0.10449971294318978), np.float64(0.17052803287081844))",-0.05230407789349556,0.08720912784337997,1.996908009711691,-3.489713090382156,-0.0103290258035786,0.0172915079429696,0.10722767795445226,0.1643927815998055
3,2,0.6200000000000969,"(np.float64(0.10449971294318978), np.float64(0.17052803287081844))",-0.052198123186826706,0.08709907531738281,1.9968048507039458,-3.48954031912579,-0.01030742897290221,0.017266590721412876,0.10723163182429384,0.16440880635092842
3,2,0.6300000000000985,"(np.float64(0.10449971294318978), np.float64(0.17052803287081844))",-0.05209093168377876,0.08699055016040802,1.9967018945080948,-3.489367798064269,-0.010287952153650323,0.017241596440668677,0.10723579640290745,0.16442483639125474
3,2,0.6400000000001,"(np.float64(0.10449971294318978), np.float64(0.17052803287081844))",-0.05198268964886665,0.08688297122716904,1.9965991309662159,-3.489195524568062,-0.01026871525556912,0.017217110039988007,0.10724011576685274,0.1644408642237915
3,2,0.6500000000001016,"(np.float64(0.10449971294318978), np.float64(0.17052803287081844))",-0.05187397077679634,0.08677615970373154,1.9964965614989465,-3.489023492477541,-0.010249084386461662,0.01719330302881424,0.107244543753418,0.16445688443778217
3,2,0.6600000000001032,"(np.float64(0.10449971294318978), np.float64(0.17052803287081844))",-0.05176496505737305,0.086669921875,1.9963941910508065,-3.488851695044025,-0.010228909308245559,0.01717015001000789,0.10724904459279007,0.16447289320901987
3,2,0.6700000000001047,"(np.float64(0.10449971294318978), np.float64(0.17052803287081844))",-0.05165586620569229,0.08656444400548935,1.9962920249133984,-3.4886801259797586,-0.010208235095172427,0.017147590804043187,0.10725359165035608,0.16448888788244811
3,2,0.6800000000001063,"(np.float64(0.10449971294318978), np.float64(0.17052803287081844))",-0.051546670496463776,0.08645935356616974,1.996190067668407,-3.488508780026116,-0.010187148114580807,0.017125495171322246,0.10725816562068634,0.16450486665736153
3,2,0.6900000000001079,"(np.float64(0.10449971294318978), np.float64(0.17052803287081844))",-0.051438044756650925,0.08635425567626953,1.9960883225309203,-3.488337653338277,-0.010165817104805089,0.017103716437533643,0.10726275278279063,0.16452082832322187
3,2,0.7000000000001094,"(np.float64(0.10449971294318978), np.float64(0.17052803287081844))",-0.051331520080566406,0.08624973148107529,1.9959867902650055,-3.488166742835975,-0.010144537151423418,0.01708222941523832,0.10726734357848569,0.16453677205136258
3,2,0.710000000000111,"(np.float64(0.10449971294318978), np.float64(0.17052803287081844))",-0.05123138427734375,0.08614654839038849,1.9958854665073336,-3.4879960451744703,-0.0101239714013944,0.01706109661405302,0.10727193155651728,0.16455269732429367
3,2,0.7200000000001125,"(np.float64(0.10449971294318978), np.float64(0.17052803287081844))",-0.051131248474121094,0.08604373782873154,1.995784346900812,-3.4878255575897232,-0.01010365088499714,0.01704018424610537,0.10727651275630991,0.16456860395290976
3,2,0.7300000000001141,"(np.float64(0.10449971294318978), np.float64(0.17052803287081844))",-0.05103149637579918,0.08594074100255966,1.9956834297940995,-3.4876552786105024,-0.010083443155538788,0.017019365397804843,0.10728108464680897,0.16458449187077426
3,2,0.7400000000001157,"(np.float64(0.10449971294318978), np.float64(0.17052803287081844))",-0.050931740552186966,0.0858379378914833,1.9955827145888256,-3.487485207385383,-0.010063260272927815,0.016998624397269752,0.10728564542476214,0.16460036098426437
3,2,0.7500000000001172,"(np.float64(0.10449971294318978), np.float64(0.17052803287081844))",-0.050832368433475494,0.08573513478040695,1.9954822009513218,-3.4873153433212805,-0.010043118481901326,0.016977928220995156,0.10729019384125368,0.16461621121184436
3,2,0.7600000000001188,"(np.float64(0.10449971294318978), np.float64(0.17052803287081844))",-0.05073270946741104,0.08563251793384552,1.9953818888727823,-3.4871456859542356,-0.010022950243300908,0.01695727908613806,0.10729472905585952,0.16463204249872546
3,2,0.7700000000001204,"(np.float64(0.10449971294318978), np.float64(0.17052803287081844))",-0.05063381418585777,0.08552990108728409,1.9952817780381742,-3.4869762349230653,-0.01000285516490362,0.016936657127029717,0.10729925048876673,0.164647854810397
3,2,0.7800000000001219,"(np.float64(0.10449971294318978), np.float64(0.17052803287081844))",-0.050534822046756744,0.08542747795581818,1.9951818680611533,-3.4868069899022416,-0.009982774815836516,0.01691607146612795,0.10730375778252618,0.16466364813031958
3,2,0.7900000000001235,"(np.float64(0.10449971294318978), np.float64(0.17052803287081844))",-0.050435829907655716,0.08532524108886719,1.9950821588621128,-3.4866379505121525,-0.009962697939805266,0.01689552475239554,0.1073082507188514,0.16467942245578526
3,2,0.8000000000001251,"(np.float64(0.10449971294318978), np.float64(0.17052803287081844))",-0.05033731460571289,0.0852230116724968,1.9949826501008492,-3.4864691164731196,-0.00994267694503573,0.01687499776055889,0.10731272913350068,0.16469517779557805
3,2,0.8100000000001266,"(np.float64(0.10449971294318978), np.float64(0.17052803287081844))",-0.050238799303770065,0.0851207748055458,1.994883341421126,-3.4863004876600936,-0.00992267753229716,0.016854478289414946,0.1073171929451764,0.16471091415965688
3,2,0.8200000000001282,"(np.float64(0.10449971294318978), np.float64(0.17052803287081844))",-0.05014066770672798,0.08501873165369034,1.9947842324152625,-3.4861320638797535,-0.009902732369921705,0.01683398616718643,0.10732164211786849,0.16472663154962344
3,2,0.8300000000001297,"(np.float64(0.10449971294318978), np.float64(0.17052803287081844))",-0.0500425361096859,0.08491688221693039,1.9946853227294639,-3.4859638448219754,-0.009882809306659072,0.01681352779819923,0.10732607664341134,0.1647423299766423
3,2,0.8400000000001313,"(np.float64(0.10449971294318978), np.float64(0.17052803287081844))",-0.0499446876347065,0.08481483906507492,1.9945866120307427,-3.4857958303942786,-0.009862927749038313,0.016793061276535,0.10733049652190159,0.16475800946341496
3,2,0.8500000000001329,"(np.float64(0.10449971294318978), np.float64(0.17052803287081844))",-0.0498468391597271,0.08471279591321945,1.9944881000476364,-3.4856280206528454,-0.009843063224421408,0.016772591047469282,0.10733490176730172,0.16477367001476845
3,2,0.8600000000001344,"(np.float64(0.10449971294318978), np.float64(0.17052803287081844))",-0.04974937438964844,0.08461131900548935,1.9943897863889186,-3.4854604152235034,-0.009823252935840774,0.0167521869230028,0.10733929240007335,0.1647893116229556
3,2,0.870000000000136,"(np.float64(0.10449971294318978), np.float64(0.17052803287081844))",-0.04965190961956978,0.0845094695687294,1.9942916707140768,-3.4852930139362335,-0.009803463035683503,0.01673176546994307,0.10734366844381978,0.16480493431936083
3,2,0.8800000000001376,"(np.float64(0.10449971294318978), np.float64(0.17052803287081844))",-0.04955482482910156,0.0844080001115799,1.9941937526148419,-3.485125816635237,-0.009783728007614997,0.016711382512751345,0.10734802992544339,0.16482053811741268
3,2,0.8900000000001391,"(np.float64(0.10449971294318978), np.float64(0.17052803287081844))",-0.04945783689618111,0.08430633693933487,1.9940960316721035,-3.4849588232057336,-0.00976402606881589,0.016690992161223713,0.10735237688108165,0.16483612303040412
3,2,0.9000000000001407,"(np.float64(0.10449971294318978), np.float64(0.17052803287081844))",-0.04936103895306587,0.08420505374670029,1.9939985075275566,-3.484792033432571,-0.00974436156873878,0.016670643635178905,0.10735670935065547,0.16485168906841155
3,2,0.9100000000001423,"(np.float64(0.10449971294318978), np.float64(0.17052803287081844))",-0.04926414415240288,0.0841037780046463,1.9939011800071726,-3.484625447042804,-0.009724700504872135,0.016650312413648536,0.10736102736659245,0.1648672362496445
3,2,0.9200000000001438,"(np.float64(0.10449971294318978), np.float64(0.17052803287081844))",-0.04916782304644585,0.08400268852710724,1.9938040486858053,-3.4844590637824577,-0.00970510940438583,0.016630011849062532,0.10736533094163501,0.16488276459512208
3,2,0.9300000000001454,"(np.float64(0.10449971294318978), np.float64(0.17052803287081844))",-0.049071501940488815,0.08390140533447266,1.9937071131123332,-3.4842928835914617,-0.009685546195249526,0.0166097002092878,0.10736962011198488,0.16489827412704375
3,2,0.9400000000001469,"(np.float64(0.10449971294318978), np.float64(0.17052803287081844))",-0.048975564539432526,0.08380050957202911,1.9936103728267285,-3.484126906269028,-0.009666041404507582,0.016589430365482282,0.10737389492384537,0.1649137648513851
3,2,0.9500000000001485,"(np.float64(0.10449971294318978), np.float64(0.17052803287081844))",-0.048879433423280716,0.08369942009449005,1.9935138275893434,-3.483961131685588,-0.009646536618368335,0.016569153573851973,0.10737815542096346,0.1649292367865074
3,2,0.9600000000001501,"(np.float64(0.10449971294318978), np.float64(0.17052803287081844))",-0.04878377914428711,0.08359871059656143,1.9934174770583504,-3.483795559613847,-0.009627089761716723,0.01654892001813646,0.10738240162819156,0.16494468994205702
3,2,0.9700000000001516,"(np.float64(0.10449971294318978), np.float64(0.17052803287081844))",-0.04868822172284126,0.08349800109863281,1.99332132079078,-3.4836301897745363,-0.009607677769447456,0.016528703769888273,0.10738663357616668,0.16496012433720542
3,2,0.9800000000001532,"(np.float64(0.10449971294318978), np.float64(0.17052803287081844))",-0.048592664301395416,0.0833972916007042,1.9932253585596993,-3.483465022057792,-0.009588279962784406,0.016508494194853604,0.10739085130395987,0.1649755399968553
3,2,0.9900000000001548,"(np.float64(0.10449971294318978), np.float64(0.17052803287081844))",-0.04849748685956001,0.08329658955335617,1.9931295900073656,-3.4833000564080434,-0.009568933159578144,0.016488289146701227,0.10739505483508328,0.16499093692875616
4,1,0.0,"(np.float64(-0.12687865683272911), np.float64(0.15460209067254738))",-0.006977081298828125,0.051154136657714844,1.833793908485854,-3.6217516948008273,-0.0011337329098405067,0.010051228475924278,0.12813827604827846,0.15378953951066926
4,1,0.010000000000001563,"(np.float64(-0.12687865683272911), np.float64(0.15460209067254738))",1.3711849451065063,1.2914962768554688,1.8400086624148955,-3.6163589249060406,1.235391199142784,1.0606282980609745,0.1281367771275056,0.15379852196562185
4,1,0.020000000000003126,"(np.float64(-0.12687865683272911), np.float64(0.15460209067254738))",1.3010467290878296,1.264752984046936,1.8579862776908904,-3.6006609559144946,2.355958133361308,2.077437286863108,0.1274144215400568,0.1542845678958668
4,1,0.03000000000000469,"(np.float64(-0.12687865683272911), np.float64(0.15460209067254738))",1.1282156705856323,1.228698968887329,1.8860251203571732,-3.574723698728573,3.2505514086868548,3.11211939988507,0.12523615184610695,0.1556795690785526
4,1,0.04000000000000625,"(np.float64(-0.12687865683272911), np.float64(0.15460209067254738))",1.034393310546875,1.1830593347549438,1.9224602980683259,-3.538479480458408,4.036671869509212,4.140908265596769,0.12168100515659235,0.15792010148874513
4,1,0.050000000000007816,"(np.float64(-0.12687865683272911), np.float64(0.15460209067254738))",0.9323690533638,1.073011040687561,1.9662994406458956,-3.4923399100151644,4.732350493412646,5.09228707110969,0.11685403458389389,0.16093039056764014
4,1,0.06000000000000938,"(np.float64(-0.12687865683272911), np.float64(0.15460209067254738))",0.7366691827774048,0.9181656241416931,2.016130401653344,-3.4371967139632944,5.2358541373824705,5.941306947681502,0.11082230803090291,0.16457741108462692
4,1,0.07000000000001094,"(np.float64(-0.12687865683272911), np.float64(0.15460209067254738))",0.5725137591362,0.8183006644248962,2.0701462018441403,-3.3738028741043413,5.569224866969248,6.740964726150755,0.10371717899429232,0.16868876142996256
4,1,0.0800000000000125,"(np.float64(-0.12687865683272911), np.float64(0.15460209067254738))",0.44003772735595703,0.693891704082489,2.126878202103599,-3.3029136177980374,5.778945342108143,7.438941512528458,0.09571042409393735,0.17312672770402163
4,1,0.09000000000001407,"(np.float64(-0.12687865683272911), np.float64(0.15460209067254738))",0.39153996109962463,0.5466211438179016,2.1856539272822824,-3.2258677571018803,5.9776478451434025,7.971442640019075,0.08693684337038945,0.1777753038415
4,1,0.10000000000001563,"(np.float64(-0.12687865683272911), np.float64(0.15460209067254738))",0.32591819763183594,0.3023519515991211,2.246394566227482,-3.1449325523544607,6.1722551303364055,8.216726353146315,0.07747757191442994,0.18247454299618648
4,1,0.1100000000000172,"(np.float64(-0.12687865683272911), np.float64(0.15460209067254738))",0.17251549661159515,0.1674230545759201,2.308329432377262,-3.062153042740823,6.216509632021681,8.33923699143167,0.06741656605133144,0.18698496457220118
4,1,0.12000000000001876,"(np.float64(-0.12687865683272911), np.float64(0.15460209067254738))",0.12513332068920135,0.12290477752685547,2.37048709552072,-2.9783671531558693,6.215971835789825,8.417214143846298,0.056927162728919095,0.19112605148394857
4,1,0.13000000000002032,"(np.float64(-0.12687865683272911), np.float64(0.15460209067254738))",0.08118706196546555,0.06102142482995987,2.432448270549455,-2.8941523000982707,6.176856918522553,8.424721075531881,0.046157316920611854,0.19484907012614155
4,1,0.14000000000002188,"(np.float64(-0.12687865683272911), np.float64(0.15460209067254738))",0.055696677416563034,0.025388527661561966,2.4938975319241736,-2.8100795553884823,6.113277302877486,8.388683015889335,0.035188987696952834,0.19811951602444947
4,1,0.15000000000002345,"(np.float64(-0.12687865683272911), np.float64(0.15460209067254738))",0.03172149881720543,0.010367393493652344,2.5545649177016054,-2.7264581613947985,6.020308600625132,8.334431408362148,0.024095421718494353,0.20090628058704751
4,1,0.160000000000025,"(np.float64(-0.12687865683272911), np.float64(0.15460209067254738))",0.026918411254882812,0.008246803656220436,2.614257219879691,-2.643414478774562,5.918151984370665,8.273260896610708,0.01293072819903282,0.2032008273265115
4,1,0.17000000000002657,"(np.float64(-0.12687865683272911), np.float64(0.15460209067254738))",0.02376995049417019,-0.032997991889715195,2.6729480895072735,-2.5612582042471854,5.820212480642656,8.157253213221281,0.001730250126252053,0.20500626131566618
4,1,0.18000000000002814,"(np.float64(-0.12687865683272911), np.float64(0.15460209067254738))",0.01788940466940403,-0.10986652225255966,2.7307193707056276,-2.480745621041892,5.734570534618796,7.944866528186536,-0.009467653141070842,0.20630575422729913
4,1,0.1900000000000297,"(np.float64(-0.12687865683272911), np.float64(0.15460209067254738))",0.012755966745316982,-0.19555635750293732,2.7877218188738455,-2.4028864713458473,5.66672456416761,7.626803343324158,-0.02058766298129469,0.20705434611282425
4,1,0.20000000000003126,"(np.float64(-0.12687865683272911), np.float64(0.15460209067254738))",-0.031615354120731354,-0.30813151597976685,2.843939094055761,-2.3288457845897277,5.57803766783898,7.181245081217168,-0.03152330942387094,0.20720169214992568
4,1,0.21000000000003283,"(np.float64(-0.12687865683272911), np.float64(0.15460209067254738))",-0.06263160705566406,-0.3952324092388153,2.899227337025202,-2.259757645456569,5.48113170711359,6.636235110836719,-0.04212923660894724,0.20672009523487947
4,1,0.2200000000000344,"(np.float64(-0.12687865683272911), np.float64(0.15460209067254738))",-0.06604089587926865,-0.4594150483608246,2.9536522443319018,-2.196514196885377,5.4053831375345345,6.012208255859994,-0.05224553397023096,0.20561672657120558
4,1,0.23000000000003595,"(np.float64(-0.12687865683272911), np.float64(0.15460209067254738))",-0.0531805045902729,-0.4673832058906555,3.0074494045071343,-2.1395832268449677,5.355364803015851,5.3735334435861475,-0.0617461725826426,0.2039148168986318
4,1,0.24000000000003752,"(np.float64(-0.12687865683272911), np.float64(0.15460209067254738))",-0.04164571687579155,-0.4494447708129883,3.0608283414390067,-2.0889536734723264,5.321605695989744,4.751755086564036,-0.07055841534975243,0.20165265271320354
4,1,0.2500000000000391,"(np.float64(-0.12687865683272911), np.float64(0.15460209067254738))",-0.07041340321302414,-0.4291374385356903,3.1137006212250444,-2.044388817208868,5.25416391326563,4.160495798571132,-0.07866026517203659,0.1988884701194377
4,1,0.26000000000004064,"(np.float64(-0.12687865683272911), np.float64(0.15460209067254738))",-0.10928068310022354,-0.4068457782268524,3.1656682414588957,-2.005557213536048,5.140818535526746,3.6051242488531265,-0.08604307543540854,0.19570672335634692
4,1,0.2700000000000422,"(np.float64(-0.12687865683272911), np.float64(0.15460209067254738))",-0.14336338639259338,-0.3780141770839691,3.2162940203017696,-1.9720635548581031,4.985550229091243,3.093417873883735,-0.09270016484425145,0.19221546691765054
4,1,0.28000000000004377,"(np.float64(-0.12687865683272911), np.float64(0.15460209067254738))",-0.18564939498901367,-0.3469202220439911,3.265094955023562,-1.943428650451051,4.776118713831106,2.633047629012265,-0.09863904297144588,0.18852331969370734
4,1,0.29000000000004533,"(np.float64(-0.12687865683272911), np.float64(0.15460209067254738))",-0.20401468873023987,-0.31443673372268677,3.311679944540743,-1.9191746619623926,4.54220518791999,2.2173575320806096,-0.10388281333492877,0.1847387536605009
4,1,0.3000000000000469,"(np.float64(-0.12687865683272911), np.float64(0.15460209067254738))",-0.21471519768238068,-0.2810918986797333,3.3558439092889003,-1.8988573540225993,4.291701270762558,1.8457897375352619,-0.10846677571854019,0.1809553068157846
4,1,0.31000000000004846,"(np.float64(-0.12687865683272911), np.float64(0.15460209067254738))",-0.26793041825294495,-0.24834270775318146,3.397150336810397,-1.8819708973017315,3.9706330702066124,1.5312780653202045,-0.11243676390377283,0.1772418193273654
4,1,0.32000000000005,"(np.float64(-0.12687865683272911), np.float64(0.15460209067254738))",-0.3086169362068176,-0.22238636016845703,3.434976950327623,-1.8680037938958687,3.5955541436500855,1.2620293556708413,-0.11584054717968237,0.1736790691696721
4,1,0.3300000000000516,"(np.float64(-0.12687865683272911), np.float64(0.15460209067254738))",-0.3365115225315094,-0.20397435128688812,3.468868727854297,-1.8565684144763872,3.183450232528582,1.0250301599450509,-0.11872436040273343,0.17035689342397115
4,1,0.34000000000005315,"(np.float64(-0.12687865683272911), np.float64(0.15460209067254738))",-0.3344224989414215,-0.19438982009887695,3.4986517558545684,-1.84744487397141,2.7735427622589572,0.7997129349810435,-0.12113175021177654,0.16734258554313725
4,1,0.3500000000000547,"(np.float64(-0.12687865683272911), np.float64(0.15460209067254738))",-0.30563458800315857,-0.18928395211696625,3.5245177263788228,-1.8405885499620052,2.399780947361004,0.5715755719974633,-0.12309983413598839,0.16467132332966
4,1,0.3600000000000563,"(np.float64(-0.12687865683272911), np.float64(0.15460209067254738))",-0.2512855529785156,-0.1639113426208496,3.546950198303517,-1.8359429883539284,2.086524532728296,0.3574045055797597,-0.12465804525648855,0.16233977151082546
4,1,0.37000000000005784,"(np.float64(-0.12687865683272911), np.float64(0.15460209067254738))",-0.20794859528541565,-0.14037857949733734,3.56648097432781,-1.833366053301671,1.8171736611215368,0.1658806206207375,-0.12584273317159977,0.16031470376181015
4,1,0.3800000000000594,"(np.float64(-0.12687865683272911), np.float64(0.15460209067254738))",-0.17242756485939026,-0.11622734367847443,3.583410789895104,-1.8323066367265437,1.5635210679139242,0.06368236917481279,-0.1266969367258779,0.1585544227102926
4,1,0.39000000000006096,"(np.float64(-0.12687865683272911), np.float64(0.15460209067254738))",-0.13859319686889648,-0.10203247517347336,3.5978917351379556,-1.8319129878219647,1.3300985448154696,0.022172864964362562,-0.1272964334142211,0.15703531191851913
4,1,0.40000000000006253,"(np.float64(-0.12687865683272911), np.float64(0.15460209067254738))",-0.11094646900892258,-0.09501924365758896,3.610147509351288,-1.8317922842922074,1.119710509297048,0.004901166982670319,-0.12774193182498983,0.15574469558375437
4,1,0.4100000000000641,"(np.float64(-0.12687865683272911), np.float64(0.15460209067254738))",-0.08413124084472656,-0.09094133228063583,3.6204304974468577,-1.8317877025291127,0.936098932482005,-0.002712034222833712,-0.12808681255000795,0.15466027138499627
4,1,0.42000000000006565,"(np.float64(-0.12687865683272911), np.float64(0.15460209067254738))",-0.06635437160730362,-0.08700399845838547,3.62896656967834,-1.8318342376796382,0.7706583533106122,-0.0060490588374718995,-0.12835899968579817,0.153756729376777
4,1,0.4300000000000672,"(np.float64(-0.12687865683272911), np.float64(0.15460209067254738))",-0.055213358253240585,-0.0829530730843544,3.6359049236906005,-1.8319023702342818,0.6167644054765392,-0.007369558108317069,-0.12857478903562514,0.1530114054609211
4,1,0.4400000000000688,"(np.float64(-0.12687865683272911), np.float64(0.15460209067254738))",-0.04115572199225426,-0.07892408221960068,3.64138329043374,-1.8319793477642412,0.47873787949667845,-0.007943629263807074,-0.12874375281960626,0.1524089251332579
4,1,0.45000000000007034,"(np.float64(-0.12687865683272911), np.float64(0.15460209067254738))",-0.02672281302511692,-0.0753057524561882,3.6455644514131094,-1.8320606066970573,0.3573537782660009,-0.008267987527152527,-0.12887254672847076,0.1519358757484065
4,1,0.4600000000000719,"(np.float64(-0.12687865683272911), np.float64(0.15460209067254738))",-0.012449169531464577,-0.07207336276769638,3.6486146640950503,-1.832144743539849,0.2525604910980167,-0.008529849998275073,-0.1289669515896713,0.15157732303145394
4,1,0.47000000000007347,"(np.float64(-0.12687865683272911), np.float64(0.15460209067254738))",0.0012704849941655993,-0.06921644508838654,3.6506968603332255,-1.832231503643033,0.1637568993873574,-0.008792383646982068,-0.12903206056600128,0.1513183055056861
4,1,0.48000000000007503,"(np.float64(-0.12687865683272911), np.float64(0.15460209067254738))",0.014155006967484951,-0.06672334671020508,3.6519661113254265,-1.8323209798581535,0.08997708934217521,-0.009070004810766703,-0.12907245075453821,0.15114429527754814
4,1,0.4900000000000766,"(np.float64(-0.12687865683272911), np.float64(0.15460209067254738))",0.0260148998349905,-0.06457863003015518,3.652595389515302,-1.83241418524509,0.04122192921967874,-0.009749771407213689,-0.12909225256703818,0.15104153046637253
4,1,0.5000000000000782,"(np.float64(-0.12687865683272911), np.float64(0.15460209067254738))",0.034322548657655716,-0.06304865330457687,3.6528899673502546,-1.832516125196829,0.021110607282115088,-0.010690805076837914,-0.12909576208726575,0.15099486822695712
4,1,0.5100000000000797,"(np.float64(-0.12687865683272911), np.float64(0.15460209067254738))",0.03767242655158043,-0.06227073818445206,3.6530543018264434,-1.832626486515875,0.013102705627608681,-0.011361084100867426,-0.12908989357887835,0.15097815317892804
4,1,0.5200000000000813,"(np.float64(-0.12687865683272911), np.float64(0.15460209067254738))",0.03896598890423775,-0.06184501573443413,3.653166590333989,-1.8327421675902995,0.009890694979846164,-0.011749503400491428,-0.12907991267219052,0.15097289315167983
4,1,0.5300000000000828,"(np.float64(-0.12687865683272911), np.float64(0.15460209067254738))",0.03943653032183647,-0.06157798692584038,3.6532579389908157,-1.8328607208993657,0.00859515083792528,-0.011944384604485382,-0.1290683309678914,0.15097134220885594
4,1,0.5400000000000844,"(np.float64(-0.12687865683272911), np.float64(0.15460209067254738))",0.0395660400390625,-0.061385251581668854,3.6533408226968027,-1.832980607649927,0.008070804443946023,-0.012024848942724676,-0.12905630427051373,0.15097030979179626
4,1,0.550000000000086,"(np.float64(-0.12687865683272911), np.float64(0.15460209067254738))",0.03954601287841797,-0.0612277053296566,3.653420270076802,-1.8331009598219796,0.00785719467359246,-0.012043355892912968,-0.12904432699247279,0.15096861202083905
4,1,0.5600000000000875,"(np.float64(-0.12687865683272911), np.float64(0.15460209067254738))",0.03945579752326012,-0.061087895184755325,3.6534983014786837,-1.8332213248145943,0.007767324606275521,-0.012030890749924856,-0.12903257870331514,0.15096593266290775
4,1,0.5700000000000891,"(np.float64(-0.12687865683272911), np.float64(0.15460209067254738))",0.03932914882898331,-0.060956764966249466,3.653575710317996,-1.8333414855046068,0.007724654725600443,-0.012004393575071238,-0.12902109609944876,0.15096230830676086
4,1,0.5800000000000907,"(np.float64(-0.12687865683272911), np.float64(0.15460209067254738))",0.03918285295367241,-0.06083030626177788,3.6536527882752234,-1.833461350204441,0.0076980705539661945,-0.011972650182005135,-0.12900985705018098,0.15095789708477075
4,1,0.5900000000000922,"(np.float64(-0.12687865683272911), np.float64(0.15460209067254738))",0.039023783057928085,-0.06070661544799805,3.6537296234315964,-1.833580890319943,0.00767504408164975,-0.011939912064773689,-0.1289988203898941,0.1509528783419751
4,1,0.6000000000000938,"(np.float64(-0.12687865683272911), np.float64(0.15460209067254738))",0.0388578437268734,-0.060584165155887604,3.653806225129895,-1.83370010616492,0.0076511033643659595,-0.011907965491697637,-0.12898794357466747,0.15094741309853182
4,1,0.6100000000000954,"(np.float64(-0.12687865683272911), np.float64(0.15460209067254738))",0.038688089698553085,-0.06046266481280327,3.6538825764711778,-1.8338190094985656,0.007624976154036069,-0.011877442532045443,-0.12897718963190402,0.15094163203831612
4,1,0.6200000000000969,"(np.float64(-0.12687865683272911), np.float64(0.15460209067254738))",0.03851490095257759,-0.060341645032167435,3.65395865396966,-1.8339376149991884,0.0075964500943135485,-0.011848376758754045,-0.12896652902476868,0.1509356353354997
4,1,0.6300000000000985,"(np.float64(-0.12687865683272911), np.float64(0.15460209067254738))",0.03834037855267525,-0.060220908373594284,3.65403443573801,-1.8340559364157114,0.007565944029848057,-0.01182058296628774,-0.12895593927988375,0.15092949710616496
4,1,0.6400000000001,"(np.float64(-0.12687865683272911), np.float64(0.15460209067254738))",0.03816528245806694,-0.060100555419921875,3.6541099044964103,-1.8341739853723038,0.007533938574524863,-0.011793835230515783,-0.12894540386376577,0.15092327079682316
4,1,0.6500000000001016,"(np.float64(-0.12687865683272911), np.float64(0.15460209067254738))",0.03799000009894371,-0.05998039245605469,3.654185047448854,-1.8342917710649531,0.007500848775466519,-0.011767886688850477,-0.12893491089791975,0.15091699416820797
4,1,0.6600000000001032,"(np.float64(-0.12687865683272911), np.float64(0.15460209067254738))",0.03781471401453018,-0.05986061319708824,3.65425985547163,-1.8344093005725426,0.007466998064749561,-0.011742557921439661,-0.1289244520022555,0.15091069349751648
4,1,0.6700000000001047,"(np.float64(-0.12687865683272911), np.float64(0.15460209067254738))",0.0376398079097271,-0.05974121019244194,3.6543343224322453,-1.8345265793277448,0.007432660352369665,-0.011717700812526112,-0.12891402133829094,0.15090438684832574
4,1,0.6800000000001063,"(np.float64(-0.12687865683272911), np.float64(0.15460209067254738))",0.037465859204530716,-0.059621620923280716,3.6544084448192073,-1.834643611071717,0.007398083597396894,-0.011693136017222525,-0.12890361487467356,0.15089808649554998
4,1,0.6900000000001079,"(np.float64(-0.12687865683272911), np.float64(0.15460209067254738))",0.037291910499334335,-0.059502601623535156,3.654482220411128,-1.8347603986188306,0.007363307453757835,-0.011668836736602071,-0.12889322990028615,0.15089180066444494
4,1,0.7000000000001094,"(np.float64(-0.12687865683272911), np.float64(0.15460209067254738))",0.037119295448064804,-0.05938320234417915,3.6545556483656862,-1.8348769438219528,0.007328536545067705,-0.011644659265063119,-0.12888286457310594,0.150885534845576
4,1,0.710000000000111,"(np.float64(-0.12687865683272911), np.float64(0.15460209067254738))",0.03694668039679527,-0.05926484987139702,3.6546287284399046,-1.8349932484167173,0.007293725000348635,-0.01162068835978413,-0.12887251768524702,0.15087929263883593
4,1,0.7200000000001125,"(np.float64(-0.12687865683272911), np.float64(0.15460209067254738))",0.036775778979063034,-0.05914602428674698,3.654701461339775,-1.8351093136163559,0.007259066837014659,-0.011596774817736466,-0.1288621883946428,0.1508730763924704
4,1,0.7300000000001141,"(np.float64(-0.12687865683272911), np.float64(0.15460209067254738))",0.036605071276426315,-0.059027768671512604,3.6547738480853815,-1.83522514027223,0.007224476513777649,-0.011572964831387924,-0.12885187616048063,0.15086688758048175
4,1,0.7400000000001157,"(np.float64(-0.12687865683272911), np.float64(0.15460209067254738))",0.036435317248106,-0.05890979990363121,3.6548458897002987,-1.8353407293355923,0.0071900144708159424,-0.011549242493806906,-0.12884158063840725,0.15086072711447582
4,1,0.7500000000001172,"(np.float64(-0.12687865683272911), np.float64(0.15460209067254738))",0.0362665168941021,-0.05879182741045952,3.6549175876272515,-1.8354560814256808,0.0071557092979480305,-0.011525562995777738,-0.12883130157257,0.1508545955559628
4,1,0.7600000000001188,"(np.float64(-0.12687865683272911), np.float64(0.15460209067254738))",0.03609829023480415,-0.05867414548993111,3.6549889432616864,-1.8355711970451047,0.007121532056965609,-0.011501938689738095,-0.12882103881625065,0.1508484932021307
4,1,0.7700000000001204,"(np.float64(-0.12687865683272911), np.float64(0.15460209067254738))",0.0359308235347271,-0.058556653559207916,3.655059957948727,-1.8356860767057603,0.007087494437878472,-0.011478362360700066,-0.128810792276773,0.15084242020166222
4,1,0.7800000000001219,"(np.float64(-0.12687865683272911), np.float64(0.15460209067254738))",0.035764504224061966,-0.05843954160809517,3.6551306333934064,-1.8358007210050853,0.007053649217702597,-0.011454853492260606,-0.128800561886851,0.1508363766098521
4,1,0.7900000000001235,"(np.float64(-0.12687865683272911), np.float64(0.15460209067254738))",0.03559837490320206,-0.05832242965698242,3.655200970972893,-1.835915130374869,0.007019903678930151,-0.011431371205850954,-0.1287903475965237,0.15083036238908365
4,1,0.8000000000001251,"(np.float64(-0.12687865683272911), np.float64(0.15460209067254738))",0.035433199256658554,-0.05820589140057564,3.655270972011141,-1.8360293053992003,0.006986313292748063,-0.011407969299523207,-0.1287801493773974,0.1508243774862504
4,1,0.8100000000001266,"(np.float64(-0.12687865683272911), np.float64(0.15460209067254738))",0.0352693572640419,-0.058089353144168854,3.655340638443388,-1.8361432466207408,0.006952943855527143,-0.011384602738164303,-0.12876996719098652,0.15081842182787814
4,1,0.8200000000001282,"(np.float64(-0.12687865683272911), np.float64(0.15460209067254738))",0.03510551527142525,-0.05797290802001953,3.655409971713488,-1.8362569543129703,0.006919665043020508,-0.011361258747572862,-0.12875980102186263,0.15081249527397111
4,1,0.8300000000001297,"(np.float64(-0.12687865683272911), np.float64(0.15460209067254738))",0.03494320064783096,-0.05785684660077095,3.6554789734870745,-1.8363704289135134,0.006886606039181763,-0.011337972539593875,-0.1287496508751391,0.1508065977107796
4,1,0.8400000000001313,"(np.float64(-0.12687865683272911), np.float64(0.15460209067254738))",0.0347810760140419,-0.05774097517132759,3.6555476453345364,-1.8364836709128662,0.00685366000016492,-0.011314729954368379,-0.12873951674527573,0.1508007290017964
4,1,0.8500000000001329,"(np.float64(-0.12687865683272911), np.float64(0.15460209067254738))",0.03461971506476402,-0.05762529373168945,3.655615988529196,-1.8365966807325602,0.006820851419515379,-0.011291528324027725,-0.12872939862088673,0.15079488901169158
4,1,0.8600000000001344,"(np.float64(-0.12687865683272911), np.float64(0.15460209067254738))",0.034459687769412994,-0.057509806007146835,3.6556840049025294,-1.836709458789978,0.00678825817305085,-0.011268368427051118,-0.12871929649103675,0.150789077628864
4,1,0.870000000000136,"(np.float64(-0.12687865683272911), np.float64(0.15460209067254738))",0.03430042415857315,-0.05739469453692436,3.6557516964025005,-1.8368220056121398,0.006755845153522973,-0.011245269187527648,-0.12870921035836558,0.15078329469505264
4,1,0.8800000000001376,"(np.float64(-0.12687865683272911), np.float64(0.15460209067254738))",0.03415393829345703,-0.057277679443359375,3.655819073074897,-1.836934320558166,0.006725019059429096,-0.011222007912142267,-0.12869914021798312,0.15077754003823046
4,1,0.8900000000001391,"(np.float64(-0.12687865683272911), np.float64(0.15460209067254738))",0.034023284912109375,-0.057158853858709335,3.6558861563327794,-1.837046401516462,0.006696726142563355,-0.011198493575463956,-0.12868908637308013,0.15077181282422375
4,1,0.9000000000001407,"(np.float64(-0.12687865683272911), np.float64(0.15460209067254738))",0.03389282152056694,-0.05704040452837944,3.655952962942874,-1.8371582468189516,0.006669506141783335,-0.01117488300856999,-0.12867904955852033,0.15076611122986722
4,1,0.9100000000001423,"(np.float64(-0.12687865683272911), np.float64(0.15460209067254738))",0.03376293182373047,-0.056921958923339844,3.656019500365938,-1.8372698557187332,0.006642801391006033,-0.011151217121323269,-0.1286690303782283,0.1507604337324435
4,1,0.9200000000001438,"(np.float64(-0.12687865683272911), np.float64(0.15460209067254738))",0.03363323211669922,-0.05680389329791069,3.6560857721431623,-1.8373812280493649,0.006616336347162553,-0.011127564137588204,-0.12865902912029664,0.15075477958943034
4,1,0.9300000000001454,"(np.float64(-0.12687865683272911), np.float64(0.15460209067254738))",0.03350372239947319,-0.05668630823493004,3.6561517799998415,-1.8374923641948637,0.0065899958299137675,-0.011103968639456646,-0.1286490459083659,0.1507491484274283
4,1,0.9400000000001469,"(np.float64(-0.12687865683272911), np.float64(0.15460209067254738))",0.03337497636675835,-0.05656871944665909,3.6562175252855944,-1.8376032645275304,0.006563797624793201,-0.011080396169736067,-0.12863908075535263,0.15074354006277965
4,1,0.9500000000001485,"(np.float64(-0.12687865683272911), np.float64(0.15460209067254738))",0.03324699401855469,-0.05645132064819336,3.65628300947052,-1.8377139293290077,0.006537749569671613,-0.01105685551351667,-0.12862913365895223,0.1507379543700616
4,1,0.9600000000001501,"(np.float64(-0.12687865683272911), np.float64(0.15460209067254738))",0.03311939164996147,-0.056334495544433594,3.656348233814591,-1.8378243591946597,0.006511810105552793,-0.011033394273534482,-0.12861920462585968,0.15073239122528614
4,1,0.9700000000001516,"(np.float64(-0.12687865683272911), np.float64(0.15460209067254738))",0.03299236297607422,-0.05621767044067383,3.656413199421901,-1.8379345546456074,0.006485982613384904,-0.011009965920258666,-0.12860929362461332,0.15072685052414292
4,1,0.9800000000001532,"(np.float64(-0.12687865683272911), np.float64(0.15460209067254738))",0.03286571428179741,-0.05610094219446182,3.6564779072898665,-1.8380445159608556,0.006460246300938266,-0.010986562102194411,-0.12859940062717468,0.15072133217749487
4,1,0.9900000000001548,"(np.float64(-0.12687865683272911), np.float64(0.15460209067254738))",0.032740212976932526,-0.05598468706011772,3.6565423588246913,-1.8381542436438554,0.0064346851210448095,-0.010963226228505355,-0.12858952562833248,0.15071583610441713
4,2,0.0,"(np.float64(0.12687865683272911), np.float64(0.15460209067254738))",0.0326143279671669,-0.05586881563067436,3.6566065549073885,-1.8382637383767835,0.006409150741826688,-0.010939959808485854,-0.12857966860940404,0.15071036218901057
4,2,0.010000000000001563,"(np.float64(0.12687865683272911), np.float64(0.15460209067254738))",-0.6543079614639282,-1.4891799688339233,3.6554007316051838,-1.8461650326143582,-0.24250003952592492,-1.5619092107953985,-0.12856982952215168,0.15070491035430392
4,2,0.020000000000003126,"(np.float64(0.12687865683272911), np.float64(0.15460209067254738))",-0.6541372537612915,-1.3131725788116455,3.651482265445215,-1.8682830641582502,-0.5406388306007346,-2.8588901246318166,-0.1277247585692338,0.15078974225859518
4,2,0.03000000000000469,"(np.float64(0.12687865683272911), np.float64(0.15460209067254738))",-0.7080118060112,-1.0884279012680054,3.6438082861627707,-1.9017717412148147,-0.9957525667234273,-3.8385132720033757,-0.12534031854652933,0.15108331809664005
4,2,0.04000000000000625,"(np.float64(0.12687865683272911), np.float64(0.15460209067254738))",-0.7028799057006836,-0.8894071578979492,3.631186728524606,-1.9437871188680993,-1.5315607238466051,-4.565605741769023,-0.12168683752953495,0.15164685710298745
4,2,0.050000000000007816,"(np.float64(0.12687865683272911), np.float64(0.15460209067254738))",-0.6988954544067383,-0.7679154276847839,3.612910133677142,-1.9923279952602087,-2.1273683896633315,-5.143946950471671,-0.11703444536137914,0.15252683348891985
4,2,0.06000000000000938,"(np.float64(0.12687865683272911), np.float64(0.15460209067254738))",-0.6364694833755493,-0.6403870582580566,3.5887487268736233,-2.0459791013564725,-2.708669513574053,-5.58789172590963,-0.11157707991769363,0.15371781049201838
4,2,0.07000000000001094,"(np.float64(0.12687865683272911), np.float64(0.15460209067254738))",-0.5361348986625671,-0.5403618216514587,3.55916068446385,-2.1036436907848213,-3.2123824612551255,-5.946680857121363,-0.10545794658337096,0.15517250732431445
4,2,0.0800000000000125,"(np.float64(0.12687865683272911), np.float64(0.15460209067254738))",-0.4307233989238739,-0.4543502926826477,3.5250022207866225,-2.164565686350703,-3.622110210382555,-6.239300092617682,-0.09880439136252755,0.15679329765638989
4,2,0.09000000000001407,"(np.float64(0.12687865683272911), np.float64(0.15460209067254738))",-0.3360757827758789,-0.36895284056663513,3.4871675619248315,-2.228060908010761,-3.946828046564405,-6.461210074364897,-0.09172227052038584,0.15845909918984513
4,2,0.10000000000001563,"(np.float64(0.12687865683272911), np.float64(0.15460209067254738))",-0.285079687833786,-0.33648157119750977,3.4463273880957708,-2.293681620744881,-4.222490844062216,-6.664032857056014,-0.08431474330905915,0.16006097939245592
4,2,0.1100000000000172,"(np.float64(0.12687865683272911), np.float64(0.15460209067254738))",-0.2765556275844574,-0.3271763026714325,3.4027393458752333,-2.3613017728720713,-4.4958187274350125,-6.860716534608581,-0.07665804461134423,0.16151842047952086
4,2,0.12000000000001876,"(np.float64(0.12687865683272911), np.float64(0.15460209067254738))",-0.26001033186912537,-0.313328355550766,3.35648877104004,-2.430835253872436,-4.754629699053657,-7.046560549141605,-0.06878597730844518,0.1627853006358051
4,2,0.13000000000002032,"(np.float64(0.12687865683272911), np.float64(0.15460209067254738))",-0.23164816200733185,-0.29299449920654297,3.3078014240681535,-2.502147830713363,-4.982529313122569,-7.216798164208065,-0.06072226217426446,0.1638351559785193
4,2,0.14000000000002188,"(np.float64(0.12687865683272911), np.float64(0.15460209067254738))",-0.20805883407592773,-0.26558351516723633,3.256959030959468,-2.5750338849311065,-5.185752558570121,-7.360945175417933,-0.052499420798640895,0.1646398273686209
4,2,0.15000000000002345,"(np.float64(0.12687865683272911), np.float64(0.15460209067254738))",-0.1884908676147461,-0.22970925271511078,3.204161469967761,-2.6491563201593062,-5.373280257891152,-7.463965515961245,-0.04415802360458501,0.1651762442520038
4,2,0.160000000000025,"(np.float64(0.12687865683272911), np.float64(0.15460209067254738))",-0.1570313423871994,-0.19207201898097992,3.149653794510753,-2.7241081001778595,-5.527558845617265,-7.526712796503598,-0.03574397089345738,0.16543915502849313
4,2,0.17000000000002657,"(np.float64(0.12687865683272911), np.float64(0.15460209067254738))",-0.13868923485279083,-0.1695982962846756,3.093708763711852,-2.7995610150142154,-5.6605752475731155,-7.5639903695059925,-0.027306052762383654,0.1654308916707361
4,2,0.18000000000002814,"(np.float64(0.12687865683272911), np.float64(0.15460209067254738))",-0.09833669662475586,-0.1572709083557129,3.036715937332445,-2.8753649563380073,-5.737084793473552,-7.596865808671844,-0.018883692442855426,0.16515433305699465
4,2,0.1900000000000297,"(np.float64(0.12687865683272911), np.float64(0.15460209067254738))",-0.041721343994140625,-0.12872056663036346,2.9793263443531384,-2.951392664739717,-5.739907613824644,-7.608799728371202,-0.010507117475915068,0.16460014720010396
4,2,0.20000000000003126,"(np.float64(0.12687865683272911), np.float64(0.15460209067254738))",-0.023740101605653763,-0.052355002611875534,2.9219190629716545,-3.027029079557412,-5.740399627103817,-7.518426544757536,-0.002221004555827494,0.16374586108586664
4,2,0.21000000000003283,"(np.float64(0.12687865683272911), np.float64(0.15460209067254738))",-0.005397319793701172,0.028359031304717064,2.864515984985167,-3.101212859286512,-5.738978425100254,-7.318073927691532,0.005914935820309691,0.16261813591161198
4,2,0.2200000000000344,"(np.float64(0.12687865683272911), np.float64(0.15460209067254738))",-0.0017024994594976306,0.10249195247888565,2.807045999181943,-3.1728550520633787,-5.753761132610877,-7.009882393855578,0.013848145775258239,0.16129581305881396
4,2,0.23000000000003595,"(np.float64(0.12687865683272911), np.float64(0.15460209067254738))",-0.0004482269287109375,0.18347854912281036,2.7493164777479877,-3.2408164292136132,-5.790902118958692,-6.581798485481433,0.021548387033547195,0.15986676159964744
4,2,0.24000000000003752,"(np.float64(0.12687865683272911), np.float64(0.15460209067254738))",-0.00362224574200809,0.22880439460277557,2.69113815853536,-3.30414168831094,-5.843616520243255,-6.082660214173535,0.029007763381778434,0.1584266603038729
4,2,0.2500000000000391,"(np.float64(0.12687865683272911), np.float64(0.15460209067254738))",-0.011044693179428577,0.3423866331577301,2.6321944066172533,-3.361623329628024,-5.943907744855905,-5.413332826930522,0.03624054777767596,0.1570555710236648
4,2,0.26000000000004064,"(np.float64(0.12687865683272911), np.float64(0.15460209067254738))",-0.011044598184525967,0.40775948762893677,2.5721604501128925,-3.4119371832610144,-6.061396980355951,-4.649921625800813,0.04326925327618007,0.15585105508882002
4,2,0.2700000000000422,"(np.float64(0.12687865683272911), np.float64(0.15460209067254738))",0.02690753899514675,0.4273548126220703,2.511210458078661,-3.4545587463487046,-6.127608153732438,-3.8752262430755917,0.05012224270538697,0.154915969648758
4,2,0.28000000000004377,"(np.float64(0.12687865683272911), np.float64(0.15460209067254738))",0.07537670433521271,0.40691909193992615,2.4499959686985053,-3.4897009883764,-6.114587747805142,-3.1547077425238976,0.0568213698163014,0.15428249741176092
4,2,0.29000000000004533,"(np.float64(0.12687865683272911), np.float64(0.15460209067254738))",0.11455192416906357,0.31737080216407776,2.3893679625563733,-3.5183969162942104,-6.010655092194505,-2.586148237136202,0.06336442463721924,0.153923281409925
4,2,0.3000000000000469,"(np.float64(0.12687865683272911), np.float64(0.15460209067254738))",0.14684219658374786,0.24685898423194885,2.330139804390914,-3.5420169037822604,-5.834923353451593,-2.1395478715993432,0.06974050078634586,0.15375717788882196
4,2,0.31000000000004846,"(np.float64(0.12687865683272911), np.float64(0.15460209067254738))",0.17470741271972656,0.19497433304786682,2.2729533577089565,-3.5616360495728916,-5.602573821991116,-1.7859106846122084,0.07593252293696087,0.153686997414123
4,2,0.32000000000005,"(np.float64(0.12687865683272911), np.float64(0.15460209067254738))",0.2869495451450348,0.14992867410182953,2.2189134620552378,-3.578293256044,-5.206277153884352,-1.5472521023152488,0.08191374191307799,0.15364481240691885
4,2,0.3300000000000516,"(np.float64(0.12687865683272911), np.float64(0.15460209067254738))",0.36029529571533203,0.12038307636976242,2.1693518550516298,-3.5929521583131483,-4.707207934983343,-1.386014114544839,0.08760347684203368,0.1535588246910867
4,2,0.34000000000005315,"(np.float64(0.12687865683272911), np.float64(0.15460209067254738))",0.36312371492385864,0.10144596546888351,2.1248036773178245,-3.606170486926974,-4.203424530448757,-1.2587100152007962,0.09288573204324506,0.15336547741563628
4,2,0.3500000000000547,"(np.float64(0.12687865683272911), np.float64(0.15460209067254738))",0.3499721586704254,0.09402179718017578,2.0851943894247627,-3.61816831247488,-3.719211679216904,-1.141661611990861,0.09769925727102335,0.1530521070786427
4,2,0.3600000000000563,"(np.float64(0.12687865683272911), np.float64(0.15460209067254738))",0.34127750992774963,0.09268589317798615,2.050352084095936,-3.629009939059819,-3.2498689157447087,-1.0273590482609927,0.10203258641299293,0.15264137395243266
4,2,0.37000000000005784,"(np.float64(0.12687865683272911), np.float64(0.15460209067254738))",0.31720542907714844,0.09450378268957138,2.0200263505954097,-3.638670322276856,-2.815692574225634,-0.9052970869402879,0.10588486903773135,0.15216598248373245
4,2,0.3800000000000594,"(np.float64(0.12687865683272911), np.float64(0.15460209067254738))",0.2701624035835266,0.0978797897696495,1.9937186590891882,-3.647015902198945,-2.4460012675975764,-0.7642592928909746,0.10926554669206776,0.15166240846745294
4,2,0.39000000000006096,"(np.float64(0.12687865683272911), np.float64(0.15460209067254738))",0.2245779037475586,0.11000938713550568,1.97078432804588,-3.653798108801859,-2.140857598103169,-0.5925929243801126,0.1122101067616717,0.15117304089757042
4,2,0.40000000000006253,"(np.float64(0.12687865683272911), np.float64(0.15460209067254738))",0.18462219834327698,0.12621326744556427,1.9506114452769334,-3.6586937066274645,-1.8936234657935547,-0.38695896179153455,0.11477065715773277,0.1507449413811311
4,2,0.4100000000000641,"(np.float64(0.12687865683272911), np.float64(0.15460209067254738))",0.13732051849365234,0.1323762983083725,1.9325945701739762,-3.6614170028735473,-1.7062250836760007,-0.17015096178397143,0.11699846944734765,0.15042581772614796
4,2,0.42000000000006565,"(np.float64(0.12687865683272911), np.float64(0.15460209067254738))",0.10172291100025177,0.13215771317481995,1.9163824701984122,-3.6624747973706686,-1.5305928758770475,-0.06055401229081346,0.1189470862618999,0.1502558335113822
4,2,0.4300000000000672,"(np.float64(0.12687865683272911), np.float64(0.15460209067254738))",0.08131637424230576,0.12328415364027023,1.9019217253831093,-3.6628194856430913,-1.3590611124006164,-0.0160988840465763,0.12066301738062096,0.15020349669108451
4,2,0.4400000000000688,"(np.float64(0.12687865683272911), np.float64(0.15460209067254738))",0.06673774868249893,0.11955547332763672,1.8891410147635073,-3.662873133588312,-1.1959524804375983,0.002217166502837001,0.12217481271325015,0.1501950904031842
4,2,0.45000000000007034,"(np.float64(0.12687865683272911), np.float64(0.15460209067254738))",0.06306534260511398,0.10875625908374786,1.8779944090015177,-3.6628134615437054,-1.0329579692845505,0.008627491074839365,0.12350242889101275,0.15019962356602326
4,2,0.4600000000000719,"(np.float64(0.12687865683272911), np.float64(0.15460209067254738))",0.05893669277429581,0.09505615383386612,1.8684634613051117,-3.6627203399035504,-0.873149200573998,0.009809026505414195,0.1246570452682862,0.15020560429620278
4,2,0.47000000000007347,"(np.float64(0.12687865683272911), np.float64(0.15460209067254738))",0.050345804542303085,0.09161033481359482,1.8604806830704235,-3.6626200295411766,-0.7233772087303152,0.01019888766482641,0.12564362516027314,0.1502091296299786
4,2,0.48000000000007503,"(np.float64(0.12687865683272911), np.float64(0.15460209067254738))",0.03954372555017471,0.09137306362390518,1.8539308073370244,-3.662515086047182,-0.5865519775542929,0.010713107546319904,0.12646982068012028,0.15021032163958187
4,2,0.4900000000000766,"(np.float64(0.12687865683272911), np.float64(0.15460209067254738))",0.026706505566835403,0.09071331471204758,1.8486727202234727,-3.6624045982585836,-0.46499243159018055,0.011296887129597429,0.12714718976142403,0.15021076890882584
4,2,0.5000000000000782,"(np.float64(0.12687865683272911), np.float64(0.15460209067254738))",0.017881393432617188,0.08805542439222336,1.8445788943363932,-3.6622902644119937,-0.35372219019156326,0.01154007191943815,0.12768985030155408,0.15021181126077693
4,2,0.5100000000000797,"(np.float64(0.12687865683272911), np.float64(0.15460209067254738))",0.012642097659409046,0.08486824482679367,1.8415676141638455,-3.662175393794237,-0.24851918297856285,0.011457999309201619,0.12811090520057883,0.1502141349347296
4,2,0.5200000000000813,"(np.float64(0.12687865683272911), np.float64(0.15460209067254738))",0.0072158812545239925,0.08251533657312393,1.8395761924698446,-3.6620615260434235,-0.1497581304401176,0.011343862956464834,0.12841906442157025,0.15021802732006656
4,2,0.5300000000000828,"(np.float64(0.12687865683272911), np.float64(0.15460209067254738))",0.0009668350103311241,0.07991905510425568,1.8385352052557034,-3.661948889100146,-0.06496848478134909,0.01148375229106638,0.12862097558416358,0.15022372080813678
4,2,0.5400000000000844,"(np.float64(0.12687865683272911), np.float64(0.15460209067254738))",-0.005210590548813343,0.07745323330163956,1.8381043645209805,-3.6618292102239716,-0.02757361797315594,0.012634091181322367,0.1287238085350462,0.1502313483795039
4,2,0.550000000000086,"(np.float64(0.12687865683272911), np.float64(0.15460209067254738))",-0.007936382666230202,0.07620391994714737,1.837917873331159,-3.6616979894029744,-0.012302368967008792,0.013613530305746484,0.12876105115200692,0.15024103218611085
4,2,0.5600000000000875,"(np.float64(0.12687865683272911), np.float64(0.15460209067254738))",-0.009064006619155407,0.07559337466955185,1.837831470248555,-3.6615585754970508,-0.0060273742163754725,0.014238737459387672,0.1287703827862902,0.15025235554251526
4,2,0.5700000000000891,"(np.float64(0.12687865683272911), np.float64(0.15460209067254738))",-0.009539890103042126,0.0752841979265213,1.8377862921478842,-3.661414312068156,-0.0034382712993467116,0.014587166638684748,0.12876841251565538,0.15026465367670988
4,2,0.5800000000000907,"(np.float64(0.12687865683272911), np.float64(0.15460209067254738))",-0.009745406918227673,0.07511978596448898,1.8377581313972915,-3.6612674832399255,-0.0023713789215136115,0.014761483847879342,0.12876250108276777,0.15027746680797777
4,2,0.5900000000000922,"(np.float64(0.12687865683272911), np.float64(0.15460209067254738))",-0.009835339151322842,0.07502517849206924,1.8377369559567929,-3.6611194430220015,-0.0019373751270033534,0.014837231056673504,0.12875579849309635,0.15029052322897526
4,2,0.6000000000000938,"(np.float64(0.12687865683272911), np.float64(0.15460209067254738))",-0.009873962961137295,0.07496585696935654,1.8377185861593466,-3.6609709276682065,-0.001767200822745155,0.014861473867126848,0.128749537892556,0.15030367636751005
4,2,0.6100000000000954,"(np.float64(0.12687865683272911), np.float64(0.15460209067254738))",-0.009888553991913795,0.07492408901453018,1.8377012822354635,-3.6608223079284903,-0.0017062362758387354,0.014860948259335212,0.12874409672087653,0.15031685323687388
4,2,0.6200000000000969,"(np.float64(0.12687865683272911), np.float64(0.15460209067254738))",-0.009890747256577015,0.07489147037267685,1.8376843307533215,-3.660673753163675,-0.00168921507995696,0.01484997599780502,0.12873949075226626,0.1503300210565011
4,2,0.6300000000000985,"(np.float64(0.12687865683272911), np.float64(0.15460209067254738))",-0.00988626480102539,0.07486343383789062,1.837667451835435,-3.6605253281567913,-0.0016886295208824427,0.014835724879691772,0.12873560207007462,0.15034316768713185
4,2,0.6400000000001,"(np.float64(0.12687865683272911), np.float64(0.15460209067254738))",-0.00987787265330553,0.0748380646109581,1.837650547567433,-3.660377046860103,-0.0016930554751253353,0.014821539909380425,0.1287322808328182,0.15035629084850893
4,2,0.6500000000001016,"(np.float64(0.12687865683272911), np.float64(0.15460209067254738))",-0.009867382235825062,0.07481403648853302,1.8376335941904847,-3.6602289010406834,-0.0016980022698214168,0.014808724625570124,0.12872938721072905,0.15036939247115047
4,2,0.6600000000001032,"(np.float64(0.12687865683272911), np.float64(0.15460209067254738))",-0.009855270385742188,0.0747905746102333,1.8376165962389455,-3.660080874992038,-0.001701851808002679,0.014797586723788055,0.1287268055064352,0.15038247587564263
4,2,0.6700000000001047,"(np.float64(0.12687865683272911), np.float64(0.15460209067254738))",-0.009842204861342907,0.07476730644702911,1.837599567132582,-3.659932952342379,-0.0017042401337627367,0.01478800885663861,0.12872444593475107,0.15039554444898737
4,2,0.6800000000001063,"(np.float64(0.12687865683272911), np.float64(0.15460209067254738))",-0.00982885342091322,0.07474460452795029,1.8375825209340022,-3.6597851183946695,-0.0017053106180329378,0.014779789465602067,0.1287222415549627,0.15040860112062748
4,2,0.6900000000001079,"(np.float64(0.12687865683272911), np.float64(0.15460209067254738))",-0.009823131375014782,0.07473373413085938,1.8375654638992385,-3.6596373528589026,-0.0017062756516388923,0.014774024374873126,0.12872014384480862,0.15042164825915882
4,2,0.7000000000001094,"(np.float64(0.12687865683272911), np.float64(0.15460209067254738))",-0.00981826800853014,0.07472401112318039,1.837548398570992,-3.6594896367412746,-0.001706919519895628,0.014769739891237576,0.1287181187437359,0.15043468840213298
4,2,0.710000000000111,"(np.float64(0.12687865683272911), np.float64(0.15460209067254738))",-0.00981283187866211,0.07471447438001633,1.8375313291790447,-3.6593419587068095,-0.0017070963525346527,0.014766323231994467,0.1287161426368519,0.15044772374078344
4,2,0.7200000000001125,"(np.float64(0.12687865683272911), np.float64(0.15460209067254738))",-0.009807586669921875,0.07470474392175674,1.8375142598465402,-3.6591943121131796,-0.0017069190659157268,0.0147634103883338,0.12871419907437068,0.15046075563373473
4,2,0.7300000000001141,"(np.float64(0.12687865683272911), np.float64(0.15460209067254738))",-0.009801960550248623,0.07469482719898224,1.837497193975975,-3.659046693045575,-0.0017064249388452563,0.014760798035656145,0.12871227674772845,0.15047378491309554
4,2,0.7400000000001157,"(np.float64(0.12687865683272911), np.float64(0.15460209067254738))",-0.009796524420380592,0.07468509674072266,1.8374801340564673,-3.6588990988835546,-0.0017057388599450044,0.014758411644382591,0.1287103679684356,0.15048681209116263
4,2,0.7500000000001172,"(np.float64(0.12687865683272911), np.float64(0.15460209067254738))",-0.009791279211640358,0.07467575371265411,1.8374630815781072,-3.6587515275279676,-0.0017049402027440764,0.014756217701655399,0.1287084675588053,0.15049983751110213
4,2,0.7600000000001188,"(np.float64(0.12687865683272911), np.float64(0.15460209067254738))",-0.009785652160644531,0.07466564327478409,1.8374460378178177,-3.65860397802654,-0.0017040084544137678,0.014754046851559385,0.12870657207738515,0.15051286143211243
4,2,0.7700000000001204,"(np.float64(0.12687865683272911), np.float64(0.15460209067254738))",-0.009780406951904297,0.0746559128165245,1.837429003532079,-3.658456449797809,-0.0017030439132275192,0.014751955518613651,0.1287046792234012,0.15052588398750205
4,2,0.7800000000001219,"(np.float64(0.12687865683272911), np.float64(0.15460209067254738))",-0.009775066748261452,0.07464618980884552,1.8374119791138863,-3.658308942219532,-0.0017020375578295243,0.014749912570246987,0.12870278748957711,0.15053890526061908
4,2,0.7900000000001235,"(np.float64(0.12687865683272911), np.float64(0.15460209067254738))",-0.00976953562349081,0.07463645935058594,1.8373949650437504,-3.6581614549178543,-0.001700980121795745,0.014747898187284827,0.12870089589293152,0.1505519253269733
4,2,0.8000000000001251,"(np.float64(0.12687865683272911), np.float64(0.15460209067254738))",-0.009763717651367188,0.07462673634290695,1.8373779619038544,-3.658013987661365,-0.0016998603125732326,0.014745902458470947,0.12869900376965823,0.1505649442332683
4,2,0.8100000000001266,"(np.float64(0.12687865683272911), np.float64(0.15460209067254738))",-0.009758472442626953,0.07461700588464737,1.8373609697352231,-3.6578665402870536,-0.0016987780550216226,0.014743920178937407,0.1286971106604351,0.1505779620092229
4,2,0.8200000000001282,"(np.float64(0.12687865683272911), np.float64(0.15460209067254738))",-0.009753227233886719,0.07460727542638779,1.837343988312553,-3.6577191126936235,-0.001697708160373825,0.01474194552353309,0.1286952162977794,0.15059097867439886
4,2,0.8300000000001297,"(np.float64(0.12687865683272911), np.float64(0.15460209067254738))",-0.009747887030243874,0.0745975524187088,1.837327017633809,-3.6575717048188237,-0.0016966301481489423,0.014739976040911927,0.12869332053553953,0.15060399424032025
4,2,0.8400000000001313,"(np.float64(0.12687865683272911), np.float64(0.15460209067254738))",-0.009742259979248047,0.07458801567554474,1.837310057956035,-3.657424316499325,-0.0016955140357633577,0.014738030835881353,0.12869142326698352,0.15061700871421912
4,2,0.8500000000001329,"(np.float64(0.12687865683272911), np.float64(0.15460209067254738))",-0.009737014770507812,0.07457809895277023,1.8372931092790699,-3.6572769478213907,-0.0016944253000819873,0.014736053301062108,0.12868952439581402,0.15063002211198742
4,2,0.8600000000001344,"(np.float64(0.12687865683272911), np.float64(0.15460209067254738))",-0.009731578640639782,0.07456836849451065,1.837276171552429,-3.6571295988723227,-0.0016933256707533303,0.014734083841949954,0.12868762387774793,0.15064303442644097
4,2,0.870000000000136,"(np.float64(0.12687865683272911), np.float64(0.15460209067254738))",-0.009726429358124733,0.07455883175134659,1.8372592446458231,-3.656982269456373,-0.0016922558291530942,0.014732141745267035,0.12868572169228304,0.1506560456497967
4,2,0.8800000000001376,"(np.float64(0.12687865683272911), np.float64(0.15460209067254738))",-0.009720993228256702,0.074549101293087,1.8372423285726092,-3.6568349595367686,-0.001691163021160084,0.0147301869996041,0.12868381783076538,0.15066905579893855
4,2,0.8900000000001391,"(np.float64(0.12687865683272911), np.float64(0.15460209067254738))",-0.009715748019516468,0.07453937828540802,1.837225423349484,-3.656687669183714,-0.0016900835043651486,0.014728228927988515,0.1286819122803972,0.15068206487684205
4,2,0.9000000000001407,"(np.float64(0.12687865683272911), np.float64(0.15460209067254738))",-0.009710502810776234,0.07452984154224396,1.837208528885287,-3.6565403982913844,-0.001689010006723109,0.014726291270825068,0.1286800050335824,0.1506950728769544
4,2,0.9100000000001423,"(np.float64(0.12687865683272911), np.float64(0.15460209067254738))",-0.009705066680908203,0.07452011108398438,1.8371916452804793,-3.656393146864671,-0.0016879153893078261,0.014724338598530977,0.12867809609315442,0.1507080798080031
4,2,0.9200000000001438,"(np.float64(0.12687865683272911), np.float64(0.15460209067254738))",-0.009699917398393154,0.07451057434082031,1.8371747724677348,-3.656245914859165,-0.0016868469105730767,0.014722403729585328,0.1286761854467102,0.15072108566928494
4,2,0.9300000000001454,"(np.float64(0.12687865683272911), np.float64(0.15460209067254738))",-0.009694481268525124,0.07450103759765625,1.8371579104777527,-3.656098702167507,-0.001685754858155243,0.0147204749679184,0.128674273097751,0.1507340904641069
4,2,0.9400000000001469,"(np.float64(0.12687865683272911), np.float64(0.15460209067254738))",-0.0096893310546875,0.07449112087488174,1.8371410592751702,-3.6559515090028287,-0.0016846857872272344,0.014718505258637717,0.1286723590404856,0.15074709420151344
4,2,0.9500000000001485,"(np.float64(0.12687865683272911), np.float64(0.15460209067254738))",-0.009684085845947266,0.07448158413171768,1.83712421876276,-3.6558043353753362,-0.0016836166268887186,0.014716562783354724,0.12867044328103988,0.15076009686207845
4,2,0.9600000000001501,"(np.float64(0.12687865683272911), np.float64(0.15460209067254738))",-0.009678554721176624,0.0744718536734581,1.8371073891474183,-3.6556571812472947,-0.0016825125197447454,0.014714607825948417,0.1286685258304343,0.150773098444146
4,2,0.9700000000001516,"(np.float64(0.12687865683272911), np.float64(0.15460209067254738))",-0.009673500433564186,0.07446231693029404,1.837090570320067,-3.6555100465520893,-0.0016814514155134616,0.014712672464544104,0.12866660666815471,0.15078609895092987
4,2,0.9800000000001532,"(np.float64(0.12687865683272911), np.float64(0.15460209067254738))",-0.009668350219726562,0.07445278018712997,1.8370737620680186,-3.655362931167995,-0.0016803963580483176,0.014710744300568387,0.1286646858023994,0.1507990983875988
4,2,0.9900000000001548,"(np.float64(0.12687865683272911), np.float64(0.15460209067254738))",-0.009663295932114124,0.07444324344396591,1.837056964285477,-3.655215835046347,-0.0016793551032128718,0.014708819308166282,0.12866276325205633,0.15081209676396123
5,1,0.0,"(np.float64(-0.14686450188713712), np.float64(0.13576014910658835))",0.004946899600327015,0.01746654510498047,1.722344134058374,-3.891006051466747,0.0012810824889698353,0.0033005268310432353,0.14513558652782874,0.1288909668427226
5,1,0.00999999999999801,"(np.float64(-0.14686450188713712), np.float64(0.13576014910658835))",1.4834034442901611,1.1055755615234375,1.7294535991829358,-3.8872121512737623,1.411755055171883,0.748171239881309,0.14513381577519874,0.12889408758639875
5,1,0.01999999999999602,"(np.float64(-0.14686450188713712), np.float64(0.13576014910658835))",1.391958475112915,1.0662535429000854,1.7499541101922853,-3.8761816673997265,2.684409025858839,1.4571630729598053,0.1444179391415782,0.12933999978359373
5,1,0.02999999999999403,"(np.float64(-0.14686450188713712), np.float64(0.13576014910658835))",1.2420717477798462,1.0712226629257202,1.7821116002851825,-3.857706837614507,3.7459236921050145,2.240699052951826,0.1422679757537577,0.13062361508309872
5,1,0.03999999999999204,"(np.float64(-0.14686450188713712), np.float64(0.13576014910658835))",1.086748719215393,1.067032814025879,1.823865481767056,-3.8309993305971526,4.605446911103675,3.105974559703732,0.1387698870163412,0.13267870516037775
5,1,0.04999999999999005,"(np.float64(-0.14686450188713712), np.float64(0.13576014910658835))",0.9988247156143188,1.041590929031372,1.8737147227164088,-3.7954634768919653,5.365767514583789,4.007581989361666,0.13407196742669417,0.13544799202871688
5,1,0.05999999999998806,"(np.float64(-0.14686450188713712), np.float64(0.13576014910658835))",0.8582016229629517,0.919041097164154,1.9305310329001075,-3.7512647588601697,5.999887451953295,4.838445145819382,0.1282885647027216,0.13884764016915502
5,1,0.06999999999998607,"(np.float64(-0.14686450188713712), np.float64(0.13576014910658835))",0.6604440808296204,0.7064493298530579,1.992872247772348,-3.6996355978856315,6.47108455248026,5.493171195065588,0.12151419403583867,0.14272982416071475
5,1,0.07999999999998408,"(np.float64(-0.14686450188713712), np.float64(0.13576014910658835))",0.4524023234844208,0.5927662253379822,2.0588386449403338,-3.641688894871414,6.72468897253906,6.099988497426405,0.11390029338067303,0.14686959484078332
5,1,0.0899999999999821,"(np.float64(-0.14686450188713712), np.float64(0.13576014910658835))",0.268009752035141,0.5523342490196228,2.126251353505291,-3.5775193123022344,6.759756229716624,6.735568252584831,0.1056545549031906,0.15108637325596389
5,1,0.0999999999999801,"(np.float64(-0.14686450188713712), np.float64(0.13576014910658835))",0.23562946915626526,0.5464067459106445,2.193837596726685,-3.5069452131976946,6.758464516007014,7.37943722043911,0.0969876562794606,0.15533262549128987
5,1,0.10999999999997812,"(np.float64(-0.14686450188713712), np.float64(0.13576014910658835))",0.21561145782470703,0.5074219107627869,2.261353190686421,-3.4301686360406385,6.7453119406256095,7.975148857750458,0.08799782548193107,0.15961650656856602
5,1,0.11999999999997613,"(np.float64(-0.14686450188713712), np.float64(0.13576014910658835))",0.2051597684621811,0.29520130157470703,2.3290459648306605,-3.3488828346056234,6.794482424538301,8.281619853948794,0.07867502163033852,0.16391850893285215
5,1,0.12999999999997414,"(np.float64(-0.14686450188713712), np.float64(0.13576014910658835))",0.18061676621437073,0.2503025233745575,2.397152474010528,-3.2648122147322374,6.827553451254941,8.531472735145963,0.0690119781483138,0.16809355234151313
5,1,0.13999999999997215,"(np.float64(-0.14686450188713712), np.float64(0.13576014910658835))",0.15459422767162323,0.2058841735124588,2.465486196289215,-3.1785311934777187,6.839595191326646,8.72331367493608,0.0590316696960739,0.17199467133748134
5,1,0.14999999999997016,"(np.float64(-0.14686450188713712), np.float64(0.13576014910658835))",0.1309124082326889,0.17709103226661682,2.5338153995370556,-3.090526771080402,6.826353146362323,8.875910339100537,0.04876206877231684,0.17557684241430466
5,1,0.15999999999996817,"(np.float64(-0.14686450188713712), np.float64(0.13576014910658835))",0.0898832306265831,0.12297745048999786,2.6018076877713887,-3.0013360310437265,6.772182042837751,8.960514264176146,0.03823190884246774,0.17880442622629758
5,1,0.16999999999996618,"(np.float64(-0.14686450188713712), np.float64(0.13576014910658835))",0.04087505489587784,0.06561470031738281,2.669005176396888,-2.9116468936531157,6.667425509632115,8.975621842081853,0.027483083102535888,0.18164421915344403
5,1,0.1799999999999642,"(np.float64(-0.14686450188713712), np.float64(0.13576014910658835))",0.02593841589987278,0.04298458248376846,2.7350702903422084,-2.8219744892279532,6.545521305954697,8.957326966256625,0.016581853182206535,0.18406372347551825
5,1,0.1899999999999622,"(np.float64(-0.14686450188713712), np.float64(0.13576014910658835))",0.026656722649931908,0.01752452924847603,2.799935652073805,-2.732687726252287,6.4273983173284845,8.898808026043502,0.005581985052787036,0.1860430913718171
5,1,0.1999999999999602,"(np.float64(-0.14686450188713712), np.float64(0.13576014910658835))",0.026918411254882812,0.008246803656220436,2.863610422856744,-2.6440728125130972,6.307330861540253,8.823196669381618,-0.0054864565732176684,0.18755952081380622
5,1,0.20999999999995822,"(np.float64(-0.14686450188713712), np.float64(0.13576014910658835))",0.026918411254882812,0.008246803656220436,2.9260592637958895,-2.556233046798033,6.182179015152244,8.743967896895729,-0.016597761829029112,0.18859063830591336
5,1,0.21999999999995623,"(np.float64(-0.14686450188713712), np.float64(0.13576014910658835))",0.022777175530791283,-0.04599571228027344,2.987290418948538,-2.469538912090578,6.064136313163219,8.594460834773868,-0.02773136289964198,0.18912739194452496
5,1,0.22999999999995424,"(np.float64(-0.14686450188713712), np.float64(0.13576014910658835))",0.017561912536621094,-0.11413412541151047,3.0474007914151584,-2.3847676651558283,5.958369639089948,8.359733968497098,-0.038842360736888515,0.1891445139187591
5,1,0.23999999999995225,"(np.float64(-0.14686450188713712), np.float64(0.13576014910658835))",-0.033580780029296875,-0.15156450867652893,3.106181572762646,-2.3024993652376944,5.798515965883581,8.093856455075043,-0.049844862456281974,0.18859919442057216
5,1,0.24999999999995026,"(np.float64(-0.14686450188713712), np.float64(0.13576014910658835))",-0.05980978161096573,-0.22863654792308807,3.163327358165402,-2.223331795300561,5.631844520291406,7.7397832527733454,-0.06064140790616657,0.1874957082464253
5,1,0.2599999999999483,"(np.float64(-0.14686450188713712), np.float64(0.13576014910658835))",-0.07252293080091476,-0.30014753341674805,3.2188648936517503,-2.148126643915994,5.477187209176754,7.301468586946576,-0.07112418340482154,0.18586167892265426
5,1,0.2699999999999463,"(np.float64(-0.14686450188713712), np.float64(0.13576014910658835))",-0.08590078353881836,-0.36360427737236023,3.2729106565750583,-2.077672523795938,5.333740826045139,6.789549580911325,-0.08117447129668803,0.18370860134929257
5,1,0.2799999999999443,"(np.float64(-0.14686450188713712), np.float64(0.13576014910658835))",-0.12728166580200195,-0.40607187151908875,3.3253772656777163,-2.0125318611017784,5.161585200139417,6.2386031562127195,-0.09068178976451693,0.18106247469934544
5,1,0.2899999999999423,"(np.float64(-0.14686450188713712), np.float64(0.13576014910658835))",-0.17963838577270508,-0.4233696162700653,3.3758778237860994,-1.9529240156707501,4.940679991159663,5.682805650327947,-0.09955079964983175,0.17798733288801044
5,1,0.2999999999999403,"(np.float64(-0.14686450188713712), np.float64(0.13576014910658835))",-0.2511002719402313,-0.435882568359375,3.423804468972629,-1.8988409315385415,4.647036052865204,5.1335646879865715,-0.10771637029939723,0.1745894582181976
5,1,0.3099999999999383,"(np.float64(-0.14686450188713712), np.float64(0.13576014910658835))",-0.29924488067626953,-0.4751299023628235,3.4686286034123315,-1.850424543386604,4.3204209005194665,4.549563878348333,-0.11514054803670891,0.17100125062331095
5,1,0.31999999999993634,"(np.float64(-0.14686450188713712), np.float64(0.13576014910658835))",-0.2760190963745117,-0.4619779586791992,3.5103836909112633,-1.8078064489591312,4.0328184077929565,3.973874098493172,-0.12178540686567188,0.1673471762628978
5,1,0.32999999999993435,"(np.float64(-0.14686450188713712), np.float64(0.13576014910658835))",-0.3112569749355316,-0.4361545741558075,3.549063637688052,-1.7707271445463575,3.705320763700216,3.4417995321544113,-0.12764152499259596,0.16370269582453179
5,1,0.33999999999993236,"(np.float64(-0.14686450188713712), np.float64(0.13576014910658835))",-0.3646913468837738,-0.4079383909702301,3.58415002463996,-1.7387026763480178,3.3141266794975692,2.962996833139612,-0.13274378008496374,0.16014091165399402
5,1,0.34999999999993037,"(np.float64(-0.14686450188713712), np.float64(0.13576014910658835))",-0.35539552569389343,-0.38844117522239685,3.61541001505165,-1.7113593958213658,2.9396724384657724,2.5056032015932876,-0.13713994709934224,0.15677004590273094
5,1,0.3599999999999284,"(np.float64(-0.14686450188713712), np.float64(0.13576014910658835))",-0.3166501224040985,-0.3444814682006836,3.6431402599973928,-1.6883773826469424,2.6075730621405713,2.0906046226328012,-0.14087827090815747,0.1536646929350229
5,1,0.3699999999999264,"(np.float64(-0.14686450188713712), np.float64(0.13576014910658835))",-0.28646335005760193,-0.33999577164649963,3.667764610186527,-1.6695735632765596,2.3182415708125657,1.670039420964125,-0.1440157751468352,0.15084274228509043
5,1,0.3799999999999244,"(np.float64(-0.14686450188713712), np.float64(0.13576014910658835))",-0.24443797767162323,-0.3118414878845215,3.6897343443941626,-1.654872074435546,2.0759515988154646,1.2704894851509771,-0.1465964832664045,0.14830020425384025
5,1,0.3899999999999224,"(np.float64(-0.14686450188713712), np.float64(0.13576014910658835))",-0.20595483481884003,-0.27221909165382385,3.709457015922901,-1.6439725849514406,1.8687821968000717,0.9090905187227947,-0.1486511065795166,0.14602319143720702
5,1,0.3999999999999204,"(np.float64(-0.14686450188713712), np.float64(0.13576014910658835))",-0.18215294182300568,-0.20148372650146484,3.727135461775793,-1.6362839626181667,1.6668458962785861,0.6281654171387627,-0.15023009882305627,0.14399220478654629
5,1,0.40999999999991843,"(np.float64(-0.14686450188713712), np.float64(0.13576014910658835))",-0.1775347739458084,-0.146447092294693,3.7427233768053503,-1.631070602642692,1.450640080460604,0.4140752520808091,-0.151407829488018,0.14219495569907128
5,1,0.41999999999991644,"(np.float64(-0.14686450188713712), np.float64(0.13576014910658835))",-0.16762962937355042,-0.12548398971557617,3.7561716081836987,-1.6278910941449294,1.2389281198670243,0.2215556980653129,-0.1522673581730456,0.14063299537374166
5,1,0.42999999999991445,"(np.float64(-0.14686450188713712), np.float64(0.13576014910658835))",-0.15161381661891937,-0.10601063072681427,3.767529996442758,-1.6264238897722594,1.0276828651395835,0.08892627191795818,-0.15286001284142645,0.13930820074316574
5,1,0.43999999999991246,"(np.float64(-0.14686450188713712), np.float64(0.13576014910658835))",-0.13000813126564026,-0.09475183486938477,3.7767695844340246,-1.6258603965034217,0.8170516177698082,0.03335810543248346,-0.15322533849265446,0.13821340341362032
5,1,0.44999999999991047,"(np.float64(-0.14686450188713712), np.float64(0.13576014910658835))",-0.10403575748205185,-0.09216051548719406,3.7839856436264534,-1.6256645782683379,0.6245406400828533,0.009828818769194985,-0.15345104422771613,0.13733927495891995
5,1,0.4599999999999085,"(np.float64(-0.14686450188713712), np.float64(0.13576014910658835))",-0.07849617302417755,-0.09223556518554688,3.789390567561061,-1.6256286737804246,0.4555228482552619,-0.0008449151574286429,-0.15359792858859594,0.13666685576991905
5,1,0.4699999999999065,"(np.float64(-0.14686450188713712), np.float64(0.13576014910658835))",-0.0582091324031353,-0.09318923950195312,3.7932040445773025,-1.6256680031850552,0.3066135054448307,-0.006138909790337142,-0.1536937961448699,0.13617086144747925
5,1,0.4799999999999045,"(np.float64(-0.14686450188713712), np.float64(0.13576014910658835))",-0.03944683074951172,-0.09437065571546555,3.7956262796123332,-1.6257470645975236,0.17745505144143525,-0.009174864339909826,-0.1537529537554685,0.13582737387089822
5,1,0.4899999999999025,"(np.float64(-0.14686450188713712), np.float64(0.13576014910658835))",-0.016800403594970703,-0.09598274528980255,3.7968814134570006,-1.6258520760641682,0.07946267297800372,-0.011733145056561384,-0.1537835934850971,0.1356155837898902
5,1,0.4999999999999005,"(np.float64(-0.14686450188713712), np.float64(0.13576014910658835))",0.0017156600952148438,-0.0970880538225174,3.7974070877990287,-1.6259838894987197,0.033440906189681846,-0.014637182240031858,-0.15379151005252573,0.13551361708261042
5,1,0.5099999999998985,"(np.float64(-0.14686450188713712), np.float64(0.13576014910658835))",0.01038970984518528,-0.0973348617553711,3.797634718989982,-1.6261416005190599,0.015133905355642567,-0.01676555418152071,-0.1537840275670746,0.13548154175686866
5,1,0.5199999999998965,"(np.float64(-0.14686450188713712), np.float64(0.13576014910658835))",0.013919449411332607,-0.0971962958574295,3.7977433442057986,-1.626316138662893,0.0077973648882627465,-0.01802544818029638,-0.15376858853964606,0.1354789695352032
5,1,0.5299999999998946,"(np.float64(-0.14686450188713712), np.float64(0.13576014910658835))",0.01540298480540514,-0.09694929420948029,3.7978041740348796,-1.6265000444268165,0.004849990361695094,-0.018684293146479503,-0.15374950151247474,0.13548716980273884
5,1,0.5399999999998926,"(np.float64(-0.14686450188713712), np.float64(0.13576014910658835))",0.01604633405804634,-0.09668312221765518,3.7978458401433444,-1.6266885871907037,0.0036768149237925703,-0.018987301088156543,-0.15372897623613507,0.13549808958787227
5,1,0.5499999999998906,"(np.float64(-0.14686450188713712), np.float64(0.13576014910658835))",0.016329383477568626,-0.0964229628443718,3.797879960980299,-1.626879085867408,0.0032255680149280348,-0.019096805089602303,-0.15370807756873756,0.1355084826844467
5,1,0.5599999999998886,"(np.float64(-0.14686450188713712), np.float64(0.13576014910658835))",0.016448974609375,-0.09617280960083008,3.7979112661091317,-1.627070127125801,0.003067080205859691,-0.019107838185266193,-0.1536872742626111,0.13551725531171935
5,1,0.5699999999998866,"(np.float64(-0.14686450188713712), np.float64(0.13576014910658835))",0.016489028930664062,-0.09593229740858078,3.797941658758104,-1.6272610152283657,0.003024245736766345,-0.019072531266064705,-0.15366673889752352,0.13552424315718292
5,1,0.5799999999998846,"(np.float64(-0.14686450188713712), np.float64(0.13576014910658835))",0.016486549749970436,-0.09569864720106125,3.7979718709335106,-1.6274514377597655,0.0030235208176467394,-0.01901791131267071,-0.15364650574334732,0.13552964542948734
5,1,0.5899999999998826,"(np.float64(-0.14686450188713712), np.float64(0.13576014910658835))",0.016460228711366653,-0.09547042846679688,3.798002149910003,-1.6276412769781734,0.003034807253035577,-0.01895734449447697,-0.15362655103263084,0.13553376779765086
5,1,0.5999999999998806,"(np.float64(-0.14686450188713712), np.float64(0.13576014910658835))",0.01642017439007759,-0.09524555504322052,3.798032547769879,-1.627830507757221,0.0030463988417689714,-0.018896832012715564,-0.15360683199279665,0.13553691211629518
5,1,0.6099999999998786,"(np.float64(-0.14686450188713712), np.float64(0.13576014910658835))",0.01637096516788006,-0.0950237289071083,3.798063043332923,-1.6280191449708603,0.0030542170268688345,-0.01883880157586038,-0.15358730458743314,0.13553933546834562
5,1,0.6199999999998766,"(np.float64(-0.14686450188713712), np.float64(0.13576014910658835))",0.01631622388958931,-0.09480352699756622,3.798093593552072,-1.6282072170587172,0.0030574685027006682,-0.018783792564392495,-0.1535679305015909,0.13554124100361462
5,1,0.6299999999998747,"(np.float64(-0.14686450188713712), np.float64(0.13576014910658835))",0.01625823974609375,-0.09458484500646591,3.7981241547103703,-1.6283947538417443,0.003056606632178278,-0.01873164646298748,-0.1535486790724746,0.13554278205719775
5,1,0.6399999999998727,"(np.float64(-0.14686450188713712), np.float64(0.13576014910658835))",0.016197968274354935,-0.09436722099781036,3.7981546894763096,-1.6285817816933534,0.003052387907843381,-0.018681894938426823,-0.15352952696568725,0.13554407074828034
5,1,0.6499999999998707,"(np.float64(-0.14686450188713712), np.float64(0.13576014910658835))",0.01613636128604412,-0.09415044635534286,3.7981851684527865,-1.6287683219935247,0.0030456118515719372,-0.01863403108478772,-0.15351045699563626,0.13554518719062514
5,1,0.6599999999998687,"(np.float64(-0.14686450188713712), np.float64(0.13576014910658835))",0.016074372455477715,-0.09393453598022461,3.7982155699693365,-1.6289543913980236,0.003037011957964668,-0.0185876218372182,-0.1534914568111576,0.13554618761058582
5,1,0.6699999999998667,"(np.float64(-0.14686450188713712), np.float64(0.13576014910658835))",0.016011429950594902,-0.09371919929981232,3.798245878130938,-1.6291400024159468,0.0030270386163323494,-0.018542280176758755,-0.15347251768703055,0.13554711086629195
5,1,0.6799999999998647,"(np.float64(-0.14686450188713712), np.float64(0.13576014910658835))",0.015949059277772903,-0.09350480884313583,3.798276082069616,-1.6293251645251676,0.003016216968413996,-0.018497771655921896,-0.15345363354666977,0.1355479835177083
5,1,0.6899999999998627,"(np.float64(-0.14686450188713712), np.float64(0.13576014910658835))",0.01588611677289009,-0.09329099953174591,3.7983061742685464,-1.6295098848022744,0.003004737968675893,-0.018453862278187946,-0.15343480018491562,0.13554882349272657
5,1,0.6999999999998607,"(np.float64(-0.14686450188713712), np.float64(0.13576014910658835))",0.01582355611026287,-0.09307727962732315,3.798336149618654,-1.6296941680847639,0.0029928699316113835,-0.018410340350781415,-0.15341601471311045,0.1355496427968677
5,1,0.7099999999998587,"(np.float64(-0.14686450188713712), np.float64(0.13576014910658835))",0.01576080359518528,-0.09286413341760635,3.798366004737677,-1.6298780178582248,0.0029807117608714045,-0.01836712990095336,-0.15339727520049684,0.13555044940038924
5,1,0.7199999999998568,"(np.float64(-0.14686450188713712), np.float64(0.13576014910658835))",0.01569843292236328,-0.09265174716711044,3.798395737528985,-1.630061437067934,0.0029684088621352907,-0.018324194928140553,-0.15337858034654459,0.13555124855139664
5,1,0.7299999999998548,"(np.float64(-0.14686450188713712), np.float64(0.13576014910658835))",0.015636444091796875,-0.09244003146886826,3.7984253470027545,-1.6302444282290545,0.0029560449029950027,-0.01828148991899145,-0.15335992923488517,0.1355520436809498
5,1,0.7399999999998528,"(np.float64(-0.14686450188713712), np.float64(0.13576014910658835))",0.015574455261230469,-0.09222812950611115,3.798454832537717,-1.630426992872019,0.00294362260240356,-0.018238881016957205,-0.153341321214741,0.13555283699539553
5,1,0.7499999999998508,"(np.float64(-0.14686450188713712), np.float64(0.13576014910658835))",0.015512657351791859,-0.09201746433973312,3.7984841937801543,-1.6306091325833574,0.002931182687516397,-0.018196472777176252,-0.1533227558769638,0.1355536299168983
5,1,0.7599999999998488,"(np.float64(-0.14686450188713712), np.float64(0.13576014910658835))",0.015451050363481045,-0.0918067917227745,3.7985134306451673,-1.6307908487392628,0.0029187430324833065,-0.018154156457816126,-0.15330423289803885,0.13555442336440288
5,1,0.7699999999998468,"(np.float64(-0.14686450188713712), np.float64(0.13576014910658835))",0.015389824286103249,-0.09159717708826065,3.7985425433636073,-1.630972142718731,0.0029063429883158295,-0.018112009401532535,-0.15328575203646677,0.1355552179217449
5,1,0.7799999999998448,"(np.float64(-0.14686450188713712), np.float64(0.13576014910658835))",0.015328407287597656,-0.0913875624537468,3.798571532011193,-1.6311530156460514,0.002893929261600425,-0.018069934640282816,-0.1532673130917708,0.1355560139450415
5,1,0.7899999999998428,"(np.float64(-0.14686450188713712), np.float64(0.13576014910658835))",0.015267753973603249,-0.09117870777845383,3.7986003970183733,-1.6313334685543963,0.0028815986310777764,-0.018027984034951417,-0.15324891591063294,0.13555681167205016
5,1,0.7999999999998408,"(np.float64(-0.14686450188713712), np.float64(0.13576014910658835))",0.015206718817353249,-0.0909702330827713,3.7986291386471644,-1.6315135025102185,0.002869254547816701,-0.017986128247904645,-0.1532305603693065,0.13555761122816043
5,1,0.8099999999998388,"(np.float64(-0.14686450188713712), np.float64(0.13576014910658835))",0.015146255493164062,-0.09076213836669922,3.798657757197026,-1.631693118418255,0.002856971240064246,-0.01794435921307498,-0.15321224634770683,0.13555841269995172
5,1,0.8199999999998369,"(np.float64(-0.14686450188713712), np.float64(0.13576014910658835))",0.015086174011230469,-0.09055471420288086,3.7986862533330608,-1.6318723173156882,0.0028447583978024964,-0.017902705693074603,-0.153193973748546,0.13555921613820465
5,1,0.8299999999998349,"(np.float64(-0.14686450188713712), np.float64(0.13576014910658835))",0.015026283450424671,-0.09034758061170578,3.7987146276409773,-1.6320511001589737,0.002832596056084333,-0.017861133911898676,-0.1531757424704524,0.1355600215424654
5,1,0.8399999999998329,"(np.float64(-0.14686450188713712), np.float64(0.13576014910658835))",0.014966011047363281,-0.09014119952917099,3.7987428801941436,-1.6322294679885787,0.0028204103362683705,-0.017819682427827895,-0.1531575524216544,0.13556082890416052
5,1,0.8499999999998309,"(np.float64(-0.14686450188713712), np.float64(0.13576014910658835))",0.014906883239746094,-0.08993520587682724,3.7987710116289377,-1.6324074218915579,0.002808349805462519,-0.017778330384036495,-0.153139403495113,0.13556163825196044
5,1,0.8599999999998289,"(np.float64(-0.14686450188713712), np.float64(0.13576014910658835))",0.01484756451100111,-0.0897296890616417,3.7987990226328994,-1.632584962830729,0.0027963183009431735,-0.017737073064932385,-0.1531212955878242,0.13556244956631647
5,1,0.8699999999998269,"(np.float64(-0.14686450188713712), np.float64(0.13576014910658835))",0.014788246713578701,-0.08952464908361435,3.7988269133977024,-1.6327620917525252,0.00278429899732601,-0.017695910463937346,-0.15310322861175524,0.1355632628141762
5,1,0.8799999999998249,"(np.float64(-0.14686450188713712), np.float64(0.13576014910658835))",0.014729118905961514,-0.08932018280029297,3.7988546841382336,-1.6329388096766888,0.0027723076324859385,-0.017654854844750965,-0.15308520247301555,0.13556407800371154
5,1,0.8899999999998229,"(np.float64(-0.14686450188713712), np.float64(0.13576014910658835))",0.014670753851532936,-0.08911571651697159,3.7988823355546972,-1.6331151173207958,0.0027604164470281137,-0.017613845607708654,-0.15306721707028553,0.13556489514313824
5,1,0.8999999999998209,"(np.float64(-0.14686450188713712), np.float64(0.13576014910658835))",0.014612197875976562,-0.08891258388757706,3.7989098681985354,-1.6332910158922944,0.0027485477096917117,-0.01757301008343062,-0.15304927234112017,0.13556571419446695
5,1,0.909999999999819,"(np.float64(-0.14686450188713712), np.float64(0.13576014910658835))",0.014554023742675781,-0.08870945125818253,3.798937282462795,-1.6334665065364207,0.002736730885694889,-0.017532247181558106,-0.1530313681708515,0.13556653513488082
5,1,0.919999999999817,"(np.float64(-0.14686450188713712), np.float64(0.13576014910658835))",0.014495849609375,-0.0885067954659462,3.798964578690762,-1.6336415900526293,0.0027249359052286372,-0.017491569591429675,-0.1530135044481863,0.13556735795742525
5,1,0.929999999999815,"(np.float64(-0.14686450188713712), np.float64(0.13576014910658835))",0.014437866397202015,-0.08830442279577255,3.798991757155256,-1.633816267197776,0.0027131721628053597,-0.017450960832897263,-0.15299568109702338,0.1355681826534395
5,1,0.939999999999813,"(np.float64(-0.14686450188713712), np.float64(0.13576014910658835))",0.014380074106156826,-0.08810281753540039,3.799018818204435,-1.6339905389532943,0.0027014453892294384,-0.01741047083476091,-0.15297789804449088,0.13556900922005063
5,1,0.949999999999811,"(np.float64(-0.14686450188713712), np.float64(0.13576014910658835))",0.014322662726044655,-0.08790159225463867,3.7990457623409593,-1.6341644063648821,0.0026897784391282788,-0.01737007524294183,-0.1529601551956522,0.1355698376509465
5,1,0.959999999999809,"(np.float64(-0.14686450188713712), np.float64(0.13576014910658835))",0.01426544226706028,-0.08770103752613068,3.7990725900951525,-1.634337870511776,0.0026781595665611186,-0.017329797183234102,-0.1529424524511958,0.1355706679280796
5,1,0.969999999999807,"(np.float64(-0.14686450188713712), np.float64(0.13576014910658835))",0.014208412729203701,-0.0875006690621376,3.7990993019059447,-1.6345109322923246,0.0026665819843582944,-0.017289589487674995,-0.15292478970895512,0.13557150003037033
5,1,0.979999999999805,"(np.float64(-0.14686450188713712), np.float64(0.13576014910658835))",0.014151955023407936,-0.0873008742928505,3.799125898447097,-1.6346835925729468,0.0026550899918372597,-0.017249479566334002,-0.15290716688403921,0.13557233394204882
5,1,0.989999999999803,"(np.float64(-0.14686450188713712), np.float64(0.13576014910658835))",0.014095115475356579,-0.08710155636072159,3.7991523800152116,-1.6348558523042345,0.0026435882317759197,-0.017209463494352685,-0.1528895838986067,0.13557316962619426
5,1,0.999999999999801,"(np.float64(-0.14686450188713712), np.float64(0.13576014910658835))",0.014038658700883389,-0.08690261840820312,3.7991787468108242,-1.635027712373658,0.002632127604544427,-0.01716953221717407,-0.1528720406605113,0.13557400707772568
5,2,0.0,"(np.float64(0.14686450188713712), np.float64(0.13576014910658835))",0.01398239191621542,-0.08670415729284286,3.7992049992372467,-1.6351991736661227,0.0026207067037295286,-0.017129692039227876,-0.1528545370820612,0.1355748463020005
5,2,0.00999999999999801,"(np.float64(0.14686450188713712), np.float64(0.13576014910658835))",-0.77541583776474,-1.4807580709457397,3.7973888089438366,-1.642843922136939,-0.3595700938571818,-1.5037565360863956,-0.15283707307900385,0.13557568728678182
5,2,0.01999999999999602,"(np.float64(0.14686450188713712), np.float64(0.13576014910658835))",-0.6669084429740906,-1.3555173873901367,3.7925216727520525,-1.6645728963376574,-0.6134413634898398,-2.838651706816202,-0.15201575663693873,0.1358444503657535
5,2,0.02999999999999403,"(np.float64(0.14686450188713712), np.float64(0.13576014910658835))",-0.6193861365318298,-1.1105843782424927,3.784938067939415,-1.6980950143003188,-0.9055645890964239,-3.8652931130471977,-0.1496758466842812,0.136602768012912
5,2,0.03999999999999204,"(np.float64(0.14686450188713712), np.float64(0.13576014910658835))",-0.6605739593505859,-0.8275260329246521,3.7735483528170968,-1.7399862002608628,-1.3756883650124638,-4.514032444921303,-0.14605034892379584,0.13775975452535041
5,2,0.04999999999999005,"(np.float64(0.14686450188713712), np.float64(0.13576014910658835))",-0.636260986328125,-0.7271378636360168,3.7573142984724957,-1.787796606999757,-1.8750537879857925,-5.049349359258548,-0.14147147629892992,0.1392968160457811
5,2,0.05999999999998806,"(np.float64(0.14686450188713712), np.float64(0.13576014910658835))",-0.6094903945922852,-0.6218015551567078,3.7359411568653607,-1.840367334997997,-2.403561016454206,-5.466160273445111,-0.13617155223637953,0.14120136556386337
5,2,0.06999999999998607,"(np.float64(0.14686450188713712), np.float64(0.13576014910658835))",-0.5859665274620056,-0.5369729995727539,3.7091608057396095,-1.8966361234617044,-2.956198543475255,-5.788828019787513,-0.1302616333270944,0.14341186373570852
5,2,0.07999999999998408,"(np.float64(0.14686450188713712), np.float64(0.13576014910658835))",-0.5597215890884399,-0.4787901043891907,3.6768143059009377,-1.9558310598550632,-3.516350492096464,-6.051187984014703,-0.12384272472910833,0.14587088993719802
5,2,0.0899999999999821,"(np.float64(0.14686450188713712), np.float64(0.13576014910658835))",-0.5093370676040649,-0.43944236636161804,3.6390413311396252,-2.017508599093674,-4.041042205088998,-6.285250556011718,-0.11698609339109509,0.14852324428566832
5,2,0.0999999999999801,"(np.float64(0.14686450188713712), np.float64(0.13576014910658835))",-0.39089471101760864,-0.41764718294143677,3.5967087124925894,-2.0816229366294787,-4.427939047529491,-6.53870901165763,-0.109734148568184,0.15129966383979704
5,2,0.10999999999997812,"(np.float64(0.14686450188713712), np.float64(0.13576014910658835))",-0.29705744981765747,-0.3685378134250641,3.550994843260428,-2.1481455321206337,-4.716647384899641,-6.767005784929115,-0.10210881601295643,0.15407905963323143
5,2,0.11999999999997613,"(np.float64(0.14686450188713712), np.float64(0.13576014910658835))",-0.23162232339382172,-0.3258056640625,3.502720887578756,-2.216812717997969,-4.939272069792165,-6.967560634765062,-0.09414819048059232,0.15672192813324048
5,2,0.12999999999997414,"(np.float64(0.14686450188713712), np.float64(0.13576014910658835))",-0.23034106194972992,-0.295126736164093,3.452147134794767,-2.287303460570288,-5.175772743575521,-7.131494287503407,-0.08591390744339714,0.1591303147446484
5,2,0.13999999999997215,"(np.float64(0.14686450188713712), np.float64(0.13576014910658835))",-0.22777394950389862,-0.2847602963447571,3.3992075078415636,-2.3593870316815164,-5.412194268279724,-7.285809313537838,-0.07746064628478924,0.16126258914654618
5,2,0.14999999999997016,"(np.float64(0.14686450188713712), np.float64(0.13576014910658835))",-0.20520496368408203,-0.2876157760620117,3.3440630182257327,-2.4330768415126522,-5.616573548560791,-7.452683063853096,-0.06882193501691355,0.16311071093250412
5,2,0.15999999999996817,"(np.float64(0.14686450188713712), np.float64(0.13576014910658835))",-0.16536502540111542,-0.26209908723831177,3.287109120614718,-2.508339520782764,-5.773867071997004,-7.6004701261360745,-0.06001480324820124,0.16464942327163418
5,2,0.16999999999996618,"(np.float64(0.14686450188713712), np.float64(0.13576014910658835))",-0.14461956918239594,-0.23159551620483398,3.2286813142048985,-2.584915819220001,-5.911057327692024,-7.715315969678301,-0.05107141568793447,0.1658420288311875
5,2,0.1799999999999642,"(np.float64(0.14686450188713712), np.float64(0.13576014910658835))",-0.14055614173412323,-0.19147033989429474,3.168855347438365,-2.662376540480201,-6.053176908823795,-7.777147062678061,-0.04204268302343658,0.1666703737434192
5,2,0.1899999999999622,"(np.float64(0.14686450188713712), np.float64(0.13576014910658835))",-0.1362619400024414,-0.14856977760791779,3.107586802005684,-2.740164940033165,-6.199324998362288,-7.780614589476749,-0.03297847742345511,0.16714909920021825
5,2,0.1999999999999602,"(np.float64(0.14686450188713712), np.float64(0.13576014910658835))",-0.14111213386058807,-0.11340580135583878,3.044791143666805,-2.817724589129868,-6.358417335775563,-7.731097198494924,-0.0239234651991522,0.1673143589323746
5,2,0.20999999999995822,"(np.float64(0.14686450188713712), np.float64(0.13576014910658835))",-0.11844759434461594,-0.10534381866455078,2.980582279286808,-2.8947524194836323,-6.4820153235254185,-7.674122737785867,-0.014907838505277549,0.167210118511827
5,2,0.21999999999995623,"(np.float64(0.14686450188713712), np.float64(0.13576014910658835))",-0.08545608818531036,-0.08758144825696945,2.9153682170808795,-2.9711231082815974,-6.559502994457307,-7.599636387299546,-0.005944457560117911,0.16685630847194183
5,2,0.22999999999995424,"(np.float64(0.14686450188713712), np.float64(0.13576014910658835))",-0.05408153682947159,-0.060575198382139206,2.8495801766063753,-3.0465940523782615,-6.596846097179031,-7.494149655937728,0.0029512678937082815,0.16624474573827908
5,2,0.23999999999995225,"(np.float64(0.14686450188713712), np.float64(0.13576014910658835))",-0.04486341401934624,0.03206672891974449,2.783347620343492,-3.120355326391956,-6.648216012380412,-7.257593172744827,0.01175343342932536,0.16537334269367365
5,2,0.24999999999995026,"(np.float64(0.14686450188713712), np.float64(0.13576014910658835))",-0.037851620465517044,0.09940929710865021,2.7165632409671567,-3.1912647335581292,-6.707210709349604,-6.923681052576464,0.020426198594626202,0.1642932515899682
5,2,0.2599999999999483,"(np.float64(0.14686450188713712), np.float64(0.13576014910658835))",-0.038854505866765976,0.12577514350414276,2.6491681632232504,-3.2586202755913396,-6.77047306708334,-6.546770922271392,0.02894590070582273,0.16309068974578786
5,2,0.2699999999999463,"(np.float64(0.14686450188713712), np.float64(0.13576014910658835))",-0.037964820861816406,0.1144310012459755,2.5811977385541915,-3.322262656677019,-6.822481183611786,-6.181099248694648,0.03732083484873036,0.16181949540222265
5,2,0.2799999999999443,"(np.float64(0.14686450188713712), np.float64(0.13576014910658835))",-0.024595165625214577,0.1265348494052887,2.5128013163704073,-3.382166136140734,-6.855835574822071,-5.799237568328051,0.045580128624250524,0.16048928744391383
5,2,0.2899999999999423,"(np.float64(0.14686450188713712), np.float64(0.13576014910658835))",0.026080703362822533,0.21053047478199005,2.444280233056686,-3.437741558340696,-6.847301851354441,-5.316508265892474,0.053744930618471604,0.1590925949514401
5,2,0.2999999999999403,"(np.float64(0.14686450188713712), np.float64(0.13576014910658835))",0.08464127033948898,0.26586246490478516,2.37616076984841,-3.4882295259674527,-6.776083572911583,-4.782009668463111,0.06179724237855326,0.15765627391929654
5,2,0.3099999999999383,"(np.float64(0.14686450188713712), np.float64(0.13576014910658835))",0.13376140594482422,0.27201271057128906,2.3090799223642358,-3.533449003055239,-6.639892602131165,-4.263239357710893,0.06969148240255242,0.15621905063548416
5,2,0.31999999999993634,"(np.float64(0.14686450188713712), np.float64(0.13576014910658835))",0.24299298226833344,0.25312137603759766,2.2441242456192336,-3.5738627978771738,-6.351632566415265,-3.821444730912059,0.07738540277927004,0.1547864655883865
5,2,0.32999999999993435,"(np.float64(0.14686450188713712), np.float64(0.13576014910658835))",0.3098825514316559,0.22076721489429474,2.1825410685916804,-3.610266308952388,-5.965689652431297,-3.4612798209647435,0.08480389227825164,0.1533192305454164
5,2,0.33999999999993236,"(np.float64(0.14686450188713712), np.float64(0.13576014910658835))",0.36428412795066833,0.18635998666286469,2.125219952521644,-3.6434673699310824,-5.499383671556336,-3.1808966867711965,0.09184894170405881,0.15176678881756045
5,2,0.34999999999993037,"(np.float64(0.14686450188713712), np.float64(0.13576014910658835))",0.4080146849155426,0.16578026115894318,2.0728637042712696,-3.6741454482375797,-4.972756697112276,-2.956593298525702,0.09844178389284618,0.15009920793160586
5,2,0.3599999999999284,"(np.float64(0.14686450188713712), np.float64(0.13576014910658835))",0.4299352765083313,0.14640311896800995,2.025929859683988,-3.70280783321937,-4.414813320305471,-2.7775669151597255,0.10451117382229055,0.1483085990833598
5,2,0.3699999999999264,"(np.float64(0.14686450188713712), np.float64(0.13576014910658835))",0.4300575256347656,0.11219044029712677,1.9846202389904783,-3.729961097252013,-3.8477603587967053,-2.6544803401401618,0.110003487225938,0.14640861405991082
5,2,0.3799999999999244,"(np.float64(0.14686450188713712), np.float64(0.13576014910658835))",0.41142234206199646,0.130641371011734,1.9488060314155258,-3.755762375685024,-3.3155508171531123,-2.5071164743438312,0.114891243137116,0.14441561549696114
5,2,0.3899999999999224,"(np.float64(0.14686450188713712), np.float64(0.13576014910658835))",0.36794623732566833,0.13180752098560333,1.9180150326028254,-3.78003577288017,-2.8431489488276176,-2.348300708727205,0.11917599988718286,0.14237197648835156
5,2,0.3999999999999204,"(np.float64(0.14686450188713712), np.float64(0.13576014910658835))",0.33770427107810974,0.13864479959011078,1.891722085134266,-3.8026371794074856,-2.415548829431409,-2.1729505598438634,0.12289225769671976,0.14034062920612445
5,2,0.40999999999991843,"(np.float64(0.14686450188713712), np.float64(0.13576014910658835))",0.28961601853370667,0.1469215452671051,1.8693716793559505,-3.8233622332716477,-2.0544777152844618,-1.9728240760257925,0.12608688978376711,0.1383728050220911
5,2,0.41999999999991644,"(np.float64(0.14686450188713712), np.float64(0.13576014910658835))",0.22272205352783203,0.14166812598705292,1.850206980429704,-3.8420104016615704,-1.7781992172749292,-1.757261328581716,0.128813214575766,0.13651566188719144
5,2,0.42999999999991445,"(np.float64(0.14686450188713712), np.float64(0.13576014910658835))",0.17143288254737854,0.14061012864112854,1.8334784851560226,-3.858421485481544,-1.5671917836978262,-1.5252668502718072,0.13114755034451145,0.13480615450932648
5,2,0.43999999999991246,"(np.float64(0.14686450188713712), np.float64(0.13576014910658835))",0.1294483244419098,0.13897286355495453,1.818602406480294,-3.8724562595402627,-1.4074252998553596,-1.282257440560675,0.13316920919547576,0.13326943044340128
5,2,0.44999999999991047,"(np.float64(0.14686450188713712), np.float64(0.13576014910658835))",0.08957157284021378,0.13366928696632385,1.8050848581345176,-3.884027192746623,-1.295773386457263,-1.0320831637654777,0.13494278115886865,0.1319237779522574
5,2,0.4599999999999085,"(np.float64(0.14686450188713712), np.float64(0.13576014910658835))",0.05583706125617027,0.12556515634059906,1.792487700764645,-3.893088404099997,-1.2233579597743018,-0.780279476107963,0.13652423849046857,0.13077961743467748
5,2,0.4699999999999065,"(np.float64(0.14686450188713712), np.float64(0.13576014910658835))",0.05143852159380913,0.12428054958581924,1.7805954181938672,-3.899636631294851,-1.1549378724134665,-0.5295969858629641,0.13796382146291303,0.12984138606095993
5,2,0.4799999999999045,"(np.float64(0.14686450188713712), np.float64(0.13576014910658835))",0.05439567565917969,0.10894699394702911,1.7694414007887211,-3.90379452033971,-1.0757696066982831,-0.30220916808785103,0.13928947332693373,0.12911092461139262
5,2,0.4899999999999025,"(np.float64(0.14686450188713712), np.float64(0.13576014910658835))",0.05567779764533043,0.0869956985116005,1.7591369612161445,-3.905843883063921,-0.9805164504635704,-0.12290965221006031,0.14050375757575842,0.12858249681732759
5,2,0.4999999999999005,"(np.float64(0.14686450188713712), np.float64(0.13576014910658835))",0.054880715906620026,0.06920566409826279,1.7499438768081548,-3.9066296631705155,-0.8539465269393844,-0.04743167689536956,0.14160088312353536,0.1282381729749494
5,2,0.5099999999998985,"(np.float64(0.14686450188713712), np.float64(0.13576014910658835))",0.051825523376464844,0.06000576168298721,1.742086491932456,-3.90692851791355,-0.7157728130322858,-0.01753040692063295,0.1425636985573487,0.12801437101708568
5,2,0.5199999999998965,"(np.float64(0.14686450188713712), np.float64(0.13576014910658835))",0.04746055603027344,0.05425834655761719,1.735622461412429,-3.9070348598609383,-0.5762970594349582,-0.0057631218741558115,0.1433789905645941,0.12785145178768578
5,2,0.5299999999998946,"(np.float64(0.14686450188713712), np.float64(0.13576014910658835))",0.04181366041302681,0.049666404724121094,1.7305355768974577,-3.9070660141791063,-0.4407770583343553,-0.001235477597897109,0.14404605908765214,0.12772707868504812
5,2,0.5399999999998926,"(np.float64(0.14686450188713712), np.float64(0.13576014910658835))",0.03502216562628746,0.04538993909955025,1.7267703495974271,-3.9070688698720564,-0.31214421895166267,0.00039691235417733907,0.14456910200810075,0.12763230355113758
5,2,0.5499999999998906,"(np.float64(0.14686450188713712), np.float64(0.13576014910658835))",0.027286529541015625,0.041147805750370026,1.7242485992181589,-3.907062167334347,-0.19214943574090013,0.0008749148273410648,0.14495490893862675,0.12756317115029558
5,2,0.5599999999998886,"(np.float64(0.14686450188713712), np.float64(0.13576014910658835))",0.018816757947206497,0.03687439113855362,1.7228782411665946,-3.9070533386815693,-0.08760714882293501,0.001160519648343126,0.14521189853433902,0.12751741621844503
5,2,0.5699999999998866,"(np.float64(0.14686450188713712), np.float64(0.13576014910658835))",0.010748863220214844,0.03316497802734375,1.7223088522779164,-3.907036287223593,-0.03523033102741872,0.0026218502499398572,0.14534962398888104,0.12749319670623344
5,2,0.5799999999998846,"(np.float64(0.14686450188713712), np.float64(0.13576014910658835))",0.006222915835678577,0.03156852722167969,1.7220806827167254,-3.907002586904654,-0.013993306174906798,0.0041285781641780825,0.145402566016667,0.12748501736558915
5,2,0.5899999999998826,"(np.float64(0.14686450188713712), np.float64(0.13576014910658835))",0.0043163299560546875,0.03081188164651394,1.7219914809597487,-3.9069561535124024,-0.005297560942897933,0.005105484052310309,0.1454174495071618,0.12748516429315032
5,2,0.5999999999998806,"(np.float64(0.14686450188713712), np.float64(0.13576014910658835))",0.003505706787109375,0.030413437634706497,1.721959360122813,-3.9069021335547203,-0.0017186572640287496,0.005654198728768703,0.14541687856001512,0.12748920195556745
5,2,0.6099999999998786,"(np.float64(0.14686450188713712), np.float64(0.13576014910658835))",0.00314846052788198,0.030183220282197,1.721950968787268,-3.906844335264239,-0.00018707399112796752,0.005858174722738079,0.14541077231094504,0.1274948893908337
5,2,0.6199999999998766,"(np.float64(0.14686450188713712), np.float64(0.13576014910658835))",0.0029790878761559725,0.030041886493563652,1.7219530573435031,-3.9067856127622638,0.0004970079557687101,0.005881996930982574,0.14540334791810744,0.12750113627870774
5,2,0.6299999999998747,"(np.float64(0.14686450188713712), np.float64(0.13576014910658835))",0.0028913498390465975,0.029944991692900658,1.7219596267357764,-3.9067267842799676,0.000769297381363367,0.005884590798874269,0.1453961618942047,0.1275074176323212
5,2,0.6399999999998727,"(np.float64(0.14686450188713712), np.float64(0.13576014910658835))",0.0028448104858398438,0.029865264892578125,1.7219679104984382,-3.906668008659809,0.000868018717167222,0.005871251140938744,0.1453898385780556,0.1275135507123018
5,2,0.6499999999998707,"(np.float64(0.14686450188713712), np.float64(0.13576014910658835))",0.0028181076049804688,0.029796792194247246,1.721976767238491,-3.906609413717798,0.0008956881446614999,0.005849103441062487,0.14538453607283708,0.12751949347853894
5,2,0.6599999999998687,"(np.float64(0.14686450188713712), np.float64(0.13576014910658835))",0.002802276751026511,0.029735565185546875,1.7219857386950312,-3.906551057389472,0.0008958772775148335,0.005824049891201943,0.1453801619248359,0.1275252520469294
5,2,0.6699999999998667,"(np.float64(0.14686450188713712), np.float64(0.13576014910658835))",0.0027925490867346525,0.029678916558623314,1.7219946563268422,-3.906492950238379,0.0008869199092661354,0.00579953110907656,0.14537654577262535,0.1275308525701541
5,2,0.6799999999998647,"(np.float64(0.14686450188713712), np.float64(0.13576014910658835))",0.00278644566424191,0.029625320807099342,1.722003472179001,-3.9064350780704387,0.0008762764926528553,0.0057771227319321685,0.14537351295638262,0.1275363259561127
5,2,0.6899999999998627,"(np.float64(0.14686450188713712), np.float64(0.13576014910658835))",0.0027818679809570312,0.029573822394013405,1.7220121853566606,-3.9063774169655923,0.000866633202552688,0.005757277950825565,0.14537091252179138,0.12754170087408587
5,2,0.6999999999998607,"(np.float64(0.14686450188713712), np.float64(0.13576014910658835))",0.0027790069580078125,0.029523659497499466,1.7220208113307258,-3.9063199417973804,0.0008588592738764182,0.005739851792261387,0.14536862437888193,0.1275470011907202
5,2,0.7099999999998587,"(np.float64(0.14686450188713712), np.float64(0.13576014910658835))",0.0027769089210778475,0.029474258422851562,1.722029369003483,-3.9062626302800743,0.0008529243528793922,0.005724456931027408,0.1453665575150949,0.1275522455804758
5,2,0.7199999999998568,"(np.float64(0.14686450188713712), np.float64(0.13576014910658835))",0.0027751922607421875,0.029425812885165215,1.7220378753181966,-3.9062054639579373,0.0008485242307102313,0.005710720473737337,0.14536464515327857,0.12755744806747665
5,2,0.7299999999998548,"(np.float64(0.14686450188713712), np.float64(0.13576014910658835))",0.0027740478981286287,0.029377365484833717,1.7220463441527576,-3.906148428683116,0.0008453608752359916,0.005698182025095758,0.14536283946625655,0.12756261890507653
5,2,0.7399999999998528,"(np.float64(0.14686450188713712), np.float64(0.13576014910658835))",0.00277290353551507,0.029329299926757812,1.7220547860515225,-3.9060915139742525,0.0008430876849598132,0.005686550849275504,0.14536110678540104,0.12756776540769366
5,2,0.7499999999998508,"(np.float64(0.14686450188713712), np.float64(0.13576014910658835))",0.0027721405494958162,0.0292816162109375,1.7220632088328682,-3.9060347119708396,0.0008414934565124854,0.00567559472217223,0.14535942375914263,0.12757289270408873
5,2,0.7599999999998488,"(np.float64(0.14686450188713712), np.float64(0.13576014910658835))",0.0027709961868822575,0.029233932495117188,1.7220716178846673,-3.9059780170847684,0.0008403196945124268,0.005665096331675329,0.14535777437024372,0.12757800436837893
5,2,0.7699999999998468,"(np.float64(0.14686450188713712), np.float64(0.13576014910658835))",0.0027704238891601562,0.029186630621552467,1.7220800171749602,-3.905921425283505,0.0008395126515775935,0.005654950236672044,0.14535614776414482,0.12758310284436125
5,2,0.7799999999998448,"(np.float64(0.14686450188713712), np.float64(0.13576014910658835))",0.00276947021484375,0.029139136895537376,1.7220884094100029,-3.9058649338427776,0.0008388985934157831,0.005645010577739458,0.14535453661932668,0.12758818980239356
5,2,0.7899999999998428,"(np.float64(0.14686450188713712), np.float64(0.13576014910658835))",0.0027688981499522924,0.029091835021972656,1.7220967964907878,-3.9058085409318157,0.0008384662102025955,0.0056352316473338975,0.14535293604641808,0.1275932663603767
5,2,0.7999999999998408,"(np.float64(0.14686450188713712), np.float64(0.13576014910658835))",0.002767944475635886,0.02904491499066353,1.7221051795855324,-3.90575224498254,0.0008381007420803344,0.005625601956661016,0.1453513427980872,0.12759833326241377
5,2,0.8099999999998388,"(np.float64(0.14686450188713712), np.float64(0.13576014910658835))",0.0027671814896166325,0.02899780310690403,1.7221135594429682,-3.905696045001444,0.0008378123121216761,0.005616033945825927,0.14534975474047737,0.12760339102825485
5,2,0.8199999999998369,"(np.float64(0.14686450188713712), np.float64(0.13576014910658835))",0.0027664185035973787,0.028950883075594902,1.722121936672494,-3.9056399403475854,0.0008375716393058633,0.005606529737164981,0.1453481704777798,0.12760843999503482
5,2,0.8299999999998349,"(np.float64(0.14686450188713712), np.float64(0.13576014910658835))",0.0027654648292809725,0.028903961181640625,1.7221303115287037,-3.9055839305320474,0.0008373392651608891,0.005597062460922396,0.14534658908887013,0.12761348038388792
5,2,0.8399999999998329,"(np.float64(0.14686450188713712), np.float64(0.13576014910658835))",0.0027648925315588713,0.028856849297881126,1.7221386843840751,-3.9055280154127083,0.00083716343517406,0.005587593011757034,0.1453450099888477,0.12761851234207927
5,2,0.8499999999998309,"(np.float64(0.14686450188713712), np.float64(0.13576014910658835))",0.002763938857242465,0.02881031110882759,1.7221470553570468,-3.90547219456562,0.0008369679875455226,0.005578196237482057,0.14534343278207235,0.12762353595315667
5,2,0.8599999999998289,"(np.float64(0.14686450188713712), np.float64(0.13576014910658835))",0.002763176104053855,0.028763389214873314,1.7221554244882575,-3.905416467770777,0.0008367922863026609,0.005568785795789507,0.14534185722298654,0.12762855129733636
5,2,0.8699999999998269,"(np.float64(0.14686450188713712), np.float64(0.13576014910658835))",0.002762413118034601,0.028716659173369408,1.7221637919122794,-3.9053608349721562,0.0008366256318028486,0.005559394216360168,0.1453402831575884,0.12763355842095578
5,2,0.8799999999998249,"(np.float64(0.14686450188713712), np.float64(0.13576014910658835))",0.002761459443718195,0.028670120984315872,1.7221721575604272,-3.9053052959013415,0.0008364408469786932,0.005550034755645018,0.14533871047825178,0.12763855734804758
5,2,0.8899999999998229,"(np.float64(0.14686450188713712), np.float64(0.13576014910658835))",0.0027605057694017887,0.028623580932617188,1.7221805213224175,-3.905249850347278,0.0008362498007191371,0.00554068865832425,0.14533713912960433,0.12764354811117673
5,2,0.8999999999998209,"(np.float64(0.14686450188713712), np.float64(0.13576014910658835))",0.0027595520950853825,0.028577232733368874,1.7221888831569034,-3.9051944980880604,0.0008360561783761861,0.005531370937963041,0.14533556908295678,0.12764853073321514
5,2,0.909999999999819,"(np.float64(0.14686450188713712), np.float64(0.13576014910658835))",0.0027587891090661287,0.02853107452392578,1.7221972431800685,-3.905139238810286,0.000835884199012746,0.005522086807631164,0.14533400031721452,0.12765350523657903
5,2,0.919999999999817,"(np.float64(0.14686450188713712), np.float64(0.13576014910658835))",0.0027578354347497225,0.028484726324677467,1.7222056014111515,-3.9050840724168094,0.0008356998981204944,0.0055127953147648,0.14533243280379746,0.12765847165279098
5,2,0.929999999999815,"(np.float64(0.14686450188713712), np.float64(0.13576014910658835))",0.0027568817604333162,0.028438568115234375,1.7222139577648121,-3.9050289988249673,0.0008355099114637771,0.005503523106318781,0.1453308665288416,0.12766342999238453
5,2,0.939999999999813,"(np.float64(0.14686450188713712), np.float64(0.13576014910658835))",0.00275592808611691,0.028392601758241653,1.7222223122016407,-3.9049740177762904,0.0008353172960696135,0.0054942813824482226,0.1453293014940542,0.12766838026184996
5,2,0.949999999999811,"(np.float64(0.14686450188713712), np.float64(0.13576014910658835))",0.002754783723503351,0.02834625355899334,1.7222306645853276,-3.9049191293300476,0.0008351027940040051,0.005485007954383461,0.14532773769806484,0.12767332248313434
5,2,0.959999999999809,"(np.float64(0.14686450188713712), np.float64(0.13576014910658835))",0.0027540207374840975,0.02830047719180584,1.7222390150199223,-3.9048643333106723,0.0008349221180558133,0.00547578716034953,0.14532617515172735,0.1276782566490482
5,2,0.969999999999807,"(np.float64(0.14686450188713712), np.float64(0.13576014910658835))",0.0027528763748705387,0.02825450897216797,1.722247363472617,-3.9048096294927834,0.0008347116084608615,0.005466567260911525,0.1453246138445683,0.12768318277616042
5,2,0.979999999999805,"(np.float64(0.14686450188713712), np.float64(0.13576014910658835))",0.002752113388851285,0.028208542615175247,1.7222557100137692,-3.9047550178818695,0.0008345341046329406,0.005457346264654989,0.14532305377595672,0.12768810088348354
5,2,0.989999999999803,"(np.float64(0.14686450188713712), np.float64(0.13576014910658835))",0.002750969026237726,0.02816295623779297,1.7222640545845749,-3.9047004982091416,0.0008343236722513526,0.005448171330377175,0.14532149493898194,0.12769301097159894
5,2,0.999999999999801,"(np.float64(0.14686450188713712), np.float64(0.13576014910658835))",0.0027498246636241674,0.02811717987060547,1.722272396979576,-3.9046460703079284,0.0008341010294879013,0.005438992536401418,0.14531993733663948,0.1276979130625443
6,1,0.0,"(np.float64(-0.16408028870510272), np.float64(0.11435759204552245))",-0.003231620881706476,0.01860504224896431,1.5619891365191922,-4.074764928639503,-0.0003793316679849296,0.0035331558332238914,0.16320409999504276,0.1083804736475528
6,1,0.00999999999999801,"(np.float64(-0.16408028870510272), np.float64(0.11435759204552245))",1.5491611957550049,1.2231895923614502,1.5691058746181195,-4.070599841242214,1.4138397478831524,0.820838185520489,0.1632043535339086,0.10838348506778676
6,1,0.01999999999999602,"(np.float64(-0.16408028870510272), np.float64(0.11435759204552245))",1.527259111404419,1.0544626712799072,1.5903612677797871,-4.059479486902676,2.8327895142947384,1.4027635736558393,0.16254607910591157,0.10897717135887663
6,1,0.02999999999999403,"(np.float64(-0.16408028870510272), np.float64(0.11435759204552245))",1.459760308265686,0.9701971411705017,1.6254497426354222,-4.042911197501867,4.18341635117531,1.914951005978871,0.16048014359696489,0.11064015265816471
6,1,0.03999999999999204,"(np.float64(-0.16408028870510272), np.float64(0.11435759204552245))",1.3088264465332031,0.9387556314468384,1.6731102041662078,-4.020951425956956,5.349410219714163,2.48381180825562,0.15693632896200393,0.1131779204510666
6,1,0.04999999999999005,"(np.float64(-0.16408028870510272), np.float64(0.11435759204552245))",1.1565189361572266,0.9693025946617126,1.7314065499271527,-3.9925517784098794,6.311704194030152,3.2042718299945645,0.15197798978397714,0.11643053159845161
6,1,0.05999999999998806,"(np.float64(-0.16408028870510272), np.float64(0.11435759204552245))",1.0229905843734741,0.881669819355011,1.7986976371271055,-3.957002949384445,7.149151690283826,3.914151494193684,0.14576157987881788,0.12027663940307785
6,1,0.06999999999998607,"(np.float64(-0.16408028870510272), np.float64(0.11435759204552245))",0.7786937952041626,0.7658197283744812,1.8730821675721279,-3.9143845943852598,7.730949102605616,4.617150588794578,0.13843219686785196,0.12456152320834361
6,1,0.07999999999998408,"(np.float64(-0.16408028870510272), np.float64(0.11435759204552245))",0.49475938081741333,0.6369953155517578,1.9517663478930207,-3.864833063672715,8.009137493890751,5.298736689501307,0.1301769473368086,0.1290722379390734
6,1,0.0899999999999821,"(np.float64(-0.16408028870510272), np.float64(0.11435759204552245))",0.31161269545555115,0.5197328925132751,2.0323331718834465,-3.8087702580109197,8.106900535923668,5.917315804139783,0.12128328417527226,0.13362383028993696
6,1,0.0999999999999801,"(np.float64(-0.16408028870510272), np.float64(0.11435759204552245))",0.2688097059726715,0.48593005537986755,2.113713273899125,-3.746600281720203,8.170983545380611,6.5182029211262815,0.11201067145026791,0.13808193524477574
6,1,0.10999999999997812,"(np.float64(-0.16408028870510272), np.float64(0.11435759204552245))",0.24809589982032776,0.44968491792678833,2.1956904834680007,-3.6786015876498412,8.225438197408378,7.082272110371645,0.10248356402353948,0.14237646588009178
6,1,0.11999999999997613,"(np.float64(-0.16408028870510272), np.float64(0.11435759204552245))",0.2224920243024826,0.4057876765727997,2.278132400228099,-3.6052137278517846,8.263697006591704,7.595193562607279,0.09272920198771709,0.14647367304934933
6,1,0.12999999999997414,"(np.float64(-0.16408028870510272), np.float64(0.11435759204552245))",0.20007438957691193,0.35396748781204224,2.360905054180613,-3.5270331918120292,8.291440085797843,8.040141313467853,0.08275968665641042,0.15033935067917015
6,1,0.13999999999997215,"(np.float64(-0.16408028870510272), np.float64(0.11435759204552245))",0.16087590157985687,0.3033519685268402,2.443779593603585,-3.444718209126688,8.283898795867492,8.421395589702994,0.07258707919151339,0.15393649570078605
6,1,0.14999999999997016,"(np.float64(-0.16408028870510272), np.float64(0.11435759204552245))",0.13525620102882385,0.26158449053764343,2.5264686373473046,-3.3588866250107365,8.254069966432006,8.742946878927,0.06223224326406203,0.15723319354954784
6,1,0.15999999999996817,"(np.float64(-0.16408028870510272), np.float64(0.11435759204552245))",0.11858978122472763,0.22355099022388458,2.608793252302302,-3.270137370426757,8.210761588629515,9.004608703452796,0.051718018765796736,0.16020853443113997
6,1,0.16999999999996618,"(np.float64(-0.16408028870510272), np.float64(0.11435759204552245))",0.09927406162023544,0.18343524634838104,2.69059625633855,-3.179084893854593,8.149570624054746,9.203414367547296,0.041055245680347796,0.16284214243678627
6,1,0.1799999999999642,"(np.float64(-0.16408028870510272), np.float64(0.11435759204552245))",0.06725597381591797,0.14751453697681427,2.771597651034405,-3.086307368973514,8.05027710443355,9.349509803938284,0.030253907496438776,0.16511060185660453
6,1,0.1899999999999622,"(np.float64(-0.16408028870510272), np.float64(0.11435759204552245))",0.04001350328326225,0.129374697804451,2.851411419633419,-2.9922165228285795,7.911821451595732,9.466057500733664,0.01933394968562331,0.16699666672141458
6,1,0.1999999999999602,"(np.float64(-0.16408028870510272), np.float64(0.11435759204552245))",0.031761933118104935,0.1100391373038292,2.9297736097995273,-2.8971458947991073,7.759802580693912,9.545674082484027,0.008315508036147473,0.16849802051959709
6,1,0.20999999999995822,"(np.float64(-0.16408028870510272), np.float64(0.11435759204552245))",-0.00021400452533271164,0.07911205291748047,3.0064024653570804,-2.8014948414106433,7.5651810063701665,9.582370550909747,-0.002793985425814882,0.1696079723750706
6,1,0.21999999999995623,"(np.float64(-0.16408028870510272), np.float64(0.11435759204552245))",-0.012658405117690563,0.041527748107910156,3.08102105859128,-2.7057605898076305,7.357827352256589,9.562743510212801,-0.013978956223053618,0.17031266460867478
6,1,0.22999999999995424,"(np.float64(-0.16408028870510272), np.float64(0.11435759204552245))",-0.025282669812440872,0.006188202183693647,3.1535013152265265,-2.6104756099727484,7.137641404791784,9.492951070854359,-0.025210275796709675,0.17059109229108832
6,1,0.23999999999995225,"(np.float64(-0.16408028870510272), np.float64(0.11435759204552245))",-0.033083535730838776,-0.008684826083481312,3.2237182653131162,-2.5159988270026306,6.905225751191018,9.401439455490005,-0.03645349674927298,0.17041240948474926
6,1,0.24999999999995026,"(np.float64(-0.16408028870510272), np.float64(0.11435759204552245))",-0.049248695373535156,-0.013248729519546032,3.291486160524125,-2.42246064066885,6.648322360522957,9.305181610767294,-0.04767557004382375,0.16975688002806244
6,1,0.2599999999999483,"(np.float64(-0.16408028870510272), np.float64(0.11435759204552245))",-0.11031541973352432,-0.01987609826028347,3.3562596505690645,-2.329836638875241,6.306375115924671,9.218966775376108,-0.05885120325323351,0.16862152673945785
6,1,0.2699999999999463,"(np.float64(-0.16408028870510272), np.float64(0.11435759204552245))",-0.14427529275417328,-0.028491973876953125,3.417389102007902,-2.2380795603385515,5.919933001391179,9.13200367623934,-0.06995022171603979,0.1670372984590386
6,1,0.2799999999999443,"(np.float64(-0.16408028870510272), np.float64(0.11435759204552245))",-0.21411772072315216,-0.1734161376953125,3.474451034515673,-2.1480082851086486,5.4944212607791165,8.882494467582049,-0.08094244049401855,0.16504833809309125
6,1,0.2899999999999423,"(np.float64(-0.16408028870510272), np.float64(0.11435759204552245))",-0.2719874382019043,-0.31312295794487,3.527175540504372,-2.0612122540336757,5.053643979085273,8.477472031538923,-0.09172292102315598,0.16266913211924533
6,1,0.2999999999999403,"(np.float64(-0.16408028870510272), np.float64(0.11435759204552245))",-0.30158376693725586,-0.4326339662075043,3.575601152217654,-1.979150821505766,4.635357637292486,7.935857129322683,-0.10210426025929989,0.15991995714788293
6,1,0.3099999999999383,"(np.float64(-0.16408028870510272), np.float64(0.11435759204552245))",-0.2745482623577118,-0.5120903253555298,3.6202755303397893,-1.9030277322422473,4.303379715184891,7.289826659958951,-0.11190985021417903,0.15684440005083017
6,1,0.31999999999993634,"(np.float64(-0.16408028870510272), np.float64(0.11435759204552245))",-0.24836388230323792,-0.5735663771629333,3.662023309009288,-1.8337726883943917,4.049815524342701,6.562047473784377,-0.12099922710880491,0.15348276441159522
6,1,0.32999999999993435,"(np.float64(-0.16408028870510272), np.float64(0.11435759204552245))",-0.2686424255371094,-0.5953785181045532,3.701249046522987,-1.77187484979811,3.7987463235932575,5.817984552252724,-0.12926806728847562,0.14987414201356103
6,1,0.33999999999993236,"(np.float64(-0.16408028870510272), np.float64(0.11435759204552245))",-0.3311256468296051,-0.5689075589179993,3.737613456672822,-1.7171236482444796,3.477418028058522,5.132342357424686,-0.13665343095050358,0.14610039817937737
6,1,0.34999999999993037,"(np.float64(-0.16408028870510272), np.float64(0.11435759204552245))",-0.374045193195343,-0.5156014561653137,3.7704863356043763,-1.6688086582749149,3.100204554491893,4.53051667404129,-0.1431607207777505,0.14229996067743522
6,1,0.3599999999999284,"(np.float64(-0.16408028870510272), np.float64(0.11435759204552245))",-0.366053968667984,-0.5096710324287415,3.799715662281216,-1.626493119462099,2.7485395180332333,3.932526551464786,-0.14885541908147076,0.138618924680029
6,1,0.3699999999999264,"(np.float64(-0.16408028870510272), np.float64(0.11435759204552245))",-0.35182467103004456,-0.5254700779914856,3.825632965774077,-1.5902865495177148,2.4376472480975284,3.3088935011401075,-0.15379258600341103,0.13514907084040573
6,1,0.3799999999999244,"(np.float64(-0.16408028870510272), np.float64(0.11435759204552245))",-0.3049495816230774,-0.4701964557170868,3.848705992515858,-1.5600486229243085,2.17882243956352,2.7385456902734533,-0.15798150802789038,0.13193776589190456
6,1,0.3899999999999224,"(np.float64(-0.16408028870510272), np.float64(0.11435759204552245))",-0.24945469200611115,-0.41000786423683167,3.86946830575437,-1.5352315343096576,1.9744107651917475,2.2248028972124168,-0.16145905441670177,0.12900804774211644
6,1,0.3999999999999204,"(np.float64(-0.16408028870510272), np.float64(0.11435759204552245))",-0.2225170135498047,-0.3765830993652344,3.888319797850958,-1.5153941703217237,1.7966783636683104,1.742333432419994,-0.16430341645695856,0.1263537024318092
6,1,0.40999999999991843,"(np.float64(-0.16408028870510272), np.float64(0.11435759204552245))",-0.20668688416481018,-0.3414294421672821,3.905448168899791,-1.5001936109653597,1.629556416123092,1.2974687773942404,-0.16657765209106024,0.1239662938029631
6,1,0.41999999999991644,"(np.float64(-0.16408028870510272), np.float64(0.11435759204552245))",-0.19310036301612854,-0.30825215578079224,3.9209358784806705,-1.4892525087275192,1.4680415161275533,0.8909185672962039,-0.1683299810897742,0.12184772854414805
6,1,0.42999999999991445,"(np.float64(-0.16408028870510272), np.float64(0.11435759204552245))",-0.18186436593532562,-0.2619743347167969,3.934794755661066,-1.4821025932021554,1.3038817984747304,0.5387642768004915,-0.1696090865490078,0.120000709511022
6,1,0.43999999999991246,"(np.float64(-0.16408028870510272), np.float64(0.11435759204552245))",-0.17044487595558167,-0.20751523971557617,3.9469797421453223,-1.478152537060325,1.1310199820131779,0.2576436542083607,-0.17047046957438428,0.11842512846568455
6,1,0.44999999999991047,"(np.float64(-0.16408028870510272), np.float64(0.11435759204552245))",-0.15738563239574432,-0.148860365152359,3.957339672953203,-1.4764801638267553,0.9337057622829397,0.09931250549262802,-0.1709800591181911,0.11711638097215989
6,1,0.4599999999999085,"(np.float64(-0.16408028870510272), np.float64(0.11435759204552245))",-0.14070415496826172,-0.1342271864414215,3.9656447037876,-1.4758701075840421,0.7232729133585979,0.03396730840737752,-0.1712351241440677,0.1160643453187826
6,1,0.4699999999999065,"(np.float64(-0.16408028870510272), np.float64(0.11435759204552245))",-0.11697597801685333,-0.12919054925441742,3.971893773141808,-1.475690067823633,0.5245649100166309,0.006702310544857055,-0.17136100251549352,0.1152522300669897
6,1,0.4799999999999045,"(np.float64(-0.16408028870510272), np.float64(0.11435759204552245))",-0.0924646407365799,-0.12617750465869904,3.9762524862565316,-1.4756925171772322,0.34611275879925185,-0.005184883302141452,-0.17142475466848067,0.11465732932854363
6,1,0.4899999999999025,"(np.float64(-0.16408028870510272), np.float64(0.11435759204552245))",-0.0672229751944542,-0.12430544197559357,3.9789473781324634,-1.475777637474065,0.19220573040810907,-0.010892808939535422,-0.1714547133162359,0.11425327363660295
6,1,0.4999999999999005,"(np.float64(-0.16408028870510272), np.float64(0.11435759204552245))",-0.04524517059326172,-0.12267722934484482,3.9802458639697966,-1.475905477470515,0.07795732601015802,-0.014696267965926837,-0.171463851384544,0.11401321645151008
6,1,0.5099999999998985,"(np.float64(-0.16408028870510272), np.float64(0.11435759204552245))",-0.027371598407626152,-0.12213259190320969,3.9807433001673007,-1.4760719656791135,0.029630661515972635,-0.018864855674736142,-0.17145873278985171,0.11390912432461839
6,1,0.5199999999998965,"(np.float64(-0.16408028870510272), np.float64(0.11435759204552245))",-0.018213558942079544,-0.12157946079969406,3.980927479033997,-1.4762947825620203,0.01045733811733442,-0.027030175537994035,-0.17144396208506824,0.11388562518758252
6,1,0.5299999999998946,"(np.float64(-0.16408028870510272), np.float64(0.11435759204552245))",-0.014288139529526234,-0.12031469494104385,3.9809878026219216,-1.4766205413737816,0.0028838237901719858,-0.03867137745725718,-0.17142120006714456,0.11389579954988384
6,1,0.5399999999998926,"(np.float64(-0.16408028870510272), np.float64(0.11435759204552245))",-0.012400341220200062,-0.11843576282262802,3.9809990798801183,-1.4770632516510862,-0.00012261944353648057,-0.05008470263711317,-0.17138721679825175,0.11392044219724334
6,1,0.5499999999998906,"(np.float64(-0.16408028870510272), np.float64(0.11435759204552245))",-0.011343288235366344,-0.116412453353405,3.9809908502291056,-1.4776124710276548,-0.0013201246779594611,-0.05983150420479098,-0.17134121112893086,0.11395137318463837
6,1,0.5599999999998886,"(np.float64(-0.16408028870510272), np.float64(0.11435759204552245))",-0.010645485483109951,-0.11444415897130966,3.9809748423587195,-1.4782488264588458,-0.0017980059127258514,-0.06745516632039243,-0.1712844742879494,0.11398495142147712
6,1,0.5699999999998866,"(np.float64(-0.16408028870510272), np.float64(0.11435759204552245))",-0.010121536441147327,-0.11261730641126633,3.9809557264497246,-1.4789507556030639,-0.001989584939850179,-0.07292629758482776,-0.17121903830183038,0.11401952588622136
6,1,0.5799999999998846,"(np.float64(-0.16408028870510272), np.float64(0.11435759204552245))",-0.009694862179458141,-0.11096515506505966,3.980935357575906,-1.4796973974491034,-0.002067988618787135,-0.07639308557599819,-0.17114709084909288,0.1140543015664641
6,1,0.5899999999998826,"(np.float64(-0.16408028870510272), np.float64(0.11435759204552245))",-0.009333133697509766,-0.10949879139661789,3.980914465177774,-1.4804697608118134,-0.0021023253242982254,-0.07807174635382436,-0.1710707255980604,0.1140888370477062
6,1,0.5999999999998806,"(np.float64(-0.16408028870510272), np.float64(0.11435759204552245))",-0.009020233526825905,-0.10821733623743057,3.98089333178037,-1.4812511238639117,-0.0021196895851113067,-0.0781957836907956,-0.17099184227289796,0.11412282794148704
6,1,0.6099999999998786,"(np.float64(-0.16408028870510272), np.float64(0.11435759204552245))",-0.008747673593461514,-0.10711460560560226,3.980872067115186,-1.4820270861067377,-0.0021302692155525426,-0.07699427595045469,-0.17091211336627907,0.11415602001537838
6,1,0.6199999999998766,"(np.float64(-0.16408028870510272), np.float64(0.11435759204552245))",-0.008510112762451172,-0.10618209838867188,3.980850718311737,-1.4827854758709111,-0.002137494430222994,-0.07468333292436058,-0.1708329810248818,0.11418817977446631
6,1,0.6299999999998747,"(np.float64(-0.16408028870510272), np.float64(0.11435759204552245))",-0.00830469187349081,-0.10540991276502609,3.980829312623188,-1.4835162018853443,-0.0021423282781439725,-0.07146283341950242,-0.1707556664330393,0.11421908927913085
6,1,0.6399999999998727,"(np.float64(-0.16408028870510272), np.float64(0.11435759204552245))",-0.008127212524414062,-0.10478734970092773,3.980807874115435,-1.484211086857883,-0.002144650434495119,-0.06751577564227726,-0.17068118406613247,0.11424854983369569
6,1,0.6499999999998707,"(np.float64(-0.16408028870510272), np.float64(0.11435759204552245))",-0.007976151071488857,-0.1043027862906456,3.9807864281794307,-1.4848636962426756,-0.0021443416438900256,-0.06300787035014688,-0.17061035758707832,0.11427638749967056
6,1,0.6599999999998687,"(np.float64(-0.16408028870510272), np.float64(0.11435759204552245))",-0.007849025540053844,-0.10394515842199326,3.9807650017884657,-1.485469173714716,-0.002141237118427132,-0.058089188485913906,-0.17054383629010392,0.11430245774839036
6,1,0.6699999999998667,"(np.float64(-0.16408028870510272), np.float64(0.11435759204552245))",-0.00774383544921875,-0.10370273888111115,3.980743622844582,-1.4860240848210953,-0.002135312816713674,-0.05289416042394554,-0.17048211102020852,0.11432664843193838
6,1,0.6799999999998647,"(np.float64(-0.16408028870510272), np.float64(0.11435759204552245))",-0.007658481597900391,-0.10356359928846359,3.980722318901752,-1.48652626294832,-0.0021266593154487,-0.04754202324817018,-0.17042552943583358,0.11434888096779705
6,1,0.6899999999998627,"(np.float64(-0.16408028870510272), np.float64(0.11435759204552245))",-0.007591343019157648,-0.10351639240980148,3.9807011159241132,-1.4869746634008345,-0.002115493931456608,-0.04213799594025837,-0.1703743111871654,0.11436910988296319
6,1,0.6999999999998607,"(np.float64(-0.16408028870510272), np.float64(0.11435759204552245))",-0.007540225982666016,-0.1035492941737175,3.980680037548366,-1.4873692225301771,-0.002102068048288996,-0.03677312329264102,-0.17032856239974353,0.11438732122525572
6,1,0.7099999999998587,"(np.float64(-0.16408028870510272), np.float64(0.11435759204552245))",-0.007503319066017866,-0.10365219414234161,3.9806591048320055,-1.4877107273974954,-0.002086648300378369,-0.0315265298654416,-0.1702882897475461,0.11440353008441717
6,1,0.7199999999998568,"(np.float64(-0.16408028870510272), np.float64(0.11435759204552245))",-0.007478904910385609,-0.10381393879652023,3.980638335769406,-1.4880006912425878,-0.0020695727348320693,-0.026464359174621324,-0.1702534135379969,0.11441777766274379
6,1,0.7299999999998548,"(np.float64(-0.16408028870510272), np.float64(0.11435759204552245))",-0.007465076632797718,-0.10402422398328781,3.9806179121901835,-1.48824578446781,-0.001994732171527214,-0.023061154778447134,-0.17022378026069984,0.114430128075642
6,1,0.7399999999998528,"(np.float64(-0.16408028870510272), np.float64(0.11435759204552245))",-0.007440757937729359,-0.10408945381641388,3.980598468661762,-1.4884680292297732,-0.0018931380816461854,-0.021629650343397866,-0.17019871467109043,0.11444079016421534
6,1,0.7499999999998508,"(np.float64(-0.16408028870510272), np.float64(0.11435759204552245))",-0.007394981570541859,-0.10394763946533203,3.9805799571167446,-1.4886807196518559,-0.0018138855254313205,-0.021011550884997152,-0.17017598717980742,0.11445042414724381
6,1,0.7599999999998488,"(np.float64(-0.16408028870510272), np.float64(0.11435759204552245))",-0.007336997892707586,-0.10372304916381836,3.9805621151636705,-1.4888891569548703,-0.0017593928110211598,-0.02072349609592391,-0.1701542435592194,0.11445953852799214
6,1,0.7699999999998468,"(np.float64(-0.16408028870510272), np.float64(0.11435759204552245))",-0.007271671202033758,-0.10346555709838867,3.9805447262516718,-1.489095503066394,-0.001722398326088262,-0.020570893884913056,-0.17013293883691077,0.11446840265875256
6,1,0.7799999999998448,"(np.float64(-0.16408028870510272), np.float64(0.11435759204552245))",-0.007202911656349897,-0.10319481045007706,3.9805276494558557,-1.489300650309662,-0.0016961489420859559,-0.020474574378965056,-0.17011184870204,0.1144771540968034
6,1,0.7899999999998428,"(np.float64(-0.16408028870510272), np.float64(0.11435759204552245))",-0.0071315765380859375,-0.10291929543018341,3.9805108024789906,-1.4895049720371252,-0.0016758908562127905,-0.020401994512678795,-0.1700908798867055,0.11448585882688869
6,1,0.7999999999998408,"(np.float64(-0.16408028870510272), np.float64(0.11435759204552245))",-0.007059192750602961,-0.10264187306165695,3.980494140489072,-1.4897086264199781,-0.0016588214074642444,-0.020339506559716836,-0.17006999332874614,0.11449454498583611
6,1,0.8099999999998388,"(np.float64(-0.16408028870510272), np.float64(0.11435759204552245))",-0.0069862366653978825,-0.10236425697803497,3.9804776403528717,-1.4899116811386375,-0.0016433346468959493,-0.020281366489973855,-0.1700491727000855,0.1145032215528077
6,1,0.8199999999998369,"(np.float64(-0.16408028870510272), np.float64(0.11435759204552245))",-0.006912994664162397,-0.1020871177315712,3.9804612910257915,-1.4901141655038632,-0.001628561226416228,-0.020225119744698858,-0.1700284113026599,0.11451188852782053
6,1,0.8299999999998349,"(np.float64(-0.16408028870510272), np.float64(0.11435759204552245))",-0.006839561741799116,-0.10181045532226562,3.980445087891632,-1.4903160921734262,-0.0016140478947474224,-0.020169678780711593,-0.17000770651023128,0.1145205422679208
6,1,0.8399999999998329,"(np.float64(-0.16408028870510272), np.float64(0.11435759204552245))",-0.006766700651496649,-0.10153446346521378,3.9804290291070297,-1.4905174665644128,-0.0015996566744453757,-0.02011458776920682,-0.16998705742002382,0.11452917814497329
6,1,0.8499999999998309,"(np.float64(-0.16408028870510272), np.float64(0.11435759204552245))",-0.006693840026855469,-0.10125904530286789,3.9804131142177495,-1.4907182910123231,-0.001585254969691971,-0.02005964728487775,-0.16996646382674013,0.11453779180488025
6,1,0.8599999999998289,"(np.float64(-0.16408028870510272), np.float64(0.11435759204552245))",-0.006621265318244696,-0.10098476707935333,3.980397343445868,-1.4909185669501657,-0.0015708245940207737,-0.020004846832874776,-0.16994592577760664,0.11454637960910831
6,1,0.8699999999998269,"(np.float64(-0.16408028870510272), np.float64(0.11435759204552245))",-0.006549072451889515,-0.1007106825709343,3.9803817169820763,-1.4911182951464836,-0.0015563836111703471,-0.019950081332145847,-0.16992544334991563,0.11455493872122897
6,1,0.8799999999998249,"(np.float64(-0.16408028870510272), np.float64(0.11435759204552245))",-0.006477260496467352,-0.10043783485889435,3.980366234877118,-1.4913174764621824,-0.0015419446133675702,-0.019895440439650292,-0.1699050166319494,0.11456346704472536
6,1,0.8899999999998229,"(np.float64(-0.16408028870510272), np.float64(0.11435759204552245))",-0.006405639927834272,-0.10016556084156036,3.9803508971466357,-1.491516111949438,-0.0015275033890585303,-0.019840893075519346,-0.16988464565719655,0.11457196309794096
6,1,0.8999999999998209,"(np.float64(-0.16408028870510272), np.float64(0.11435759204552245))",-0.0063339234329760075,-0.09989386051893234,3.980335703991559,-1.4917142025073864,-0.0015130310426657236,-0.019786434403773714,-0.16986433040554227,0.11458042586542382
6,1,0.909999999999819,"(np.float64(-0.16408028870510272), np.float64(0.11435759204552245))",-0.006263542454689741,-0.09962320327758789,3.980320654789665,-1.4919117493169252,-0.0014986884969758914,-0.019732117021328946,-0.16984407084874964,0.1145888546447269
6,1,0.919999999999817,"(np.float64(-0.16408028870510272), np.float64(0.11435759204552245))",-0.006192684173583984,-0.09935341030359268,3.9803057490821057,-1.492108753872988,-0.001484333668331215,-0.019677954704312703,-0.1698238669071189,0.11459724904906853
6,1,0.929999999999815,"(np.float64(-0.16408028870510272), np.float64(0.11435759204552245))",-0.006122875493019819,-0.0990842804312706,3.980290986257943,-1.4923052175828029,-0.001470092196738506,-0.01962392461081197,-0.16980371845717837,0.11460560886093527
6,1,0.939999999999813,"(np.float64(-0.16408028870510272), np.float64(0.11435759204552245))",-0.006053161807358265,-0.09881582111120224,3.9802763655333244,-1.4925011417619,-0.0014559048903738838,-0.01957002557935875,-0.16978362537489228,0.11461393398627995
6,1,0.949999999999811,"(np.float64(-0.16408028870510272), np.float64(0.11435759204552245))",-0.005983543582260609,-0.09854822605848312,3.980261886508499,-1.4926965278533684,-0.0014417480191437843,-0.019516280294524437,-0.16976358753834953,0.1146222244236176
6,1,0.959999999999809,"(np.float64(-0.16408028870510272), np.float64(0.11435759204552245))",-0.005914879031479359,-0.09828110039234161,3.9802475483255053,-1.4928913771569812,-0.0014277159241976155,-0.019462649181688694,-0.1697436048113402,0.11463048019296548
6,1,0.969999999999807,"(np.float64(-0.16408028870510272), np.float64(0.11435759204552245))",-0.005846309941262007,-0.0980152115225792,3.9802333501232954,-1.4930856912793267,-0.0014137434330990651,-0.019409211142934597,-0.16972367706674577,0.11463870138192131
6,1,0.979999999999805,"(np.float64(-0.16408028870510272), np.float64(0.11435759204552245))",-0.005778217222541571,-0.09775000065565109,3.9802192911768888,-1.4932794719446767,-0.0013998523676123588,-0.01935593125212161,-0.1697038041444289,0.1146468881121048
6,1,0.989999999999803,"(np.float64(-0.16408028870510272), np.float64(0.11435759204552245))",-0.005710124969482422,-0.09748516231775284,3.980205370941813,-1.4934727204557188,-0.0013859963641638035,-0.019302761651181628,-0.16968398587201947,0.11465504051184854
6,1,0.999999999999801,"(np.float64(-0.16408028870510272), np.float64(0.11435759204552245))",-0.005642509553581476,-0.09722156822681427,3.980191588876055,-1.4936654383837562,-0.0013722087335035784,-0.019249782489223714,-0.16966422212031015,0.11466315869026367
6,2,0.0,"(np.float64(0.16408028870510272), np.float64(0.11435759204552245))",-0.005575275514274836,-0.09695835411548615,3.9801779442519334,-1.4938576272376713,-0.001358496477464494,-0.019196926428443225,-0.1696445127326707,0.11467124276627821
6,2,0.00999999999999801,"(np.float64(0.16408028870510272), np.float64(0.11435759204552245))",-1.066684603691101,-1.5065131187438965,3.9767645043204074,-1.5010235631099322,-0.6729023947681707,-1.4047618632977035,-0.1696248575571743,0.11467929287773666
6,2,0.01999999999999602,"(np.float64(0.16408028870510272), np.float64(0.11435759204552245))",-1.0207405090332031,-1.4134854078292847,3.966897256849484,-1.521327972817764,-1.299414071181948,-2.651725640992799,-0.16887521769204641,0.1151905411641711
6,2,0.02999999999999403,"(np.float64(0.16408028870510272), np.float64(0.11435759204552245))",-0.946249783039093,-1.2516511678695679,3.9508933265569155,-1.5531121012200464,-1.90462922104751,-3.7037326386071516,-0.16673666446067764,0.11669313690734097
6,2,0.03999999999999204,"(np.float64(0.16408028870510272), np.float64(0.11435759204552245))",-0.8195968866348267,-0.9547218680381775,3.9289193049053024,-1.5937454314828934,-2.495963155821299,-4.424252603532899,-0.16335305516080245,0.11909646367541998
6,2,0.04999999999999005,"(np.float64(0.16408028870510272), np.float64(0.11435759204552245))",-0.6875872015953064,-0.6463610529899597,3.901082850680463,-1.6399150260953779,-3.077409885396653,-4.812344901964379,-0.1589620768851173,0.12223888874705052
6,2,0.05999999999998806,"(np.float64(0.16408028870510272), np.float64(0.11435759204552245))",-0.536995530128479,-0.5184149742126465,3.8679832666011364,-1.6895115064245623,-3.5477547873312982,-5.109407155100904,-0.15387423305276798,0.12592997254568486
6,2,0.06999999999998607,"(np.float64(0.16408028870510272), np.float64(0.11435759204552245))",-0.42152005434036255,-0.4441048800945282,3.830651776848748,-1.7418833858558855,-3.9225560307543907,-5.366845441671698,-0.14828862320815211,0.1299797652426698
6,2,0.07999999999998408,"(np.float64(0.16408028870510272), np.float64(0.11435759204552245))",-0.39254331588745117,-0.3726877272129059,3.789525061742093,-1.7964628481854314,-4.305490755435849,-5.550311808095578,-0.1422680136569231,0.13421027543494046
6,2,0.0899999999999821,"(np.float64(0.16408028870510272), np.float64(0.11435759204552245))",-0.36208125948905945,-0.3464995324611664,3.74465442922488,-1.852787623887728,-4.670201541820893,-5.7157667888846335,-0.13586658216518602,0.13851323111175484
6,2,0.0999999999999801,"(np.float64(0.16408028870510272), np.float64(0.11435759204552245))",-0.3344179093837738,-0.34323254227638245,3.6962781049584716,-1.9108175683619182,-5.006511458738318,-5.89080811198168,-0.12912462427441335,0.14283291225825712
6,2,0.10999999999997812,"(np.float64(0.16408028870510272), np.float64(0.11435759204552245))",-0.30852338671684265,-0.34978896379470825,3.6446881368913098,-1.9706931504492697,-5.312636830929986,-6.084757783282843,-0.12204339356863031,0.14711285167871682
6,2,0.11999999999997613,"(np.float64(0.16408028870510272), np.float64(0.11435759204552245))",-0.2709716856479645,-0.36501559615135193,3.5902874147525052,-2.032677320205751,-5.56853844416843,-6.312507512210539,-0.1146095950207492,0.15129611646939733
6,2,0.12999999999997414,"(np.float64(0.16408028870510272), np.float64(0.11435759204552245))",-0.23083296418190002,-0.37651941180229187,3.533591812099313,-2.0970873887950807,-5.7715045694589096,-6.569985804596614,-0.10680465640472125,0.1553159843731105
6,2,0.13999999999997215,"(np.float64(0.16408028870510272), np.float64(0.11435759204552245))",-0.19661740958690643,-0.37405234575271606,3.4750688741975644,-2.1641195686553116,-5.933810984940269,-6.837009586743935,-0.09861485578284729,0.1590932626914386
6,2,0.14999999999997016,"(np.float64(0.16408028870510272), np.float64(0.11435759204552245))",-0.20980243384838104,-0.33488377928733826,3.4147464448805973,-2.2335469504692305,-6.130880840782241,-7.0489991286741,-0.09004648692345607,0.162551714162215
6,2,0.15999999999996817,"(np.float64(0.16408028870510272), np.float64(0.11435759204552245))",-0.2280116081237793,-0.2722043991088867,3.3522167529663918,-2.3046555245672335,-6.37472529431157,-7.173234706647901,-0.08113969229493295,0.16565960804795318
6,2,0.16999999999996618,"(np.float64(0.16408028870510272), np.float64(0.11435759204552245))",-0.2134803831577301,-0.27280712127685547,3.287355237983921,-2.377034272810103,-6.5971563122008385,-7.302926436248995,-0.07196224801669257,0.1684414525634964
6,2,0.1799999999999642,"(np.float64(0.16408028870510272), np.float64(0.11435759204552245))",-0.1952836960554123,-0.27917930483818054,3.2204125590239823,-2.4507777818586045,-6.790868950748823,-7.446100485219604,-0.06255426663392,0.17090374646428064
6,2,0.1899999999999622,"(np.float64(0.16408028870510272), np.float64(0.11435759204552245))",-0.16982059180736542,-0.2490648329257965,3.1516671806609735,-2.525791230460787,-6.957446808891658,-7.556917640173853,-0.05292259089451018,0.17301121617625614
6,2,0.1999999999999602,"(np.float64(0.16408028870510272), np.float64(0.11435759204552245))",-0.17310333251953125,-0.2138134092092514,3.0811941987604503,-2.601665513194463,-7.136034054006389,-7.6180584034084315,-0.043094954763739285,0.17473442440666345
6,2,0.20999999999995822,"(np.float64(0.16408028870510272), np.float64(0.11435759204552245))",-0.17226381599903107,-0.16925230622291565,3.0088957020814324,-2.6778421333578097,-7.322244102189396,-7.617189407592846,-0.03311468121310687,0.17607646537638977
6,2,0.21999999999995623,"(np.float64(0.16408028870510272), np.float64(0.11435759204552245))",-0.1685720533132553,-0.11607322841882706,2.9347091334982807,-2.7536415174695277,-7.513382443486021,-7.542410311682661,-0.02301970671872869,0.17706593836986406
6,2,0.22999999999995424,"(np.float64(0.16408028870510272), np.float64(0.11435759204552245))",-0.16366958618164062,-0.06714315712451935,2.858607291319949,-2.828347803999729,-7.705126662361051,-7.398367588171332,-0.012846532132545718,0.17774088603618335
6,2,0.23999999999995225,"(np.float64(0.16408028870510272), np.float64(0.11435759204552245))",-0.1384470909833908,-0.037138938903808594,2.780754718567271,-2.9014228267848474,-7.8635776074493124,-7.216086715975615,-0.0026227837162031142,0.17814305419618232
6,2,0.24999999999995026,"(np.float64(0.16408028870510272), np.float64(0.11435759204552245))",-0.10453443974256516,0.009554672054946423,2.7015132002763287,-2.972385944322282,-7.982977480396709,-6.9760399961446,0.007634855942443508,0.1782933746896944
6,2,0.2599999999999483,"(np.float64(0.16408028870510272), np.float64(0.11435759204552245))",-0.046695806086063385,-0.004361534025520086,2.6215246612619105,-3.0411077747396456,-8.013441195716405,-6.767947871066412,0.017904169188256575,0.17819801644785066
6,2,0.2699999999999463,"(np.float64(0.16408028870510272), np.float64(0.11435759204552245))",-0.007172489073127508,-0.029597854241728783,2.541560340733122,-3.107958118417271,-7.9785116056944645,-6.601770246626987,0.028160660750643232,0.17782599548510455
6,2,0.2799999999999443,"(np.float64(0.16408028870510272), np.float64(0.11435759204552245))",0.013223076239228249,-0.04871349409222603,2.4621265349074144,-3.1732860154423443,-7.907574378942325,-6.463448657948844,0.03838355744831133,0.1771072852650671
6,2,0.2899999999999423,"(np.float64(0.16408028870510272), np.float64(0.11435759204552245))",0.036986541002988815,-0.04741373285651207,2.383564921658305,-3.2372416204602805,-7.804242248658793,-6.327433994721072,0.04855252389034638,0.17598832575007628
6,2,0.2999999999999403,"(np.float64(0.16408028870510272), np.float64(0.11435759204552245))",0.07974262535572052,-0.01840047910809517,2.3062721922706686,-3.299701965229319,-7.653960238862707,-6.164735502322243,0.05863761319596138,0.1744404663284069
6,2,0.3099999999999383,"(np.float64(0.16408028870510272), np.float64(0.11435759204552245))",0.12314720451831818,0.011391639709472656,2.230714730781959,-3.3604087018139666,-7.4573412143002304,-5.977043388209153,0.06858392076583321,0.17245937760660254
6,2,0.31999999999993634,"(np.float64(0.16408028870510272), np.float64(0.11435759204552245))",0.15262413024902344,0.06875457614660263,2.1572145542701,-3.418917888626374,-7.2425318071927975,-5.7255760804269205,0.07832021205562145,0.170058842043731
6,2,0.32999999999993435,"(np.float64(0.16408028870510272), np.float64(0.11435759204552245))",0.25547465682029724,0.10731277614831924,2.086455502361117,-3.4748604952594535,-6.909165808105494,-5.464836591927676,0.08778005687238562,0.1672835469164257
6,2,0.33999999999993236,"(np.float64(0.16408028870510272), np.float64(0.11435759204552245))",0.3488883972167969,0.12718258798122406,2.019584850127425,-3.528274979095271,-6.465344619984648,-5.220097157054784,0.09686742286912389,0.16417718096072415
6,2,0.34999999999993037,"(np.float64(0.16408028870510272), np.float64(0.11435759204552245))",0.4143486022949219,0.12480983883142471,1.9575616838776222,-3.57943358029335,-5.939707683675904,-5.013839089812745,0.10545221114976308,0.1607615735741222
6,2,0.3599999999999284,"(np.float64(0.16408028870510272), np.float64(0.11435759204552245))",0.44755515456199646,0.11753063648939133,1.9010063098424246,-3.6287015938052836,-5.371685547558402,-4.841963958127012,0.11342478382201968,0.1570647947232578
6,2,0.3699999999999264,"(np.float64(0.16408028870510272), np.float64(0.11435759204552245))",0.4667015075683594,0.12433204799890518,1.8502306020731873,-3.6763071317194496,-4.783653618436254,-4.6813594536434096,0.1207107867669058,0.1531261668125637
6,2,0.3799999999999244,"(np.float64(0.16408028870510272), np.float64(0.11435759204552245))",0.5044874548912048,0.17501449584960938,1.8054772232916714,-3.722116179291054,-4.167222397089889,-4.482976462438213,0.12726714274856873,0.1490057550843382
6,2,0.3899999999999224,"(np.float64(0.16408028870510272), np.float64(0.11435759204552245))",0.5710460543632507,0.2067377120256424,1.7672499385417928,-3.765937590106106,-3.478605570275376,-4.284141320414344,0.13305774776608567,0.14479708468150912
6,2,0.3999999999999204,"(np.float64(0.16408028870510272), np.float64(0.11435759204552245))",0.5909196734428406,0.22479191422462463,1.735991542405842,-3.8077740495134624,-2.7734606406692546,-4.0859131800363695,0.13802823669067052,0.14060090700171599
6,2,0.40999999999991843,"(np.float64(0.16408028870510272), np.float64(0.11435759204552245))",0.5275154113769531,0.27914753556251526,1.7112509902278554,-3.847224292319421,-2.175228232189141,-3.8061920279637738,0.1421388899236499,0.13650131756745307
6,2,0.41999999999991644,"(np.float64(0.16408028870510272), np.float64(0.11435759204552245))",0.41283437609672546,0.3012014329433441,1.6916984425069101,-3.8835685225963386,-1.7350938953824873,-3.4641940067847896,0.14543802340500964,0.13260137016747225
6,2,0.42999999999991445,"(np.float64(0.16408028870510272), np.float64(0.11435759204552245))",0.264688104391098,0.2612062394618988,1.6756707001250213,-3.916497574128827,-1.4698205764012682,-3.1220713749252234,0.14806501251790896,0.1290010240981157
6,2,0.43999999999991246,"(np.float64(0.16408028870510272), np.float64(0.11435759204552245))",0.17933063209056854,0.2574012875556946,1.6617636729636929,-3.9458709816424165,-1.311006750119091,-2.752752877067899,0.15020214648291713,0.1257343366295633
6,2,0.44999999999991047,"(np.float64(0.16408028870510272), np.float64(0.11435759204552245))",0.1221744567155838,0.2348821610212326,1.6491325744565206,-3.97158676780939,-1.214292459498229,-2.3906263791694116,0.15201143624743685,0.12280441958398934
6,2,0.4599999999999085,"(np.float64(0.16408028870510272), np.float64(0.11435759204552245))",0.10606632381677628,0.19720573723316193,1.637464967483946,-3.993904545034038,-1.1189085534513648,-2.0728386512934405,0.15359927234479934,0.12020969618978974
6,2,0.4699999999999065,"(np.float64(0.16408028870510272), np.float64(0.11435759204552245))",0.09382285922765732,0.16681385040283203,1.6267418490154224,-4.013218572048014,-1.0254831728579057,-1.789896213176095,0.15501781690923966,0.11792360598995302
6,2,0.4799999999999045,"(np.float64(0.16408028870510272), np.float64(0.11435759204552245))",0.09322986751794815,0.13948269188404083,1.617011301316311,-4.029882268435394,-0.9204847624663319,-1.542833099140424,0.15628581785091838,0.11591403271130328
6,2,0.4899999999999025,"(np.float64(0.16408028870510272), np.float64(0.11435759204552245))",0.0909954085946083,0.12448253482580185,1.6083507787892348,-4.044171216523901,-0.8115371604458913,-1.315016524490736,0.15741115108061798,0.11415444649257604
6,2,0.4999999999999005,"(np.float64(0.16408028870510272), np.float64(0.11435759204552245))",0.08645953983068466,0.1219518706202507,1.6007572606638973,-4.05619231886435,-0.7071274155712063,-1.0893342340465588,0.15839559194217478,0.1126262389559026
6,2,0.5099999999998985,"(np.float64(0.16408028870510272), np.float64(0.11435759204552245))",0.0795251876115799,0.1164730116724968,1.594175325718338,-4.06598240901745,-0.6092181689310474,-0.8688087725261544,0.1592463356776263,0.11132311891276203
6,2,0.5199999999998965,"(np.float64(0.16408028870510272), np.float64(0.11435759204552245))",0.07063865661621094,0.10924320667982101,1.5885313164407486,-4.073599911204658,-0.5195215977679227,-0.6547830914064916,0.1599740049698511,0.11024295724929753
6,2,0.5299999999998946,"(np.float64(0.16408028870510272), np.float64(0.11435759204552245))",0.05412159115076065,0.09968376159667969,1.5837053148331157,-4.079114177472922,-0.4452566858628026,-0.4484207503742398,0.16058985221737626,0.10938070651525245
6,2,0.5399999999998926,"(np.float64(0.16408028870510272), np.float64(0.11435759204552245))",0.04113426432013512,0.08391990512609482,1.5795778668539409,-4.082645055297826,-0.38007676303223814,-0.25771619355362774,0.16110864173803063,0.10872838751322529
6,2,0.5499999999998906,"(np.float64(0.16408028870510272), np.float64(0.11435759204552245))",0.029603004455566406,0.06417732685804367,1.5760815125559382,-4.084396829955876,-0.3146126118123638,-0.10617567380906767,0.16154460433736878,0.10827307039110134
6,2,0.5599999999998886,"(np.float64(0.16408028870510272), np.float64(0.11435759204552245))",0.01864795759320259,0.04706573486328125,1.5733313447705446,-4.08508316040206,-0.2314553368171841,-0.042201649948610684,0.1619066347264852,0.10799572759134886
6,2,0.5699999999998866,"(np.float64(0.16408028870510272), np.float64(0.11435759204552245))",0.010631370358169079,0.037752535194158554,1.5714511762385508,-4.085355689594786,-0.14283129620635254,-0.016698051551581192,0.16218475395926474,0.10783913137429851
6,2,0.5799999999998846,"(np.float64(0.16408028870510272), np.float64(0.11435759204552245))",0.0032619477715343237,0.03192539140582085,1.570452087807186,-4.085463328140779,-0.062648269988025,-0.006202556486999597,0.16236941861782989,0.10775075555410447
6,2,0.5899999999998826,"(np.float64(0.16408028870510272), np.float64(0.11435759204552245))",-0.0035262107849121094,0.027456283569335938,1.5700349588443905,-4.085495075971256,-0.026805610342469192,-0.0006204561672552419,0.16246252738449493,0.1077086950385528
6,2,0.5999999999998806,"(np.float64(0.16408028870510272), np.float64(0.11435759204552245))",-0.006579875946044922,0.025384141132235527,1.5698529856481416,-4.085485507898592,-0.012034868779203466,0.0022517247706793446,0.1624945345256945,0.1076946799971942
6,2,0.6099999999998786,"(np.float64(0.16408028870510272), np.float64(0.11435759204552245))",-0.007869625464081764,0.024422263726592064,1.5697683109012497,-4.085455055536036,-0.005904394386730081,0.0036867277714477957,0.16250104679153818,0.10769322418954974
6,2,0.6199999999998766,"(np.float64(0.16408028870510272), np.float64(0.11435759204552245))",-0.008421897888183594,0.023949241265654564,1.5697241063926848,-4.08541434609456,-0.0033526688781837307,0.004376102156008496,0.16249780055927388,0.10769701899640219
6,2,0.6299999999998747,"(np.float64(0.16408028870510272), np.float64(0.11435759204552245))",-0.008660316467285156,0.0236982349306345,1.5696968976838357,-4.085369037005754,-0.0022426152068568137,0.004621926588776774,0.16249175774062835,0.10770269044246196
6,2,0.6399999999998727,"(np.float64(0.16408028870510272), np.float64(0.11435759204552245))",-0.00876388605684042,0.023557662963867188,1.5696774649782843,-4.08532266759515,-0.0017255584337252383,0.004645056387656698,0.16248577999344926,0.10770873937848192
6,2,0.6499999999998707,"(np.float64(0.16408028870510272), np.float64(0.11435759204552245))",-0.008807564154267311,0.02347278594970703,1.569661406328034,-4.085276244157188,-0.0015234497321818,0.004639350753795998,0.16248074309703778,0.1077145496684591
6,2,0.6599999999998687,"(np.float64(0.16408028870510272), np.float64(0.11435759204552245))",-0.008821678347885609,0.023410415276885033,1.5696465928006322,-4.085229960954951,-0.0014548753925459853,0.004617580567615278,0.16247694240016886,0.10771993000829484
6,2,0.6699999999998667,"(np.float64(0.16408028870510272), np.float64(0.11435759204552245))",-0.008821392431855202,0.023362159729003906,1.5696321493171534,-4.0851839324764345,-0.001440227995196057,0.004589197791471457,0.16247436926682512,0.10772486667256659
6,2,0.6799999999998647,"(np.float64(0.16408028870510272), np.float64(0.11435759204552245))",-0.008813572116196156,0.023321915417909622,1.569617734023407,-4.085138192706347,-0.0014453567260616623,0.004560331031483596,0.16247283995267298,0.10772941436957179
6,2,0.6899999999998627,"(np.float64(0.16408028870510272), np.float64(0.11435759204552245))",-0.00880203302949667,0.023287011310458183,1.569603232251319,-4.085092729062604,-0.0014559404052605696,0.004534152813521086,0.16247213257429702,0.10773364817250089
6,2,0.6999999999998607,"(np.float64(0.16408028870510272), np.float64(0.11435759204552245))",-0.00878829974681139,0.023255730047822,1.5695886230157918,-4.085047507857261,-0.0014662652386378031,0.00451182518104911,0.1624720428106814,0.10773764100496677
6,2,0.7099999999998587,"(np.float64(0.16408028870510272), np.float64(0.11435759204552245))",-0.008773517794907093,0.023226547986268997,1.5695739205960073,-4.085002490137278,-0.0014744138794387078,0.004493347937067751,0.16247240244079109,0.10774145492361305
6,2,0.7199999999998568,"(np.float64(0.16408028870510272), np.float64(0.11435759204552245))",-0.008757973089814186,0.023198509588837624,1.5695591494755592,-4.0849576398464515,-0.0014800156083088684,0.004478207352288259,0.1624730812679559,0.10774513907198469
6,2,0.7299999999998548,"(np.float64(0.16408028870510272), np.float64(0.11435759204552245))",-0.00874252337962389,0.023171424865722656,1.5695443337676287,-4.084912926690765,-0.001483389083815284,0.0044657878295929,0.16247398243981212,0.10774873061995052
6,2,0.7399999999998528,"(np.float64(0.16408028870510272), np.float64(0.11435759204552245))",-0.00872659683227539,0.023145103827118874,1.5695294939854834,-4.084868326557134,-0.0014849093630740161,0.00445548531838884,0.16247503592806695,0.10775225680837693
6,2,0.7499999999998508,"(np.float64(0.16408028870510272), np.float64(0.11435759204552245))",-0.008710766211152077,0.02311878278851509,1.5695146462706262,-4.084823821390989,-0.0014850423705911986,0.0044467084684230405,0.16247619213953407,0.10775573715913705
6,2,0.7599999999998488,"(np.float64(0.16408028870510272), np.float64(0.11435759204552245))",-0.008694934658706188,0.02309265173971653,1.5694998025887266,-4.0847793981062726,-0.0014841568081108444,0.004439042132525828,0.16247741653068354,0.10775918537873608
6,2,0.7699999999998468,"(np.float64(0.16408028870510272), np.float64(0.11435759204552245))",-0.008679009042680264,0.02306671254336834,1.56948497168466,-4.0847350472371105,-0.0014825301279991702,0.004432174060762535,0.16247868538724225,0.10776261093641194
6,2,0.7799999999998448,"(np.float64(0.16408028870510272), np.float64(0.11435759204552245))",-0.00866327341645956,0.023041153326630592,1.569470159657048,-4.084690761870372,-0.0014804086389297853,0.004425898238542808,0.16247998260727264,0.10776602031192928
6,2,0.7899999999998428,"(np.float64(0.16408028870510272), np.float64(0.11435759204552245))",-0.008647346869111061,0.023015404120087624,1.5694553708320471,-4.084646537304503,-0.0014779147958953753,0.004419990425125928,0.162481297381811,0.1077694179034471
6,2,0.7999999999998408,"(np.float64(0.16408028870510272), np.float64(0.11435759204552245))",-0.008631802164018154,0.022989844903349876,1.5694406080108319,-4.084602370340482,-0.00147521671570106,0.004414356806573991,0.1624826225065104,0.10777280665035077
6,2,0.8099999999998388,"(np.float64(0.16408028870510272), np.float64(0.11435759204552245))",-0.00861577969044447,0.02296428754925728,1.5694258732871789,-4.084558258770442,-0.0014723132686133829,0.004408899284821651,0.16248395323998882,0.1077761884960698
6,2,0.8199999999998369,"(np.float64(0.16408028870510272), np.float64(0.11435759204552245))",-0.008600044064223766,0.02293872833251953,1.569411168086724,-4.084514201146899,-0.0014693166489150563,0.004403558753890482,0.1624852864591285,0.1077795647293312
6,2,0.8299999999998349,"(np.float64(0.16408028870510272), np.float64(0.11435759204552245))",-0.008584404364228249,0.022912979125976562,1.5693964931415116,-4.084470196649142,-0.0014662645262985016,0.004398272202673556,0.16248662012823062,0.10778293619071944
6,2,0.8399999999998329,"(np.float64(0.16408028870510272), np.float64(0.11435759204552245))",-0.008568763732910156,0.022887421771883965,1.5693818489263445,-4.084426244674101,-0.0014631725503987051,0.004393048182279846,0.16248795295223423,0.10778630340611514
6,2,0.8499999999998309,"(np.float64(0.16408028870510272), np.float64(0.11435759204552245))",-0.00855321902781725,0.02286224439740181,1.5693672357030573,-4.084382344472251,-0.0014600651885655718,0.0043879063076301275,0.16248928410297397,0.10778966671848324
6,2,0.8599999999998289,"(np.float64(0.16408028870510272), np.float64(0.11435759204552245))",-0.008537578396499157,0.02283649519085884,1.5693526537101306,-4.084338495855093,-0.001456929779802676,0.004382737934392197,0.16249061305812412,0.10779302637616495
6,2,0.8699999999998269,"(np.float64(0.16408028870510272), np.float64(0.11435759204552245))",-0.00852193869650364,0.022811317816376686,1.5693381031403515,-4.084294698570034,-0.00145378111194625,0.004377630564537334,0.16249193947822055,0.10779638251440078
6,2,0.8799999999998249,"(np.float64(0.16408028870510272), np.float64(0.11435759204552245))",-0.008506203070282936,0.02278575859963894,1.569323584183426,-4.084250952463812,-0.0014506104426429353,0.004372506080377646,0.1624932631475264,0.10779973523057641
6,2,0.8899999999998229,"(np.float64(0.16408028870510272), np.float64(0.11435759204552245))",-0.00849065836519003,0.022760583087801933,1.5693090968497616,-4.084207257364781,-0.0014474532737683522,0.004367422366379457,0.16249458392321509,0.10780308458782267
6,2,0.8999999999998209,"(np.float64(0.16408028870510272), np.float64(0.11435759204552245))",-0.008475208654999733,0.022735213860869408,1.5692946410023616,-4.084163613131452,-0.001444310474173917,0.004362333902650899,0.16249590172708406,0.10780643062818697
6,2,0.909999999999819,"(np.float64(0.16408028870510272), np.float64(0.11435759204552245))",-0.008459663949906826,0.02270984649658203,1.5692802166167505,-4.084120019793702,-0.001441161785801603,0.004357243756564681,0.1624972165242508,0.10780977337588368
6,2,0.919999999999817,"(np.float64(0.16408028870510272), np.float64(0.11435759204552245))",-0.008444118313491344,0.022684479132294655,1.5692658237345167,-4.084076477359402,-0.0014380102006554994,0.004352153375666556,0.1624985282886337,0.10781311283710066
6,2,0.929999999999815,"(np.float64(0.16408028870510272), np.float64(0.11435759204552245))",-0.008428764529526234,0.02265911176800728,1.5692514622428904,-4.084032985822935,-0.0014348799219283338,0.004347063880708729,0.1624998369993355,0.10781644901812415
6,2,0.939999999999813,"(np.float64(0.16408028870510272), np.float64(0.11435759204552245))",-0.008413314819335938,0.022634124383330345,1.5692371320592133,-4.083989544921222,-0.001431748361627738,0.004342018765396067,0.1625011426566788,0.10781978191896946
6,2,0.949999999999811,"(np.float64(0.16408028870510272), np.float64(0.11435759204552245))",-0.008397961035370827,0.02260894887149334,1.5692228331364522,-4.0839461544899605,-0.0014286261270712913,0.004336970314067815,0.16250244526408836,0.1078231115610068
6,2,0.959999999999809,"(np.float64(0.16408028870510272), np.float64(0.11435759204552245))",-0.008382797241210938,0.022583389654755592,1.5692085652922219,-4.083902814810584,-0.001425528805655455,0.0043318760900512765,0.1625037448218774,0.10782643795808972
6,2,0.969999999999807,"(np.float64(0.16408028870510272), np.float64(0.11435759204552245))",-0.008367443457245827,0.022558212280273438,1.5691943284788967,-4.083859525928061,-0.001422421453460412,0.004326806705094052,0.16250504134394503,0.10782976108045102
6,2,0.979999999999805,"(np.float64(0.16408028870510272), np.float64(0.11435759204552245))",-0.008351802825927734,0.022533416748046875,1.5691801229536844,-4.083816287423831,-0.0014192770280238188,0.0043217914213815115,0.16250633483634735,0.10783308092168796
6,2,0.989999999999803,"(np.float64(0.16408028870510272), np.float64(0.11435759204552245))",-0.00833663996309042,0.022507859393954277,1.5691659486559122,-4.083773099450296,-0.0014161701021309328,0.004316711456817977,0.16250762527623597,0.1078363975259472
6,2,0.999999999999801,"(np.float64(0.16408028870510272), np.float64(0.11435759204552245))",-0.00832138117402792,0.022482872009277344,1.5691518053829074,-4.0837299620451395,-0.0014130704519801347,0.0043116708254698835,0.16250891266476283,0.10783971087918304
7,1,0.0,"(np.float64(-0.1782013048376736), np.float64(0.09079809994790936))",0.04571132734417915,-0.009410858154296875,1.3781031987418666,-4.193297309818287,0.009000249900646368,-0.0016793006919578032,0.18147304815317605,0.08951363778369384
7,1,0.00999999999999801,"(np.float64(-0.1782013048376736), np.float64(0.09079809994790936))",1.5657399892807007,1.3845179080963135,1.3849764385764571,-4.18857229300353,1.3546172088614135,0.9361039627056359,0.18146426720722683,0.08951672581985641
7,1,0.01999999999999602,"(np.float64(-0.1782013048376736), np.float64(0.09079809994790936))",1.5589370727539062,1.2271080017089844,1.405358698061297,-4.175650862858812,2.7164975866556142,1.6470745051403708,0.18090315787621924,0.09026811774447029
7,1,0.02999999999999403,"(np.float64(-0.1782013048376736), np.float64(0.09079809994790936))",1.5347427129745483,1.0519514083862305,1.439468751368755,-4.156644790396413,4.103458473582465,2.1590447574690232,0.179119127361209,0.0924220823422956
7,1,0.03999999999999204,"(np.float64(-0.1782013048376736), np.float64(0.09079809994790936))",1.477700114250183,0.94939786195755,1.4872676895786574,-4.132858044586557,5.456472070455571,2.6068786865248463,0.17594916689024415,0.09576153241932389
7,1,0.04999999999999005,"(np.float64(-0.1782013048376736), np.float64(0.09079809994790936))",1.3413101434707642,0.9323427081108093,1.5477684652841002,-4.104123385274981,6.64527142942382,3.1503466828396522,0.1712991694917263,0.10004877200706977
7,1,0.05999999999998806,"(np.float64(-0.1782013048376736), np.float64(0.09079809994790936))",1.2151991128921509,0.8524338006973267,1.6195633392109348,-4.0698850287961035,7.716155984870306,3.708068604250739,0.16520296941789092,0.10507629112432687
7,1,0.06999999999998607,"(np.float64(-0.1782013048376736), np.float64(0.09079809994790936))",1.0263261795043945,0.773450493812561,1.7010781660073107,-4.029872093755293,8.589885560945785,4.304449233779149,0.1577580144734348,0.11062148330572374
7,1,0.07999999999998408,"(np.float64(-0.1782013048376736), np.float64(0.09079809994790936))",0.7791099548339844,0.7014589309692383,1.7899508889688691,-3.9835759738832626,9.18808604817085,4.962980177860192,0.14909716843042609,0.11642592517418564
7,1,0.0899999999999821,"(np.float64(-0.1782013048376736), np.float64(0.09079809994790936))",0.4947681427001953,0.5831344723701477,1.8832770179857845,-3.9306883703050244,9.48077596505525,5.620408500190796,0.13945128034679846,0.12225410536204051
7,1,0.0999999999999801,"(np.float64(-0.1782013048376736), np.float64(0.09079809994790936))",0.3331138789653778,0.49300557374954224,1.978730689944614,-3.8713700551275,9.612963528138296,6.246950206533129,0.12912444746710083,0.1279041632730476
7,1,0.10999999999997812,"(np.float64(-0.1782013048376736), np.float64(0.09079809994790936))",0.2797096371650696,0.43873557448387146,2.07531846308183,-3.805972424216474,9.706717310057186,6.8346209421075885,0.1183827285903353,0.13322877979035075
7,1,0.11999999999997613,"(np.float64(-0.1782013048376736), np.float64(0.09079809994790936))",0.2664043605327606,0.42231065034866333,2.172817825247166,-3.7347454204460644,9.794876755608549,7.411307577098243,0.10736608007365855,0.13814638911744812
7,1,0.12999999999997414,"(np.float64(-0.1782013048376736), np.float64(0.09079809994790936))",0.24203892052173615,0.37956199049949646,2.271142927418522,-3.6580065431055724,9.87127745210828,7.936393956669791,0.09612949773851008,0.14262186151498202
7,1,0.13999999999997215,"(np.float64(-0.1782013048376736), np.float64(0.09079809994790936))",0.21549931168556213,0.3120332658290863,2.3701908206971725,-3.576462676265298,9.93921931523823,8.371434359391397,0.08470490730972444,0.1466326181581577
7,1,0.14999999999997016,"(np.float64(-0.1782013048376736), np.float64(0.09079809994790936))",0.18918132781982422,0.24747486412525177,2.469861381195072,-3.49101916803325,9.995529660384866,8.715543805353201,0.07312853435459865,0.15014129071152021
7,1,0.15999999999996817,"(np.float64(-0.1782013048376736), np.float64(0.09079809994790936))",0.14794044196605682,0.20552578568458557,2.5698794381985333,-3.4024160019532808,10.008329085557557,9.002619460257288,0.06144110722045065,0.15310812738563728
7,1,0.16999999999996618,"(np.float64(-0.1782013048376736), np.float64(0.09079809994790936))",0.11658134311437607,0.17304687201976776,2.669845067969293,-3.3111923434967223,9.984625218335703,9.239164517069304,0.04969244799562808,0.1555197498976528
7,1,0.1799999999999642,"(np.float64(-0.1782013048376736), np.float64(0.09079809994790936))",0.07840042561292648,0.14242783188819885,2.769328345469618,-3.217837824540387,9.911462151710435,9.428465509195178,0.037929457975727984,0.15738931278905294
7,1,0.1899999999999622,"(np.float64(-0.1782013048376736), np.float64(0.09079809994790936))",0.05305538326501846,0.13345776498317719,2.8678701191832614,-3.1226996199296795,9.795850608805706,9.595749218519725,0.0261893851304172,0.15873953237037697
7,1,0.1999999999999602,"(np.float64(-0.1782013048376736), np.float64(0.09079809994790936))",0.0552799217402935,0.14739303290843964,2.9651842109678697,-3.0258862940647537,9.66542408120292,9.763532218793047,0.01449448762718121,0.1596042318462996
7,1,0.20999999999995822,"(np.float64(-0.1782013048376736), np.float64(0.09079809994790936))",0.0011114120716229081,0.1213064193725586,3.0607861423590377,-2.9275696979542882,9.453285020550123,9.896429096658403,0.0028318819948283946,0.16001753655552176
7,1,0.21999999999995623,"(np.float64(-0.1782013048376736), np.float64(0.09079809994790936))",-0.05047464370727539,0.10557060688734055,3.1538532530381627,-2.828026249672593,9.158293094399324,10.009031542848975,-0.008806076112519295,0.16000865259474673
7,1,0.22999999999995424,"(np.float64(-0.1782013048376736), np.float64(0.09079809994790936))",-0.07544975727796555,0.08481960743665695,3.243755296558021,-2.7275350827100335,8.820258141146995,10.08636302071519,-0.020409160952312017,0.1596120184238633
7,1,0.23999999999995225,"(np.float64(-0.1782013048376736), np.float64(0.09079809994790936))",-0.094024658203125,0.04435272142291069,3.3301496131665878,-2.6265821387505848,8.457017229347171,10.101965468314335,-0.03198252693283779,0.1588441039476996
7,1,0.24999999999995026,"(np.float64(-0.1782013048376736), np.float64(0.09079809994790936))",-0.11056604236364365,-0.023211384192109108,3.4128637220184848,-2.525952861635439,8.084783992691525,10.022383626971884,-0.04352643075794052,0.1576861977539054
7,1,0.2599999999999483,"(np.float64(-0.1782013048376736), np.float64(0.09079809994790936))",-0.2326817512512207,-0.02381591871380806,3.490944772825165,-2.425929534846657,7.531236818595399,9.980499087537188,-0.0550090464510781,0.15609424684313258
7,1,0.2699999999999463,"(np.float64(-0.1782013048376736), np.float64(0.09079809994790936))",-0.2978004515171051,-0.02685070037841797,3.563010682222336,-2.326253189483507,6.8820274505975405,9.953565501974817,-0.06639318689397247,0.15410101989701908
7,1,0.2799999999999443,"(np.float64(-0.1782013048376736), np.float64(0.09079809994790936))",-0.3409591615200043,-0.024649715051054955,3.628272556685145,-2.2267697364443757,6.1712296941189875,9.942223369449739,-0.0776760901111003,0.15179119170181693
7,1,0.2899999999999423,"(np.float64(-0.1782013048376736), np.float64(0.09079809994790936))",-0.3528749644756317,-0.059061240404844284,3.686437516632377,-2.1276159333999733,5.463741630359375,9.888159254664318,-0.08887118000675542,0.1492070897148998
7,1,0.2999999999999403,"(np.float64(-0.1782013048376736), np.float64(0.09079809994790936))",-0.34822455048561096,-0.2687954902648926,3.738043427049698,-2.0303774436176982,4.861487107224712,9.560490397223848,-0.09997314822676057,0.14635556392639668
7,1,0.3099999999999383,"(np.float64(-0.1782013048376736), np.float64(0.09079809994790936))",-0.28003332018852234,-0.4335833489894867,3.784544621115068,-1.9375791986828623,4.44341193017314,9.000965782560467,-0.11083681415367819,0.14318678150297284
7,1,0.31999999999993634,"(np.float64(-0.1782013048376736), np.float64(0.09079809994790936))",-0.2180071920156479,-0.6032640337944031,3.827761653393045,-1.8515339991201478,4.204804725871547,8.210291892569602,-0.12120884795494041,0.13963479350721017
7,1,0.32999999999993435,"(np.float64(-0.1782013048376736), np.float64(0.09079809994790936))",-0.24531517922878265,-0.5684908032417297,3.8684703656047934,-1.773056681620328,3.9410367657955807,7.486630926231359,-0.1308371827299118,0.13566913587920654
7,1,0.33999999999993236,"(np.float64(-0.1782013048376736), np.float64(0.09079809994790936))",-0.2893880009651184,-0.5440727472305298,3.9063181643112044,-1.7015310740522953,3.632496640181644,6.819373660006003,-0.13960115787500188,0.1313721812857224
7,1,0.34999999999993037,"(np.float64(-0.1782013048376736), np.float64(0.09079809994790936))",-0.30245667695999146,-0.5227034687995911,3.941067053991953,-1.6364916829162457,3.3209984073697707,6.188937320057551,-0.1475287877063162,0.1268997403141198
7,1,0.3599999999999284,"(np.float64(-0.1782013048376736), np.float64(0.09079809994790936))",-0.31227046251296997,-0.5163618326187134,3.9727336638429707,-1.5776852629400215,3.0158982306694875,5.572523861328904,-0.15465437220271372,0.12238265072949614
7,1,0.3699999999999264,"(np.float64(-0.1782013048376736), np.float64(0.09079809994790936))",-0.30838271975517273,-0.5097174048423767,4.00146481306376,-1.5250047931643373,2.733646492667344,4.963594363529909,-0.16100637355360709,0.11792101154397092
7,1,0.3799999999999244,"(np.float64(-0.1782013048376736), np.float64(0.09079809994790936))",-0.2947588860988617,-0.5430870056152344,4.027627104726861,-1.4786557110283918,2.502006295772315,4.306324864532499,-0.16660765524086718,0.1135969409476521
7,1,0.3899999999999224,"(np.float64(-0.1782013048376736), np.float64(0.09079809994790936))",-0.27525606751441956,-0.5713600516319275,4.051748703939905,-1.4390985907487508,2.325240101670284,3.605309683635964,-0.1714559239166194,0.10947439677448008
7,1,0.3999999999999204,"(np.float64(-0.1782013048376736), np.float64(0.09079809994790936))",-0.259109228849411,-0.5597345232963562,4.074262920714992,-1.4065054523286429,2.1799665532645744,2.9134310156037766,-0.17552696630383685,0.10560683618198688
7,1,0.40999999999991843,"(np.float64(-0.1782013048376736), np.float64(0.09079809994790936))",-0.24310187995433807,-0.511058509349823,4.095388431825134,-1.3805481043293666,2.0465122816097687,2.278241964524901,-0.1788266181718835,0.10203927016822295
7,1,0.41999999999991644,"(np.float64(-0.1782013048376736), np.float64(0.09079809994790936))",-0.2324855774641037,-0.4702201783657074,4.115198420772121,-1.3606940572795887,1.9167507209206747,1.6924224971497925,-0.18140934145468904,0.09880335417712588
7,1,0.42999999999991445,"(np.float64(-0.1782013048376736), np.float64(0.09079809994790936))",-0.22712306678295135,-0.4293670654296875,4.133687203804321,-1.3464394564627848,1.781608921334914,1.1587749941899683,-0.18334713803481006,0.09591905368316953
7,1,0.43999999999991246,"(np.float64(-0.1782013048376736), np.float64(0.09079809994790936))",-0.21613751351833344,-0.3761829435825348,4.1508006680281575,-1.3372001721329436,1.6416082129756142,0.688846097775878,-0.18470605564611495,0.09340083455475484
7,1,0.44999999999991047,"(np.float64(-0.1782013048376736), np.float64(0.09079809994790936))",-0.20519132912158966,-0.31407395005226135,4.1664617904295795,-1.3322875196103259,1.4855633156630217,0.3091165792203817,-0.18555679302579206,0.09125290750995833
7,1,0.4599999999999085,"(np.float64(-0.1782013048376736), np.float64(0.09079809994790936))",-0.19041948020458221,-0.22907915711402893,4.1803607123841235,-1.330341291935204,1.2828937653109718,0.11256342383429255,-0.18597701944243433,0.0894667574661962
7,1,0.4699999999999065,"(np.float64(-0.1782013048376736), np.float64(0.09079809994790936))",-0.17436599731445312,-0.19362707436084747,4.192067318724939,-1.3296711265444723,1.0531364615431842,0.034861159287286655,-0.18610691911576618,0.08801401628535191
7,1,0.4799999999999045,"(np.float64(-0.1782013048376736), np.float64(0.09079809994790936))",-0.15698719024658203,-0.18033580482006073,4.201457077666479,-1.3295053402018089,0.822336495205773,0.0036332132914772795,-0.18611645445125405,0.08685194106978868
7,1,0.4899999999999025,"(np.float64(-0.1782013048376736), np.float64(0.09079809994790936))",-0.1386660635471344,-0.1722393035888672,4.208585736508409,-1.329543635797253,0.6021570475830116,-0.009135673065743173,-0.18608437116065066,0.08594905534135278
7,1,0.4999999999999005,"(np.float64(-0.1782013048376736), np.float64(0.09079809994790936))",-0.1197662353515625,-0.16661539673805237,4.213590059220022,-1.3296668400763012,0.39802391105428847,-0.01459941980178463,-0.18604210919318476,0.08528011300414703
7,1,0.5099999999998985,"(np.float64(-0.1782013048376736), np.float64(0.09079809994790936))",-0.10082073509693146,-0.1620042771100998,4.2166431458227445,-1.3298276802339182,0.21216361694675662,-0.01715769292294698,-0.18600232912084538,0.08482237415956352
7,1,0.5199999999998965,"(np.float64(-0.1782013048376736), np.float64(0.09079809994790936))",-0.07082691043615341,-0.15654468536376953,4.218056754869766,-1.330011701717405,0.08386053524906953,-0.02284382829715982,-0.18596980206293684,0.08455447618457831
7,1,0.5299999999998946,"(np.float64(-0.1782013048376736), np.float64(0.09079809994790936))",-0.042227841913700104,-0.15203523635864258,4.218589009804036,-1.3303520708288032,0.031545769025744436,-0.048809722385067325,-0.18594477090232364,0.08444555290832545
7,1,0.5399999999998926,"(np.float64(-0.1782013048376736), np.float64(0.09079809994790936))",-0.02972431294620037,-0.14568538963794708,4.21878462017392,-1.33099444022866,0.011050594875161128,-0.08121851938521359,-0.1859104015597496,0.08443299598175845
7,1,0.5499999999998906,"(np.float64(-0.1782013048376736), np.float64(0.09079809994790936))",-0.023897362872958183,-0.13859997689723969,4.218847459092806,-1.3319543568086132,0.002885604104575421,-0.11145416968090116,-0.18584947309316002,0.08447134289638568
7,1,0.5599999999998886,"(np.float64(-0.1782013048376736), np.float64(0.09079809994790936))",-0.020754147320985794,-0.13173885643482208,4.218856822825823,-1.3331922422015177,-0.0004590222189335344,-0.13643670528216112,-0.18575907363031177,0.08453918528967955
7,1,0.5699999999998866,"(np.float64(-0.1782013048376736), np.float64(0.09079809994790936))",-0.018863772973418236,-0.1267601102590561,4.218844124261843,-1.3346580221134854,-0.0018517437844146167,-0.15685666280094432,-0.18564235847083843,0.08462509674233895
7,1,0.5799999999998846,"(np.float64(-0.1782013048376736), np.float64(0.09079809994790936))",-0.017618848010897636,-0.12377357482910156,4.2188223498376045,-1.3363135884545752,-0.002410447791723168,-0.17430422357194558,-0.18550383886792332,0.08472264513058349
7,1,0.5899999999998826,"(np.float64(-0.1782013048376736), np.float64(0.09079809994790936))",-0.01675710640847683,-0.12093677371740341,4.218796822174975,-1.3381281262263418,-0.0026535782984530893,-0.18861674728589492,-0.18534704039472838,0.08482841347034648
7,1,0.5999999999998806,"(np.float64(-0.1782013048376736), np.float64(0.09079809994790936))",-0.01625986211001873,-0.11827659606933594,4.218769428058258,-1.3400705604991585,-0.0027994902088571325,-0.1998743615479322,-0.18517486602388977,0.0849404708702726
7,1,0.6099999999998786,"(np.float64(-0.1782013048376736), np.float64(0.09079809994790936))",-0.015830039978027344,-0.11581211537122726,4.218740808482952,-1.3421113346125182,-0.0029055739681304376,-0.20828418638529275,-0.18499027767763754,0.08505736079383458
7,1,0.6199999999998766,"(np.float64(-0.1782013048376736), np.float64(0.09079809994790936))",-0.015449714846909046,-0.11354341357946396,4.21871122944295,-1.3442231420873254,-0.0029947044443277824,-0.21408345622038502,-0.18479610468255764,0.08517784097572889
7,1,0.6299999999998747,"(np.float64(-0.1782013048376736), np.float64(0.09079809994790936))",-0.01513051986694336,-0.1107766181230545,4.218680623128792,-1.3463771249142158,-0.0031079184887688053,-0.21672881978621486,-0.18459496488460786,0.0853007753727607
7,1,0.6399999999998727,"(np.float64(-0.1782013048376736), np.float64(0.09079809994790936))",-0.014864540658891201,-0.10768814384937286,4.21864869608752,-1.348540148463409,-0.0032542135894360735,-0.2159020686546021,-0.18438962762655375,0.08542492467524544
7,1,0.6499999999998707,"(np.float64(-0.1782013048376736), np.float64(0.09079809994790936))",-0.014630603604018688,-0.10510044544935226,4.218615317471077,-1.3506806153224091,-0.0033987763947944524,-0.21221977876848735,-0.1841832742432165,0.08554878744788838
7,1,0.6599999999998687,"(np.float64(-0.1782013048376736), np.float64(0.09079809994790936))",-0.014428424648940563,-0.10296078026294708,4.218580583618392,-1.3527726009564742,-0.0035277643186990676,-0.2062042262048598,-0.18397893918328231,0.08567085037908591
7,1,0.6699999999998667,"(np.float64(-0.1782013048376736), np.float64(0.09079809994790936))",-0.014255428686738014,-0.10122423619031906,4.2185446782928775,-1.3547950551293737,-0.0036362293567569763,-0.19831016007829513,-0.1837791142281853,0.08578981800515083
7,1,0.6799999999998647,"(np.float64(-0.1782013048376736), np.float64(0.09079809994790936))",-0.014110088348388672,-0.0998508483171463,4.218507811559575,-1.3567312050332208,-0.003723284826048206,-0.18893942254078988,-0.18358582625163133,0.08590461534240446
7,1,0.6899999999998627,"(np.float64(-0.1782013048376736), np.float64(0.09079809994790936))",-0.013989639468491077,-0.09880218654870987,4.218470192606484,-1.3585680610469,-0.0037897651423455026,-0.1784473695203768,-0.18340069444341198,0.08601437903144518
7,1,0.6999999999998607,"(np.float64(-0.1782013048376736), np.float64(0.09079809994790936))",-0.013890552334487438,-0.09804239124059677,4.218432018672203,-1.3602959798393364,-0.0038371494833597175,-0.1671481682216384,-0.18322497715374209,0.08611844216389965
7,1,0.7099999999998587,"(np.float64(-0.1782013048376736), np.float64(0.09079809994790936))",-0.013811493292450905,-0.09753751754760742,4.218393469285412,-1.3619082690893518,-0.003867428014564245,-0.15531798852702608,-0.18305961304575166,0.08621631582094762
7,1,0.7199999999998568,"(np.float64(-0.1782013048376736), np.float64(0.09079809994790936))",-0.013749027624726295,-0.09725513309240341,4.218354704571683,-1.3634008198272827,-0.0038825112719226874,-0.1431973722333834,-0.18290525826319753,0.08630766971968873
7,1,0.7299999999998548,"(np.float64(-0.1782013048376736), np.float64(0.09079809994790936))",-0.01370086707174778,-0.09716539829969406,4.218315865553529,-1.364771765718276,-0.0038843090236506676,-0.1309943103380149,-0.18276232103858148,0.0863923127198325
7,1,0.7399999999998528,"(np.float64(-0.1782013048376736), np.float64(0.09079809994790936))",-0.013665390200912952,-0.09723959118127823,4.218277073994245,-1.366021163966725,-0.0038747566175706648,-0.11888551817368437,-0.18263099384492096,0.08647017403235281
7,1,0.7499999999998508,"(np.float64(-0.1782013048376736), np.float64(0.09079809994790936))",-0.013640117831528187,-0.09745216369628906,4.218238433673388,-1.3671507009425734,-0.0038555518600420315,-0.10702007927310013,-0.18251128362081367,0.08654128550779544
7,1,0.7599999999998488,"(np.float64(-0.1782013048376736), np.float64(0.09079809994790936))",-0.013623333536088467,-0.0977787971496582,4.218200031794146,-1.3681634220055734,-0.0038283203884333272,-0.09552068787617156,-0.1824030397492214,0.0866057651679945
7,1,0.7699999999998468,"(np.float64(-0.1782013048376736), np.float64(0.09079809994790936))",-0.013613319955766201,-0.09819803386926651,4.21816194024062,-1.369063483586256,-0.00379452357607072,-0.08448683040315252,-0.18230597982988989,0.08666380217304534
7,1,0.7799999999998448,"(np.float64(-0.1782013048376736), np.float64(0.09079809994790936))",-0.013608360663056374,-0.09868993610143661,4.218124217112265,-1.369855929120581,-0.003755477745977515,-0.07399639476740318,-0.18221971341208718,0.08671564316263418
7,1,0.7899999999998428,"(np.float64(-0.1782013048376736), np.float64(0.09079809994790936))",-0.01360788382589817,-0.09923658519983292,4.218086907439266,-1.370546483803568,-0.003712479452430484,-0.06410782452530187,-0.18214376351147812,0.08676158001514052
7,1,0.7999999999998408,"(np.float64(-0.1782013048376736), np.float64(0.09079809994790936))",-0.013609695248305798,-0.09982223808765411,4.2180500450555325,-1.3711413726001174,-0.0036665202553551914,-0.054862593102737084,-0.18207758638134658,0.08680193883679709
7,1,0.8099999999998388,"(np.float64(-0.1782013048376736), np.float64(0.09079809994790936))",-0.013613605871796608,-0.10043306648731232,4.218013653721187,-1.3716471602551763,-0.0036186151810592565,-0.04628716496308398,-0.18202058908344296,0.08683707019144966
7,1,0.8199999999998369,"(np.float64(-0.1782013048376736), np.float64(0.09079809994790936))",-0.013617992401123047,-0.10105705261230469,4.217977748481318,-1.3720706115682235,-0.0035695317646550775,-0.038395055264208375,-0.18197214497362124,0.08686734063595888
7,1,0.8299999999998349,"(np.float64(-0.1782013048376736), np.float64(0.09079809994790936))",-0.01362237986177206,-0.10168371349573135,4.217942336906174,-1.3724185697722433,-0.0035200006789957382,-0.03118841794635142,-0.1819316072535087,0.0868931253805554
7,1,0.8399999999998329,"(np.float64(-0.1782013048376736), np.float64(0.09079809994790936))",-0.0136260986328125,-0.10230407863855362,4.217907419885458,-1.3726978512860148,-0.0034463973981371703,-0.025105625122127207,-0.18189832078769075,0.08691480195878373
7,1,0.8499999999998309,"(np.float64(-0.1782013048376736), np.float64(0.09079809994790936))",-0.013628768734633923,-0.10284290462732315,4.21787372429907,-1.3729328153635696,-0.0032832514707241927,-0.022351993190279452,-0.18187163234762171,0.08693274482955844
7,1,0.8599999999998289,"(np.float64(-0.1782013048376736), np.float64(0.09079809994790936))",-0.013619708828628063,-0.10294389724731445,4.21784159506382,-1.3731496471829459,-0.0031480442083590887,-0.02120516532582012,-0.18184919192223142,0.08694810049078901
7,1,0.8699999999998269,"(np.float64(-0.1782013048376736), np.float64(0.09079809994790936))",-0.013597202487289906,-0.1028347983956337,4.217810596159183,-1.3733587888604137,-0.0030585365717042783,-0.020705244266513014,-0.18182847872155566,0.086962211717127
7,1,0.8799999999998249,"(np.float64(-0.1782013048376736), np.float64(0.09079809994790936))",-0.013562584295868874,-0.1026405319571495,4.2177803124320485,-1.3735644661311197,-0.0030034820994665583,-0.020468789768027563,-0.1818084955544918,0.08697575967220644
7,1,0.8899999999998229,"(np.float64(-0.1782013048376736), np.float64(0.09079809994790936))",-0.013519954867661,-0.10241232067346573,4.217750464169575,-1.373768411012247,-0.0029698713726027323,-0.020341157369326204,-0.18178884209106252,0.08698907827638977
7,1,0.8999999999998209,"(np.float64(-0.1782013048376736), np.float64(0.09079809994790936))",-0.013471794314682484,-0.10216989368200302,4.217720886283937,-1.373971343235032,-0.0029483315334393385,-0.020259032749576533,-0.1817693553143911,0.08700232383010807
7,1,0.909999999999819,"(np.float64(-0.1782013048376736), np.float64(0.09079809994790936))",-0.013420677743852139,-0.10192175209522247,4.217691488646618,-1.3741735654023735,-0.0029331734647449455,-0.020196129963969644,-0.18174996754568043,0.0870155625094349
7,1,0.919999999999817,"(np.float64(-0.1782013048376736), np.float64(0.09079809994790936))",-0.013367271982133389,-0.10167150944471359,4.217662225512768,-1.3743752056782936,-0.0029210815856705137,-0.02014136740792459,-0.18173064998998775,0.08702881604901186
7,1,0.929999999999815,"(np.float64(-0.1782013048376736), np.float64(0.09079809994790936))",-0.013313102535903454,-0.10142078250646591,4.217633075474999,-1.3745763181739532,-0.0029103662259814763,-0.020090010866892563,-0.18171139000296152,0.08704208556195717
7,1,0.939999999999813,"(np.float64(-0.1782013048376736), np.float64(0.09079809994790936))",-0.013258076272904873,-0.10116977989673615,4.2176040299317235,-1.3747769249257604,-0.0029000968768878297,-0.020039972714077915,-0.18169218181910515,0.08705536377915125
7,1,0.949999999999811,"(np.float64(-0.1782013048376736), np.float64(0.09079809994790936))",-0.013202858157455921,-0.10091924667358398,4.217575086626686,-1.3749770342837069,-0.002889879451105098,-0.01999041549366399,-0.18167302272301344,0.08706864105056483
7,1,0.959999999999809,"(np.float64(-0.1782013048376736), np.float64(0.09079809994790936))",-0.013147163204848766,-0.10066919773817062,4.217546246277815,-1.3751766490081512,-0.002879499245377309,-0.0199409877296523,-0.1816539113783909,0.08708190809484971
7,1,0.969999999999807,"(np.float64(-0.1782013048376736), np.float64(0.09079809994790936))",-0.01309127826243639,-0.10041971504688263,4.217517510793537,-1.3753757696456816,-0.002868911104915093,-0.01989156528121751,-0.18163484708365163,0.08709515706075519
7,1,0.979999999999805,"(np.float64(-0.1782013048376736), np.float64(0.09079809994790936))",-0.013035870157182217,-0.10017090290784836,4.217488881814097,-1.375574396093705,-0.002858194940248227,-0.019842127289347956,-0.1816158294494146,0.08710838175514066
7,1,0.989999999999803,"(np.float64(-0.1782013048376736), np.float64(0.09079809994790936))",-0.012980652041733265,-0.09992247074842453,4.2174603605182135,-1.3757725280566881,-0.002847372983245198,-0.01979265488867876,-0.18159685823864374,0.08712157756416583
7,1,0.999999999999801,"(np.float64(-0.1782013048376736), np.float64(0.09079809994790936))",-0.012925338931381702,-0.09967470169067383,4.217431948031482,-1.3759701654308447,-0.002836438408124106,-0.019743193093764443,-0.1815779333055038,0.08713474117053387
7,2,0.0,"(np.float64(0.1782013048376736), np.float64(0.09079809994790936))",-0.012870407663285732,-0.09942779690027237,4.217403645100763,-1.3761673086189334,-0.0028254598591297793,-0.019693796365982258,-0.18155905453921406,0.0871478702311495
7,2,0.00999999999999801,"(np.float64(0.1782013048376736), np.float64(0.09079809994790936))",-1.1170071363449097,-1.4997276067733765,4.213872553129162,-1.382960401077739,-0.6941618570699578,-1.3292650046011465,-0.18154022182081103,0.08716096316220301
7,2,0.01999999999999602,"(np.float64(0.1782013048376736), np.float64(0.09079809994790936))",-1.1410585641860962,-1.5038918256759644,4.203460973776159,-1.4025999799039353,-1.3863198619144832,-2.593455036212803,-0.1808995107344059,0.08777905178729843
7,2,0.02999999999999403,"(np.float64(0.1782013048376736), np.float64(0.09079809994790936))",-1.1285194158554077,-1.4552061557769775,4.186092040981936,-1.434475529917807,-2.0908246553679257,-3.779252317560534,-0.17903960736024446,0.08962816171663343
7,2,0.03999999999999204,"(np.float64(0.1782013048376736), np.float64(0.09079809994790936))",-1.067962884902954,-1.3525514602661133,4.161691916196882,-1.4776382985419687,-2.79660428167462,-4.853329170345344,-0.1759877822233452,0.09268199714776283
7,2,0.04999999999999005,"(np.float64(0.1782013048376736), np.float64(0.09079809994790936))",-0.9398153424263,-1.1543529033660889,4.130377765826244,-1.5305734647874314,-3.4758421204009764,-5.735803828724688,-0.1717835176651121,0.09682298506570228
7,2,0.05999999999998806,"(np.float64(0.1782013048376736), np.float64(0.09079809994790936))",-0.795547604560852,-0.8839333653450012,4.092338385437897,-1.5909789470700415,-4.141364546404702,-6.348437321111164,-0.1665119932381517,0.10183830880355262
7,2,0.06999999999998607,"(np.float64(0.1782013048376736), np.float64(0.09079809994790936))",-0.6160578727722168,-0.5986591577529907,4.047964532176529,-1.6561465012950034,-4.740832391369606,-6.688508231965589,-0.16034200931761103,0.10745804979897575
7,2,0.07999999999998408,"(np.float64(0.1782013048376736), np.float64(0.09079809994790936))",-0.4668456017971039,-0.4887111783027649,3.9981768789266376,-1.7243999287160785,-5.222120290927852,-6.964900994670063,-0.15350062506304626,0.11340773871113853
7,2,0.0899999999999821,"(np.float64(0.1782013048376736), np.float64(0.09079809994790936))",-0.43449917435646057,-0.3869940936565399,3.9434537810153665,-1.7948783043112777,-5.725938911074421,-7.13264590777742,-0.1461335242424055,0.11944884332931563
7,2,0.0999999999999801,"(np.float64(0.1782013048376736), np.float64(0.09079809994790936))",-0.3945331573486328,-0.2734840512275696,3.88366329618333,-1.8664175108653676,-6.23373781809055,-7.177039934400806,-0.13831774761267807,0.12543906341375552
7,2,0.10999999999997812,"(np.float64(0.1782013048376736), np.float64(0.09079809994790936))",-0.35351601243019104,-0.20966072380542755,3.8189162333171294,-1.9380944283085049,-6.716462204351609,-7.1595729772499865,-0.1301625855956338,0.1313179116741878
7,2,0.11999999999997613,"(np.float64(0.1782013048376736), np.float64(0.09079809994790936))",-0.3162305951118469,-0.215850830078125,3.7496049454424156,-2.0097246555265804,-7.145895331755974,-7.16730217882076,-0.12175446842859507,0.13704534842442806
7,2,0.12999999999997414,"(np.float64(0.1782013048376736), np.float64(0.09079809994790936))",-0.27597275376319885,-0.21399489045143127,3.6762840533600576,-2.0815027367535928,-7.517887593994854,-7.189017726967873,-0.11310728717159743,0.14258561279962442
7,2,0.13999999999997215,"(np.float64(0.1782013048376736), np.float64(0.09079809994790936))",-0.22822323441505432,-0.20688915252685547,3.5995814589606625,-2.153543481044395,-7.8218995802864075,-7.219816135156983,-0.10420062059483562,0.14789692558034032
7,2,0.14999999999997016,"(np.float64(0.1782013048376736), np.float64(0.09079809994790936))",-0.2083268165588379,-0.1980295181274414,3.5199891626461133,-2.2258683912937767,-8.09543012920897,-7.2456851495298356,-0.09502708335223142,0.15293313602080788
7,2,0.15999999999996817,"(np.float64(0.1782013048376736), np.float64(0.09079809994790936))",-0.19955158233642578,-0.18443861603736877,3.4377359224219033,-2.2983700713205684,-8.353730362464255,-7.25501353614556,-0.08558874422133889,0.1576596956063207
7,2,0.16999999999996618,"(np.float64(0.1782013048376736), np.float64(0.09079809994790936))",-0.19142647087574005,-0.15930166840553284,3.3529578535719473,-2.3708008479361316,-8.600058354255074,-7.231395447410392,-0.07589286555986813,0.1620655714200282
7,2,0.1799999999999642,"(np.float64(0.1782013048376736), np.float64(0.09079809994790936))",-0.17043562233448029,-0.16652612388134003,3.2659263870139417,-2.443062160293194,-8.80440450366877,-7.221002191690859,-0.06595302908403192,0.16615262834447392
7,2,0.1899999999999622,"(np.float64(0.1782013048376736), np.float64(0.09079809994790936))",-0.1391628235578537,-0.15460777282714844,3.177096912052217,-2.5151743100564428,-8.959632328377413,-7.201525613751627,-0.05577029979231665,0.16990893499954074
7,2,0.1999999999999602,"(np.float64(0.1782013048376736), np.float64(0.09079809994790936))",-0.11745138466358185,-0.1441631317138672,3.0868962690012416,-2.587036620159772,-9.07863709259115,-7.170911998105814,-0.04534386023221007,0.17330184440695723
7,2,0.20999999999995822,"(np.float64(0.1782013048376736), np.float64(0.09079809994790936))",-0.11709842830896378,-0.11903323978185654,2.995516910354552,-2.6584006995174247,-9.19525404041855,-7.101695732703101,-0.03468634177885402,0.17630218116977137
7,2,0.21999999999995623,"(np.float64(0.1782013048376736), np.float64(0.09079809994790936))",-0.1676115095615387,-0.0538877509534359,2.902582374748355,-2.7285276943986982,-9.38914721242669,-6.923212691954966,-0.023812876411378442,0.17890183438859233
7,2,0.22999999999995424,"(np.float64(0.1782013048376736), np.float64(0.09079809994790936))",-0.18492279946804047,-0.031182384118437767,2.8076231138054575,-2.7966530850422844,-9.6001910585725,-6.701298664683436,-0.01273827229814406,0.18115562831801751
7,2,0.23999999999995225,"(np.float64(0.1782013048376736), np.float64(0.09079809994790936))",-0.1564183235168457,-0.048467256128787994,2.7108302839725127,-2.8626778606301233,-9.756089504486896,-6.503558032090488,-0.0014553032077708472,0.18312484591486822
7,2,0.24999999999995026,"(np.float64(0.1782013048376736), np.float64(0.09079809994790936))",-0.07817106693983078,-0.07276077568531036,2.613078881081152,-2.9269782602980374,-9.792725521626156,-6.356689773778245,0.010057115202483605,0.18478388011824318
7,2,0.2599999999999483,"(np.float64(0.1782013048376736), np.float64(0.09079809994790936))",-0.014617634005844593,-0.07813262939453125,2.5154072835989214,-2.9899182699300506,-9.740994326817498,-6.231230992257493,0.021789926972537205,0.18602965886369496
7,2,0.2699999999999463,"(np.float64(0.1782013048376736), np.float64(0.09079809994790936))",0.04578990861773491,-0.07319211959838867,2.418641286268837,-3.0516413699281073,-9.612060047513792,-6.1134738040259915,0.033691380468431925,0.1867508604840899
7,2,0.2799999999999443,"(np.float64(0.1782013048376736), np.float64(0.09079809994790936))",0.07976589351892471,-0.07898159325122833,2.323385127098808,-3.1122594251204085,-9.439304511103973,-6.010230960528093,0.04568466208373062,0.18687066453446474
7,2,0.2899999999999423,"(np.float64(0.1782013048376736), np.float64(0.09079809994790936))",0.10182686150074005,-0.07021226733922958,2.229971438210243,-3.1718093014347213,-9.24366292270392,-5.899939882099184,0.05768890590520338,0.18633697568639238
7,2,0.2999999999999403,"(np.float64(0.1782013048376736), np.float64(0.09079809994790936))",0.11546077579259872,-0.06515512615442276,2.138578532802857,-3.230237530216245,-9.035177353073147,-5.786016341938355,0.06962986753433766,0.18512724549358922
7,2,0.3099999999999383,"(np.float64(0.1782013048376736), np.float64(0.09079809994790936))",0.15642224252223969,-0.06697206944227219,2.0495177441488592,-3.287601824082514,-8.777324532449505,-5.687460022962217,0.08143722265822574,0.18324301937130624
7,2,0.31999999999993634,"(np.float64(0.1782013048376736), np.float64(0.09079809994790936))",0.24473419785499573,-0.04180774837732315,1.9635393490461943,-3.343976173310359,-8.418746456929993,-5.588719400781247,0.09303113661357088,0.1806841551977934
7,2,0.32999999999993435,"(np.float64(0.1782013048376736), np.float64(0.09079809994790936))",0.31392765045166016,-0.016465282067656517,1.8815295319746956,-3.399350695483417,-7.983465992867985,-5.487901097293249,0.10428696670984783,0.17745534452232403
7,2,0.33999999999993236,"(np.float64(0.1782013048376736), np.float64(0.09079809994790936))",0.355996698141098,0.009949684143066406,1.804086943643715,-3.4536701626728035,-7.505041754749826,-5.377899695282493,0.11506100501016286,0.17359115773302508
7,2,0.34999999999993037,"(np.float64(0.1782013048376736), np.float64(0.09079809994790936))",0.45220890641212463,0.043944742530584335,1.7319821259596546,-3.5068999395956197,-6.915755702387747,-5.270535434576343,0.12524041095100333,0.16915831789415914
7,2,0.3599999999999284,"(np.float64(0.1782013048376736), np.float64(0.09079809994790936))",0.513619601726532,0.06301956623792648,1.6661275107607758,-3.5591111481062785,-6.255052938493348,-5.173990266971612,0.134705305981847,0.16424019045822116
7,2,0.3699999999999264,"(np.float64(0.1782013048376736), np.float64(0.09079809994790936))",0.5437753796577454,0.06805839389562607,1.6070712004690473,-3.610452783892072,-5.555621486584163,-5.096858720590923,0.14333518623835376,0.1589297556581383
7,2,0.3799999999999244,"(np.float64(0.1782013048376736), np.float64(0.09079809994790936))",0.6055723428726196,0.09646282345056534,1.555371560956464,-3.6610409103045307,-4.783751411542869,-5.023620884514122,0.15106042542478448,0.15332493841919656
7,2,0.3899999999999224,"(np.float64(0.1782013048376736), np.float64(0.09079809994790936))",0.6365997195243835,0.13468094170093536,1.511536597224119,-3.710813346200396,-3.98279800304253,-4.933924509684537,0.15782187536891024,0.14753215668353012
7,2,0.3999999999999204,"(np.float64(0.1782013048376736), np.float64(0.09079809994790936))",0.5951771140098572,0.17524051666259766,1.475378994955446,-3.759466343286041,-3.2488343947318086,-4.79930061708848,0.1635722376527411,0.14167697259233417
7,2,0.40999999999991843,"(np.float64(0.1782013048376736), np.float64(0.09079809994790936))",0.5534189343452454,0.1971723586320877,1.4462397747866789,-3.8066455307780704,-2.578856351385384,-4.639285033835563,0.1683381227100557,0.1358913814632016
7,2,0.41999999999991644,"(np.float64(0.1782013048376736), np.float64(0.09079809994790936))",0.4909605085849762,0.18926392495632172,1.4234062974676964,-3.8522351162073654,-1.9877327367727258,-4.480901841677956,0.17219934079432503,0.1302867389570246
7,2,0.42999999999991445,"(np.float64(0.1782013048376736), np.float64(0.09079809994790936))",0.3046310544013977,0.2605924606323242,1.4051335208305569,-3.8955270732024267,-1.6663176652580423,-4.178943938360514,0.17524674024562323,0.12493072471547205
7,2,0.43999999999991246,"(np.float64(0.1782013048376736), np.float64(0.09079809994790936))",0.20361080765724182,0.3116224408149719,1.3893255870373789,-3.9353393769071547,-1.4948762309024748,-3.7844828538630537,0.1776668505534328,0.11989735925259651
7,2,0.44999999999991047,"(np.float64(0.1782013048376736), np.float64(0.09079809994790936))",0.20635242760181427,0.3249887526035309,1.3752290292061544,-3.9711587617441424,-1.3244611021205148,-3.3802666642000276,0.17968447563272483,0.1152662134674076
7,2,0.4599999999999085,"(np.float64(0.1782013048376736), np.float64(0.09079809994790936))",0.2056589126586914,0.3253246247768402,1.3628283369222178,-4.00295576245293,-1.1558327780334758,-2.9798347309513598,0.18140383217357603,0.1110751286222746
7,2,0.4699999999999065,"(np.float64(0.1782013048376736), np.float64(0.09079809994790936))",0.20261001586914062,0.312547504901886,1.3521146190717976,-4.030837860589271,-0.9870608377833444,-2.5970909542800964,0.18285585516568992,0.10733571746332501
7,2,0.4799999999999045,"(np.float64(0.1782013048376736), np.float64(0.09079809994790936))",0.19848500192165375,0.26959019899368286,1.3431450749747331,-4.055156682915212,-0.8068913884654454,-2.2668854853903775,0.18406519350445627,0.10404569688466205
7,2,0.4899999999999025,"(np.float64(0.1782013048376736), np.float64(0.09079809994790936))",0.19047775864601135,0.21748696267604828,1.3360311116809074,-4.07647816956131,-0.6158295285945513,-1.997384242251691,0.185045331965499,0.10118093789586491
7,2,0.4999999999999005,"(np.float64(0.1782013048376736), np.float64(0.09079809994790936))",0.1768915206193924,0.16584472358226776,1.330848206413042,-4.095389571915535,-0.4205874008110436,-1.7847040724107541,0.185800158104966,0.09869814311974605
7,2,0.5099999999998985,"(np.float64(0.1782013048376736), np.float64(0.09079809994790936))",0.16026555001735687,0.1478593796491623,1.3275503662824333,-4.1122451691480215,-0.23884422257223864,-1.5862868659262368,0.18633355879432573,0.09654948257780119
7,2,0.5199999999998965,"(np.float64(0.1782013048376736), np.float64(0.09079809994790936))",0.14229698479175568,0.12848186492919922,1.3259525800779868,-4.127179475861405,-0.09465282456091578,-1.3958585652479998,0.1866596298404463,0.09470256598775642
7,2,0.5299999999998946,"(np.float64(0.1782013048376736), np.float64(0.09079809994790936))",0.12629662454128265,0.11023159325122833,1.3253641807595822,-4.140157983697709,-0.03358262064077075,-1.1959377204784307,0.1868042569311657,0.09313803093859734
7,2,0.5399999999998926,"(np.float64(0.1782013048376736), np.float64(0.09079809994790936))",0.11654625087976456,0.09258251637220383,1.325173074035783,-4.15114855429019,-0.008872220212449957,-1.000295956940788,0.18683817018614943,0.09182644805063744
7,2,0.5499999999998906,"(np.float64(0.1782013048376736), np.float64(0.09079809994790936))",0.10939426720142365,0.07493477314710617,1.325143426105124,-4.160237375467078,0.001235044869386099,-0.8164873827633962,0.18682562114389056,0.09073832255575122
7,2,0.5599999999998886,"(np.float64(0.1782013048376736), np.float64(0.09079809994790936))",0.10329323261976242,0.06235161051154137,1.3251791644052366,-4.167534640005566,0.005249136244864041,-0.642444927895226,0.18679498563921476,0.08985004126308524
7,2,0.5699999999998866,"(np.float64(0.1782013048376736), np.float64(0.09079809994790936))",0.09841728210449219,0.05159282684326172,1.3252406995804655,-4.173138376637738,0.006810419870529636,-0.4780100286555238,0.18675966033728622,0.08914321178532417
7,2,0.5799999999998846,"(np.float64(0.1782013048376736), np.float64(0.09079809994790936))",0.09399604797363281,0.04070758819580078,1.325312223470935,-4.177150529153726,0.007409261112902401,-0.32423291469950327,0.18672616784503235,0.08860427413385806
7,2,0.5899999999998826,"(np.float64(0.1782013048376736), np.float64(0.09079809994790936))",0.09154891967773438,0.029694557189941406,1.3253888100273024,-4.179681196656019,0.007848751020533937,-0.1817490925996816,0.18669742146043247,0.08822126575315319
7,2,0.5999999999998806,"(np.float64(0.1782013048376736), np.float64(0.09079809994790936))",0.0890970230102539,0.020466232672333717,1.3254720358639187,-4.1809087316593345,0.009395836101803749,-0.07593367078874756,0.18667435527226922,0.08798255620420985
7,2,0.6099999999998786,"(np.float64(0.1782013048376736), np.float64(0.09079809994790936))",0.08703117817640305,0.013486099429428577,1.3255789559404692,-4.1814037035809335,0.012141369156417788,-0.030617200226912007,0.1866559909753204,0.08787085519706858
7,2,0.6199999999998766,"(np.float64(0.1782013048376736), np.float64(0.09079809994790936))",0.08592605590820312,0.010417938232421875,1.3257113516761294,-4.181599893136081,0.014743167490567708,-0.011744489358676127,0.1866355580831746,0.08783319550580551
7,2,0.6299999999998747,"(np.float64(0.1782013048376736), np.float64(0.09079809994790936))",0.08528690785169601,0.009023857302963734,1.3258828653087555,-4.1816717934001915,0.020211485686938327,-0.003946115811846403,0.18661133392094298,0.08782739625405583
7,2,0.6399999999998727,"(np.float64(0.1782013048376736), np.float64(0.09079809994790936))",0.08459224551916122,0.008213234134018421,1.3261187391479852,-4.181692584203888,0.027230488595653163,-0.0007482514740862825,0.1865834191007667,0.08783604102071473
7,2,0.6499999999998707,"(np.float64(0.1782013048376736), np.float64(0.09079809994790936))",0.0838218703866005,0.007625389378517866,1.3264257202813245,-4.1816925013847905,0.03426090032900952,0.0005460629105862285,0.18655066888942512,0.08785249589369638
7,2,0.6599999999998687,"(np.float64(0.1782013048376736), np.float64(0.09079809994790936))",0.08304595947265625,0.007140159606933594,1.326800215747893,-4.181684083866897,0.040659485239018904,0.0010497763691610243,0.18651291189925875,0.08787384701311271
7,2,0.6699999999998667,"(np.float64(0.1782013048376736), np.float64(0.09079809994790936))",0.08229732513427734,0.006709098815917969,1.3272345366859677,-4.181672540330969,0.04619716912748658,0.0012257662958905988,0.18647048308965777,0.0878986539240267
7,2,0.6799999999998647,"(np.float64(0.1782013048376736), np.float64(0.09079809994790936))",0.08158931881189346,0.006312370300292969,1.3277197586700842,-4.18166002006382,0.05083101361567016,0.0012678643070330043,0.18642388738850346,0.08792610916341663
7,2,0.6899999999998627,"(np.float64(0.1782013048376736), np.float64(0.09079809994790936))",0.08092708885669708,0.005941200535744429,1.3282469862001933,-4.181647388920024,0.05459805443689927,0.0012573989181602428,0.1863736802085131,0.08795568132688597
7,2,0.6999999999998607,"(np.float64(0.1782013048376736), np.float64(0.09079809994790936))",0.08031044155359268,0.005591011140495539,1.3288078644663734,-4.181634975101077,0.05756400251804469,0.001228256716693349,0.1863204243723336,0.08798696297825705
7,2,0.7099999999998587,"(np.float64(0.1782013048376736), np.float64(0.09079809994790936))",0.07973823696374893,0.005259704776108265,1.3293947433704385,-4.18162288457353,0.059801692731047046,0.0011942232855585706,0.1862646732855598,0.08801960612049252
7,2,0.7199999999998568,"(np.float64(0.1782013048376736), np.float64(0.09079809994790936))",0.07920875400304794,0.004945182707160711,1.3300006950886125,-4.1816111355350065,0.06138176695045896,0.0011604558145106901,0.18620696309972384,0.08805329534074861
7,2,0.7299999999998548,"(np.float64(0.1782013048376736), np.float64(0.09079809994790936))",0.0787200927734375,0.004647254943847656,1.330619471533513,-4.181599714557163,0.062369224554865155,0.0011286861838170127,0.18614780758503238,0.08808773737910391
7,2,0.7399999999998528,"(np.float64(0.1782013048376736), np.float64(0.09079809994790936))",0.07827053219079971,0.004365158267319202,1.3312454445031443,-4.1815885995174025,0.06282301439553908,0.0010991807625499873,0.18608769452143034,0.08812265759229626
7,2,0.7499999999998508,"(np.float64(0.1782013048376736), np.float64(0.09079809994790936))",0.07785854488611221,0.0040988922119140625,1.3318735472319567,-4.181577768381684,0.06279656152963418,0.0010717526399235714,0.18602708305411703,0.08815779914451478
7,2,0.7599999999998488,"(np.float64(0.1782013048376736), np.float64(0.09079809994790936))",0.07748299092054367,0.0038478851784020662,1.332499224809946,-4.181567202219693,0.06233891979469861,0.001046022548127957,0.1859664017773547,0.08819292316851643
7,2,0.7699999999998468,"(np.float64(0.1782013048376736), np.float64(0.09079809994790936))",0.07714252918958664,0.0036128999199718237,1.3331183923823695,-4.181556885064688,0.06149516315868058,0.001021769261735429,0.18590604734110594,0.08822780918489763
7,2,0.7799999999998448,"(np.float64(0.1782013048376736), np.float64(0.09079809994790936))",0.07683620601892471,0.0033927918411791325,1.3337274013851095,-4.181546803931026,0.060307554777496164,0.0009986541690968484,0.18584638368716622,0.08826225546500288
7,2,0.7899999999998428,"(np.float64(0.1782013048376736), np.float64(0.09079809994790936))",0.07656269520521164,0.003188705537468195,1.3343230110075677,-4.181536947619777,0.058815466706849465,0.0009766220118208322,0.18578774170610257,0.08829607913122102
7,2,0.7999999999998408,"(np.float64(0.1782013048376736), np.float64(0.09079809994790936))",0.07632102817296982,0.0029998780228197575,1.3349023640588589,-4.181527306054918,0.057056294829903494,0.000955528236474349,0.1857304193583857,0.08832911611034669
7,2,0.8099999999998388,"(np.float64(0.1782013048376736), np.float64(0.09079809994790936))",0.0761098861694336,0.0028261186089366674,1.3354629662840516,-4.181517870226957,0.05506527248169418,0.0009352988367107576,0.18567468210581856,0.08836122085782515
7,2,0.8199999999998369,"(np.float64(0.1782013048376736), np.float64(0.09079809994790936))",0.07592811435461044,0.0026674270629882812,1.336002666754099,-4.181508631523563,0.05287586069650051,0.0009159222895444994,0.18562076355374463,0.0883922659044344
7,2,0.8299999999998349,"(np.float64(0.1782013048376736), np.float64(0.09079809994790936))",0.0757741928100586,0.00252361292950809,1.3365196388464478,-4.18149958128369,0.05051948238272793,0.0008974181550072534,0.18556886639269482,0.08842214129932507
7,2,0.8399999999998329,"(np.float64(0.1782013048376736), np.float64(0.09079809994790936))",0.07564697414636612,0.002394104143604636,1.3370123627041686,-4.181490710891079,0.04802607700756606,0.0008797668218895918,0.18551916355734266,0.08845075391503837
7,2,0.8499999999998309,"(np.float64(0.1782013048376736), np.float64(0.09079809994790936))",0.07554473727941513,0.00227870955131948,1.3374796072528652,-4.1814820115908065,0.04542347708207435,0.0008630073932969998,0.18547179945472994,0.08847802666773386
7,2,0.8599999999998289,"(np.float64(0.1782013048376736), np.float64(0.09079809994790936))",0.07546653598546982,0.002176666399464011,1.337920414140985,-4.181473474662056,0.042738393000657626,0.0008471069536434221,0.185426891365634,0.08850389767652375
7,2,0.8699999999998269,"(np.float64(0.1782013048376736), np.float64(0.09079809994790936))",0.07541046291589737,0.0020877837669104338,1.3383340808072457,-4.18146509124724,0.039995286036725794,0.0008321130671749594,0.18538453078075895,0.08852831943301229
7,2,0.8799999999998249,"(np.float64(0.1782013048376736), np.float64(0.09079809994790936))",0.07537517696619034,0.0020114898215979338,1.3387201416819465,-4.181456852210852,0.03721709284568196,0.0008180397714433644,0.18534478486592076,0.08855125794223621
7,2,0.8899999999998229,"(np.float64(0.1782013048376736), np.float64(0.09079809994790936))",0.07535915821790695,0.00194721226580441,1.3390783519124738,-4.1814487483119525,0.03442502246580797,0.0008048953933248828,0.18530769815524922,0.0885726917433975
7,2,0.8999999999998209,"(np.float64(0.1782013048376736), np.float64(0.09079809994790936))",0.07536087185144424,0.0018941879970952868,1.3394086701098982,-4.181440770366164,0.03163855916890507,0.0007926645726852432,0.1852732940503607,0.08859261101713371
7,2,0.909999999999819,"(np.float64(0.1782013048376736), np.float64(0.09079809994790936))",0.07537899166345596,0.0018516540294513106,1.3397112423318054,-4.181432909450028,0.028875706748435523,0.0007813135392643279,0.18524157642556538,0.08861101664386047
7,2,0.919999999999817,"(np.float64(0.1782013048376736), np.float64(0.09079809994790936))",0.07537517696619034,0.0018062591552734375,1.3399861760763487,-4.181425156624705,0.026111021607395937,0.0007708993278320639,0.18521253114143,0.08862791931735477
7,2,0.929999999999815,"(np.float64(0.1782013048376736), np.float64(0.09079809994790936))",0.07537879794836044,0.0017684936756268144,1.340233498099492,-4.181417502051086,0.02335343916437869,0.0007614925503325583,0.18518614608786627,0.08864332843018911
7,2,0.939999999999813,"(np.float64(0.1782013048376736), np.float64(0.09079809994790936))",0.0754062682390213,0.0017438888316974044,1.34045341617908,-4.181409935801545,0.020630140958499223,0.000753049282263791,0.18516241671187475,0.08865724909924821
7,2,0.949999999999811,"(np.float64(0.1782013048376736), np.float64(0.09079809994790936))",0.07545509189367294,0.0017313003772869706,1.3406463918346903,-4.181402448704398,0.01797644090726628,0.0007448636095161702,0.18514132299136196,0.08866969486544611
7,2,0.959999999999809,"(np.float64(0.1782013048376736), np.float64(0.09079809994790936))",0.0755210891366005,0.0017295837169513106,1.3408161784073023,-4.181395156044754,0.016270212437727704,0.0007003878764454284,0.18512282170620917,0.08868069188631125
7,2,0.969999999999807,"(np.float64(0.1782013048376736), np.float64(0.09079809994790936))",0.07552146911621094,0.0017047881847247481,1.3409747116996638,-4.18138844417168,0.01555631044936834,0.0006419661413375779,0.18510657484492993,0.08869041730696467
7,2,0.979999999999805,"(np.float64(0.1782013048376736), np.float64(0.09079809994790936))",0.07544384151697159,0.0016515732277184725,1.3411284649602113,-4.181382281264735,0.015245712824778039,0.0005939186626827092,0.18509149464575,0.08869943683663566
7,2,0.989999999999803,"(np.float64(0.1782013048376736), np.float64(0.09079809994790936))",0.0753353163599968,0.0015871048672124743,1.3412800781907044,-4.181376539101413,0.015100621160850423,0.000558155662343476,0.18507692945997345,0.0887081151277522
7,2,0.999999999999801,"(np.float64(0.1782013048376736), np.float64(0.09079809994790936))",0.07521400600671768,0.0015180588234215975,1.341430640524274,-4.181371107325003,0.015024248552004826,0.0005314747561067448,0.185062583064093,0.08871662910017462
8,1,0.0,"(np.float64(-0.1889612092933756), np.float64(0.06552603591233873))",0.054033663123846054,-0.005303096957504749,1.24945879412485,-4.31385660846825,0.010684872876524252,-0.0008621767511318194,0.19260841975627108,0.07054574060933844
8,1,0.00999999999999801,"(np.float64(-0.1889612092933756), np.float64(0.06552603591233873))",1.5441311597824097,1.2907402515411377,1.2563090152123202,-4.309960418232907,1.3482459340502604,0.7692645532186879,0.1925986116967377,0.07055184843125344
8,1,0.01999999999999602,"(np.float64(-0.1889612092933756), np.float64(0.06552603591233873))",1.5339736938476562,1.2083349227905273,1.2764035652672132,-4.299059397663804,2.6649718234814292,1.4092570046545192,0.19210244354982553,0.0713114009915981
8,1,0.02999999999999403,"(np.float64(-0.1889612092933756), np.float64(0.06552603591233873))",1.498112678527832,1.0184319019317627,1.3097416640312658,-4.282839306092977,4.0004404817936265,1.8394019262274512,0.19053415808034752,0.0735295821522257
8,1,0.03999999999999204,"(np.float64(-0.1889612092933756), np.float64(0.06552603591233873))",1.4504938125610352,0.9180355072021484,1.356315416714042,-4.26265493068262,5.314203321251637,2.2058169230582725,0.18773963401318167,0.07703540932378819
8,1,0.04999999999999005,"(np.float64(-0.1889612092933756), np.float64(0.06552603591233873))",1.3895353078842163,0.9257873892784119,1.4156209471219967,-4.2383418041741665,6.547866539367704,2.6671244612060443,0.18360190228375978,0.08160393365914444
8,1,0.05999999999998806,"(np.float64(-0.1889612092933756), np.float64(0.06552603591233873))",1.3009151220321655,0.893933892250061,1.4867932419948353,-4.209096142396393,7.688381734306064,3.193306002712323,0.1780925638049431,0.08705485107991588
8,1,0.06999999999998607,"(np.float64(-0.1889612092933756), np.float64(0.06552603591233873))",1.1902891397476196,0.8351207971572876,1.5688368257908225,-4.17438361380889,8.722894541528296,3.760609287619236,0.17123410481101087,0.09320181409117917
8,1,0.07999999999998408,"(np.float64(-0.1889612092933756), np.float64(0.06552603591233873))",1.0302947759628296,0.766099750995636,1.6604089537845996,-4.1337683320606144,9.594842742533542,4.373069387619357,0.163069740625888,0.09980240597224149
8,1,0.0899999999999821,"(np.float64(-0.1889612092933756), np.float64(0.06552603591233873))",0.8127449154853821,0.6826744079589844,1.7595522423859729,-4.086815706742256,10.237773832558052,5.0264578430100375,0.1536958359905357,0.10658497169367159
8,1,0.0999999999999801,"(np.float64(-0.1889612092933756), np.float64(0.06552603591233873))",0.5598020553588867,0.5523002743721008,1.8638522552314931,-4.033437856422298,10.62660542472353,5.655748994983328,0.143297432502887,0.11327783806622636
8,1,0.10999999999997812,"(np.float64(-0.1889612092933756), np.float64(0.06552603591233873))",0.32369765639305115,0.4553726315498352,1.9707933152221804,-3.9737733174163576,10.765585734131284,6.281115856155224,0.13213818133479038,0.11962601277030252
8,1,0.11999999999997613,"(np.float64(-0.1889612092933756), np.float64(0.06552603591233873))",0.2660198211669922,0.3787502348423004,2.0789842341302007,-3.9081894865841496,10.87564179798668,6.837823715265564,0.12052268375539645,0.12544299375507018
8,1,0.12999999999997414,"(np.float64(-0.1889612092933756), np.float64(0.06552603591233873))",0.267080694437027,0.3724687695503235,2.188342977630467,-3.8370469190276033,10.9981477091343,7.391597318544968,0.10866203118140728,0.13062932292466212
8,1,0.13999999999997215,"(np.float64(-0.1889612092933756), np.float64(0.06552603591233873))",0.2486545592546463,0.34196168184280396,2.298889533294195,-3.76054428716758,11.112664594508079,7.908786137169057,0.09663531745407831,0.13514704530132424
8,1,0.14999999999997016,"(np.float64(-0.1889612092933756), np.float64(0.06552603591233873))",0.22490043938159943,0.28535062074661255,2.4105520316325926,-3.6792660757449487,11.221275947404967,8.345407352708545,0.08449559656014574,0.1389919481348837
8,1,0.15999999999996817,"(np.float64(-0.1889612092933756), np.float64(0.06552603591233873))",0.19041576981544495,0.2297416776418686,2.5231784797235397,-3.5940128681601506,11.304777568080185,8.703286226327146,0.07230081850105097,0.14215069521130214
8,1,0.16999999999996618,"(np.float64(-0.1889612092933756), np.float64(0.06552603591233873))",0.15270404517650604,0.17923603951931,2.6364657133915106,-3.505547999960864,11.352962828714244,8.987043678368032,0.060115434742823506,0.14461385462976206
8,1,0.1799999999999642,"(np.float64(-0.1889612092933756), np.float64(0.06552603591233873))",0.13027095794677734,0.17385844886302948,2.7500569568771995,-3.414326225269347,11.36486737991092,9.254160138558833,0.048009677798409506,0.14639434094443332
8,1,0.1899999999999622,"(np.float64(-0.1889612092933756), np.float64(0.06552603591233873))",0.10002193599939346,0.1690404862165451,2.863511090763629,-3.3205056250400915,11.324864761052748,9.506423010864625,0.036036457752971776,0.14753855393221302
8,1,0.1999999999999602,"(np.float64(-0.1889612092933756), np.float64(0.06552603591233873))",0.0623716376721859,0.16307106614112854,2.976237085798958,-3.224236861494994,11.218586263703294,9.743500236665504,0.02422396567830322,0.14811849835798246
8,1,0.20999999999995822,"(np.float64(-0.1889612092933756), np.float64(0.06552603591233873))",0.03890743479132652,0.14586201310157776,3.0876806245176627,-3.1257878573244677,11.067889168017297,9.94241755983954,0.01258543231728447,0.14821064516910773
8,1,0.21999999999995623,"(np.float64(-0.1889612092933756), np.float64(0.06552603591233873))",-0.014468955807387829,0.1311878263950348,3.1971578218739003,-3.0254605263801513,10.8248884535084,10.119082045188884,0.0011139639754075559,0.14787551203462063
8,1,0.22999999999995424,"(np.float64(-0.1889612092933756), np.float64(0.06552603591233873))",-0.057740118354558945,0.13305377960205078,3.3037753227126365,-2.923374940923128,10.495568109770595,10.294095993705039,-0.010206317467820608,0.14716504841191833
8,1,0.23999999999995225,"(np.float64(-0.1889612092933756), np.float64(0.06552603591233873))",-0.10133371502161026,0.1380094587802887,3.4066530371560115,-2.8195205157218006,10.07674593485694,10.47296922237817,-0.021406466621308295,0.14613517478531274
8,1,0.24999999999995026,"(np.float64(-0.1889612092933756), np.float64(0.06552603591233873))",-0.13727617263793945,0.10518016666173935,3.505032716658224,-2.7141381032568908,9.59627932561859,10.600156376807275,-0.032541347386408015,0.14482639794963753
8,1,0.2599999999999483,"(np.float64(-0.1889612092933756), np.float64(0.06552603591233873))",-0.3331174850463867,0.0518035888671875,3.5971426700465092,-2.607545704870124,8.823704465451529,10.715131678036732,-0.043660495297275365,0.14323936315084101
8,1,0.2699999999999463,"(np.float64(-0.1889612092933756), np.float64(0.06552603591233873))",-0.3583660125732422,-0.019801808521151543,3.6814364151310164,-2.500334253576454,8.034509134707196,10.724711188152517,-0.05477097136483866,0.14141489141136446
8,1,0.2799999999999443,"(np.float64(-0.1889612092933756), np.float64(0.06552603591233873))",-0.3920535147190094,-0.0221423152834177,3.7575672122512622,-2.39302171146433,7.191562986937509,10.736143615056948,-0.06586354899920108,0.13937240892081637
8,1,0.2899999999999423,"(np.float64(-0.1889612092933756), np.float64(0.06552603591233873))",-0.4058551788330078,-0.02350025251507759,3.8251700978332526,-2.285606513650428,6.329905031506773,10.745744834878593,-0.0769501400839504,0.13707060022033815
8,1,0.2999999999999403,"(np.float64(-0.1889612092933756), np.float64(0.06552603591233873))",-0.39135703444480896,-0.07222270965576172,3.8844050068720684,-2.1784722867400497,5.519250469844645,10.680754280693574,-0.08806211124141397,0.1344891456942915
8,1,0.3099999999999383,"(np.float64(-0.1889612092933756), np.float64(0.06552603591233873))",-0.30187445878982544,-0.18617497384548187,3.936514553292376,-2.072934177726831,4.905870816815982,10.427773717395112,-0.09918580865467527,0.1315807555759252
8,1,0.31999999999993634,"(np.float64(-0.1889612092933756), np.float64(0.06552603591233873))",-0.21623583137989044,-0.5547466278076172,3.9840331697460973,-1.9724992661973408,4.603100089932654,9.662493663323003,-0.11020672673953555,0.12825055710948727
8,1,0.32999999999993435,"(np.float64(-0.1889612092933756), np.float64(0.06552603591233873))",-0.23192577064037323,-0.5832216143608093,4.028619474489856,-1.879769135838604,4.318953853690754,8.886510034072176,-0.1207699191691228,0.12437625918353129
8,1,0.33999999999993236,"(np.float64(-0.1889612092933756), np.float64(0.06552603591233873))",-0.29166337847709656,-0.43410539627075195,4.069740402566116,-1.793614664772483,3.9091824310265046,8.34610605923893,-0.1305583369759971,0.11998514518335246
8,1,0.34999999999993037,"(np.float64(-0.1889612092933756), np.float64(0.06552603591233873))",-0.30610236525535583,-0.4726865887641907,4.106871262612572,-1.7130289216726413,3.521496271575549,7.772583061420924,-0.1396154876930602,0.11524845469135826
8,1,0.3599999999999284,"(np.float64(-0.1889612092933756), np.float64(0.06552603591233873))",-0.288785457611084,-0.4606999456882477,4.140349452104502,-1.6380951749002606,3.1784283684557613,7.215329457866871,-0.14800419096918965,0.11030745401809189
8,1,0.3699999999999264,"(np.float64(-0.1889612092933756), np.float64(0.06552603591233873))",-0.2448267936706543,-0.6653621792793274,4.1712931189739875,-1.5701079400821945,3.015077057761033,6.383558151121328,-0.1557001135944902,0.10525327996630059
8,1,0.3799999999999244,"(np.float64(-0.1889612092933756), np.float64(0.06552603591233873))",-0.24602365493774414,-0.6651067733764648,4.200728214196508,-1.5103970550143588,2.8758783433742714,5.559485460900685,-0.16256877505217246,0.10015949263868734
8,1,0.3899999999999224,"(np.float64(-0.1889612092933756), np.float64(0.06552603591233873))",-0.2671700417995453,-0.5673923492431641,4.228517435031856,-1.4582328901605002,2.685067692207778,4.873599434192039,-0.16848121549963133,0.09512585361785568
8,1,0.3999999999999204,"(np.float64(-0.1889612092933756), np.float64(0.06552603591233873))",-0.26534244418144226,-0.4991750717163086,4.254343911865831,-1.4124885868873378,2.4829025346630345,4.275285943178673,-0.17352501482137495,0.09025746511118463
8,1,0.40999999999991843,"(np.float64(-0.1889612092933756), np.float64(0.06552603591233873))",-0.24827156960964203,-0.48012906312942505,4.2782973638985835,-1.3726414458483978,2.3103280609477346,3.694266220940623,-0.17783372605347944,0.08562639380580134
8,1,0.41999999999991644,"(np.float64(-0.1889612092933756), np.float64(0.06552603591233873))",-0.22724877297878265,-0.4612508714199066,4.300692330787447,-1.3385269224752012,2.170848164828153,3.128743556866158,-0.18148203121614004,0.08127657347291962
8,1,0.42999999999991445,"(np.float64(-0.1889612092933756), np.float64(0.06552603591233873))",-0.20745353400707245,-0.44422265887260437,4.321843900064564,-1.3100000981936957,2.0612527886024044,2.5766818402237277,-0.18450855631905533,0.07723928700888817
8,1,0.43999999999991246,"(np.float64(-0.1889612092933756), np.float64(0.06552603591233873))",-0.19365273416042328,-0.4158182144165039,4.341973164495811,-1.286840729798619,1.9656715113432808,2.0554752523749773,-0.1869485990681109,0.07353664490051272
8,1,0.44999999999991047,"(np.float64(-0.1889612092933756), np.float64(0.06552603591233873))",-0.18110942840576172,-0.37677499651908875,4.361165344572582,-1.2686618510677994,1.873778492699547,1.5801993893150168,-0.18884292248581377,0.07018395898513569
8,1,0.4599999999999085,"(np.float64(-0.1889612092933756), np.float64(0.06552603591233873))",-0.1695869415998459,-0.3347119390964508,4.37943509769649,-1.2549851467431101,1.780538620030913,1.1553988737866028,-0.19024603544558608,0.06718796694764159
8,1,0.4699999999999065,"(np.float64(-0.1889612092933756), np.float64(0.06552603591233873))",-0.16078929603099823,-0.29341164231300354,4.396746328967282,-1.2453106099918188,1.6821514985365569,0.7793151080285637,-0.19121818583671013,0.0645462332183896
8,1,0.4799999999999045,"(np.float64(-0.1889612092933756), np.float64(0.06552603591233873))",-0.15180407464504242,-0.25250884890556335,4.413045293511074,-1.2391590543320015,1.577891143043741,0.45079864894205096,-0.19181880621836767,0.06225072824295549
8,1,0.4899999999999025,"(np.float64(-0.1889612092933756), np.float64(0.06552603591233873))",-0.1422589272260666,-0.21353550255298615,4.428275109823239,-1.2360690076009528,1.4611351137078652,0.1857573879791372,-0.19210261609347581,0.06028921765099238
8,1,0.4999999999999005,"(np.float64(-0.1889612092933756), np.float64(0.06552603591233873))",-0.12997989356517792,-0.18053750693798065,4.442128411862043,-1.23491558451561,1.3012040751917584,0.06570229268397239,-0.19212017452958757,0.058645575003509365
8,1,0.5099999999998985,"(np.float64(-0.1889612092933756), np.float64(0.06552603591233873))",-0.11645203083753586,-0.1609213799238205,4.454276146321067,-1.2345381831298772,1.1245922210847026,0.017977010230693764,-0.19198230411159678,0.057276928351667304
8,1,0.5199999999998965,"(np.float64(-0.1889612092933756), np.float64(0.06552603591233873))",-0.1079627051949501,-0.14999008178710938,4.464621914407813,-1.2344686869427663,0.942852945460346,-0.000868246012746765,-0.19180078872069373,0.05613320256385462
8,1,0.5299999999998946,"(np.float64(-0.1889612092933756), np.float64(0.06552603591233873))",-0.09920597076416016,-0.1420639008283615,4.47316015448729,-1.234520060704568,0.7639939787218563,-0.00817718445844293,-0.19162087911897252,0.055186435681211204
8,1,0.5399999999998926,"(np.float64(-0.1889612092933756), np.float64(0.06552603591233873))",-0.09010543674230576,-0.1359311193227768,4.479941583803653,-1.23461791320409,0.5918935764096873,-0.010939204327562548,-0.19146083442723924,0.054419737055503986
8,1,0.5499999999998906,"(np.float64(-0.1889612092933756), np.float64(0.06552603591233873))",-0.08067875355482101,-0.13079671561717987,4.485044628363199,-1.2347331234764423,0.4284937430402347,-0.011946351339690608,-0.1913276111400823,0.05381997220461767
8,1,0.5599999999998886,"(np.float64(-0.1889612092933756), np.float64(0.06552603591233873))",-0.06950207054615021,-0.1264045685529709,4.488570066606613,-1.2348551344760719,0.2764287304816817,-0.01239509080882743,-0.1912233434901788,0.05337567119813992
8,1,0.5699999999998866,"(np.float64(-0.1889612092933756), np.float64(0.06552603591233873))",-0.05589914321899414,-0.1233304962515831,4.490646298344359,-1.2349818727630846,0.13983299026785617,-0.01296033743832978,-0.19114782284270443,0.053075533902626267
8,1,0.5799999999998846,"(np.float64(-0.1889612092933756), np.float64(0.06552603591233873))",-0.039162635803222656,-0.12129469215869904,4.491559009966182,-1.2351210854876886,0.055168724031789254,-0.015500906987876602,-0.19109931329770724,0.052907084975905926
8,1,0.5899999999998826,"(np.float64(-0.1889612092933756), np.float64(0.06552603591233873))",-0.027081776410341263,-0.11999168246984482,4.491907669672574,-1.2352915261495654,0.020329032741455776,-0.01862120991932953,-0.19107221367641017,0.05284594558785563
8,1,0.5999999999998806,"(np.float64(-0.1889612092933756), np.float64(0.06552603591233873))",-0.02189340628683567,-0.11908407509326935,4.492028329255021,-1.2354984161450913,0.0061835876544872066,-0.023724468186317026,-0.19105408550333441,0.05284198411363033
8,1,0.6099999999998786,"(np.float64(-0.1889612092933756), np.float64(0.06552603591233873))",-0.01960277557373047,-0.11801739037036896,4.492056977013675,-1.2357747009512434,0.0005033354517399759,-0.03206695811727717,-0.19103764660923062,0.05286336804396133
8,1,0.6199999999998766,"(np.float64(-0.1889612092933756), np.float64(0.06552603591233873))",-0.018437672406435013,-0.11647643893957138,4.49204856280675,-1.2361371080804373,-0.0017989355475659025,-0.040629023515968476,-0.19101688419811388,0.0528975424813204
8,1,0.6299999999998747,"(np.float64(-0.1889612092933756), np.float64(0.06552603591233873))",-0.017718791961669922,-0.11485099792480469,4.49202505574701,-1.2365804140321885,-0.002742478442830487,-0.04810853473176291,-0.19098899391074886,0.0529393093484371
8,1,0.6399999999998727,"(np.float64(-0.1889612092933756), np.float64(0.06552603591233873))",-0.017211532220244408,-0.11291122436523438,4.491995211298269,-1.2370891088685063,-0.0031550147511630513,-0.053653945014480946,-0.19095390939476434,0.05298587324079087
8,1,0.6499999999998707,"(np.float64(-0.1889612092933756), np.float64(0.06552603591233873))",-0.016802502796053886,-0.11106624454259872,4.491962495198565,-1.2376433022386741,-0.0033528553581926687,-0.05718944794349604,-0.1909128198857103,0.05303543398062344
8,1,0.6599999999998687,"(np.float64(-0.1889612092933756), np.float64(0.06552603591233873))",-0.01644725911319256,-0.10956688225269318,4.491928374505133,-1.2382244671561917,-0.0034526287859291942,-0.05904139241745925,-0.19086744093320207,0.05308657383379835
8,1,0.6699999999998667,"(np.float64(-0.1889612092933756), np.float64(0.06552603591233873))",-0.01612873189151287,-0.10837002098560333,4.491893543658327,-1.2388173499469242,-0.0035034438033363833,-0.059531044202444525,-0.19081941736697022,0.05313818981661397
8,1,0.6799999999998647,"(np.float64(-0.1889612092933756), np.float64(0.06552603591233873))",-0.015847016125917435,-0.10744333267211914,4.4918583636384986,-1.2394098225236383,-0.003527314462100719,-0.05895910396728137,-0.1907701198490063,0.05318944861249455
8,1,0.6899999999998627,"(np.float64(-0.1889612092933756), np.float64(0.06552603591233873))",-0.015593242831528187,-0.10673733055591583,4.491823044105297,-1.2399925181816127,-0.003534439859917729,-0.057575944673059196,-0.19072064474162392,0.05323971608401253
8,1,0.6999999999998607,"(np.float64(-0.1889612092933756), np.float64(0.06552603591233873))",-0.015362835489213467,-0.1062110885977745,4.49178772105207,-1.2405583506660818,-0.0035301565300727704,-0.05558681347231121,-0.19067184174442614,0.05328851412411071
8,1,0.7099999999998587,"(np.float64(-0.1889612092933756), np.float64(0.06552603591233873))",-0.015153027139604092,-0.10583200305700302,4.491752489898309,-1.2411021002611626,-0.003517610855192624,-0.053159605124628584,-0.19062435531359012,0.05333548655224407
8,1,0.7199999999998568,"(np.float64(-0.1889612092933756), np.float64(0.06552603591233873))",-0.01496124267578125,-0.10557355731725693,4.491717421280939,-1.2416200719980268,-0.0034988126477073283,-0.050431338881453215,-0.19057866155492362,0.0533803756162309
8,1,0.7299999999998548,"(np.float64(-0.1889612092933756), np.float64(0.06552603591233873))",-0.014786243438720703,-0.10541200637817383,4.491682568098823,-1.2421098025410784,-0.0034753776971408598,-0.04751136974005995,-0.19053509916038108,0.053423004799160116
8,1,0.7399999999998528,"(np.float64(-0.1889612092933756), np.float64(0.06552603591233873))",-0.01462554931640625,-0.10532903671264648,4.491647970188205,-1.2425698160429317,-0.0034484012702834773,-0.04448786078103625,-0.19049389606889772,0.05346326464643769
8,1,0.7499999999998508,"(np.float64(-0.1889612092933756), np.float64(0.06552603591233873))",-0.014478779397904873,-0.10530805587768555,4.491613656514909,-1.2429994224922924,-0.00341897174619629,-0.04142987222036902,-0.19045519163950167,0.053501100762723214
8,1,0.7599999999998488,"(np.float64(-0.1889612092933756), np.float64(0.06552603591233873))",-0.014344311319291592,-0.10533638298511505,4.491579646978183,-1.2433985504913136,-0.003387872262788165,-0.03839207936428391,-0.19041905492395145,0.053536503665339734
8,1,0.7699999999998468,"(np.float64(-0.1889612092933756), np.float64(0.06552603591233873))",-0.014220142737030983,-0.10540304332971573,4.4915459550184575,-1.2437676137134848,-0.0033556557539319524,-0.03541683441985319,-0.19038549974177962,0.05356949996420719
8,1,0.7799999999998448,"(np.float64(-0.1889612092933756), np.float64(0.06552603591233873))",-0.01410675048828125,-0.10549821704626083,4.49151258760021,-1.244107394042717,-0.0033230390995249593,-0.032535460463002056,-0.19035449665234172,0.05360014497257665
8,1,0.7899999999998428,"(np.float64(-0.1889612092933756), np.float64(0.06552603591233873))",-0.014002228155732155,-0.10561542958021164,4.491479546660578,-1.24441895137826,-0.0032903746638029865,-0.029772215732542268,-0.1903259834046102,0.05362851607854758
8,1,0.7999999999998408,"(np.float64(-0.1889612092933756), np.float64(0.06552603591233873))",-0.013905716128647327,-0.10574693977832794,4.491446830383339,-1.2447035454679998,-0.003258056210719291,-0.027142834865292027,-0.19029987295132567,0.05365470736267903
8,1,0.8099999999998388,"(np.float64(-0.1889612092933756), np.float64(0.06552603591233873))",-0.013817119412124157,-0.10588865727186203,4.491414433340048,-1.2449625712634154,-0.0032264207850665294,-0.02465861076335059,-0.19027606036834882,0.05367882478599549
8,1,0.8199999999998369,"(np.float64(-0.1889612092933756), np.float64(0.06552603591233873))",-0.013734626583755016,-0.106036476790905,4.4913823661656815,-1.245197897286405,-0.003180620104133081,-0.022588899474131178,-0.19025442856625557,0.05370098213970134
8,1,0.8299999999998349,"(np.float64(-0.1889612092933756), np.float64(0.06552603591233873))",-0.013656044378876686,-0.10613155364990234,4.4913509637361155,-1.245418500162779,-0.003099549973645947,-0.021682821537846224,-0.19023481845834328,0.05372132246962777
8,1,0.8399999999998329,"(np.float64(-0.1889612092933756), np.float64(0.06552603591233873))",-0.013569260016083717,-0.1060086265206337,4.491320336498424,-1.2456330061793228,-0.003030618363941049,-0.021283752307305177,-0.19021644484785297,0.05374044270309131
8,1,0.8499999999998309,"(np.float64(-0.1889612092933756), np.float64(0.06552603591233873))",-0.013476657681167126,-0.10579204559326172,4.491290312101319,-1.2458447023540598,-0.002979308058332166,-0.02108722819317514,-0.1901985646560932,0.053758972117107146
8,1,0.8599999999998289,"(np.float64(-0.1889612092933756), np.float64(0.06552603591233873))",-0.013380336575210094,-0.10553836822509766,4.4912607314303665,-1.246054911021845,-0.0029412245713057138,-0.0209729235181294,-0.1901809070169876,0.05377720912701732
8,1,0.8699999999998269,"(np.float64(-0.1889612092933756), np.float64(0.06552603591233873))",-0.013282299041748047,-0.10526962578296661,4.491231486509206,-1.2462641733120812,-0.0029115141020651823,-0.02089259580043633,-0.1901633678909047,0.05379529731052706
8,1,0.8799999999998249,"(np.float64(-0.1889612092933756), np.float64(0.06552603591233873))",-0.01318283099681139,-0.10499544441699982,4.491202512561107,-1.246472715324183,-0.0028865920594621144,-0.02082665841285328,-0.1901459064271888,0.053813303655096435
8,1,0.8899999999998229,"(np.float64(-0.1889612092933756), np.float64(0.06552603591233873))",-0.013083077035844326,-0.10471897572278976,4.491173773257729,-1.2466806334717468,-0.0028643091441895377,-0.02076689305089178,-0.19012850574001822,0.05383125701218689
8,1,0.8999999999998209,"(np.float64(-0.1889612092933756), np.float64(0.06552603591233873))",-0.012983131222426891,-0.10444241017103195,4.491145249223446,-1.2468879698132727,-0.0028433798114103426,-0.020709879491134064,-0.19011115818207577,0.0538491675332552
8,1,0.909999999999819,"(np.float64(-0.1889612092933756), np.float64(0.06552603591233873))",-0.012883282266557217,-0.10416565090417862,4.49111693071139,-1.2470947428349075,-0.0028231133670129946,-0.020654042507348508,-0.1900938597937241,0.05386703664529868
8,1,0.919999999999817,"(np.float64(-0.1889612092933756), np.float64(0.06552603591233873))",-0.012783432379364967,-0.10388965904712677,4.491088813280355,-1.247300960822268,-0.0028031171299946114,-0.020598771804386184,-0.19007660823812084,0.05388486209987401
8,1,0.929999999999815,"(np.float64(-0.1889612092933756), np.float64(0.06552603591233873))",-0.012684536166489124,-0.10361404716968536,4.491060894666651,-1.2475066275281668,-0.002783308070766495,-0.020543736051175956,-0.1900594019714194,0.053902640488670474
8,1,0.939999999999813,"(np.float64(-0.1889612092933756), np.float64(0.06552603591233873))",-0.012585259042680264,-0.10333938896656036,4.491033174188318,-1.2477117449135269,-0.0027634818250666616,-0.020488866376531797,-0.19004223992144725,0.05392036845613946
8,1,0.949999999999811,"(np.float64(-0.1889612092933756), np.float64(0.06552603591233873))",-0.012486648745834827,-0.10306549072265625,4.491005651766597,-1.2479163143078027,-0.0027436818150812408,-0.02043410786048225,-0.19002512129840876,0.053938043124657185
8,1,0.959999999999809,"(np.float64(-0.1889612092933756), np.float64(0.06552603591233873))",-0.01238861121237278,-0.1027921661734581,4.490978327061028,-1.2481203366039977,-0.0027239229148942694,-0.020379425166590855,-0.19000804550646128,0.05395566223558326
8,1,0.969999999999807,"(np.float64(-0.1889612092933756), np.float64(0.06552603591233873))",-0.012290668673813343,-0.10251932591199875,4.490951199916832,-1.2483238124672635,-0.0027041631503056033,-0.020324803805450143,-0.1899910121217173,0.05397322413955401
8,1,0.979999999999805,"(np.float64(-0.1889612092933756), np.float64(0.06552603591233873))",-0.01219320297241211,-0.10224733501672745,4.490924270161651,-1.248526742739575,-0.0026844354561646835,-0.020270284686277184,-0.1899740208410739,0.0539907276535633
8,1,0.989999999999803,"(np.float64(-0.1889612092933756), np.float64(0.06552603591233873))",-0.012096119113266468,-0.10197649151086807,4.490897537440373,-1.2487291287777664,-0.002664747658576673,-0.020215926262077195,-0.18995707142492163,0.05400817198381926
8,1,0.999999999999801,"(np.float64(-0.1889612092933756), np.float64(0.06552603591233873))",-0.01199951209127903,-0.1017061248421669,4.490871001220049,-1.2489309718901864,-0.0026451231852519016,-0.020161678800755433,-0.18994016365019925,0.0540255566656526
8,2,0.0,"(np.float64(0.1889612092933756), np.float64(0.06552603591233873))",-0.01190328598022461,-0.10143633186817169,4.490844660868968,-1.2491322731520111,-0.0026255624819853042,-0.020107537139108983,-0.18992329734356558,0.05404288144895854
8,2,0.00999999999999801,"(np.float64(0.1889612092933756), np.float64(0.06552603591233873))",-1.2201154232025146,-1.4732660055160522,4.4868541316271955,-1.2551675920716052,-0.7849966603468977,-1.1764886624566826,-0.18990647238318867,0.054060146217180714
8,2,0.01999999999999602,"(np.float64(0.1889612092933756), np.float64(0.06552603591233873))",-1.1863605976104736,-1.5311788320541382,4.4756095976371935,-1.2729837710954686,-1.461664227720497,-2.381303166193475,-0.18944413148247713,0.054784489989086235
8,2,0.02999999999999403,"(np.float64(0.1889612092933756), np.float64(0.06552603591233873))",-1.0640928745269775,-1.5417746305465698,4.458418862702496,-1.3030994705241827,-1.9803859493308673,-3.6397465874490535,-0.188070979053,0.056938386271183146
8,2,0.03999999999999204,"(np.float64(0.1889612092933756), np.float64(0.06552603591233873))",-1.0171339511871338,-1.543866753578186,4.436187651767539,-1.3458924942939756,-2.474089464848734,-4.918942139890277,-0.18568872887609134,0.060461794593411736
8,2,0.04999999999999005,"(np.float64(0.1889612092933756), np.float64(0.06552603591233873))",-0.9528564810752869,-1.5349758863449097,4.409140273915505,-1.4015990122773543,-2.9467440714841784,-6.224121230596191,-0.1821828248079976,0.06522448576301769
8,2,0.05999999999998806,"(np.float64(0.1889612092933756), np.float64(0.06552603591233873))",-0.815380871295929,-1.4534748792648315,4.377732372838667,-1.470234372007614,-3.3474873535855263,-7.506085079281122,-0.17743812708571488,0.07106234299463461
8,2,0.06999999999998607,"(np.float64(0.1889612092933756), np.float64(0.06552603591233873))",-0.7001523971557617,-1.2403407096862793,4.342213726001706,-1.5506932696682953,-3.768204429079468,-8.589874271212187,-0.17134976429824933,0.07771449399999786
8,2,0.07999999999998408,"(np.float64(0.1889612092933756), np.float64(0.06552603591233873))",-0.6689810156822205,-0.8416770100593567,4.301415640456601,-1.6396045476452432,-4.401194500304022,-9.197040195740248,-0.16393607504643526,0.08483685772264538
8,2,0.0899999999999821,"(np.float64(0.1889612092933756), np.float64(0.06552603591233873))",-0.5898844599723816,-0.5145911574363708,4.25381296103407,-1.7327663428353157,-5.126678176833553,-9.439752208578696,-0.155477917483772,0.09210477550791184
8,2,0.0999999999999801,"(np.float64(0.1889612092933756), np.float64(0.06552603591233873))",-0.5379540324211121,-0.45511409640312195,4.199005446044291,-1.8281809070399133,-5.8403316309587545,-9.64638733582197,-0.14637287476799032,0.09927433232449837
8,2,0.10999999999997812,"(np.float64(0.1889612092933756), np.float64(0.06552603591233873))",-0.5595464706420898,-0.3974456787109375,4.136638713436353,-1.9252912308066203,-6.636925162852899,-9.77785658218464,-0.1368198907356194,0.10618782031097479
8,2,0.11999999999997613,"(np.float64(0.1889612092933756), np.float64(0.06552603591233873))",-0.4975331425666809,-0.3242562413215637,4.066506776267991,-2.0234112762202896,-7.392072388961917,-9.848131380529644,-0.12688469277005046,0.1127726532216917
8,2,0.12999999999997414,"(np.float64(0.1889612092933756), np.float64(0.06552603591233873))",-0.40469858050346375,-0.2637457847595215,3.9893260029113584,-2.122071554117661,-8.045037229910875,-9.886019960601061,-0.11664733013116504,0.1189793001680085
8,2,0.13999999999997215,"(np.float64(0.1889612092933756), np.float64(0.06552603591233873))",-0.2428731918334961,-0.1906120330095291,3.9066618832661573,-2.221014464095818,-8.487634534898506,-9.904223788602593,-0.10617359594146303,0.12473327340240258
8,2,0.14999999999997016,"(np.float64(0.1889612092933756), np.float64(0.06552603591233873))",-0.23250675201416016,-0.13614444434642792,3.819564894658184,-2.3198012006895996,-8.930103188613302,-9.853746291267258,-0.09552506308474207,0.12993515117707044
8,2,0.15999999999996817,"(np.float64(0.1889612092933756), np.float64(0.06552603591233873))",-0.21810904145240784,-0.10559196770191193,3.7281563912245352,-2.4178876204330124,-9.349008898721195,-9.763506865878178,-0.08477954809428659,0.1345477171809673
8,2,0.16999999999996618,"(np.float64(0.1889612092933756), np.float64(0.06552603591233873))",-0.19401197135448456,-0.045316409319639206,3.6327066768271674,-2.5146731090672447,-9.73749229267619,-9.593111517876876,-0.07399751161954668,0.138622622043301
8,2,0.1799999999999642,"(np.float64(0.1889612092933756), np.float64(0.06552603591233873))",-0.16569280624389648,0.007297706790268421,3.5335904865579413,-2.6094015462892886,-10.08165874903241,-9.35173434334813,-0.06322454571521854,0.14222400155271447
8,2,0.1899999999999622,"(np.float64(0.1889612092933756), np.float64(0.06552603591233873))",-0.1458148956298828,0.0007158279768191278,3.43132194301466,-2.701747682380175,-10.367815576627528,-9.116383779142264,-0.052497293955476476,0.14542689143149756
8,2,0.1999999999999602,"(np.float64(0.1889612092933756), np.float64(0.06552603591233873))",-0.1232704147696495,-0.00651130685582757,3.326500807957517,-2.791775925585949,-10.592219530622055,-8.888037778946163,-0.04180052030242254,0.14828694127179426
8,2,0.20999999999995822,"(np.float64(0.1889612092933756), np.float64(0.06552603591233873))",-0.09097538143396378,-0.012148571200668812,3.219806358696426,-2.8795623981573732,-10.74272105184938,-8.66801876587694,-0.0310829377062653,0.1508278705970571
8,2,0.21999999999995623,"(np.float64(0.1889612092933756), np.float64(0.06552603591233873))",-0.07282733917236328,-0.01841115951538086,3.11186201442519,-2.9651663309782523,-10.84251010131978,-8.451457040275095,-0.02029684447341054,0.1530488090076119
8,2,0.22999999999995424,"(np.float64(0.1889612092933756), np.float64(0.06552603591233873))",-0.049836158752441406,-0.01857280731201172,3.003184296838861,-3.0485873489982276,-10.88982247766665,-8.231433395192145,-0.009400837176251203,0.1549331876006749
8,2,0.23999999999995225,"(np.float64(0.1889612092933756), np.float64(0.06552603591233873))",-0.029505634680390358,-0.027342891320586205,2.894277519646188,-3.1298483348883295,-10.888871607115158,-8.019446137804845,0.0016368366967660641,0.15645523202172917
8,2,0.24999999999995026,"(np.float64(0.1889612092933756), np.float64(0.06552603591233873))",-0.0077766417525708675,-0.03905315324664116,2.785619355470531,-3.2090550539275258,-10.840722365732093,-7.820613465107466,0.012835814572970144,0.15757312700711662
8,2,0.2599999999999483,"(np.float64(0.1889612092933756), np.float64(0.06552603591233873))",0.02533264271914959,-0.05100097879767418,2.6777400109834733,-3.286365811207432,-10.733807780003062,-7.6403881284895725,0.024203207601185564,0.15822956703532653
8,2,0.2699999999999463,"(np.float64(0.1889612092933756), np.float64(0.06552603591233873))",0.05276947095990181,-0.04618730768561363,2.57113902618935,-3.361849388637706,-10.585315897583865,-7.45570955342145,0.03572288471874571,0.1583541905690956
8,2,0.2799999999999443,"(np.float64(0.1889612092933756), np.float64(0.06552603591233873))",0.06149768829345703,-0.03785686567425728,2.466077202778767,-3.435403830469361,-10.426600766366295,-7.254282433560109,0.04735298291477677,0.15788301678455766
8,2,0.2899999999999423,"(np.float64(0.1889612092933756), np.float64(0.06552603591233873))",0.08250579982995987,0.02407989464700222,2.362627591789369,-3.5065087719579666,-10.263051695159481,-6.966277685948899,0.05904340288146366,0.15677781598345075
8,2,0.2999999999999403,"(np.float64(0.1889612092933756), np.float64(0.06552603591233873))",0.16014881432056427,0.06623363494873047,2.2612464982842773,-3.5745685718281828,-10.013457393911299,-6.6461435895918894,0.0707343232096921,0.15504371555675114
8,2,0.3099999999999383,"(np.float64(0.1889612092933756), np.float64(0.06552603591233873))",0.2468881607055664,0.08299732208251953,2.1628820472676287,-3.639488501331057,-9.660281304540465,-6.339104273901691,0.08232736229929088,0.1526937783091983
8,2,0.31999999999993634,"(np.float64(0.1889612092933756), np.float64(0.06552603591233873))",0.30776673555374146,0.08317718654870987,2.0684131009425806,-3.701490589896348,-9.23463366509128,-6.063047348463668,0.0936855770680036,0.14971827846428515
8,2,0.32999999999993435,"(np.float64(0.1889612092933756), np.float64(0.06552603591233873))",0.33740273118019104,0.09760208427906036,1.978324788438773,-3.760741539151891,-8.784105822476079,-5.789189629788533,0.10467248619887191,0.14611778944274073
8,2,0.33999999999993236,"(np.float64(0.1889612092933756), np.float64(0.06552603591233873))",0.3605673015117645,0.13028717041015625,1.8927896302887417,-3.8171397923872084,-8.323847303286907,-5.492914728132311,0.11518117448627248,0.14193050162925594
8,2,0.34999999999993037,"(np.float64(0.1889612092933756), np.float64(0.06552603591233873))",0.3943929672241211,0.16104698181152344,1.811981514601108,-3.870512969413771,-7.838584217780795,-5.1846492233445005,0.12513499723034874,0.13723710118117582
8,2,0.3599999999999284,"(np.float64(0.1889612092933756), np.float64(0.06552603591233873))",0.4118209779262543,0.1896074265241623,1.736052054432178,-3.9207391572911807,-7.347942756647817,-4.863809446005773,0.13446844276485423,0.13213753267583023
8,2,0.3699999999999264,"(np.float64(0.1889612092933756), np.float64(0.06552603591233873))",0.4107425808906555,0.2111770659685135,1.6649552017950828,-3.9677107288024027,-6.871842254680418,-4.5337992036676384,0.14313273198282706,0.1267379234612172
8,2,0.3799999999999244,"(np.float64(0.1889612092933756), np.float64(0.06552603591233873))",0.38600730895996094,0.24379311501979828,1.5983773727998696,-4.011216717025435,-6.4438940086462235,-4.170684338454706,0.1511128739318528,0.12114542362076028
8,2,0.3899999999999224,"(np.float64(0.1889612092933756), np.float64(0.06552603591233873))",0.4083780348300934,0.29216596484184265,1.5361128681716132,-4.050928971146292,-6.009166712093513,-3.775493564213419,0.15843365283129676,0.1154676871908289
8,2,0.3999999999999204,"(np.float64(0.1889612092933756), np.float64(0.06552603591233873))",0.5030893683433533,0.3288833796977997,1.4787207623325032,-4.086773650167763,-5.4696088011531,-3.39781378921279,0.16512199021031781,0.10981827043978079
8,2,0.40999999999991843,"(np.float64(0.1889612092933756), np.float64(0.06552603591233873))",0.5621069073677063,0.3891546428203583,1.4269668522908618,-4.118716388761337,-4.88159684853281,-2.995448156370045,0.1711414533399255,0.10431154302221801
8,2,0.41999999999991644,"(np.float64(0.1889612092933756), np.float64(0.06552603591233873))",0.6130285263061523,0.4673328399658203,1.381243130908588,-4.14639307849116,-4.263759458692082,-2.545005127516102,0.1764443279722101,0.09907353787465235
8,2,0.42999999999991445,"(np.float64(0.1889612092933756), np.float64(0.06552603591233873))",0.6149471402168274,0.45869407057762146,1.341715129339951,-4.169766428624509,-3.642274923172801,-2.1340358677146463,0.18102779600205476,0.09424949927977504
8,2,0.43999999999991246,"(np.float64(0.1889612092933756), np.float64(0.06552603591233873))",0.5524917840957642,0.3627546429634094,1.3081970634228657,-4.189604534162994,-3.061191159333649,-1.8362222179379055,0.18491097141866025,0.08994218443409469
8,2,0.44999999999991047,"(np.float64(0.1889612092933756), np.float64(0.06552603591233873))",0.49459895491600037,0.26208457350730896,1.2803391749679607,-4.207027367212312,-2.509860683885041,-1.649610960754349,0.1881356345649904,0.08615221883849687
8,2,0.4599999999999085,"(np.float64(0.1889612092933756), np.float64(0.06552603591233873))",0.3667539656162262,0.20795860886573792,1.2572957525453645,-4.222666340449168,-2.0978723470433436,-1.4784525374517554,0.19075135834497534,0.08281972450116783
8,2,0.4699999999999065,"(np.float64(0.1889612092933756), np.float64(0.06552603591233873))",0.2910894453525543,0.1839088499546051,1.2379553669871988,-4.236582983855929,-1.769346267326215,-1.3049680232904133,0.1928534325807973,0.0798839467531324
8,2,0.4799999999999045,"(np.float64(0.1889612092933756), np.float64(0.06552603591233873))",0.264085978269577,0.16386261582374573,1.221788646305805,-4.248832934357879,-1.463427938863405,-1.1451869607494656,0.19456549782589017,0.0773039306910227
8,2,0.4899999999999025,"(np.float64(0.1889612092933756), np.float64(0.06552603591233873))",0.235362246632576,0.13884525001049042,1.20856278431092,-4.259578920310669,-1.181311842778507,-1.0040964393891685,0.19595695140220987,0.07505957577971982
8,2,0.4999999999999005,"(np.float64(0.1889612092933756), np.float64(0.06552603591233873))",0.21386165916919708,0.11615543812513351,1.1980783588063535,-4.269006854278625,-0.9155605878256325,-0.881216616250103,0.19706419373471631,0.07313288346450963
8,2,0.5099999999998985,"(np.float64(0.1889612092933756), np.float64(0.06552603591233873))",0.19645118713378906,0.09616432338953018,1.1901803115732053,-4.277280579582622,-0.6638380730244156,-0.7735268163195894,0.19791561371559757,0.071502687977013
8,2,0.5199999999998965,"(np.float64(0.1889612092933756), np.float64(0.06552603591233873))",0.1797117292881012,0.07511291652917862,1.1847329707628174,-4.2845606997083365,-0.4259127611089074,-0.6820956212196095,0.1985327637076445,0.07015007187167502
8,2,0.5299999999998946,"(np.float64(0.1889612092933756), np.float64(0.06552603591233873))",0.16164818406105042,0.05674171447753906,1.1815874556165482,-4.290991116619918,-0.20672547219967394,-0.6025781240958898,0.19893248728502066,0.06905591062409296
8,2,0.5399999999998926,"(np.float64(0.1889612092933756), np.float64(0.06552603591233873))",0.14314670860767365,0.041224099695682526,1.1802945676618055,-4.296583120355983,-0.07476782943410448,-0.5076058712818871,0.19913082280519223,0.06820021868917464
8,2,0.5499999999998906,"(np.float64(0.1889612092933756), np.float64(0.06552603591233873))",0.12962894141674042,0.026340866461396217,1.179858789316689,-4.301127949160195,-0.021567624318898262,-0.39765116774914816,0.1991694315686177,0.06755535258118875
8,2,0.5599999999998886,"(np.float64(0.1889612092933756), np.float64(0.06552603591233873))",0.12114410847425461,0.02038745954632759,1.1797671625536823,-4.3045244351484335,-0.00038662437005074907,-0.28000949712891204,0.19913869446020055,0.06707805398811416
8,2,0.5699999999998866,"(np.float64(0.1889612092933756), np.float64(0.06552603591233873))",0.11309490352869034,0.012835502624511719,1.1798108613738267,-4.3067481188866426,0.007747954772523425,-0.16400452309851,0.19908886546357807,0.06674186471418113
8,2,0.5799999999998846,"(np.float64(0.1889612092933756), np.float64(0.06552603591233873))",0.1059328094124794,0.005509567447006702,1.1799068360215792,-4.307876039260316,0.011684081341913375,-0.07091111023251677,0.19904193422140243,0.066532798443163
8,2,0.5899999999998826,"(np.float64(0.1889612092933756), np.float64(0.06552603591233873))",0.09982585906982422,-0.0007993698236532509,1.1800484250252221,-4.308349299131679,0.01856307067388542,-0.03054016230931665,0.19900562906773206,0.06643641684426956
8,2,0.5999999999998806,"(np.float64(0.1889612092933756), np.float64(0.06552603591233873))",0.09652042388916016,-0.004055214114487171,1.180293684116864,-4.3085575507996,0.03182900830764412,-0.013911189584038058,0.19897296947702764,0.06640943071926403
8,2,0.6099999999998786,"(np.float64(0.1889612092933756), np.float64(0.06552603591233873))",0.09475822746753693,-0.0050144195556640625,1.1806899329483753,-4.308656171961374,0.04800583414782009,-0.006973194426853509,0.19893412561249735,0.06641643641622962
8,2,0.6199999999998766,"(np.float64(0.1889612092933756), np.float64(0.06552603591233873))",0.09324455261230469,-0.005398654844611883,1.1812513197806593,-4.308708775889084,0.06451254669428969,-0.004037324731712593,0.19888447398559378,0.06644385130361152
8,2,0.6299999999998747,"(np.float64(0.1889612092933756), np.float64(0.06552603591233873))",0.09170760959386826,-0.005689048673957586,1.1819736180148523,-4.308741784897841,0.08003497586140687,-0.0027761957587645976,0.19882276626085185,0.06648560463176086
8,2,0.6399999999998727,"(np.float64(0.1889612092933756), np.float64(0.06552603591233873))",0.09018611907958984,-0.005923748016357422,1.1828438371961154,-4.308766274787513,0.094032226774311,-0.0022174765272033777,0.19874920902608706,0.06653860139899107
8,2,0.6499999999998707,"(np.float64(0.1889612092933756), np.float64(0.06552603591233873))",0.08870182186365128,-0.006119346711784601,1.1838456313300916,-4.308786887475834,0.10632610459440602,-0.0019520790336161977,0.19866461812687317,0.06660096739675783
8,2,0.6599999999998687,"(np.float64(0.1889612092933756), np.float64(0.06552603591233873))",0.08726673573255539,-0.006282997317612171,1.184961817467475,-4.308805549940237,0.11690474483203647,-0.0018069841138127238,0.1985700436596553,0.06667135708045403
8,2,0.6699999999998667,"(np.float64(0.1889612092933756), np.float64(0.06552603591233873))",0.08588657528162003,-0.006419181823730469,1.1861755045333335,-4.308823040352048,0.12582772202729542,-0.0017091281561671928,0.1984666227066617,0.0667486583183646
8,2,0.6799999999998647,"(np.float64(0.1889612092933756), np.float64(0.06552603591233873))",0.08456458896398544,-0.006530284881591797,1.1874705599052733,-4.308839653510124,0.13318224116370148,-0.0016280391604833805,0.19835551790094774,0.06683186815916556
8,2,0.6899999999998627,"(np.float64(0.1889612092933756), np.float64(0.06552603591233873))",0.08328934013843536,-0.0066276551224291325,1.1888316983306502,-4.308855488517979,0.1390484973838883,-0.001552025873108994,0.1982378884739745,0.0669200426749578
8,2,0.6999999999998607,"(np.float64(0.1889612092933756), np.float64(0.06552603591233873))",0.08201580494642258,-0.006744766142219305,1.190244182646061,-4.308870580778209,0.14345530731052714,-0.0014785142735817757,0.1981148796870395,0.06701227412082807
8,2,0.7099999999998587,"(np.float64(0.1889612092933756), np.float64(0.06552603591233873))",0.0808141753077507,-0.00683937082067132,1.191693939246807,-4.308884940202495,0.14650575142764352,-0.0014050876258880447,0.19798763883996134,0.06710766479874676
8,2,0.7199999999998568,"(np.float64(0.1889612092933756), np.float64(0.06552603591233873))",0.07968463748693466,-0.006912899203598499,1.1931678949471658,-4.3088985653249905,0.14829699182824296,-0.0013314778996708471,0.1978572988573447,0.06720533588806857
8,2,0.7299999999998548,"(np.float64(0.1889612092933756), np.float64(0.06552603591233873))",0.07862911373376846,-0.006966590881347656,1.1946539334151638,-4.308911456913668,0.14892341291458075,-0.0012582260415611444,0.19772494053342304,0.06730445487428152
8,2,0.7399999999998528,"(np.float64(0.1889612092933756), np.float64(0.06552603591233873))",0.07764816284179688,-0.007001781370490789,1.1961408650809056,-4.308923622312365,0.1484761635570215,-0.0011860453758273473,0.19759158623176667,0.06740423876241106
8,2,0.7499999999998508,"(np.float64(0.1889612092933756), np.float64(0.06552603591233873))",0.07674198597669601,-0.007019710727035999,1.1976183978379544,-4.308935075844265,0.14704373750315008,-0.0011156016965562865,0.19745819511588916,0.06750395697416389
8,2,0.7599999999998488,"(np.float64(0.1889612092933756), np.float64(0.06552603591233873))",0.07591133564710617,-0.007021427154541016,1.199077117704879,-4.308945838074364,0.14471337445223514,-0.0010474743289886276,0.19732566029297444,0.067602933087962
8,2,0.7699999999998468,"(np.float64(0.1889612092933756), np.float64(0.06552603591233873))",0.07515545189380646,-0.007008266635239124,1.200508470653494,-4.308955934726555,0.14156991948780445,-0.0009821215495104151,0.19719480661913877,0.06770054609822851
8,2,0.7799999999998448,"(np.float64(0.1889612092933756), np.float64(0.06552603591233873))",0.07447414845228195,-0.006981468293815851,1.2019047443893454,-4.308965395723473,0.13769693360306387,-0.0009199277850377132,0.19706638944279198,0.06779623092610923
8,2,0.7899999999998428,"(np.float64(0.1889612092933756), np.float64(0.06552603591233873))",0.07386608421802521,-0.006942272186279297,1.2032590504778469,-4.3089742542346965,0.13317568139976518,-0.0008611687422066358,0.1969410941440318,0.06788947826633653
8,2,0.7999999999998408,"(np.float64(0.1889612092933756), np.float64(0.06552603591233873))",0.0733301192522049,-0.0068916319869458675,1.204565303824934,-4.308982545690708,0.12808560083994514,-0.0008060312755350082,0.196819536196849,0.06797983401354657
8,2,0.8099999999998388,"(np.float64(0.1889612092933756), np.float64(0.06552603591233873))",0.0728643462061882,-0.00683097867295146,1.2058182010300782,-4.308990307248479,0.12250361974880064,-0.0007546745365199182,0.19670226187030362,0.06806689820672784
8,2,0.8199999999998369,"(np.float64(0.1889612092933756), np.float64(0.06552603591233873))",0.07246685028076172,-0.006761455442756414,1.2070131958553034,-4.308997577347143,0.11650426184689701,-0.0007072028865426983,0.1965897493077307,0.0681503236541109
8,2,0.8299999999998349,"(np.float64(0.1889612092933756), np.float64(0.06552603591233873))",0.07213497161865234,-0.006684207823127508,1.2081464714032033,-4.309004395118939,0.11015889093566314,-0.000663659067351838,0.19648241007170614,0.06822981422715717
8,2,0.8399999999998329,"(np.float64(0.1889612092933756), np.float64(0.06552603591233873))",0.07186660915613174,-0.006600284483283758,1.2092149121606757,-4.309010800035655,0.10353642592520056,-0.0006240704088674387,0.19638059112702877,0.068305122882685
8,2,0.8499999999998309,"(np.float64(0.1889612092933756), np.float64(0.06552603591233873))",0.07165832817554474,-0.006510734558105469,1.2102160720818578,-4.30901683145117,0.09670185911633766,-0.0005883961480146302,0.19628457697414614,0.06837604959652616
8,2,0.8599999999998289,"(np.float64(0.1889612092933756), np.float64(0.06552603591233873))",0.07150764763355255,-0.006416607182472944,1.211148141194517,-4.309022528386564,0.08971741234418314,-0.0005566085677346559,0.19619459219022317,0.06844243905974597
8,2,0.8699999999998269,"(np.float64(0.1889612092933756), np.float64(0.06552603591233873))",0.0714111328125,-0.006319141481071711,1.2120099124954975,-4.30902792950326,0.08264146641774903,-0.0005286652747257193,0.1961108041942562,0.06850417824195344
8,2,0.8799999999998249,"(np.float64(0.1889612092933756), np.float64(0.06552603591233873))",0.07136517018079758,-0.006218910217285156,1.2128007425575171,-4.3090330724932215,0.07552836685895988,-0.0005044305887238743,0.19603332603403925,0.06856119398007765
8,2,0.8899999999998229,"(np.float64(0.1889612092933756), np.float64(0.06552603591233873))",0.07136669009923935,-0.006116962525993586,1.213520514667308,-4.309037993939339,0.0684291076062684,-0.00048381152884853485,0.19596221976320696,0.06861345025320646
8,2,0.8999999999998209,"(np.float64(0.1889612092933756), np.float64(0.06552603591233873))",0.0714120864868164,-0.0060142516158521175,1.2141696021560404,-4.3090427293985885,0.06139070857229083,-0.00046669863322346616,0.19589749966587341,0.06866094558146962
8,2,0.909999999999819,"(np.float64(0.1889612092933756), np.float64(0.06552603591233873))",0.07149791717529297,-0.005911350250244141,1.214748829618264,-4.3090473130762685,0.05445640615000493,-0.0004529388750701628,0.19583913548301496,0.06870371045732082
8,2,0.919999999999817,"(np.float64(0.1889612092933756), np.float64(0.06552603591233873))",0.07162056118249893,-0.005809116642922163,1.2152594342174021,-4.30905177769844,0.04766547962039054,-0.0004423879919395088,0.19578705585336004,0.06874180471537004
8,2,0.929999999999815,"(np.float64(0.1889612092933756), np.float64(0.06552603591233873))",0.0717763900756836,-0.005708122160285711,1.2157030260504265,-4.30905615437338,0.04105323975322138,-0.00043487202724196513,0.1957411517675528,0.06877531492031927
8,2,0.939999999999813,"(np.float64(0.1889612092933756), np.float64(0.06552603591233873))",0.07196178287267685,-0.005609035491943359,1.2160815486129055,-4.309060472472031,0.03465105667926402,-0.00043021759263919455,0.1957012801242894,0.06880435172448758
8,2,0.949999999999811,"(np.float64(0.1889612092933756), np.float64(0.06552603591233873))",0.072174072265625,-0.005512333009392023,1.2163972448284572,-4.309064759754879,0.028487438253334135,-0.0004282734186002947,0.19566726729754408,0.06882904725343784
8,2,0.959999999999809,"(np.float64(0.1889612092933756), np.float64(0.06552603591233873))",0.07240867614746094,-0.005418682005256414,1.2166526173687706,-4.309069042165097,0.022585841510332008,-0.0004288351402598881,0.19563891225640256,0.06884955282834025
8,2,0.969999999999807,"(np.float64(0.1889612092933756), np.float64(0.06552603591233873))",0.0726633071899414,-0.005328273866325617,1.2168528543552288,-4.309073451300324,0.017957636215782693,-0.00048059863252220946,0.19561599012756706,0.06886603642292494
8,2,0.979999999999805,"(np.float64(0.1889612092933756), np.float64(0.06552603591233873))",0.07286224514245987,-0.005255985539406538,1.2170207745975725,-4.309078826869912,0.01596181452310023,-0.0006028707002787403,0.19559805049053025,0.06887882026363543
8,2,0.989999999999803,"(np.float64(0.1889612092933756), np.float64(0.06552603591233873))",0.07289677113294601,-0.005223369691520929,1.2171755009605785,-4.309085370535389,0.015122269377693108,-0.0007029486706843216,0.19558315803865906,0.06888924655340073
8,2,0.999999999999801,"(np.float64(0.1889612092933756), np.float64(0.06552603591233873))",0.0728597640991211,-0.005209255497902632,1.2173246122950507,-4.309092748335571,0.01475910301759571,-0.0007683455073972786,0.19556958390625184,0.06889857194636856
9,1,0.0,"(np.float64(-0.1961570560806461), np.float64(0.03901806440322565))",0.0458311103284359,0.014681244269013405,1.1515786711682654,-4.503576826858389,0.009030182067282216,0.003143227055143497,0.1978570825487816,0.04536151623243091
9,1,0.00999999999999801,"(np.float64(-0.1961570560806461), np.float64(0.03901806440322565))",1.491114854812622,0.9131105542182922,1.1587462737891845,-4.502086894355217,1.4144749952250986,0.28572371337233704,0.1978503679938433,0.04537171661183394
9,1,0.01999999999999602,"(np.float64(-0.1961570560806461), np.float64(0.03901806440322565))",1.4839859008789062,1.1210098266601562,1.1791658473866582,-4.496635510466984,2.6631996770743402,0.8016494842140779,0.19735814986930691,0.046021958983138045
9,1,0.02999999999999403,"(np.float64(-0.1961570560806461), np.float64(0.03901806440322565))",1.4305654764175415,1.0868568420410156,1.2116676215271784,-4.486122722387269,3.8342207906602543,1.3038195803155381,0.19591086701998767,0.04802470916575116
9,1,0.03999999999999204,"(np.float64(-0.1961570560806461), np.float64(0.03901806440322565))",1.3492214679718018,1.0026893615722656,1.255509201726995,-4.470777559430676,4.9339023817014525,1.7725616129300827,0.19351651227318997,0.051396916119135605
9,1,0.04999999999999005,"(np.float64(-0.1961570560806461), np.float64(0.03901806440322565))",1.3136895895004272,0.7920625805854797,1.3106627074574995,-4.451750079627912,6.098665447200064,2.042959171453948,0.1901223610967694,0.05599754877312381
9,1,0.05999999999998806,"(np.float64(-0.1961570560806461), np.float64(0.03901806440322565))",1.2963638305664062,0.7068973779678345,1.3776191401461122,-4.430224694792046,7.294933705205154,2.272465744030127,0.1856141577305681,0.06159203632568179
9,1,0.06999999999998607,"(np.float64(-0.1961570560806461), np.float64(0.03901806440322565))",1.227973222732544,0.8990381360054016,1.4556721987521641,-4.404654415938864,8.31759588085864,2.852261271229526,0.17985529970894917,0.06792719654688302
9,1,0.07999999999998408,"(np.float64(-0.1961570560806461), np.float64(0.03901806440322565))",1.110209345817566,0.9297935366630554,1.5431648513683582,-4.3724646676599015,9.183689903778513,3.597172545280592,0.17287015413490586,0.07486877979274117
9,1,0.0899999999999821,"(np.float64(-0.1961570560806461), np.float64(0.03901806440322565))",0.9639744162559509,0.8648014068603516,1.6386024040195217,-4.332581092925981,9.90768679141296,4.390988711106115,0.1647743226065699,0.08229108586191176
9,1,0.0999999999999801,"(np.float64(-0.1961570560806461), np.float64(0.03901806440322565))",0.8073524832725525,0.7204225659370422,1.7407083028554697,-4.285079653247826,10.518295140130071,5.1194574358546445,0.15565663087745646,0.08995321637728444
9,1,0.10999999999997812,"(np.float64(-0.1961570560806461), np.float64(0.03901806440322565))",0.6271129846572876,0.5431610345840454,1.848280436880663,-4.230870343289271,11.001418639244548,5.730164767137247,0.14560853859282297,0.09755356761029194
9,1,0.11999999999997613,"(np.float64(-0.1961570560806461), np.float64(0.03901806440322565))",0.4207924008369446,0.39297524094581604,1.959798162562808,-4.170976355098236,11.307278602999634,6.253526906514441,0.13475792966819727,0.10477334857772785
9,1,0.12999999999997414,"(np.float64(-0.1961570560806461), np.float64(0.03901806440322565))",0.3014175593852997,0.2765476405620575,2.0739605171836386,-4.106328732813081,11.529518593428081,6.678410100220624,0.12331359703093725,0.11134234368632549
9,1,0.13999999999997215,"(np.float64(-0.1961570560806461), np.float64(0.03901806440322565))",0.2315502166748047,0.2842414975166321,2.1899323835684092,-4.037180595191287,11.667673647319768,7.151816291549011,0.11150245524992586,0.11708299235053901
9,1,0.14999999999997016,"(np.float64(-0.1961570560806461), np.float64(0.03901806440322565))",0.21587716042995453,0.27212390303611755,2.3072440202493993,-3.9633660780842077,11.796487206150864,7.610702763425978,0.09951480622925601,0.12194172533958501
9,1,0.15999999999996817,"(np.float64(-0.1961570560806461), np.float64(0.03901806440322565))",0.1997760832309723,0.2273874282836914,2.4258479701864863,-3.8853039307350317,11.925585862761885,8.000652320567628,0.08748744753044721,0.125943390784991
9,1,0.16999999999996618,"(np.float64(-0.1961570560806461), np.float64(0.03901806440322565))",0.18529625236988068,0.20772361755371094,2.5456836635972624,-3.803514736170817,12.042231487662937,8.355600335672543,0.07550600401614174,0.12910549624745415
9,1,0.1799999999999642,"(np.float64(-0.1961570560806461), np.float64(0.03901806440322565))",0.16691818833351135,0.19313374161720276,2.666574259172217,-3.718321540908258,12.136221421416204,8.68069496753939,0.06364723096032321,0.1314591737967447
9,1,0.1899999999999622,"(np.float64(-0.1961570560806461), np.float64(0.03901806440322565))",0.15172234177589417,0.20160065591335297,2.788242529901451,-3.6298585680214845,12.196728239632103,9.009548844547695,0.051979892971721536,0.13306481154766467
9,1,0.1999999999999602,"(np.float64(-0.1961570560806461), np.float64(0.03901806440322565))",0.12943477928638458,0.21802197396755219,2.91025872735578,-3.5380174220036418,12.204968433203279,9.35592640253448,0.04055588193527486,0.13400738143448024
9,1,0.20999999999995822,"(np.float64(-0.1961570560806461), np.float64(0.03901806440322565))",0.0866626724600792,0.21119098365306854,3.031973515272665,-3.4427704578460245,12.135670139942446,9.690242514165488,0.029403394876924796,0.1343952726805241
9,1,0.21999999999995623,"(np.float64(-0.1961570560806461), np.float64(0.03901806440322565))",0.05651073530316353,0.1873941421508789,3.1527207133085247,-3.344408038451244,12.010860231896979,9.978662577683219,0.018532394796633378,0.1343398930829743
9,1,0.22999999999995424,"(np.float64(-0.1961570560806461), np.float64(0.03901806440322565))",0.02877349965274334,0.16437970101833344,3.2719468784592296,-3.2433952191810684,11.831032042716268,10.220050258021985,0.007930650648554805,0.1339309997830705
9,1,0.23999999999995225,"(np.float64(-0.1961570560806461), np.float64(0.03901806440322565))",0.01930675469338894,0.17163582146167755,3.3891682697648386,-3.1400133650766757,11.60952001196478,10.45223870639179,-0.002439252882956461,0.13323063071420582
9,1,0.24999999999995026,"(np.float64(-0.1961570560806461), np.float64(0.03901806440322565))",-0.014261341653764248,0.18230457603931427,3.5037661567646543,-3.0342811978710773,11.306084528384396,10.689869706273685,-0.012642797710476966,0.13228354228867098
9,1,0.2599999999999483,"(np.float64(-0.1961570560806461), np.float64(0.03901806440322565))",-0.057286836206912994,0.19184532761573792,3.6148457256975104,-2.9261361902145318,10.905766809870794,10.934631272254881,-0.02276576794279267,0.13112207943558227
9,1,0.2699999999999463,"(np.float64(-0.1961570560806461), np.float64(0.03901806440322565))",-0.29277974367141724,0.17523708939552307,3.719974416969427,-2.815289332548621,10.116199035984444,11.229815699959886,-0.03289915800626622,0.12976173333677196
9,1,0.2799999999999443,"(np.float64(-0.1961570560806461), np.float64(0.03901806440322565))",-0.38836583495140076,0.1185707077383995,3.8164699635451136,-2.701831965897076,9.180394393500105,11.45699358232058,-0.043115180339378445,0.1282644988140679
9,1,0.2899999999999423,"(np.float64(-0.1961570560806461), np.float64(0.03901806440322565))",-0.3881450593471527,0.028780747205018997,3.903750299591233,-2.5868704944344016,8.274136237020896,11.532223098933887,-0.05347580202775498,0.12666657251736801
9,1,0.2999999999999403,"(np.float64(-0.1961570560806461), np.float64(0.03901806440322565))",-0.37126436829566956,-0.022222042083740234,3.9821869202125866,-2.4716262185361964,7.412761439550573,11.51478046152321,-0.06401041159855145,0.1248657285818906
9,1,0.3099999999999383,"(np.float64(-0.1961570560806461), np.float64(0.03901806440322565))",-0.3688797056674957,-0.03380937501788139,4.05205592155254,-2.356676152039153,6.561494365183908,11.474240382141168,-0.07470434386487107,0.12272589069433357
9,1,0.31999999999993634,"(np.float64(-0.1961570560806461), np.float64(0.03901806440322565))",-0.3569483757019043,-0.04328470304608345,4.113553853383349,-2.2422331285340413,5.739407728459062,11.414110455652859,-0.08553896863494584,0.12015265300939655
9,1,0.32999999999993435,"(np.float64(-0.1961570560806461), np.float64(0.03901806440322565))",-0.2992704510688782,-0.3185911178588867,4.167991825816893,-2.1303793488237988,5.151923329033375,10.958955272806424,-0.0964910146029088,0.11708344053722194
9,1,0.33999999999993236,"(np.float64(-0.1961570560806461), np.float64(0.03901806440322565))",-0.25593072175979614,-0.5147985816001892,4.2174785595891,-2.024409734438549,4.750384640173375,10.238748757347773,-0.10734924419890374,0.1134306321239201
9,1,0.34999999999993037,"(np.float64(-0.1961570560806461), np.float64(0.03901806440322565))",-0.2774103283882141,-0.39726123213768005,4.2626425810846715,-1.9246967067130252,4.286527251197207,9.706627442323505,-0.11774773637566886,0.10915829309082392
9,1,0.3599999999999284,"(np.float64(-0.1961570560806461), np.float64(0.03901806440322565))",-0.325709730386734,-0.3446945250034332,4.302801741185952,-1.829757935375954,3.749630063778727,9.283308112289308,-0.1275653374856756,0.10435853688345374
9,1,0.3699999999999264,"(np.float64(-0.1961570560806461), np.float64(0.03901806440322565))",-0.3270111083984375,-0.4150741696357727,4.337891062671241,-1.7394371497460295,3.273353310500841,8.783142194019694,-0.13687673061764,0.09916176048029288
9,1,0.3799999999999244,"(np.float64(-0.1961570560806461), np.float64(0.03901806440322565))",-0.2927686870098114,-0.5216741561889648,4.368885208805273,-1.654819433382168,2.930937072714321,8.142829193378624,-0.145655531756684,0.0936743129839759
9,1,0.3899999999999224,"(np.float64(-0.1961570560806461), np.float64(0.03901806440322565))",-0.21925143897533417,-0.7781416773796082,4.397784982564532,-1.5783589190961518,2.8547837222098504,7.152224852531451,-0.15376763363362342,0.08799131582646724
9,1,0.3999999999999204,"(np.float64(-0.1961570560806461), np.float64(0.03901806440322565))",-0.1941169798374176,-0.832837700843811,4.426399121348527,-1.512135127203656,2.8727678147327094,6.0948571236147036,-0.160952508210309,0.08222441275638485
9,1,0.40999999999991843,"(np.float64(-0.1961570560806461), np.float64(0.03901806440322565))",-0.2133726179599762,-0.7306224703788757,4.45493155912484,-1.455725346518169,2.83716494260074,5.188310869767452,-0.1669995678173566,0.07651668486420427
9,1,0.41999999999991644,"(np.float64(-0.1961570560806461), np.float64(0.03901806440322565))",-0.21215353906154633,-0.6991836428642273,4.483138395583635,-1.4081516903241207,2.8071925729904352,4.327173467614961,-0.17196324039684222,0.07099580634847458
9,1,0.42999999999991445,"(np.float64(-0.1961570560806461), np.float64(0.03901806440322565))",-0.21401357650756836,-0.5737664103507996,4.510799608419414,-1.3683660429713114,2.7273675317908896,3.6302173960892152,-0.17596365946158812,0.06575263350020667
9,1,0.43999999999991246,"(np.float64(-0.1961570560806461), np.float64(0.03901806440322565))",-0.1950490027666092,-0.430171400308609,4.537493114392021,-1.3346729630316625,2.6130686139179593,3.1083723068048617,-0.1791305896624139,0.060840496329603554
9,1,0.44999999999991047,"(np.float64(-0.1961570560806461), np.float64(0.03901806440322565))",-0.195933535695076,-0.33532142639160156,4.562848364163647,-1.3055879931099386,2.459439562794921,2.708494644989234,-0.18165340526301926,0.056260935932596665
9,1,0.4599999999999085,"(np.float64(-0.1961570560806461), np.float64(0.03901806440322565))",-0.1959344893693924,-0.3156251907348633,4.586663540101099,-1.280375503399891,2.3050775566349735,2.334050984086764,-0.18369658725139104,0.05199948400607588
9,1,0.4699999999999065,"(np.float64(-0.1961570560806461), np.float64(0.03901806440322565))",-0.19811974465847015,-0.2968940734863281,4.608916819164049,-1.2587785521373942,2.1469351758570854,1.9854414102923341,-0.1853515119901722,0.04806134330593104
9,1,0.4799999999999045,"(np.float64(-0.1961570560806461), np.float64(0.03901806440322565))",-0.19724178314208984,-0.2786829173564911,4.629586783930475,-1.2405495989996413,1.9878870358115612,1.6607501811334802,-0.18666268861705834,0.04446264434935947
9,1,0.4899999999999025,"(np.float64(-0.1961570560806461), np.float64(0.03901806440322565))",-0.197777658700943,-0.26476040482521057,4.6486500872720375,-1.2254642602243762,1.8257563392914917,1.3564268037461624,-0.1876720318308387,0.041214585013954176
9,1,0.4999999999999005,"(np.float64(-0.1961570560806461), np.float64(0.03901806440322565))",-0.19510774314403534,-0.2484278678894043,4.66608810446055,-1.2133136420330413,1.6622862678813188,1.074160078298534,-0.18841727976295775,0.03832434679461455
9,1,0.5099999999998985,"(np.float64(-0.1961570560806461), np.float64(0.03901806440322565))",-0.19134464859962463,-0.22802849113941193,4.68187967174334,-1.2038600348661233,1.4965592997598887,0.8165696505421953,-0.18893244611439422,0.035795015603309714
9,1,0.5199999999998965,"(np.float64(-0.1961570560806461), np.float64(0.03901806440322565))",-0.1854207068681717,-0.2071668654680252,4.696011935261672,-1.19686516899669,1.330233402561693,0.5823689059428803,-0.18925137703087175,0.033622990800658184
9,1,0.5299999999998946,"(np.float64(-0.1961570560806461), np.float64(0.03901806440322565))",-0.1774587631225586,-0.18616218864917755,4.70848627926863,-1.192101186352638,1.1648063861254718,0.37035482940070835,-0.18940501665324463,0.0317995157898322
9,1,0.5399999999998926,"(np.float64(-0.1961570560806461), np.float64(0.03901806440322565))",-0.16778860986232758,-0.15864010155200958,4.719300187964719,-1.1893110649331033,0.9974696159176666,0.18871170258914846,-0.18942056007560187,0.030312045066507393
9,1,0.5499999999998906,"(np.float64(-0.1961570560806461), np.float64(0.03901806440322565))",-0.15618829429149628,-0.13200072944164276,4.728384440896839,-1.1880663817862418,0.8122099124742865,0.07634133833218007,-0.18932518551894048,0.029143053677723532
9,1,0.5599999999998886,"(np.float64(-0.1961570560806461), np.float64(0.03901806440322565))",-0.14281120896339417,-0.11022815853357315,4.73551371997709,-1.1875686033071384,0.6097614205655785,0.030994762336520355,-0.18915884600758892,0.028263462697412103
9,1,0.5699999999998866,"(np.float64(-0.1961570560806461), np.float64(0.03901806440322565))",-0.12727537751197815,-0.09786834567785263,4.740618856515048,-1.1873647677114996,0.4094271091448597,0.012846431028584817,-0.18899193091346664,0.02762279726716113
9,1,0.5799999999998846,"(np.float64(-0.1961570560806461), np.float64(0.03901806440322565))",-0.11043109744787216,-0.08990030735731125,4.743773035506922,-1.1872802315176187,0.2204507247544817,0.00530939947178063,-0.1888618698476685,0.027184216372545422
9,1,0.5899999999998826,"(np.float64(-0.1961570560806461), np.float64(0.03901806440322565))",-0.08660516887903214,-0.0843011885881424,4.745231711042369,-1.1872541714543778,0.0858727744735843,-0.0005062859520544392,-0.18877999179902016,0.026923024127899042
9,1,0.5999999999998806,"(np.float64(-0.1961570560806461), np.float64(0.03901806440322565))",-0.0685935989022255,-0.08003511279821396,4.745758158920489,-1.187288575576145,0.028865160660538194,-0.006390472031800608,-0.18874374815365394,0.026811210321743356
9,1,0.6099999999998786,"(np.float64(-0.1961570560806461), np.float64(0.03901806440322565))",-0.060810089111328125,-0.07749853283166885,4.745910323152291,-1.1873737223714782,0.005373613420744872,-0.010433217481719582,-0.1887320915982008,0.026788253429846073
9,1,0.6199999999998766,"(np.float64(-0.1961570560806461), np.float64(0.03901806440322565))",-0.05740013346076012,-0.07603531330823898,4.74590727526097,-1.1874909678621155,-0.004430042159311068,-0.012833328502854006,-0.1887290407987418,0.026805313853434598
9,1,0.6299999999998747,"(np.float64(-0.1961570560806461), np.float64(0.03901806440322565))",-0.055780794471502304,-0.0751616507768631,4.745839201144862,-1.1876263865567744,-0.008542949344101405,-0.01413018173620291,-0.18872828177855028,0.026838672051614304
9,1,0.6399999999998727,"(np.float64(-0.1961570560806461), np.float64(0.03901806440322565))",-0.054918862879276276,-0.0746069923043251,4.745743925543175,-1.1877712123931468,-0.01024513941134954,-0.01476583528064214,-0.1887273133036241,0.02687695566367511
9,1,0.6499999999998707,"(np.float64(-0.1961570560806461), np.float64(0.03901806440322565))",-0.05439281463623047,-0.07422323524951935,4.745637280379992,-1.1879198076131618,-0.010991291829709763,-0.014886476440620874,-0.18872526833168857,0.02691502490424469
9,1,0.6599999999998687,"(np.float64(-0.1961570560806461), np.float64(0.03901806440322565))",-0.0540165901184082,-0.07395678013563156,4.745525752513012,-1.1880685910566235,-0.011262828881256567,-0.014871701537771554,-0.18872205396217978,0.026950900801363822
9,1,0.6699999999998667,"(np.float64(-0.1961570560806461), np.float64(0.03901806440322565))",-0.05372333526611328,-0.07372770458459854,4.745412793029077,-1.1882170249115214,-0.011311795440475593,-0.01481712671772899,-0.18871788914204912,0.026984120823677044
9,1,0.6799999999998647,"(np.float64(-0.1961570560806461), np.float64(0.03901806440322565))",-0.05347604677081108,-0.07351379841566086,4.745299868768592,-1.1883647921017668,-0.011270509874301391,-0.014740515209726933,-0.18871285755352693,0.027014758184369297
9,1,0.6899999999998627,"(np.float64(-0.1961570560806461), np.float64(0.03901806440322565))",-0.05325594171881676,-0.07330837100744247,4.745187546831935,-1.1885117485506362,-0.01119756665045556,-0.014656670446344479,-0.1887071194718242,0.02704317378054555
9,1,0.6999999999998607,"(np.float64(-0.1961570560806461), np.float64(0.03901806440322565))",-0.05305223539471626,-0.07310771942138672,4.745075998240415,-1.188657870286916,-0.011118319102732272,-0.01457452359422925,-0.18870084341852955,0.027069805666730132
9,1,0.7099999999998587,"(np.float64(-0.1961570560806461), np.float64(0.03901806440322565))",-0.05285901948809624,-0.07290878146886826,4.744965226540795,-1.1888031976008673,-0.011042992513132396,-0.014498191435769832,-0.188694175853078,0.027095065807061447
9,1,0.7199999999998568,"(np.float64(-0.1961570560806461), np.float64(0.03901806440322565))",-0.05267200618982315,-0.07271013408899307,4.744855172810479,-1.1889477963236517,-0.010974820216359472,-0.014428882564077357,-0.1886872333611188,0.027119300453230147
9,1,0.7299999999998548,"(np.float64(-0.1961570560806461), np.float64(0.03901806440322565))",-0.052489567548036575,-0.07251196354627609,4.744745762504446,-1.1890917364279985,-0.010914113321450421,-0.014366364887808986,-0.1886801040725296,0.027142782257408418
9,1,0.7399999999998528,"(np.float64(-0.1961570560806461), np.float64(0.03901806440322565))",-0.052309609949588776,-0.07231340557336807,4.744636925512161,-1.1892350810541494,-0.010859889286199595,-0.014309624224987768,-0.18867285225490452,0.02716571681942563
9,1,0.7499999999998508,"(np.float64(-0.1961570560806461), np.float64(0.03901806440322565))",-0.05213193967938423,-0.07211466133594513,4.7445286030027125,-1.1893778822947998,-0.01081094245541258,-0.014257514789941335,-0.18866552354487626,0.027188254280769014
9,1,0.7599999999998488,"(np.float64(-0.1961570560806461), np.float64(0.03901806440322565))",-0.051955509930849075,-0.07191620022058487,4.744420748708156,-1.189520181282795,-0.010766015577886168,-0.014209007480714233,-0.18865814967212707,0.027210501550970795
9,1,0.7699999999998468,"(np.float64(-0.1961570560806461), np.float64(0.03901806440322565))",-0.05178032070398331,-0.07171688228845596,4.744313327629777,-1.189662008616364,-0.010724105684607861,-0.014163065044570527,-0.18865075226123842,0.027232533217398366
9,1,0.7799999999998448,"(np.float64(-0.1961570560806461), np.float64(0.03901806440322565))",-0.051605988293886185,-0.07151861488819122,4.744206314021995,-1.1898033871324076,-0.010684374737364081,-0.014119124199006416,-0.18864334585689757,0.02725440034283283
9,1,0.7899999999998428,"(np.float64(-0.1961570560806461), np.float64(0.03901806440322565))",-0.051432039588689804,-0.07132034748792648,4.744099689588218,-1.1899443336193607,-0.010646164824803597,-0.014076573444939868,-0.18863594004103643,0.027276137378338727
9,1,0.7999999999998408,"(np.float64(-0.1961570560806461), np.float64(0.03901806440322565))",-0.05125913769006729,-0.07112236320972443,4.743993441113482,-1.1900848598318068,-0.010609092110830094,-0.014035004648720357,-0.1886285410159293,0.02729776722578882
9,1,0.8099999999998388,"(np.float64(-0.1961570560806461), np.float64(0.03901806440322565))",-0.05108642578125,-0.07092504948377609,4.743887559347707,-1.190224974328524,-0.010572765113398197,-0.013994172492685255,-0.18862115277158134,0.02731930489757041
9,1,0.8199999999998369,"(np.float64(-0.1961570560806461), np.float64(0.03901806440322565))",-0.05091457441449165,-0.07072772830724716,4.743782037687007,-1.1903646829981758,-0.0105370170927332,-0.013953805297315212,-0.18861377780119926,0.027340760130104197
9,1,0.8299999999998349,"(np.float64(-0.1961570560806461), np.float64(0.03901806440322565))",-0.05074319988489151,-0.07053136825561523,4.743676871321455,-1.190503990246448,-0.010501668164912414,-0.013913847826208178,-0.18860641766048147,0.027362139150763104
9,1,0.8399999999998329,"(np.float64(-0.1961570560806461), np.float64(0.03901806440322565))",-0.05057239532470703,-0.07033520191907883,4.74357205677027,-1.1906428993375497,-0.010466621706684318,-0.013874149116227783,-0.18859907327912284,0.027383445934411707
9,1,0.8499999999998309,"(np.float64(-0.1961570560806461), np.float64(0.03901806440322565))",-0.050401877611875534,-0.07013969868421555,4.743467591576452,-1.1907814127100642,-0.010431775361280708,-0.013834677645906441,-0.18859174520031016,0.02740468299601126
9,1,0.8599999999998289,"(np.float64(-0.1961570560806461), np.float64(0.03901806440322565))",-0.05023203045129776,-0.06994485855102539,4.74336347379231,-1.1909195324701265,-0.010397116373536748,-0.013795401726182946,-0.18858443372842323,0.02742585191161563
9,1,0.8699999999998269,"(np.float64(-0.1961570560806461), np.float64(0.03901806440322565))",-0.05006275326013565,-0.0697505995631218,4.743259701686766,-1.1910572604023864,-0.010362618051461195,-0.013756289928771197,-0.18857713901009313,0.027446953701858803
9,1,0.8799999999998249,"(np.float64(-0.1961570560806461), np.float64(0.03901806440322565))",-0.049893952906131744,-0.0695563331246376,4.743156273788714,-1.191194597647841,-0.010328255046139042,-0.013717255302908776,-0.1885698611091857,0.027467989051216612
9,1,0.8899999999998229,"(np.float64(-0.1961570560806461), np.float64(0.03901806440322565))",-0.04972581937909126,-0.0693628340959549,4.743053188729218,-1.19133154526731,-0.010294029776541666,-0.013678346495083305,-0.18856260007258813,0.02748895839927487
9,1,0.8999999999998209,"(np.float64(-0.1961570560806461), np.float64(0.03901806440322565))",-0.049558259546756744,-0.06917037814855576,4.742950445204689,-1.1914681048193747,-0.01025992979305096,-0.013639614288230085,-0.18855535591485245,0.02750986206821275
9,1,0.909999999999819,"(np.float64(-0.1961570560806461), np.float64(0.03901806440322565))",-0.04939117655158043,-0.06897802650928497,4.74284804202354,-1.1916042775541293,-0.010225943445610643,-0.013600970201867065,-0.18854812859131925,0.027530700361573415
9,1,0.919999999999817,"(np.float64(-0.1961570560806461), np.float64(0.03901806440322565))",-0.04922456666827202,-0.06878633797168732,4.7427459781130885,-1.1917400645128116,-0.010192059990158864,-0.013562441287316545,-0.1885409180694155,0.027551473523961853
9,1,0.929999999999815,"(np.float64(-0.1961570560806461), np.float64(0.03901806440322565))",-0.04905853420495987,-0.06859522312879562,4.742644252394248,-1.1918754668454918,-0.010158287899194684,-0.013524027277804728,-0.18853372432395185,0.02757218175783345
9,1,0.939999999999813,"(np.float64(-0.1961570560806461), np.float64(0.03901806440322565))",-0.048892974853515625,-0.0684046745300293,4.742542863805471,-1.1920104856995337,-0.010124618246272995,-0.013485727755045989,-0.18852654731880703,0.02759282526761349
9,1,0.949999999999811,"(np.float64(-0.1961570560806461), np.float64(0.03901806440322565))",-0.048728276044130325,-0.06821431964635849,4.7424418110624105,-1.1921451219498553,-0.010091094854589694,-0.013447497058793735,-0.1885193870169351,0.02761340425453772
9,1,0.959999999999809,"(np.float64(-0.1961570560806461), np.float64(0.03901806440322565))",-0.04856367036700249,-0.06802473217248917,4.742341093153076,-1.1922793765963497,-0.010057641422864954,-0.0134093875863908,-0.18851224340792888,0.02763391891391552
9,1,0.969999999999807,"(np.float64(-0.1961570560806461), np.float64(0.03901806440322565))",-0.04839963838458061,-0.06783600151538849,4.742240709229174,-1.1924132510138934,-0.01002428361268561,-0.013371427394346398,-0.18850511646507556,0.027654369432394757
9,1,0.979999999999805,"(np.float64(-0.1961570560806461), np.float64(0.03901806440322565))",-0.04823637008666992,-0.0676475539803505,4.742140658116207,-1.192546746369447,-0.009991058078392422,-0.01333356124141092,-0.18849800612820056,0.027674756014782073
9,1,0.989999999999803,"(np.float64(-0.1961570560806461), np.float64(0.03901806440322565))",-0.04807329177856445,-0.06745939701795578,4.7420409388044655,-1.192679863499476,-0.00995791121502291,-0.013295770783787625,-0.18849091236233229,0.027695078875555196
9,1,0.999999999999801,"(np.float64(-0.1961570560806461), np.float64(0.03901806440322565))",-0.04791107401251793,-0.06727200001478195,4.741941550193665,-1.1928126034040207,-0.009924896941633125,-0.0132580981066658,-0.1884838351544762,0.027715338191979466
9,2,0.0,"(np.float64(0.1961570560806461), np.float64(0.03901806440322565))",-0.04774932935833931,-0.06708526611328125,4.741842491087149,-1.1929449673176384,-0.009891993356124944,-0.013220552706541468,-0.18847677448015154,0.02773553415842285
9,2,0.00999999999999801,"(np.float64(0.1961570560806461), np.float64(0.03901806440322565))",-1.0829813480377197,-1.4521962404251099,4.738726271655127,-1.1987546530902005,-0.6033058898844665,-1.1381859083599906,-0.18846973029998987,0.02775566699824765
9,2,0.01999999999999602,"(np.float64(0.1961570560806461), np.float64(0.03901806440322565))",-1.1142271757125854,-1.5146583318710327,4.72983730469638,-1.2158837849061588,-1.1718383588084775,-2.2820765527875064,-0.1880976285844635,0.028459225121183512
9,2,0.02999999999999403,"(np.float64(0.1961570560806461), np.float64(0.03901806440322565))",-1.0355662107467651,-1.5419059991836548,4.715878916197461,-1.2447165604206438,-1.6229794061240599,-3.482374621485368,-0.18700307652172637,0.030568897486498006
9,2,0.03999999999999204,"(np.float64(0.1961570560806461), np.float64(0.03901806440322565))",-0.9585895538330078,-1.5483174324035645,4.697802348812434,-1.2857712636265854,-2.000011532750313,-4.7291520296786445,-0.1851165640353679,0.03408422644714985
9,2,0.04999999999999005,"(np.float64(0.1961570560806461), np.float64(0.03901806440322565))",-0.8976547122001648,-1.5451663732528687,4.676098119069059,-1.3394768987181809,-2.351649733384298,-6.014476541029223,-0.18230831172395384,0.03891388716620278
9,2,0.05999999999998806,"(np.float64(0.1961570560806461), np.float64(0.03901806440322565))",-0.90601646900177,-1.5261684656143188,4.650430167127127,-1.4059691216650976,-2.7944815096951077,-7.287383723562063,-0.1784338946345903,0.04491481796551993
9,2,0.06999999999998607,"(np.float64(0.1961570560806461), np.float64(0.03901806440322565))",-0.7000195384025574,-1.458680510520935,4.621226580406631,-1.4854209092671542,-3.0592759412757076,-8.608042620273942,-0.1733725944920981,0.05191572376337044
9,2,0.07999999999998408,"(np.float64(0.1961570560806461), np.float64(0.03901806440322565))",-0.5864883661270142,-1.2705258131027222,4.589324506038747,-1.577320137761646,-3.332945186731841,-9.777850702163928,-0.16698792910143223,0.05964349372500627
9,2,0.0899999999999821,"(np.float64(0.1961570560806461), np.float64(0.03901806440322565))",-0.6457908749580383,-0.8792535066604614,4.552910012764413,-1.6784043017647634,-3.959915816750199,-10.445151074401998,-0.15922446803258836,0.06771194233371677
9,2,0.0999999999999801,"(np.float64(0.1961570560806461), np.float64(0.03901806440322565))",-0.674203097820282,-0.5304111838340759,4.508853210118202,-1.783979763309745,-4.859503347416922,-10.675608292529633,-0.15035663198609792,0.07577076997634909
9,2,0.10999999999997812,"(np.float64(0.1961570560806461), np.float64(0.03901806440322565))",-0.6999029517173767,-0.4736343324184418,4.455258095914393,-1.8915471516765916,-5.866111840013798,-10.84226072232544,-0.14084100506432473,0.08357810199615245
9,2,0.11999999999997613,"(np.float64(0.1961570560806461), np.float64(0.03901806440322565))",-0.6634306311607361,-0.4226101040840149,4.391588920395934,-2.0006324535172766,-6.873102283306935,-10.978800108261693,-0.1309342724544389,0.09101115253042506
9,2,0.12999999999997414,"(np.float64(0.1961570560806461), np.float64(0.03901806440322565))",-0.5920669436454773,-0.3556588292121887,4.318121542360445,-2.110894250765892,-7.824151872570371,-11.076919570831999,-0.12070226560157692,0.09798890661500158
9,2,0.13999999999997215,"(np.float64(0.1961570560806461), np.float64(0.03901806440322565))",-0.5228318572044373,-0.31429728865623474,4.235519177575222,-2.2220812167138133,-8.698485196211422,-11.162813668996636,-0.11020655439380483,0.10441575654167619
9,2,0.14999999999997016,"(np.float64(0.1961570560806461), np.float64(0.03901806440322565))",-0.4586910307407379,-0.2451530545949936,4.144501994776969,-2.333836264262821,-9.505125603710775,-11.189612031193853,-0.09951128566530787,0.11021487691912193
9,2,0.15999999999996817,"(np.float64(0.1961570560806461), np.float64(0.03901806440322565))",-0.2694166302680969,-0.21290425956249237,4.046867092505999,-2.4460784842830283,-10.021279050114906,-11.259449581779231,-0.08869371252325187,0.11535065006701996
9,2,0.16999999999996618,"(np.float64(0.1961570560806461), np.float64(0.03901806440322565))",-0.24558477103710175,-0.11416921764612198,3.944089462297125,-2.5583521406392027,-10.532131937289869,-11.194514449286698,-0.0778153966920663,0.11977601151592236
9,2,0.1799999999999642,"(np.float64(0.1961570560806461), np.float64(0.03901806440322565))",-0.21481314301490784,-0.013319111429154873,3.836317514112055,-2.669261877268716,-11.018764276593007,-10.985449604918138,-0.06696340602374071,0.12349609029185532
9,2,0.1899999999999622,"(np.float64(0.1961570560806461), np.float64(0.03901806440322565))",-0.17247401177883148,0.007264137268066406,3.7240996688115673,-2.7779319331260997,-11.420560510236042,-10.745882091175424,-0.05625176623295611,0.12663284936130198
9,2,0.1999999999999602,"(np.float64(0.1961570560806461), np.float64(0.03901806440322565))",-0.13110017776489258,0.00746917724609375,3.6083359158967503,-2.884187177057489,-11.727557081792888,-10.502188019870854,-0.045713112443180465,0.12930653406190235
9,2,0.20999999999995822,"(np.float64(0.1961570560806461), np.float64(0.03901806440322565))",-0.07781534641981125,0.00773200998082757,3.4900708923533856,-2.9880076658079093,-11.920728948689424,-10.258954146182898,-0.035305057677058105,0.13159966006914242
9,2,0.21999999999995623,"(np.float64(0.1961570560806461), np.float64(0.03901806440322565))",-0.04478636011481285,0.007894515991210938,3.3702791237616063,-3.089357449790659,-12.032960788410806,-10.00811427246667,-0.024965668584415013,0.13356060097363345
9,2,0.22999999999995424,"(np.float64(0.1961570560806461), np.float64(0.03901806440322565))",-0.026481343433260918,0.007984543219208717,3.2496469170850353,-3.1881336490980554,-12.08901089377738,-9.74433736844229,-0.014630657864630997,0.13521246807354365
9,2,0.23999999999995225,"(np.float64(0.1961570560806461), np.float64(0.03901806440322565))",-0.0003167152462992817,0.008113098330795765,3.1287831673610786,-3.2842295853993653,-12.079713095229392,-9.472298159759918,-0.004234649028577037,0.1365636299384526
9,2,0.24999999999995026,"(np.float64(0.1961570560806461), np.float64(0.03901806440322565))",0.024816513061523438,0.0022876739967614412,3.0083253554657707,-3.3776153160880615,-12.008460587020862,-9.20257534769982,0.006280189631386129,0.13759650867256923
9,2,0.2599999999999483,"(np.float64(0.1961570560806461), np.float64(0.03901806440322565))",0.026755904778838158,0.0008172988891601562,2.888685981413106,-3.468241109800891,-11.916587987397333,-8.92046658879469,0.016955069963979635,0.13826290352073534
9,2,0.2699999999999463,"(np.float64(0.1961570560806461), np.float64(0.03901806440322565))",0.04967765882611275,0.0005098343244753778,2.7702029549279406,-3.5560271693056267,-11.777944142268813,-8.63496146848163,0.02781742856708569,0.13850517987529198
9,2,0.2799999999999443,"(np.float64(0.1961570560806461), np.float64(0.03901806440322565))",0.04504089429974556,0.002787017961964011,2.653117896610027,-3.6408787145843857,-11.63724882700706,-8.334065953190942,0.0388726769347712,0.1382568794851323
9,2,0.2899999999999423,"(np.float64(0.1961570560806461), np.float64(0.03901806440322565))",0.03930721431970596,0.03469410166144371,2.5373623253250717,-3.7224161783223244,-11.51268265394257,-7.97202151803933,0.05010713766124525,0.13744999941290728
9,2,0.2999999999999403,"(np.float64(0.1961570560806461), np.float64(0.03901806440322565))",0.14965763688087463,0.07792625576257706,2.4235525581483572,-3.800207276397047,-11.249250690137854,-7.586005388513869,0.061501118814377656,0.13604191828090356
9,2,0.3099999999999383,"(np.float64(0.1961570560806461), np.float64(0.03901806440322565))",0.2369358092546463,0.0866878554224968,2.312945688356877,-3.874261677538364,-10.873078524713346,-7.225542327735635,0.07296589134501483,0.13398350583133894
9,2,0.31999999999993634,"(np.float64(0.1961570560806461), np.float64(0.03901806440322565))",0.30285319685935974,0.0795970931649208,2.206522568856945,-3.944934708756399,-10.413150064370827,-6.910324211758033,0.08434441787328095,0.13121546500933778
9,2,0.32999999999993435,"(np.float64(0.1961570560806461), np.float64(0.03901806440322565))",0.36756572127342224,0.07880478352308273,2.1050769380996095,-4.012649923872104,-9.877975749472224,-6.634565881054432,0.09547956097896408,0.12770386746061463
9,2,0.33999999999993236,"(np.float64(0.1961570560806461), np.float64(0.03901806440322565))",0.4316919445991516,0.12105655670166016,2.0092472581773526,-4.077504299710763,-9.290089879455412,-6.338932445381736,0.10621381448739492,0.12345248454197233
9,2,0.34999999999993037,"(np.float64(0.1961570560806461), np.float64(0.03901806440322565))",0.46278706192970276,0.19654503464698792,1.9192588931937231,-4.1390078974143245,-8.709533085062539,-5.965115648035208,0.1163964260862834,0.11852445869472014
9,2,0.3599999999999284,"(np.float64(0.1961570560806461), np.float64(0.03901806440322565))",0.4702465236186981,0.2695554792881012,1.8348908721916264,-4.1963688841586375,-8.16575224546233,-5.510975297886099,0.12592230543086724,0.11305142278543392
9,2,0.3699999999999264,"(np.float64(0.1961570560806461), np.float64(0.03901806440322565))",0.489645391702652,0.3617877960205078,1.7558139723242605,-4.248698458564143,-7.651150214202853,-4.959632714229446,0.13475157908310892,0.10719798456025709
9,2,0.3799999999999244,"(np.float64(0.1961570560806461), np.float64(0.03901806440322565))",0.44208335876464844,0.44676896929740906,1.6813212448782882,-4.294942022715778,-7.248525589593477,-4.2941083504541835,0.14288308850933912,0.10113889547482516
9,2,0.3899999999999224,"(np.float64(0.1961570560806461), np.float64(0.03901806440322565))",0.4793979823589325,0.45996934175491333,1.611025789196319,-4.334686384101273,-6.811709181511218,-3.6602865594143146,0.15037844090784408,0.09504789880289528
9,2,0.3999999999999204,"(np.float64(0.1961570560806461), np.float64(0.03901806440322565))",0.5820356607437134,0.45377540588378906,1.5457390650491474,-4.368557671746815,-6.246891841625606,-3.1198870765390474,0.15728792704994798,0.08905417893365919
9,2,0.40999999999991843,"(np.float64(0.1961570560806461), np.float64(0.03901806440322565))",0.635375440120697,0.4715261459350586,1.4863643468647598,-4.397209370854794,-5.629175788473513,-2.616295797396882,0.16355529249231684,0.08325729106803399
9,2,0.41999999999991644,"(np.float64(0.1961570560806461), np.float64(0.03901806440322565))",0.6669408679008484,0.47986260056495667,1.4333197380854494,-4.421014619080881,-4.980680954522297,-2.150208573251785,0.1691236311023347,0.07776871240315594
9,2,0.42999999999991445,"(np.float64(0.1961570560806461), np.float64(0.03901806440322565))",0.646026074886322,0.4548305571079254,1.3866639864267334,-4.4404281645151675,-4.351243235842309,-1.737241397335067,0.17399071983484593,0.07269929786499023
9,2,0.43999999999991246,"(np.float64(0.1961570560806461), np.float64(0.03901806440322565))",0.5678195953369141,0.3450441360473633,1.346052152677372,-4.456377522326054,-3.7713562303657855,-1.4557364949647238,0.1781881873092792,0.0681248266997817
9,2,0.44999999999991047,"(np.float64(0.1961570560806461), np.float64(0.03901806440322565))",0.4515829086303711,0.23406945168972015,1.3107612655202228,-4.470037462346076,-3.2863796792317936,-1.2776829071411633,0.1817691601984558,0.06404377552874824
9,2,0.4599999999999085,"(np.float64(0.1961570560806461), np.float64(0.03901806440322565))",0.37941667437553406,0.20068779587745667,1.279948640344165,-4.481997334155715,-2.8756155372252987,-1.1152346331483258,0.18480560074347785,0.06038787355816812
9,2,0.4699999999999065,"(np.float64(0.1961570560806461), np.float64(0.03901806440322565))",0.31343919038772583,0.1686805784702301,1.2529115096806924,-4.492403692370125,-2.5312041799817697,-0.966582296403061,0.18738640438257256,0.057103182414632844
9,2,0.4799999999999045,"(np.float64(0.1961570560806461), np.float64(0.03901806440322565))",0.25517675280570984,0.14394092559814453,1.2290198732251705,-4.50135441412883,-2.2465119700503435,-0.8238744013353017,0.1895936967239611,0.0541635556639732
9,2,0.4899999999999025,"(np.float64(0.1961570560806461), np.float64(0.03901806440322565))",0.22291718423366547,0.1258445829153061,1.2078270929030896,-4.508924710272838,-1.9915673042024968,-0.6904702571089316,0.1914999728164467,0.051540159111986325
9,2,0.4999999999999005,"(np.float64(0.1961570560806461), np.float64(0.03901806440322565))",0.2094888687133789,0.10782565921545029,1.1891534581052896,-4.515252554977737,-1.7428389611378443,-0.5753874557128102,0.19315944384779646,0.04921048726185187
9,2,0.5099999999998985,"(np.float64(0.1961570560806461), np.float64(0.03901806440322565))",0.19920769333839417,0.09202633053064346,1.1729478664576285,-4.520513597917341,-1.4980608629627732,-0.4770732746530153,0.19459958169661892,0.04716106164176567
9,2,0.5199999999998965,"(np.float64(0.1961570560806461), np.float64(0.03901806440322565))",0.1889944076538086,0.08263855427503586,1.1591526588988204,-4.524833313701319,-1.2608360678927084,-0.38709146505582603,0.1958330665303276,0.045382385229880196
9,2,0.5299999999998946,"(np.float64(0.1961570560806461), np.float64(0.03901806440322565))",0.1768781691789627,0.07317238301038742,1.147678598913822,-4.528288994022412,-1.033858980051389,-0.3041965021448434,0.19687147963889653,0.04386733264085671
9,2,0.5399999999998926,"(np.float64(0.1961570560806461), np.float64(0.03901806440322565))",0.1634325087070465,0.0651065856218338,1.1384104722712503,-4.53093698128847,-0.8196610909864486,-0.2254829092071586,0.19772777796619115,0.04260919836360552
9,2,0.5499999999998906,"(np.float64(0.1961570560806461), np.float64(0.03901806440322565))",0.14900779724121094,0.05790290981531143,1.1312117236632198,-4.532808982890862,-0.6199863811470622,-0.14893398055458673,0.19841563139956817,0.041599612860789045
9,2,0.5599999999998886,"(np.float64(0.1961570560806461), np.float64(0.03901806440322565))",0.1340915709733963,0.050692178308963776,1.1259338989288257,-4.533923411471218,-0.43433845403721427,-0.07673278512800732,0.1989495530757133,0.04082920155938728
9,2,0.5699999999998866,"(np.float64(0.1961570560806461), np.float64(0.03901806440322565))",0.11960754543542862,0.043612290173769,1.1224960385117564,-4.534458580315066,-0.2502648748011639,-0.03710796305095772,0.19934409221549687,0.040287450086831
9,2,0.5799999999998846,"(np.float64(0.1961570560806461), np.float64(0.03901806440322565))",0.10488662868738174,0.037391092628240585,1.120825785027995,-4.534730400329514,-0.09787850273872789,-0.01905028574061725,0.19960281568172217,0.039953734785974804
9,2,0.5899999999998826,"(np.float64(0.1961570560806461), np.float64(0.03901806440322565))",0.09228020161390305,0.03256626054644585,1.1202337248254959,-4.53486084728881,-0.031467771767690195,-0.007819577332992612,0.19972403335787206,0.03979434410522842
9,2,0.5999999999998806,"(np.float64(0.1961570560806461), np.float64(0.03901806440322565))",0.08652668446302414,0.030323028564453125,1.1200806927815112,-4.534903595080214,-0.00362690523163902,-0.0012893432687697357,0.19975724138280615,0.03974386680993697
9,2,0.6099999999998786,"(np.float64(0.1961570560806461), np.float64(0.03901806440322565))",0.0839332565665245,0.029289627447724342,1.1201128201282373,-4.534896619954858,0.008239252830046947,0.002341992761372195,0.1997527636935253,0.03974339462484197
9,2,0.6199999999998766,"(np.float64(0.1961570560806461), np.float64(0.03901806440322565))",0.08267917484045029,0.02879180945456028,1.120225341371961,-4.534862180109861,0.01408411595113275,0.004307760909704991,0.19973326820165704,0.03976463516703582
9,2,0.6299999999998747,"(np.float64(0.1961570560806461), np.float64(0.03901806440322565))",0.08194275200366974,0.02851429022848606,1.1203940860402266,-4.534814014544437,0.019786396874712453,0.00518599871096281,0.1997090255161879,0.039794146482810794
9,2,0.6399999999998727,"(np.float64(0.1961570560806461), np.float64(0.03901806440322565))",0.0812145248055458,0.02826843224465847,1.120617708573497,-4.534759998964717,0.024951164354857388,0.0055537682390626635,0.1996830324767446,0.039827130707583425
9,2,0.6499999999998707,"(np.float64(0.1961570560806461), np.float64(0.03901806440322565))",0.08051776885986328,0.028044892475008965,1.120888755203015,-4.534703612821124,0.029229440201212428,0.005694590116357929,0.1996556186873456,0.03986229023500415
9,2,0.6599999999998687,"(np.float64(0.1961570560806461), np.float64(0.03901806440322565))",0.07987766712903976,0.02784423902630806,1.1211979016160856,-4.534646386559882,0.03256024800887726,0.00573756372078874,0.19962705883908166,0.03989891619283563
9,2,0.6699999999998667,"(np.float64(0.1961570560806461), np.float64(0.03901806440322565))",0.07930164784193039,0.027666091918945312,1.1215359192381253,-4.534588962431157,0.035005931939432175,0.005741362875753895,0.19959760751789252,0.0399365564795606
9,2,0.6799999999998647,"(np.float64(0.1961570560806461), np.float64(0.03901806440322565))",0.07878360897302628,0.02751007117331028,1.1218944334407317,-4.534531579505106,0.036666458811163746,0.005732492407724175,0.19956751301704695,0.03997487324266673
9,2,0.6899999999998627,"(np.float64(0.1961570560806461), np.float64(0.03901806440322565))",0.07829952239990234,0.02738323248922825,1.1222660118921246,-4.534474287365029,0.03762670327627967,0.005724179400920772,0.19953702375690235,0.04001357764093179
9,2,0.6999999999998607,"(np.float64(0.1961570560806461), np.float64(0.03901806440322565))",0.07786903530359268,0.02727374993264675,1.1226441833141847,-4.534417064147304,0.03799190039571526,0.005719078174603579,0.19950639754816474,0.04005239441454275
9,2,0.7099999999998587,"(np.float64(0.1961570560806461), np.float64(0.03901806440322565))",0.07748794555664062,0.02718028984963894,1.1230234646335235,-4.5343598742904625,0.03785408435075705,0.005717607471181347,0.19947589555684614,0.04009105396911933
9,2,0.7199999999998568,"(np.float64(0.1961570560806461), np.float64(0.03901806440322565))",0.0771511122584343,0.027100944891572,1.1233992199240002,-4.534302683489781,0.03729072390854331,0.0057192656552550085,0.1994457674175501,0.040129300924391514
9,2,0.7299999999998548,"(np.float64(0.1961570560806461), np.float64(0.03901806440322565))",0.07685623317956924,0.027034569531679153,1.123767535309194,-4.534245464464405,0.03636896446432367,0.005723232905109784,0.19941624762464594,0.04016689602793039
9,2,0.7399999999998528,"(np.float64(0.1961570560806461), np.float64(0.03901806440322565))",0.07659988850355148,0.026980210095643997,1.124125116760155,-4.534188197895954,0.03514589150298263,0.0057287599917387145,0.19938755243149478,0.04020361862924775
9,2,0.7499999999998508,"(np.float64(0.1961570560806461), np.float64(0.03901806440322565))",0.07637958973646164,0.02693653106689453,1.1244692025822116,-4.534130871786702,0.03367110859879983,0.005735153878842878,0.19935987741579544,0.040239269027980876
9,2,0.7599999999998488,"(np.float64(0.1961570560806461), np.float64(0.03901806440322565))",0.07619762420654297,0.026903152465820312,1.1247975210719223,-4.534073481199413,0.031993148862011385,0.005741717048829857,0.1993333962860761,0.04027366971246327
9,2,0.7699999999998468,"(np.float64(0.1961570560806461), np.float64(0.03901806440322565))",0.07604809105396271,0.026878738775849342,1.1251082390865688,-4.534016026222181,0.030151401635454857,0.005748107750875138,0.19930825835647167,0.040306667931801723
9,2,0.7799999999998448,"(np.float64(0.1961570560806461), np.float64(0.03901806440322565))",0.07592735439538956,0.026862526312470436,1.1253998883762053,-4.533958509440466,0.02817957561773965,0.005754154829682701,0.19928458810458938,0.04033813631346868
9,2,0.7899999999998428,"(np.float64(0.1961570560806461), np.float64(0.03901806440322565))",0.07583389431238174,0.02685375325381756,1.1256713236101425,-4.533900935151062,0.026108606058702147,0.005759694874955616,0.1992624877252374,0.04036797043404597
9,2,0.7999999999998408,"(np.float64(0.1961570560806461), np.float64(0.03901806440322565))",0.07576560974121094,0.026851845905184746,1.1259216930746827,-4.533843308857854,0.02396633667472111,0.005764643652357445,0.1992420383415187,0.04039608758567165
9,2,0.8099999999998388,"(np.float64(0.1961570560806461), np.float64(0.03901806440322565))",0.0757213607430458,0.026856040582060814,1.1261504145899233,-4.533785637032957,0.02177885764278647,0.00576889909332938,0.1992233008687837,0.04042242587778477
9,2,0.8199999999998369,"(np.float64(0.1961570560806461), np.float64(0.03901806440322565))",0.07569904625415802,0.026865577325224876,1.1263571534498087,-4.533727926883663,0.0195696066487607,0.005772411457091009,0.1992063169089328,0.04044694328432433
9,2,0.8299999999998349,"(np.float64(0.1961570560806461), np.float64(0.03901806440322565))",0.07569675892591476,0.02688007429242134,1.126541797712924,-4.5336701857346835,0.017396584492948605,0.005772833541665725,0.19919110977342108,0.040469616565828384
9,2,0.8399999999998329,"(np.float64(0.1961570560806461), np.float64(0.03901806440322565))",0.07570991665124893,0.02689800225198269,1.1267079781294034,-4.533612596066067,0.016063991603938715,0.00573230161629706,0.19917768593854254,0.04049043979885249
9,2,0.8499999999998309,"(np.float64(0.1961570560806461), np.float64(0.03901806440322565))",0.07566795498132706,0.026896286755800247,1.1268653090772809,-4.5335555333091,0.015496159154372288,0.005679522151413279,0.1991657727227678,0.0405096750979901
9,2,0.8599999999998289,"(np.float64(0.1961570560806461), np.float64(0.03901806440322565))",0.07556915283203125,0.026874352246522903,1.1270187909771807,-4.533498959094001,0.015241561146932456,0.005637519999473583,0.19915463243701353,0.0405280426158704
9,2,0.8699999999998269,"(np.float64(0.1961570560806461), np.float64(0.03901806440322565))",0.07544689625501633,0.02684345282614231,1.1271704839048673,-4.533442744053493,0.015116973359327868,0.0056079212761751965,0.1991438396762394,0.04054598796488354
9,2,0.8799999999998249,"(np.float64(0.1961570560806461), np.float64(0.03901806440322565))",0.07531528919935226,0.026808548718690872,1.1273212494877354,-4.5333867770886345,0.015047285865300422,0.00558751900890946,0.19913319786723277,0.040563730366155445
9,2,0.8899999999998229,"(np.float64(0.1961570560806461), np.float64(0.03901806440322565))",0.07517967373132706,0.026772117242217064,1.1274714545929745,-4.5333309824649435,0.015001198114307033,0.0055730396176353995,0.19912261687824867,0.04058137650863497
9,2,0.8999999999998209,"(np.float64(0.1961570560806461), np.float64(0.03901806440322565))",0.07504196465015411,0.026734543964266777,1.1276212580257237,-4.533275313847159,0.01496539074133833,0.005562022044123114,0.1991120571333409,0.04059897645342081
9,2,0.909999999999819,"(np.float64(0.1961570560806461), np.float64(0.03901806440322565))",0.07490386813879013,0.02669696882367134,1.127770729763871,-4.533219744569881,0.014934173458672968,0.005552974061724141,0.19910150319174394,0.040616551738778206
9,2,0.919999999999817,"(np.float64(0.1961570560806461), np.float64(0.03901806440322565))",0.0747653990983963,0.026659203693270683,1.127919900960569,-4.533164260076119,0.014904978554525909,0.005544948420875717,0.19909095087618306,0.04063410988548073
9,2,0.929999999999815,"(np.float64(0.1961570560806461), np.float64(0.03901806440322565))",0.0746271163225174,0.026621436700224876,1.1280687854636455,-4.533108853037625,0.014876690977073432,0.005537416348003834,0.19908040094053575,0.040651651862705834
9,2,0.939999999999813,"(np.float64(0.1961570560806461), np.float64(0.03901806440322565))",0.07448863983154297,0.02658367156982422,1.1282173891218343,-4.533053520113947,0.01484874742048447,0.005530088853847598,0.19906985597126903,0.04066917588100051
9,2,0.949999999999811,"(np.float64(0.1961570560806461), np.float64(0.03901806440322565))",0.07435055077075958,0.02654590643942356,1.1283657143027457,-4.532998260122951,0.014820959534509796,0.005522812436727291,0.1990593189428917,0.04068667927521691
9,2,0.959999999999809,"(np.float64(0.1961570560806461), np.float64(0.03901806440322565))",0.0742124542593956,0.026508141309022903,1.1285137618060272,-4.532943072945956,0.014793196903613704,0.005515518215946085,0.1990487925705443,0.04070415939281091
9,2,0.969999999999807,"(np.float64(0.1961570560806461), np.float64(0.03901806440322565))",0.07407474517822266,0.026470566168427467,1.1286615318438695,-4.532887958808035,0.014765453517371635,0.005508199078366194,0.19903827909374194,0.04072161394790899
9,2,0.979999999999805,"(np.float64(0.1961570560806461), np.float64(0.03901806440322565))",0.07393741607666016,0.026433182880282402,1.1288090246164442,-4.532832917944823,0.014737732212505064,0.00550085893807242,0.19902778025214496,0.04073904113183152
9,2,0.989999999999803,"(np.float64(0.1961570560806461), np.float64(0.03901806440322565))",0.07380028069019318,0.026395797729492188,1.1289562402597912,-4.532777950649939,0.01471001987884623,0.0054934849941867805,0.19901729733020443,0.04075643960623007
9,2,0.999999999999801,"(np.float64(0.1961570560806461), np.float64(0.03901806440322565))",0.0736631378531456,0.026358414441347122,1.1291031787175765,-4.532723057256159,0.014682292883528994,0.005486079286019427,0.19900683125079588,0.04077380840023591
